task_id,run_number,reading_index,acquisition_time_utc,elapsed_s,output_voltage_v,equivalent_input_offset_v
Offset_RevB_Chip_4_wiShield_Gmx_default_OSC_default_Vsup_pm6V_20260909,1,1,2026-09-09T10:23:58.261287+00:00,3.280000000004e-01,1.311139000000e-04,1.309829170829e-07
Offset_RevB_Chip_4_wiShield_Gmx_default_OSC_default_Vsup_pm6V_20260909,1,2,2026-09-09T10:23:58.917287+00:00,9.839999999995e-01,1.315874000000e-04,1.314559440559e-07
Offset_RevB_Chip_4_wiShield_Gmx_default_OSC_default_Vsup_pm6V_20260909,1,3,2026-09-09T10:23:59.581287+00:00,1.648000000000e+00,1.269332000000e-04,1.268063936064e-07
Offset_RevB_Chip_4_wiShield_Gmx_default_OSC_default_Vsup_pm6V_20260909,1,4,2026-09-09T10:24:00.245287+00:00,2.312000000001e+00,1.172528000000e-04,1.171356643357e-07
Offset_RevB_Chip_4_wiShield_Gmx_default_OSC_default_Vsup_pm6V_20260909,1,5,2026-09-09T10:24:00.901787+00:00,2.968500000000e+00,1.202681000000e-04,1.201479520480e-07
Offset_RevB_Chip_4_wiShield_Gmx_default_OSC_default_Vsup_pm6V_20260909,1,6,2026-09-09T10:24:01.566287+00:00,3.633000000001e+00,1.324099000000e-04,1.322776223776e-07
Offset_RevB_Chip_4_wiShield_Gmx_default_OSC_default_Vsup_pm6V_20260909,1,7,2026-09-09T10:24:02.230287+00:00,4.297000000000e+00,1.200160000000e-04,1.198961038961e-07
Offset_RevB_Chip_4_wiShield_Gmx_default_OSC_default_Vsup_pm6V_20260909,1,8,2026-09-09T10:24:02.886287+00:00,4.953000000000e+00,1.160309000000e-04,1.159149850150e-07
Offset_RevB_Chip_4_wiShield_Gmx_default_OSC_default_Vsup_pm6V_20260909,1,9,2026-09-09T10:24:03.542287+00:00,5.608999999999e+00,1.177563000000e-04,1.176386613387e-07
Offset_RevB_Chip_4_wiShield_Gmx_default_OSC_default_Vsup_pm6V_20260909,1,10,2026-09-09T10:24:04.206287+00:00,6.273000000000e+00,1.180061000000e-04,1.178882117882e-07
Offset_RevB_Chip_4_wiShield_Gmx_default_OSC_default_Vsup_pm6V_20260909,1,11,2026-09-09T10:24:04.870287+00:00,6.937000000001e+00,9.745598000000e-05,9.735862137862e-08
Offset_RevB_Chip_4_wiShield_Gmx_default_OSC_default_Vsup_pm6V_20260909,1,12,2026-09-09T10:24:05.526787+00:00,7.593500000000e+00,1.032817000000e-04,1.031785214785e-07
Offset_RevB_Chip_4_wiShield_Gmx_default_OSC_default_Vsup_pm6V_20260909,1,13,2026-09-09T10:24:06.183287+00:00,8.250000000001e+00,1.140669000000e-04,1.139529470529e-07
Offset_RevB_Chip_4_wiShield_Gmx_default_OSC_default_Vsup_pm6V_20260909,1,14,2026-09-09T10:24:06.847287+00:00,8.914000000000e+00,1.140355000000e-04,1.139215784216e-07
Offset_RevB_Chip_4_wiShield_Gmx_default_OSC_default_Vsup_pm6V_20260909,1,15,2026-09-09T10:24:07.511287+00:00,9.578000000000e+00,1.014637000000e-04,1.013623376623e-07
Offset_RevB_Chip_4_wiShield_Gmx_default_OSC_default_Vsup_pm6V_20260909,1,16,2026-09-09T10:24:08.167287+00:00,1.023400000000e+01,1.111560000000e-04,1.110449550450e-07
Offset_RevB_Chip_4_wiShield_Gmx_default_OSC_default_Vsup_pm6V_20260909,1,17,2026-09-09T10:24:08.823787+00:00,1.089050000000e+01,1.153222000000e-04,1.152069930070e-07
Offset_RevB_Chip_4_wiShield_Gmx_default_OSC_default_Vsup_pm6V_20260909,1,18,2026-09-09T10:24:09.487787+00:00,1.155450000000e+01,1.071029000000e-04,1.069959040959e-07
Offset_RevB_Chip_4_wiShield_Gmx_default_OSC_default_Vsup_pm6V_20260909,1,19,2026-09-09T10:24:10.151787+00:00,1.221850000000e+01,1.096902000000e-04,1.095806193806e-07
Offset_RevB_Chip_4_wiShield_Gmx_default_OSC_default_Vsup_pm6V_20260909,1,20,2026-09-09T10:24:10.808287+00:00,1.287500000000e+01,1.131051000000e-04,1.129921078921e-07
Offset_RevB_Chip_4_wiShield_Gmx_default_OSC_default_Vsup_pm6V_20260909,1,21,2026-09-09T10:24:11.472287+00:00,1.353900000000e+01,9.939201000000e-05,9.929271728272e-08
Offset_RevB_Chip_4_wiShield_Gmx_default_OSC_default_Vsup_pm6V_20260909,1,22,2026-09-09T10:24:12.136287+00:00,1.420300000000e+01,1.115272000000e-04,1.114157842158e-07
Offset_RevB_Chip_4_wiShield_Gmx_default_OSC_default_Vsup_pm6V_20260909,1,23,2026-09-09T10:24:12.792287+00:00,1.485900000000e+01,9.901358000000e-05,9.891466533467e-08
Offset_RevB_Chip_4_wiShield_Gmx_default_OSC_default_Vsup_pm6V_20260909,1,24,2026-09-09T10:24:13.448787+00:00,1.551550000000e+01,9.476824000000e-05,9.467356643357e-08
Offset_RevB_Chip_4_wiShield_Gmx_default_OSC_default_Vsup_pm6V_20260909,1,25,2026-09-09T10:24:14.112787+00:00,1.617950000000e+01,1.135848000000e-04,1.134713286713e-07
Offset_RevB_Chip_4_wiShield_Gmx_default_OSC_default_Vsup_pm6V_20260909,1,26,2026-09-09T10:24:14.776787+00:00,1.684350000000e+01,9.552096000000e-05,9.542553446553e-08
Offset_RevB_Chip_4_wiShield_Gmx_default_OSC_default_Vsup_pm6V_20260909,1,27,2026-09-09T10:24:15.433287+00:00,1.750000000000e+01,1.063538000000e-04,1.062475524476e-07
Offset_RevB_Chip_4_wiShield_Gmx_default_OSC_default_Vsup_pm6V_20260909,1,28,2026-09-09T10:24:16.089287+00:00,1.815600000000e+01,1.150509000000e-04,1.149359640360e-07
Offset_RevB_Chip_4_wiShield_Gmx_default_OSC_default_Vsup_pm6V_20260909,1,29,2026-09-09T10:24:16.753287+00:00,1.882000000000e+01,1.185905000000e-04,1.184720279720e-07
Offset_RevB_Chip_4_wiShield_Gmx_default_OSC_default_Vsup_pm6V_20260909,1,30,2026-09-09T10:24:17.417287+00:00,1.948400000000e+01,1.160035000000e-04,1.158876123876e-07
Offset_RevB_Chip_4_wiShield_Gmx_default_OSC_default_Vsup_pm6V_20260909,1,31,2026-09-09T10:24:18.073787+00:00,2.014050000000e+01,1.205405000000e-04,1.204200799201e-07
Offset_RevB_Chip_4_wiShield_Gmx_default_OSC_default_Vsup_pm6V_20260909,1,32,2026-09-09T10:24:18.730287+00:00,2.079700000000e+01,1.122957000000e-04,1.121835164835e-07
Offset_RevB_Chip_4_wiShield_Gmx_default_OSC_default_Vsup_pm6V_20260909,1,33,2026-09-09T10:24:19.394287+00:00,2.146100000000e+01,1.338500000000e-04,1.337162837163e-07
Offset_RevB_Chip_4_wiShield_Gmx_default_OSC_default_Vsup_pm6V_20260909,1,34,2026-09-09T10:24:20.058287+00:00,2.212500000000e+01,1.330303000000e-04,1.328974025974e-07
Offset_RevB_Chip_4_wiShield_Gmx_default_OSC_default_Vsup_pm6V_20260909,1,35,2026-09-09T10:24:20.714287+00:00,2.278100000000e+01,1.251323000000e-04,1.250072927073e-07
Offset_RevB_Chip_4_wiShield_Gmx_default_OSC_default_Vsup_pm6V_20260909,1,36,2026-09-09T10:24:21.378287+00:00,2.344500000000e+01,1.188297000000e-04,1.187109890110e-07
Offset_RevB_Chip_4_wiShield_Gmx_default_OSC_default_Vsup_pm6V_20260909,1,37,2026-09-09T10:24:22.042287+00:00,2.410900000000e+01,1.051731000000e-04,1.050680319680e-07
Offset_RevB_Chip_4_wiShield_Gmx_default_OSC_default_Vsup_pm6V_20260909,1,38,2026-09-09T10:24:22.698787+00:00,2.476550000000e+01,1.170439000000e-04,1.169269730270e-07
Offset_RevB_Chip_4_wiShield_Gmx_default_OSC_default_Vsup_pm6V_20260909,1,39,2026-09-09T10:24:23.355287+00:00,2.542200000000e+01,1.249416000000e-04,1.248167832168e-07
Offset_RevB_Chip_4_wiShield_Gmx_default_OSC_default_Vsup_pm6V_20260909,1,40,2026-09-09T10:24:24.019287+00:00,2.608600000000e+01,1.213291000000e-04,1.212078921079e-07
Offset_RevB_Chip_4_wiShield_Gmx_default_OSC_default_Vsup_pm6V_20260909,1,41,2026-09-09T10:24:24.683287+00:00,2.675000000000e+01,1.127761000000e-04,1.126634365634e-07
Offset_RevB_Chip_4_wiShield_Gmx_default_OSC_default_Vsup_pm6V_20260909,1,42,2026-09-09T10:24:25.339287+00:00,2.740600000000e+01,1.243950000000e-04,1.242707292707e-07
Offset_RevB_Chip_4_wiShield_Gmx_default_OSC_default_Vsup_pm6V_20260909,1,43,2026-09-09T10:24:25.995287+00:00,2.806200000000e+01,9.988851000000e-05,9.978872127872e-08
Offset_RevB_Chip_4_wiShield_Gmx_default_OSC_default_Vsup_pm6V_20260909,1,44,2026-09-09T10:24:26.659287+00:00,2.872600000000e+01,1.159478000000e-04,1.158319680320e-07
Offset_RevB_Chip_4_wiShield_Gmx_default_OSC_default_Vsup_pm6V_20260909,1,45,2026-09-09T10:24:27.323787+00:00,2.939050000000e+01,1.005708000000e-04,1.004703296703e-07
Offset_RevB_Chip_4_wiShield_Gmx_default_OSC_default_Vsup_pm6V_20260909,1,46,2026-09-09T10:24:27.980287+00:00,3.004700000000e+01,9.878557000000e-05,9.868688311688e-08
Offset_RevB_Chip_4_wiShield_Gmx_default_OSC_default_Vsup_pm6V_20260909,1,47,2026-09-09T10:24:28.636287+00:00,3.070300000000e+01,1.066582000000e-04,1.065516483516e-07
Offset_RevB_Chip_4_wiShield_Gmx_default_OSC_default_Vsup_pm6V_20260909,1,48,2026-09-09T10:24:29.308287+00:00,3.137500000000e+01,1.088029000000e-04,1.086942057942e-07
Offset_RevB_Chip_4_wiShield_Gmx_default_OSC_default_Vsup_pm6V_20260909,1,49,2026-09-09T10:24:29.964287+00:00,3.203100000000e+01,9.944702000000e-05,9.934767232767e-08
Offset_RevB_Chip_4_wiShield_Gmx_default_OSC_default_Vsup_pm6V_20260909,1,50,2026-09-09T10:24:30.620287+00:00,3.268700000000e+01,1.015549000000e-04,1.014534465534e-07
Offset_RevB_Chip_4_wiShield_Gmx_default_OSC_default_Vsup_pm6V_20260909,1,51,2026-09-09T10:24:31.284287+00:00,3.335100000000e+01,1.020652000000e-04,1.019632367632e-07
Offset_RevB_Chip_4_wiShield_Gmx_default_OSC_default_Vsup_pm6V_20260909,1,52,2026-09-09T10:24:31.948787+00:00,3.401550000000e+01,9.759862000000e-05,9.750111888112e-08
Offset_RevB_Chip_4_wiShield_Gmx_default_OSC_default_Vsup_pm6V_20260909,1,53,2026-09-09T10:24:32.605287+00:00,3.467200000000e+01,1.124496000000e-04,1.123372627373e-07
Offset_RevB_Chip_4_wiShield_Gmx_default_OSC_default_Vsup_pm6V_20260909,1,54,2026-09-09T10:24:33.261287+00:00,3.532800000000e+01,9.861780000000e-05,9.851928071928e-08
Offset_RevB_Chip_4_wiShield_Gmx_default_OSC_default_Vsup_pm6V_20260909,1,55,2026-09-09T10:24:33.925287+00:00,3.599200000000e+01,1.047838000000e-04,1.046791208791e-07
Offset_RevB_Chip_4_wiShield_Gmx_default_OSC_default_Vsup_pm6V_20260909,1,56,2026-09-09T10:24:34.589287+00:00,3.665600000000e+01,9.568098000000e-05,9.558539460539e-08
Offset_RevB_Chip_4_wiShield_Gmx_default_OSC_default_Vsup_pm6V_20260909,1,57,2026-09-09T10:24:35.245287+00:00,3.731200000000e+01,1.038902000000e-04,1.037864135864e-07
Offset_RevB_Chip_4_wiShield_Gmx_default_OSC_default_Vsup_pm6V_20260909,1,58,2026-09-09T10:24:35.901787+00:00,3.796850000000e+01,1.040063000000e-04,1.039023976024e-07
Offset_RevB_Chip_4_wiShield_Gmx_default_OSC_default_Vsup_pm6V_20260909,1,59,2026-09-09T10:24:36.566287+00:00,3.863300000000e+01,1.106483000000e-04,1.105377622378e-07
Offset_RevB_Chip_4_wiShield_Gmx_default_OSC_default_Vsup_pm6V_20260909,1,60,2026-09-09T10:24:37.230287+00:00,3.929700000000e+01,1.249281000000e-04,1.248032967033e-07
Offset_RevB_Chip_4_wiShield_Gmx_default_OSC_default_Vsup_pm6V_20260909,1,61,2026-09-09T10:24:37.886287+00:00,3.995300000000e+01,1.115104000000e-04,1.113990009990e-07
Offset_RevB_Chip_4_wiShield_Gmx_default_OSC_default_Vsup_pm6V_20260909,1,62,2026-09-09T10:24:38.550287+00:00,4.061700000000e+01,1.126052000000e-04,1.124927072927e-07
Offset_RevB_Chip_4_wiShield_Gmx_default_OSC_default_Vsup_pm6V_20260909,1,63,2026-09-09T10:24:39.214287+00:00,4.128100000000e+01,9.570310000000e-05,9.560749250749e-08
Offset_RevB_Chip_4_wiShield_Gmx_default_OSC_default_Vsup_pm6V_20260909,1,64,2026-09-09T10:24:39.870287+00:00,4.193700000000e+01,1.368899000000e-04,1.367531468531e-07
Offset_RevB_Chip_4_wiShield_Gmx_default_OSC_default_Vsup_pm6V_20260909,1,65,2026-09-09T10:24:40.526787+00:00,4.259350000000e+01,1.142147000000e-04,1.141005994006e-07
Offset_RevB_Chip_4_wiShield_Gmx_default_OSC_default_Vsup_pm6V_20260909,1,66,2026-09-09T10:24:41.191287+00:00,4.325800000000e+01,1.098761000000e-04,1.097663336663e-07
Offset_RevB_Chip_4_wiShield_Gmx_default_OSC_default_Vsup_pm6V_20260909,1,67,2026-09-09T10:24:41.855287+00:00,4.392200000000e+01,1.189004000000e-04,1.187816183816e-07
Offset_RevB_Chip_4_wiShield_Gmx_default_OSC_default_Vsup_pm6V_20260909,1,68,2026-09-09T10:24:42.511287+00:00,4.457800000000e+01,1.202768000000e-04,1.201566433566e-07
Offset_RevB_Chip_4_wiShield_Gmx_default_OSC_default_Vsup_pm6V_20260909,1,69,2026-09-09T10:24:43.167287+00:00,4.523400000000e+01,1.120356000000e-04,1.119236763237e-07
Offset_RevB_Chip_4_wiShield_Gmx_default_OSC_default_Vsup_pm6V_20260909,1,70,2026-09-09T10:24:43.831287+00:00,4.589800000000e+01,1.090912000000e-04,1.089822177822e-07
Offset_RevB_Chip_4_wiShield_Gmx_default_OSC_default_Vsup_pm6V_20260909,1,71,2026-09-09T10:24:44.495287+00:00,4.656200000000e+01,1.057153000000e-04,1.056096903097e-07
Offset_RevB_Chip_4_wiShield_Gmx_default_OSC_default_Vsup_pm6V_20260909,1,72,2026-09-09T10:24:45.151787+00:00,4.721850000000e+01,1.194748000000e-04,1.193554445554e-07
Offset_RevB_Chip_4_wiShield_Gmx_default_OSC_default_Vsup_pm6V_20260909,1,73,2026-09-09T10:24:45.808287+00:00,4.787500000000e+01,1.072114000000e-04,1.071042957043e-07
Offset_RevB_Chip_4_wiShield_Gmx_default_OSC_default_Vsup_pm6V_20260909,1,74,2026-09-09T10:24:46.472287+00:00,4.853900000000e+01,9.828388000000e-05,9.818569430569e-08
Offset_RevB_Chip_4_wiShield_Gmx_default_OSC_default_Vsup_pm6V_20260909,1,75,2026-09-09T10:24:47.136287+00:00,4.920300000000e+01,1.090555000000e-04,1.089465534466e-07
Offset_RevB_Chip_4_wiShield_Gmx_default_OSC_default_Vsup_pm6V_20260909,1,76,2026-09-09T10:24:47.792287+00:00,4.985900000000e+01,1.044273000000e-04,1.043229770230e-07
Offset_RevB_Chip_4_wiShield_Gmx_default_OSC_default_Vsup_pm6V_20260909,1,77,2026-09-09T10:24:48.456287+00:00,5.052300000000e+01,1.101910000000e-04,1.100809190809e-07
Offset_RevB_Chip_4_wiShield_Gmx_default_OSC_default_Vsup_pm6V_20260909,1,78,2026-09-09T10:24:49.120287+00:00,5.118700000000e+01,1.090704000000e-04,1.089614385614e-07
Offset_RevB_Chip_4_wiShield_Gmx_default_OSC_default_Vsup_pm6V_20260909,1,79,2026-09-09T10:24:49.776787+00:00,5.184350000000e+01,1.118689000000e-04,1.117571428571e-07
Offset_RevB_Chip_4_wiShield_Gmx_default_OSC_default_Vsup_pm6V_20260909,1,80,2026-09-09T10:24:50.433287+00:00,5.250000000000e+01,1.172753000000e-04,1.171581418581e-07
Offset_RevB_Chip_4_wiShield_Gmx_default_OSC_default_Vsup_pm6V_20260909,1,81,2026-09-09T10:24:51.097287+00:00,5.316400000000e+01,1.128777000000e-04,1.127649350649e-07
Offset_RevB_Chip_4_wiShield_Gmx_default_OSC_default_Vsup_pm6V_20260909,1,82,2026-09-09T10:24:51.761287+00:00,5.382800000000e+01,1.019126000000e-04,1.018107892108e-07
Offset_RevB_Chip_4_wiShield_Gmx_default_OSC_default_Vsup_pm6V_20260909,1,83,2026-09-09T10:24:52.417287+00:00,5.448400000000e+01,1.187287000000e-04,1.186100899101e-07
Offset_RevB_Chip_4_wiShield_Gmx_default_OSC_default_Vsup_pm6V_20260909,1,84,2026-09-09T10:24:53.073787+00:00,5.514050000000e+01,1.061767000000e-04,1.060706293706e-07
Offset_RevB_Chip_4_wiShield_Gmx_default_OSC_default_Vsup_pm6V_20260909,1,85,2026-09-09T10:24:53.737787+00:00,5.580450000000e+01,9.773675000000e-05,9.763911088911e-08
Offset_RevB_Chip_4_wiShield_Gmx_default_OSC_default_Vsup_pm6V_20260909,1,86,2026-09-09T10:24:54.401787+00:00,5.646850000000e+01,9.652560000000e-05,9.642917082917e-08
Offset_RevB_Chip_4_wiShield_Gmx_default_OSC_default_Vsup_pm6V_20260909,1,87,2026-09-09T10:24:55.058287+00:00,5.712500000000e+01,1.087578000000e-04,1.086491508492e-07
Offset_RevB_Chip_4_wiShield_Gmx_default_OSC_default_Vsup_pm6V_20260909,1,88,2026-09-09T10:24:55.714287+00:00,5.778100000000e+01,1.184049000000e-04,1.182866133866e-07
Offset_RevB_Chip_4_wiShield_Gmx_default_OSC_default_Vsup_pm6V_20260909,1,89,2026-09-09T10:24:56.378287+00:00,5.844500000000e+01,1.236926000000e-04,1.235690309690e-07
Offset_RevB_Chip_4_wiShield_Gmx_default_OSC_default_Vsup_pm6V_20260909,1,90,2026-09-09T10:24:57.042287+00:00,5.910900000000e+01,1.028249000000e-04,1.027221778222e-07
Offset_RevB_Chip_4_wiShield_Gmx_default_OSC_default_Vsup_pm6V_20260909,1,91,2026-09-09T10:24:57.698787+00:00,5.976550000000e+01,1.095447000000e-04,1.094352647353e-07
Offset_RevB_Chip_4_wiShield_Gmx_default_OSC_default_Vsup_pm6V_20260909,1,92,2026-09-09T10:24:58.355287+00:00,6.042200000000e+01,1.108190000000e-04,1.107082917083e-07
Offset_RevB_Chip_4_wiShield_Gmx_default_OSC_default_Vsup_pm6V_20260909,1,93,2026-09-09T10:24:59.019287+00:00,6.108600000000e+01,1.201488000000e-04,1.200287712288e-07
Offset_RevB_Chip_4_wiShield_Gmx_default_OSC_default_Vsup_pm6V_20260909,1,94,2026-09-09T10:24:59.683287+00:00,6.175000000000e+01,1.254677000000e-04,1.253423576424e-07
Offset_RevB_Chip_4_wiShield_Gmx_default_OSC_default_Vsup_pm6V_20260909,1,95,2026-09-09T10:25:00.339287+00:00,6.240600000000e+01,1.145375000000e-04,1.144230769231e-07
Offset_RevB_Chip_4_wiShield_Gmx_default_OSC_default_Vsup_pm6V_20260909,1,96,2026-09-09T10:25:00.995287+00:00,6.306200000000e+01,1.115945000000e-04,1.114830169830e-07
Offset_RevB_Chip_4_wiShield_Gmx_default_OSC_default_Vsup_pm6V_20260909,1,97,2026-09-09T10:25:01.659287+00:00,6.372600000000e+01,9.840985000000e-05,9.831153846154e-08
Offset_RevB_Chip_4_wiShield_Gmx_default_OSC_default_Vsup_pm6V_20260909,1,98,2026-09-09T10:25:02.323787+00:00,6.439050000000e+01,1.192651000000e-04,1.191459540460e-07
Offset_RevB_Chip_4_wiShield_Gmx_default_OSC_default_Vsup_pm6V_20260909,1,99,2026-09-09T10:25:02.980287+00:00,6.504700000000e+01,9.696565000000e-05,9.686878121878e-08
Offset_RevB_Chip_4_wiShield_Gmx_default_OSC_default_Vsup_pm6V_20260909,1,100,2026-09-09T10:25:03.636287+00:00,6.570300000000e+01,9.307480000000e-05,9.298181818182e-08
Offset_RevB_Chip_4_wiShield_Gmx_default_OSC_default_Vsup_pm6V_20260909,1,101,2026-09-09T10:25:04.300287+00:00,6.636700000000e+01,9.477924000000e-05,9.468455544456e-08
Offset_RevB_Chip_4_wiShield_Gmx_default_OSC_default_Vsup_pm6V_20260909,1,102,2026-09-09T10:25:04.964287+00:00,6.703100000000e+01,9.278947000000e-05,9.269677322677e-08
Offset_RevB_Chip_4_wiShield_Gmx_default_OSC_default_Vsup_pm6V_20260909,1,103,2026-09-09T10:25:05.620287+00:00,6.768700000000e+01,1.159741000000e-04,1.158582417582e-07
Offset_RevB_Chip_4_wiShield_Gmx_default_OSC_default_Vsup_pm6V_20260909,1,104,2026-09-09T10:25:06.276787+00:00,6.834350000000e+01,1.019629000000e-04,1.018610389610e-07
Offset_RevB_Chip_4_wiShield_Gmx_default_OSC_default_Vsup_pm6V_20260909,1,105,2026-09-09T10:25:06.941287+00:00,6.900800000000e+01,1.160462000000e-04,1.159302697303e-07
Offset_RevB_Chip_4_wiShield_Gmx_default_OSC_default_Vsup_pm6V_20260909,1,106,2026-09-09T10:25:07.605287+00:00,6.967200000000e+01,1.195024000000e-04,1.193830169830e-07
Offset_RevB_Chip_4_wiShield_Gmx_default_OSC_default_Vsup_pm6V_20260909,1,107,2026-09-09T10:25:08.261287+00:00,7.032800000000e+01,1.144916000000e-04,1.143772227772e-07
Offset_RevB_Chip_4_wiShield_Gmx_default_OSC_default_Vsup_pm6V_20260909,1,108,2026-09-09T10:25:08.917287+00:00,7.098400000000e+01,1.061724000000e-04,1.060663336663e-07
Offset_RevB_Chip_4_wiShield_Gmx_default_OSC_default_Vsup_pm6V_20260909,1,109,2026-09-09T10:25:09.581287+00:00,7.164800000000e+01,1.091381000000e-04,1.090290709291e-07
Offset_RevB_Chip_4_wiShield_Gmx_default_OSC_default_Vsup_pm6V_20260909,1,110,2026-09-09T10:25:10.245287+00:00,7.231200000000e+01,9.510368000000e-05,9.500867132867e-08
Offset_RevB_Chip_4_wiShield_Gmx_default_OSC_default_Vsup_pm6V_20260909,1,111,2026-09-09T10:25:10.901787+00:00,7.296850000000e+01,9.103908000000e-05,9.094813186813e-08
Offset_RevB_Chip_4_wiShield_Gmx_default_OSC_default_Vsup_pm6V_20260909,1,112,2026-09-09T10:25:11.558287+00:00,7.362500000000e+01,9.939485000000e-05,9.929555444555e-08
Offset_RevB_Chip_4_wiShield_Gmx_default_OSC_default_Vsup_pm6V_20260909,1,113,2026-09-09T10:25:12.214287+00:00,7.428100000000e+01,9.303300000000e-05,9.294005994006e-08
Offset_RevB_Chip_4_wiShield_Gmx_default_OSC_default_Vsup_pm6V_20260909,1,114,2026-09-09T10:25:12.878287+00:00,7.494500000000e+01,1.027467000000e-04,1.026440559441e-07
Offset_RevB_Chip_4_wiShield_Gmx_default_OSC_default_Vsup_pm6V_20260909,1,115,2026-09-09T10:25:13.542287+00:00,7.560900000000e+01,1.064689000000e-04,1.063625374625e-07
Offset_RevB_Chip_4_wiShield_Gmx_default_OSC_default_Vsup_pm6V_20260909,1,116,2026-09-09T10:25:14.198787+00:00,7.626550000000e+01,7.844497000000e-05,7.836660339660e-08
Offset_RevB_Chip_4_wiShield_Gmx_default_OSC_default_Vsup_pm6V_20260909,1,117,2026-09-09T10:25:14.855287+00:00,7.692200000000e+01,1.078789000000e-04,1.077711288711e-07
Offset_RevB_Chip_4_wiShield_Gmx_default_OSC_default_Vsup_pm6V_20260909,1,118,2026-09-09T10:25:15.519287+00:00,7.758600000000e+01,9.146386000000e-05,9.137248751249e-08
Offset_RevB_Chip_4_wiShield_Gmx_default_OSC_default_Vsup_pm6V_20260909,1,119,2026-09-09T10:25:16.183287+00:00,7.825000000000e+01,9.880487000000e-05,9.870616383616e-08
Offset_RevB_Chip_4_wiShield_Gmx_default_OSC_default_Vsup_pm6V_20260909,1,120,2026-09-09T10:25:16.839287+00:00,7.890600000000e+01,9.327496000000e-05,9.318177822178e-08
Offset_RevB_Chip_4_wiShield_Gmx_default_OSC_default_Vsup_pm6V_20260909,1,121,2026-09-09T10:25:17.495287+00:00,7.956200000000e+01,9.512154000000e-05,9.502651348651e-08
Offset_RevB_Chip_4_wiShield_Gmx_default_OSC_default_Vsup_pm6V_20260909,1,122,2026-09-09T10:25:18.151787+00:00,8.021850000000e+01,9.070816000000e-05,9.061754245754e-08
Offset_RevB_Chip_4_wiShield_Gmx_default_OSC_default_Vsup_pm6V_20260909,1,123,2026-09-09T10:25:18.816287+00:00,8.088300000000e+01,1.013056000000e-04,1.012043956044e-07
Offset_RevB_Chip_4_wiShield_Gmx_default_OSC_default_Vsup_pm6V_20260909,1,124,2026-09-09T10:25:19.480287+00:00,8.154700000000e+01,9.942799000000e-05,9.932866133866e-08
Offset_RevB_Chip_4_wiShield_Gmx_default_OSC_default_Vsup_pm6V_20260909,1,125,2026-09-09T10:25:20.136287+00:00,8.220300000000e+01,1.069914000000e-04,1.068845154845e-07
Offset_RevB_Chip_4_wiShield_Gmx_default_OSC_default_Vsup_pm6V_20260909,1,126,2026-09-09T10:25:20.792287+00:00,8.285900000000e+01,9.163631000000e-05,9.154476523477e-08
Offset_RevB_Chip_4_wiShield_Gmx_default_OSC_default_Vsup_pm6V_20260909,1,127,2026-09-09T10:25:21.456287+00:00,8.352300000000e+01,9.406393000000e-05,9.396996003996e-08
Offset_RevB_Chip_4_wiShield_Gmx_default_OSC_default_Vsup_pm6V_20260909,1,128,2026-09-09T10:25:22.120287+00:00,8.418700000000e+01,8.767347000000e-05,8.758588411588e-08
Offset_RevB_Chip_4_wiShield_Gmx_default_OSC_default_Vsup_pm6V_20260909,1,129,2026-09-09T10:25:22.776787+00:00,8.484350000000e+01,1.001256000000e-04,1.000255744256e-07
Offset_RevB_Chip_4_wiShield_Gmx_default_OSC_default_Vsup_pm6V_20260909,1,130,2026-09-09T10:25:23.433287+00:00,8.550000000000e+01,1.070285000000e-04,1.069215784216e-07
Offset_RevB_Chip_4_wiShield_Gmx_default_OSC_default_Vsup_pm6V_20260909,1,131,2026-09-09T10:25:24.089287+00:00,8.615600000000e+01,1.096807000000e-04,1.095711288711e-07
Offset_RevB_Chip_4_wiShield_Gmx_default_OSC_default_Vsup_pm6V_20260909,1,132,2026-09-09T10:25:24.753287+00:00,8.682000000000e+01,1.117397000000e-04,1.116280719281e-07
Offset_RevB_Chip_4_wiShield_Gmx_default_OSC_default_Vsup_pm6V_20260909,1,133,2026-09-09T10:25:25.417287+00:00,8.748400000000e+01,8.717788000000e-05,8.709078921079e-08
Offset_RevB_Chip_4_wiShield_Gmx_default_OSC_default_Vsup_pm6V_20260909,1,134,2026-09-09T10:25:26.073787+00:00,8.814050000000e+01,9.354091000000e-05,9.344746253746e-08
Offset_RevB_Chip_4_wiShield_Gmx_default_OSC_default_Vsup_pm6V_20260909,1,135,2026-09-09T10:25:26.730287+00:00,8.879700000000e+01,9.744678000000e-05,9.734943056943e-08
Offset_RevB_Chip_4_wiShield_Gmx_default_OSC_default_Vsup_pm6V_20260909,1,136,2026-09-09T10:25:27.394287+00:00,8.946100000000e+01,9.415289000000e-05,9.405883116883e-08
Offset_RevB_Chip_4_wiShield_Gmx_default_OSC_default_Vsup_pm6V_20260909,1,137,2026-09-09T10:25:28.058287+00:00,9.012500000000e+01,9.426398000000e-05,9.416981018981e-08
Offset_RevB_Chip_4_wiShield_Gmx_default_OSC_default_Vsup_pm6V_20260909,1,138,2026-09-09T10:25:28.714287+00:00,9.078100000000e+01,9.199520000000e-05,9.190329670330e-08
Offset_RevB_Chip_4_wiShield_Gmx_default_OSC_default_Vsup_pm6V_20260909,1,139,2026-09-09T10:25:29.370287+00:00,9.143700000000e+01,8.122618000000e-05,8.114503496503e-08
Offset_RevB_Chip_4_wiShield_Gmx_default_OSC_default_Vsup_pm6V_20260909,1,140,2026-09-09T10:25:30.026787+00:00,9.209350000000e+01,8.964099000000e-05,8.955143856144e-08
Offset_RevB_Chip_4_wiShield_Gmx_default_OSC_default_Vsup_pm6V_20260909,1,141,2026-09-09T10:25:30.691287+00:00,9.275800000000e+01,1.134860000000e-04,1.133726273726e-07
Offset_RevB_Chip_4_wiShield_Gmx_default_OSC_default_Vsup_pm6V_20260909,1,142,2026-09-09T10:25:31.355287+00:00,9.342200000000e+01,9.234049000000e-05,9.224824175824e-08
Offset_RevB_Chip_4_wiShield_Gmx_default_OSC_default_Vsup_pm6V_20260909,1,143,2026-09-09T10:25:32.011287+00:00,9.407800000000e+01,9.703896000000e-05,9.694201798202e-08
Offset_RevB_Chip_4_wiShield_Gmx_default_OSC_default_Vsup_pm6V_20260909,1,144,2026-09-09T10:25:32.667287+00:00,9.473400000000e+01,8.931097000000e-05,8.922174825175e-08
Offset_RevB_Chip_4_wiShield_Gmx_default_OSC_default_Vsup_pm6V_20260909,1,145,2026-09-09T10:25:33.331287+00:00,9.539800000000e+01,9.332159000000e-05,9.322836163836e-08
Offset_RevB_Chip_4_wiShield_Gmx_default_OSC_default_Vsup_pm6V_20260909,1,146,2026-09-09T10:25:33.995287+00:00,9.606200000000e+01,8.152007000000e-05,8.143863136863e-08
Offset_RevB_Chip_4_wiShield_Gmx_default_OSC_default_Vsup_pm6V_20260909,1,147,2026-09-09T10:25:34.651787+00:00,9.671850000000e+01,8.498511000000e-05,8.490020979021e-08
Offset_RevB_Chip_4_wiShield_Gmx_default_OSC_default_Vsup_pm6V_20260909,1,148,2026-09-09T10:25:35.308287+00:00,9.737500000000e+01,6.320715000000e-05,6.314400599401e-08
Offset_RevB_Chip_4_wiShield_Gmx_default_OSC_default_Vsup_pm6V_20260909,1,149,2026-09-09T10:25:35.964287+00:00,9.803100000000e+01,9.130540000000e-05,9.121418581419e-08
Offset_RevB_Chip_4_wiShield_Gmx_default_OSC_default_Vsup_pm6V_20260909,1,150,2026-09-09T10:25:36.628287+00:00,9.869500000000e+01,7.606590000000e-05,7.598991008991e-08
Offset_RevB_Chip_4_wiShield_Gmx_default_OSC_default_Vsup_pm6V_20260909,1,151,2026-09-09T10:25:37.292287+00:00,9.935900000000e+01,8.081330000000e-05,8.073256743257e-08
Offset_RevB_Chip_4_wiShield_Gmx_default_OSC_default_Vsup_pm6V_20260909,1,152,2026-09-09T10:25:37.948787+00:00,1.000155000000e+02,9.547254000000e-05,9.537716283716e-08
Offset_RevB_Chip_4_wiShield_Gmx_default_OSC_default_Vsup_pm6V_20260909,1,153,2026-09-09T10:25:38.605287+00:00,1.006720000000e+02,8.757676000000e-05,8.748927072927e-08
Offset_RevB_Chip_4_wiShield_Gmx_default_OSC_default_Vsup_pm6V_20260909,1,154,2026-09-09T10:25:39.261287+00:00,1.013280000000e+02,8.144562000000e-05,8.136425574426e-08
Offset_RevB_Chip_4_wiShield_Gmx_default_OSC_default_Vsup_pm6V_20260909,1,155,2026-09-09T10:25:39.925287+00:00,1.019920000000e+02,8.543707000000e-05,8.535171828172e-08
Offset_RevB_Chip_4_wiShield_Gmx_default_OSC_default_Vsup_pm6V_20260909,1,156,2026-09-09T10:25:40.589287+00:00,1.026560000000e+02,8.388503000000e-05,8.380122877123e-08
Offset_RevB_Chip_4_wiShield_Gmx_default_OSC_default_Vsup_pm6V_20260909,1,157,2026-09-09T10:25:41.245287+00:00,1.033120000000e+02,9.006511000000e-05,8.997513486513e-08
Offset_RevB_Chip_4_wiShield_Gmx_default_OSC_default_Vsup_pm6V_20260909,1,158,2026-09-09T10:25:41.901787+00:00,1.039685000000e+02,1.029139000000e-04,1.028110889111e-07
Offset_RevB_Chip_4_wiShield_Gmx_default_OSC_default_Vsup_pm6V_20260909,1,159,2026-09-09T10:25:42.566287+00:00,1.046330000000e+02,1.107860000000e-04,1.106753246753e-07
Offset_RevB_Chip_4_wiShield_Gmx_default_OSC_default_Vsup_pm6V_20260909,1,160,2026-09-09T10:25:43.230287+00:00,1.052970000000e+02,1.047302000000e-04,1.046255744256e-07
Offset_RevB_Chip_4_wiShield_Gmx_default_OSC_default_Vsup_pm6V_20260909,1,161,2026-09-09T10:25:43.886287+00:00,1.059530000000e+02,8.772746000000e-05,8.763982017982e-08
Offset_RevB_Chip_4_wiShield_Gmx_default_OSC_default_Vsup_pm6V_20260909,1,162,2026-09-09T10:25:44.542287+00:00,1.066090000000e+02,1.264341000000e-04,1.263077922078e-07
Offset_RevB_Chip_4_wiShield_Gmx_default_OSC_default_Vsup_pm6V_20260909,1,163,2026-09-09T10:25:45.206287+00:00,1.072730000000e+02,1.028134000000e-04,1.027106893107e-07
Offset_RevB_Chip_4_wiShield_Gmx_default_OSC_default_Vsup_pm6V_20260909,1,164,2026-09-09T10:25:45.870287+00:00,1.079370000000e+02,1.068916000000e-04,1.067848151848e-07
Offset_RevB_Chip_4_wiShield_Gmx_default_OSC_default_Vsup_pm6V_20260909,1,165,2026-09-09T10:25:46.526787+00:00,1.085935000000e+02,1.135700000000e-04,1.134565434565e-07
Offset_RevB_Chip_4_wiShield_Gmx_default_OSC_default_Vsup_pm6V_20260909,1,166,2026-09-09T10:25:47.183287+00:00,1.092500000000e+02,8.912478000000e-05,8.903574425574e-08
Offset_RevB_Chip_4_wiShield_Gmx_default_OSC_default_Vsup_pm6V_20260909,1,167,2026-09-09T10:25:47.839287+00:00,1.099060000000e+02,9.522977000000e-05,9.513463536464e-08
Offset_RevB_Chip_4_wiShield_Gmx_default_OSC_default_Vsup_pm6V_20260909,1,168,2026-09-09T10:25:48.503287+00:00,1.105700000000e+02,9.730344000000e-05,9.720623376623e-08
Offset_RevB_Chip_4_wiShield_Gmx_default_OSC_default_Vsup_pm6V_20260909,1,169,2026-09-09T10:25:49.167287+00:00,1.112340000000e+02,1.115761000000e-04,1.114646353646e-07
Offset_RevB_Chip_4_wiShield_Gmx_default_OSC_default_Vsup_pm6V_20260909,1,170,2026-09-09T10:25:49.823787+00:00,1.118905000000e+02,8.424868000000e-05,8.416451548452e-08
Offset_RevB_Chip_4_wiShield_Gmx_default_OSC_default_Vsup_pm6V_20260909,1,171,2026-09-09T10:25:50.480287+00:00,1.125470000000e+02,9.710535000000e-05,9.700834165834e-08
Offset_RevB_Chip_4_wiShield_Gmx_default_OSC_default_Vsup_pm6V_20260909,1,172,2026-09-09T10:25:51.136287+00:00,1.132030000000e+02,1.141685000000e-04,1.140544455544e-07
Offset_RevB_Chip_4_wiShield_Gmx_default_OSC_default_Vsup_pm6V_20260909,1,173,2026-09-09T10:25:51.808287+00:00,1.138750000000e+02,9.997665000000e-05,9.987677322677e-08
Offset_RevB_Chip_4_wiShield_Gmx_default_OSC_default_Vsup_pm6V_20260909,1,174,2026-09-09T10:25:52.464287+00:00,1.145310000000e+02,8.066478000000e-05,8.058419580420e-08
Offset_RevB_Chip_4_wiShield_Gmx_default_OSC_default_Vsup_pm6V_20260909,1,175,2026-09-09T10:25:53.120287+00:00,1.151870000000e+02,1.118496000000e-04,1.117378621379e-07
Offset_RevB_Chip_4_wiShield_Gmx_default_OSC_default_Vsup_pm6V_20260909,1,176,2026-09-09T10:25:53.776787+00:00,1.158435000000e+02,1.014456000000e-04,1.013442557443e-07
Offset_RevB_Chip_4_wiShield_Gmx_default_OSC_default_Vsup_pm6V_20260909,1,177,2026-09-09T10:25:54.441287+00:00,1.165080000000e+02,9.921371000000e-05,9.911459540460e-08
Offset_RevB_Chip_4_wiShield_Gmx_default_OSC_default_Vsup_pm6V_20260909,1,178,2026-09-09T10:25:55.105287+00:00,1.171720000000e+02,1.190748000000e-04,1.189558441558e-07
Offset_RevB_Chip_4_wiShield_Gmx_default_OSC_default_Vsup_pm6V_20260909,1,179,2026-09-09T10:25:55.761287+00:00,1.178280000000e+02,1.196785000000e-04,1.195589410589e-07
Offset_RevB_Chip_4_wiShield_Gmx_default_OSC_default_Vsup_pm6V_20260909,1,180,2026-09-09T10:25:56.417287+00:00,1.184840000000e+02,1.145730000000e-04,1.144585414585e-07
Offset_RevB_Chip_4_wiShield_Gmx_default_OSC_default_Vsup_pm6V_20260909,1,181,2026-09-09T10:25:57.081287+00:00,1.191480000000e+02,1.085319000000e-04,1.084234765235e-07
Offset_RevB_Chip_4_wiShield_Gmx_default_OSC_default_Vsup_pm6V_20260909,1,182,2026-09-09T10:25:57.745287+00:00,1.198120000000e+02,8.655253000000e-05,8.646606393606e-08
Offset_RevB_Chip_4_wiShield_Gmx_default_OSC_default_Vsup_pm6V_20260909,1,183,2026-09-09T10:25:58.401787+00:00,1.204685000000e+02,1.010393000000e-04,1.009383616384e-07
Offset_RevB_Chip_4_wiShield_Gmx_default_OSC_default_Vsup_pm6V_20260909,1,184,2026-09-09T10:25:59.058287+00:00,1.211250000000e+02,9.863344000000e-05,9.853490509491e-08
Offset_RevB_Chip_4_wiShield_Gmx_default_OSC_default_Vsup_pm6V_20260909,1,185,2026-09-09T10:25:59.714287+00:00,1.217810000000e+02,1.055873000000e-04,1.054818181818e-07
Offset_RevB_Chip_4_wiShield_Gmx_default_OSC_default_Vsup_pm6V_20260909,1,186,2026-09-09T10:26:00.378287+00:00,1.224450000000e+02,8.513876000000e-05,8.505370629371e-08
Offset_RevB_Chip_4_wiShield_Gmx_default_OSC_default_Vsup_pm6V_20260909,1,187,2026-09-09T10:26:01.042287+00:00,1.231090000000e+02,1.145212000000e-04,1.144067932068e-07
Offset_RevB_Chip_4_wiShield_Gmx_default_OSC_default_Vsup_pm6V_20260909,1,188,2026-09-09T10:26:01.698787+00:00,1.237655000000e+02,9.866581000000e-05,9.856724275724e-08
Offset_RevB_Chip_4_wiShield_Gmx_default_OSC_default_Vsup_pm6V_20260909,1,189,2026-09-09T10:26:02.355287+00:00,1.244220000000e+02,9.048160000000e-05,9.039120879121e-08
Offset_RevB_Chip_4_wiShield_Gmx_default_OSC_default_Vsup_pm6V_20260909,1,190,2026-09-09T10:26:03.011287+00:00,1.250780000000e+02,8.833155000000e-05,8.824330669331e-08
Offset_RevB_Chip_4_wiShield_Gmx_default_OSC_default_Vsup_pm6V_20260909,1,191,2026-09-09T10:26:03.675287+00:00,1.257420000000e+02,1.057128000000e-04,1.056071928072e-07
Offset_RevB_Chip_4_wiShield_Gmx_default_OSC_default_Vsup_pm6V_20260909,1,192,2026-09-09T10:26:04.339287+00:00,1.264060000000e+02,9.214278000000e-05,9.205072927073e-08
Offset_RevB_Chip_4_wiShield_Gmx_default_OSC_default_Vsup_pm6V_20260909,1,193,2026-09-09T10:26:04.995287+00:00,1.270620000000e+02,8.012984000000e-05,8.004979020979e-08
Offset_RevB_Chip_4_wiShield_Gmx_default_OSC_default_Vsup_pm6V_20260909,1,194,2026-09-09T10:26:05.651787+00:00,1.277185000000e+02,7.869315000000e-05,7.861453546454e-08
Offset_RevB_Chip_4_wiShield_Gmx_default_OSC_default_Vsup_pm6V_20260909,1,195,2026-09-09T10:26:06.316287+00:00,1.283830000000e+02,9.716518000000e-05,9.706811188811e-08
Offset_RevB_Chip_4_wiShield_Gmx_default_OSC_default_Vsup_pm6V_20260909,1,196,2026-09-09T10:26:06.980287+00:00,1.290470000000e+02,9.313450000000e-05,9.304145854146e-08
Offset_RevB_Chip_4_wiShield_Gmx_default_OSC_default_Vsup_pm6V_20260909,1,197,2026-09-09T10:26:07.636287+00:00,1.297030000000e+02,9.577611000000e-05,9.568042957043e-08
Offset_RevB_Chip_4_wiShield_Gmx_default_OSC_default_Vsup_pm6V_20260909,1,198,2026-09-09T10:26:08.292287+00:00,1.303590000000e+02,1.006900000000e-04,1.005894105894e-07
Offset_RevB_Chip_4_wiShield_Gmx_default_OSC_default_Vsup_pm6V_20260909,1,199,2026-09-09T10:26:08.948787+00:00,1.310155000000e+02,8.807040000000e-05,8.798241758242e-08
Offset_RevB_Chip_4_wiShield_Gmx_default_OSC_default_Vsup_pm6V_20260909,1,200,2026-09-09T10:26:09.612787+00:00,1.316795000000e+02,9.618536000000e-05,9.608927072927e-08
Offset_RevB_Chip_4_wiShield_Gmx_default_OSC_default_Vsup_pm6V_20260909,1,201,2026-09-09T10:26:10.276787+00:00,1.323435000000e+02,9.781884000000e-05,9.772111888112e-08
Offset_RevB_Chip_4_wiShield_Gmx_default_OSC_default_Vsup_pm6V_20260909,1,202,2026-09-09T10:26:10.933287+00:00,1.330000000000e+02,8.911273000000e-05,8.902370629371e-08
Offset_RevB_Chip_4_wiShield_Gmx_default_OSC_default_Vsup_pm6V_20260909,1,203,2026-09-09T10:26:11.589287+00:00,1.336560000000e+02,9.951045000000e-05,9.941103896104e-08
Offset_RevB_Chip_4_wiShield_Gmx_default_OSC_default_Vsup_pm6V_20260909,1,204,2026-09-09T10:26:12.253287+00:00,1.343200000000e+02,1.014908000000e-04,1.013894105894e-07
Offset_RevB_Chip_4_wiShield_Gmx_default_OSC_default_Vsup_pm6V_20260909,1,205,2026-09-09T10:26:12.917287+00:00,1.349840000000e+02,1.039386000000e-04,1.038347652348e-07
Offset_RevB_Chip_4_wiShield_Gmx_default_OSC_default_Vsup_pm6V_20260909,1,206,2026-09-09T10:26:13.573787+00:00,1.356405000000e+02,1.136190000000e-04,1.135054945055e-07
Offset_RevB_Chip_4_wiShield_Gmx_default_OSC_default_Vsup_pm6V_20260909,1,207,2026-09-09T10:26:14.230287+00:00,1.362970000000e+02,8.909071000000e-05,8.900170829171e-08
Offset_RevB_Chip_4_wiShield_Gmx_default_OSC_default_Vsup_pm6V_20260909,1,208,2026-09-09T10:26:14.894287+00:00,1.369610000000e+02,1.111620000000e-04,1.110509490509e-07
Offset_RevB_Chip_4_wiShield_Gmx_default_OSC_default_Vsup_pm6V_20260909,1,209,2026-09-09T10:26:15.558287+00:00,1.376250000000e+02,1.020205000000e-04,1.019185814186e-07
Offset_RevB_Chip_4_wiShield_Gmx_default_OSC_default_Vsup_pm6V_20260909,1,210,2026-09-09T10:26:16.214287+00:00,1.382810000000e+02,1.051096000000e-04,1.050045954046e-07
Offset_RevB_Chip_4_wiShield_Gmx_default_OSC_default_Vsup_pm6V_20260909,1,211,2026-09-09T10:26:16.870287+00:00,1.389370000000e+02,9.662722000000e-05,9.653068931069e-08
Offset_RevB_Chip_4_wiShield_Gmx_default_OSC_default_Vsup_pm6V_20260909,1,212,2026-09-09T10:26:17.534287+00:00,1.396010000000e+02,1.152881000000e-04,1.151729270729e-07
Offset_RevB_Chip_4_wiShield_Gmx_default_OSC_default_Vsup_pm6V_20260909,1,213,2026-09-09T10:26:18.198787+00:00,1.402655000000e+02,1.190537000000e-04,1.189347652348e-07
Offset_RevB_Chip_4_wiShield_Gmx_default_OSC_default_Vsup_pm6V_20260909,1,214,2026-09-09T10:26:18.855287+00:00,1.409220000000e+02,1.077005000000e-04,1.075929070929e-07
Offset_RevB_Chip_4_wiShield_Gmx_default_OSC_default_Vsup_pm6V_20260909,1,215,2026-09-09T10:26:19.511287+00:00,1.415780000000e+02,1.083353000000e-04,1.082270729271e-07
Offset_RevB_Chip_4_wiShield_Gmx_default_OSC_default_Vsup_pm6V_20260909,1,216,2026-09-09T10:26:20.175287+00:00,1.422420000000e+02,1.137049000000e-04,1.135913086913e-07
Offset_RevB_Chip_4_wiShield_Gmx_default_OSC_default_Vsup_pm6V_20260909,1,217,2026-09-09T10:26:20.839287+00:00,1.429060000000e+02,9.605122000000e-05,9.595526473526e-08
Offset_RevB_Chip_4_wiShield_Gmx_default_OSC_default_Vsup_pm6V_20260909,1,218,2026-09-09T10:26:21.495287+00:00,1.435620000000e+02,1.188921000000e-04,1.187733266733e-07
Offset_RevB_Chip_4_wiShield_Gmx_default_OSC_default_Vsup_pm6V_20260909,1,219,2026-09-09T10:26:22.151787+00:00,1.442185000000e+02,1.083171000000e-04,1.082088911089e-07
Offset_RevB_Chip_4_wiShield_Gmx_default_OSC_default_Vsup_pm6V_20260909,1,220,2026-09-09T10:26:22.816287+00:00,1.448830000000e+02,1.260476000000e-04,1.259216783217e-07
Offset_RevB_Chip_4_wiShield_Gmx_default_OSC_default_Vsup_pm6V_20260909,1,221,2026-09-09T10:26:23.480287+00:00,1.455470000000e+02,1.429458000000e-04,1.428029970030e-07
Offset_RevB_Chip_4_wiShield_Gmx_default_OSC_default_Vsup_pm6V_20260909,1,222,2026-09-09T10:26:24.136287+00:00,1.462030000000e+02,1.160872000000e-04,1.159712287712e-07
Offset_RevB_Chip_4_wiShield_Gmx_default_OSC_default_Vsup_pm6V_20260909,1,223,2026-09-09T10:26:24.792287+00:00,1.468590000000e+02,1.305281000000e-04,1.303977022977e-07
Offset_RevB_Chip_4_wiShield_Gmx_default_OSC_default_Vsup_pm6V_20260909,1,224,2026-09-09T10:26:25.456287+00:00,1.475230000000e+02,1.145816000000e-04,1.144671328671e-07
Offset_RevB_Chip_4_wiShield_Gmx_default_OSC_default_Vsup_pm6V_20260909,1,225,2026-09-09T10:26:26.120287+00:00,1.481870000000e+02,1.216680000000e-04,1.215464535465e-07
Offset_RevB_Chip_4_wiShield_Gmx_default_OSC_default_Vsup_pm6V_20260909,1,226,2026-09-09T10:26:26.776787+00:00,1.488435000000e+02,1.308210000000e-04,1.306903096903e-07
Offset_RevB_Chip_4_wiShield_Gmx_default_OSC_default_Vsup_pm6V_20260909,1,227,2026-09-09T10:26:27.433287+00:00,1.495000000000e+02,1.121984000000e-04,1.120863136863e-07
Offset_RevB_Chip_4_wiShield_Gmx_default_OSC_default_Vsup_pm6V_20260909,1,228,2026-09-09T10:26:28.097287+00:00,1.501640000000e+02,1.206342000000e-04,1.205136863137e-07
Offset_RevB_Chip_4_wiShield_Gmx_default_OSC_default_Vsup_pm6V_20260909,1,229,2026-09-09T10:26:28.761287+00:00,1.508280000000e+02,1.055142000000e-04,1.054087912088e-07
Offset_RevB_Chip_4_wiShield_Gmx_default_OSC_default_Vsup_pm6V_20260909,1,230,2026-09-09T10:26:29.417287+00:00,1.514840000000e+02,1.124083000000e-04,1.122960039960e-07
Offset_RevB_Chip_4_wiShield_Gmx_default_OSC_default_Vsup_pm6V_20260909,1,231,2026-09-09T10:26:30.073787+00:00,1.521405000000e+02,1.148033000000e-04,1.146886113886e-07
Offset_RevB_Chip_4_wiShield_Gmx_default_OSC_default_Vsup_pm6V_20260909,1,232,2026-09-09T10:26:30.737787+00:00,1.528045000000e+02,1.184789000000e-04,1.183605394605e-07
Offset_RevB_Chip_4_wiShield_Gmx_default_OSC_default_Vsup_pm6V_20260909,1,233,2026-09-09T10:26:31.401787+00:00,1.534685000000e+02,1.077655000000e-04,1.076578421578e-07
Offset_RevB_Chip_4_wiShield_Gmx_default_OSC_default_Vsup_pm6V_20260909,1,234,2026-09-09T10:26:32.058287+00:00,1.541250000000e+02,1.055155000000e-04,1.054100899101e-07
Offset_RevB_Chip_4_wiShield_Gmx_default_OSC_default_Vsup_pm6V_20260909,1,235,2026-09-09T10:26:32.714287+00:00,1.547810000000e+02,1.086825000000e-04,1.085739260739e-07
Offset_RevB_Chip_4_wiShield_Gmx_default_OSC_default_Vsup_pm6V_20260909,1,236,2026-09-09T10:26:33.378287+00:00,1.554450000000e+02,9.943921000000e-05,9.933987012987e-08
Offset_RevB_Chip_4_wiShield_Gmx_default_OSC_default_Vsup_pm6V_20260909,1,237,2026-09-09T10:26:34.042287+00:00,1.561090000000e+02,1.195656000000e-04,1.194461538462e-07
Offset_RevB_Chip_4_wiShield_Gmx_default_OSC_default_Vsup_pm6V_20260909,1,238,2026-09-09T10:26:34.698787+00:00,1.567655000000e+02,9.913121000000e-05,9.903217782218e-08
Offset_RevB_Chip_4_wiShield_Gmx_default_OSC_default_Vsup_pm6V_20260909,1,239,2026-09-09T10:26:35.355287+00:00,1.574220000000e+02,1.015599000000e-04,1.014584415584e-07
Offset_RevB_Chip_4_wiShield_Gmx_default_OSC_default_Vsup_pm6V_20260909,1,240,2026-09-09T10:26:36.019287+00:00,1.580860000000e+02,8.871939000000e-05,8.863075924076e-08
Offset_RevB_Chip_4_wiShield_Gmx_default_OSC_default_Vsup_pm6V_20260909,1,241,2026-09-09T10:26:36.683287+00:00,1.587500000000e+02,9.984716000000e-05,9.974741258741e-08
Offset_RevB_Chip_4_wiShield_Gmx_default_OSC_default_Vsup_pm6V_20260909,1,242,2026-09-09T10:26:37.339287+00:00,1.594060000000e+02,1.154444000000e-04,1.153290709291e-07
Offset_RevB_Chip_4_wiShield_Gmx_default_OSC_default_Vsup_pm6V_20260909,1,243,2026-09-09T10:26:38.003287+00:00,1.600700000000e+02,1.163871000000e-04,1.162708291708e-07
Offset_RevB_Chip_4_wiShield_Gmx_default_OSC_default_Vsup_pm6V_20260909,1,244,2026-09-09T10:26:38.667287+00:00,1.607340000000e+02,1.141157000000e-04,1.140016983017e-07
Offset_RevB_Chip_4_wiShield_Gmx_default_OSC_default_Vsup_pm6V_20260909,1,245,2026-09-09T10:26:39.323787+00:00,1.613905000000e+02,1.084269000000e-04,1.083185814186e-07
Offset_RevB_Chip_4_wiShield_Gmx_default_OSC_default_Vsup_pm6V_20260909,1,246,2026-09-09T10:26:39.980287+00:00,1.620470000000e+02,1.092546000000e-04,1.091454545455e-07
Offset_RevB_Chip_4_wiShield_Gmx_default_OSC_default_Vsup_pm6V_20260909,1,247,2026-09-09T10:26:40.644287+00:00,1.627110000000e+02,1.146158000000e-04,1.145012987013e-07
Offset_RevB_Chip_4_wiShield_Gmx_default_OSC_default_Vsup_pm6V_20260909,1,248,2026-09-09T10:26:41.308287+00:00,1.633750000000e+02,1.151714000000e-04,1.150563436563e-07
Offset_RevB_Chip_4_wiShield_Gmx_default_OSC_default_Vsup_pm6V_20260909,1,249,2026-09-09T10:26:41.964287+00:00,1.640310000000e+02,1.328270000000e-04,1.326943056943e-07
Offset_RevB_Chip_4_wiShield_Gmx_default_OSC_default_Vsup_pm6V_20260909,1,250,2026-09-09T10:26:42.620287+00:00,1.646870000000e+02,9.847040000000e-05,9.837202797203e-08
Offset_RevB_Chip_4_wiShield_Gmx_default_OSC_default_Vsup_pm6V_20260909,1,251,2026-09-09T10:26:43.284287+00:00,1.653510000000e+02,1.045253000000e-04,1.044208791209e-07
Offset_RevB_Chip_4_wiShield_Gmx_default_OSC_default_Vsup_pm6V_20260909,1,252,2026-09-09T10:26:43.948787+00:00,1.660155000000e+02,1.217944000000e-04,1.216727272727e-07
Offset_RevB_Chip_4_wiShield_Gmx_default_OSC_default_Vsup_pm6V_20260909,1,253,2026-09-09T10:26:44.605287+00:00,1.666720000000e+02,1.189779000000e-04,1.188590409590e-07
Offset_RevB_Chip_4_wiShield_Gmx_default_OSC_default_Vsup_pm6V_20260909,1,254,2026-09-09T10:26:45.261287+00:00,1.673280000000e+02,1.011729000000e-04,1.010718281718e-07
Offset_RevB_Chip_4_wiShield_Gmx_default_OSC_default_Vsup_pm6V_20260909,1,255,2026-09-09T10:26:45.925287+00:00,1.679920000000e+02,1.181881000000e-04,1.180700299700e-07
Offset_RevB_Chip_4_wiShield_Gmx_default_OSC_default_Vsup_pm6V_20260909,1,256,2026-09-09T10:26:46.589287+00:00,1.686560000000e+02,1.060380000000e-04,1.059320679321e-07
Offset_RevB_Chip_4_wiShield_Gmx_default_OSC_default_Vsup_pm6V_20260909,1,257,2026-09-09T10:26:47.245287+00:00,1.693120000000e+02,1.083471000000e-04,1.082388611389e-07
Offset_RevB_Chip_4_wiShield_Gmx_default_OSC_default_Vsup_pm6V_20260909,1,258,2026-09-09T10:26:47.901787+00:00,1.699685000000e+02,9.791743000000e-05,9.781961038961e-08
Offset_RevB_Chip_4_wiShield_Gmx_default_OSC_default_Vsup_pm6V_20260909,1,259,2026-09-09T10:26:48.566287+00:00,1.706330000000e+02,9.504418000000e-05,9.494923076923e-08
Offset_RevB_Chip_4_wiShield_Gmx_default_OSC_default_Vsup_pm6V_20260909,1,260,2026-09-09T10:26:49.230287+00:00,1.712970000000e+02,9.043078000000e-05,9.034043956044e-08
Offset_RevB_Chip_4_wiShield_Gmx_default_OSC_default_Vsup_pm6V_20260909,1,261,2026-09-09T10:26:49.886287+00:00,1.719530000000e+02,1.102899000000e-04,1.101797202797e-07
Offset_RevB_Chip_4_wiShield_Gmx_default_OSC_default_Vsup_pm6V_20260909,1,262,2026-09-09T10:26:50.542287+00:00,1.726090000000e+02,1.062254000000e-04,1.061192807193e-07
Offset_RevB_Chip_4_wiShield_Gmx_default_OSC_default_Vsup_pm6V_20260909,1,263,2026-09-09T10:26:51.206287+00:00,1.732730000000e+02,1.086468000000e-04,1.085382617383e-07
Offset_RevB_Chip_4_wiShield_Gmx_default_OSC_default_Vsup_pm6V_20260909,1,264,2026-09-09T10:26:51.870287+00:00,1.739370000000e+02,9.894940000000e-05,9.885054945055e-08
Offset_RevB_Chip_4_wiShield_Gmx_default_OSC_default_Vsup_pm6V_20260909,1,265,2026-09-09T10:26:52.526787+00:00,1.745935000000e+02,1.032988000000e-04,1.031956043956e-07
Offset_RevB_Chip_4_wiShield_Gmx_default_OSC_default_Vsup_pm6V_20260909,1,266,2026-09-09T10:26:53.191287+00:00,1.752580000000e+02,1.093502000000e-04,1.092409590410e-07
Offset_RevB_Chip_4_wiShield_Gmx_default_OSC_default_Vsup_pm6V_20260909,1,267,2026-09-09T10:26:53.855287+00:00,1.759220000000e+02,1.060980000000e-04,1.059920079920e-07
Offset_RevB_Chip_4_wiShield_Gmx_default_OSC_default_Vsup_pm6V_20260909,1,268,2026-09-09T10:26:54.511287+00:00,1.765780000000e+02,1.022376000000e-04,1.021354645355e-07
Offset_RevB_Chip_4_wiShield_Gmx_default_OSC_default_Vsup_pm6V_20260909,1,269,2026-09-09T10:26:55.167287+00:00,1.772340000000e+02,8.840165000000e-05,8.831333666334e-08
Offset_RevB_Chip_4_wiShield_Gmx_default_OSC_default_Vsup_pm6V_20260909,1,270,2026-09-09T10:26:55.831287+00:00,1.778980000000e+02,1.011716000000e-04,1.010705294705e-07
Offset_RevB_Chip_4_wiShield_Gmx_default_OSC_default_Vsup_pm6V_20260909,1,271,2026-09-09T10:26:56.495287+00:00,1.785620000000e+02,9.118609000000e-05,9.109499500499e-08
Offset_RevB_Chip_4_wiShield_Gmx_default_OSC_default_Vsup_pm6V_20260909,1,272,2026-09-09T10:26:57.151787+00:00,1.792185000000e+02,9.263611000000e-05,9.254356643357e-08
Offset_RevB_Chip_4_wiShield_Gmx_default_OSC_default_Vsup_pm6V_20260909,1,273,2026-09-09T10:26:57.808287+00:00,1.798750000000e+02,8.546134000000e-05,8.537596403596e-08
Offset_RevB_Chip_4_wiShield_Gmx_default_OSC_default_Vsup_pm6V_20260909,1,274,2026-09-09T10:26:58.472287+00:00,1.805390000000e+02,9.923929000000e-05,9.914014985015e-08
Offset_RevB_Chip_4_wiShield_Gmx_default_OSC_default_Vsup_pm6V_20260909,1,275,2026-09-09T10:26:59.136287+00:00,1.812030000000e+02,8.952905000000e-05,8.943961038961e-08
Offset_RevB_Chip_4_wiShield_Gmx_default_OSC_default_Vsup_pm6V_20260909,1,276,2026-09-09T10:26:59.792287+00:00,1.818590000000e+02,8.899085000000e-05,8.890194805195e-08
Offset_RevB_Chip_4_wiShield_Gmx_default_OSC_default_Vsup_pm6V_20260909,1,277,2026-09-09T10:27:00.448787+00:00,1.825155000000e+02,9.079809000000e-05,9.070738261738e-08
Offset_RevB_Chip_4_wiShield_Gmx_default_OSC_default_Vsup_pm6V_20260909,1,278,2026-09-09T10:27:01.120287+00:00,1.831870000000e+02,9.881439000000e-05,9.871567432567e-08
Offset_RevB_Chip_4_wiShield_Gmx_default_OSC_default_Vsup_pm6V_20260909,1,279,2026-09-09T10:27:01.776787+00:00,1.838435000000e+02,8.993856000000e-05,8.984871128871e-08
Offset_RevB_Chip_4_wiShield_Gmx_default_OSC_default_Vsup_pm6V_20260909,1,280,2026-09-09T10:27:02.433287+00:00,1.845000000000e+02,9.119153000000e-05,9.110042957043e-08
Offset_RevB_Chip_4_wiShield_Gmx_default_OSC_default_Vsup_pm6V_20260909,1,281,2026-09-09T10:27:03.097287+00:00,1.851640000000e+02,7.719479000000e-05,7.711767232767e-08
Offset_RevB_Chip_4_wiShield_Gmx_default_OSC_default_Vsup_pm6V_20260909,1,282,2026-09-09T10:27:03.761287+00:00,1.858280000000e+02,9.767120000000e-05,9.757362637363e-08
Offset_RevB_Chip_4_wiShield_Gmx_default_OSC_default_Vsup_pm6V_20260909,1,283,2026-09-09T10:27:04.417287+00:00,1.864840000000e+02,9.131414000000e-05,9.122291708292e-08
Offset_RevB_Chip_4_wiShield_Gmx_default_OSC_default_Vsup_pm6V_20260909,1,284,2026-09-09T10:27:05.073787+00:00,1.871405000000e+02,9.377698000000e-05,9.368329670330e-08
Offset_RevB_Chip_4_wiShield_Gmx_default_OSC_default_Vsup_pm6V_20260909,1,285,2026-09-09T10:27:05.737787+00:00,1.878045000000e+02,7.846240000000e-05,7.838401598402e-08
Offset_RevB_Chip_4_wiShield_Gmx_default_OSC_default_Vsup_pm6V_20260909,1,286,2026-09-09T10:27:06.401787+00:00,1.884685000000e+02,8.517601000000e-05,8.509091908092e-08
Offset_RevB_Chip_4_wiShield_Gmx_default_OSC_default_Vsup_pm6V_20260909,1,287,2026-09-09T10:27:07.058287+00:00,1.891250000000e+02,8.482036000000e-05,8.473562437562e-08
Offset_RevB_Chip_4_wiShield_Gmx_default_OSC_default_Vsup_pm6V_20260909,1,288,2026-09-09T10:27:07.714287+00:00,1.897810000000e+02,1.042748000000e-04,1.041706293706e-07
Offset_RevB_Chip_4_wiShield_Gmx_default_OSC_default_Vsup_pm6V_20260909,1,289,2026-09-09T10:27:08.378287+00:00,1.904450000000e+02,1.029730000000e-04,1.028701298701e-07
Offset_RevB_Chip_4_wiShield_Gmx_default_OSC_default_Vsup_pm6V_20260909,1,290,2026-09-09T10:27:09.042287+00:00,1.911090000000e+02,8.491216000000e-05,8.482733266733e-08
Offset_RevB_Chip_4_wiShield_Gmx_default_OSC_default_Vsup_pm6V_20260909,1,291,2026-09-09T10:27:09.698787+00:00,1.917655000000e+02,9.456828000000e-05,9.447380619381e-08
Offset_RevB_Chip_4_wiShield_Gmx_default_OSC_default_Vsup_pm6V_20260909,1,292,2026-09-09T10:27:10.355287+00:00,1.924220000000e+02,1.161862000000e-04,1.160701298701e-07
Offset_RevB_Chip_4_wiShield_Gmx_default_OSC_default_Vsup_pm6V_20260909,1,293,2026-09-09T10:27:11.019287+00:00,1.930860000000e+02,9.976882000000e-05,9.966915084915e-08
Offset_RevB_Chip_4_wiShield_Gmx_default_OSC_default_Vsup_pm6V_20260909,1,294,2026-09-09T10:27:11.683287+00:00,1.937500000000e+02,1.114213000000e-04,1.113099900100e-07
Offset_RevB_Chip_4_wiShield_Gmx_default_OSC_default_Vsup_pm6V_20260909,1,295,2026-09-09T10:27:12.339287+00:00,1.944060000000e+02,1.017761000000e-04,1.016744255744e-07
Offset_RevB_Chip_4_wiShield_Gmx_default_OSC_default_Vsup_pm6V_20260909,1,296,2026-09-09T10:27:13.003287+00:00,1.950700000000e+02,8.821083000000e-05,8.812270729271e-08
Offset_RevB_Chip_4_wiShield_Gmx_default_OSC_default_Vsup_pm6V_20260909,1,297,2026-09-09T10:27:13.667287+00:00,1.957340000000e+02,9.848801000000e-05,9.838962037962e-08
Offset_RevB_Chip_4_wiShield_Gmx_default_OSC_default_Vsup_pm6V_20260909,1,298,2026-09-09T10:27:14.323787+00:00,1.963905000000e+02,1.017910000000e-04,1.016893106893e-07
Offset_RevB_Chip_4_wiShield_Gmx_default_OSC_default_Vsup_pm6V_20260909,1,299,2026-09-09T10:27:14.980287+00:00,1.970470000000e+02,1.123939000000e-04,1.122816183816e-07
Offset_RevB_Chip_4_wiShield_Gmx_default_OSC_default_Vsup_pm6V_20260909,1,300,2026-09-09T10:27:15.636287+00:00,1.977030000000e+02,9.744140000000e-05,9.734405594406e-08
Offset_RevB_Chip_4_wiShield_Gmx_default_OSC_default_Vsup_pm6V_20260909,1,301,2026-09-09T10:27:16.308287+00:00,1.983750000000e+02,1.055553000000e-04,1.054498501499e-07
Offset_RevB_Chip_4_wiShield_Gmx_default_OSC_default_Vsup_pm6V_20260909,1,302,2026-09-09T10:27:16.964287+00:00,1.990310000000e+02,7.686078000000e-05,7.678399600400e-08
Offset_RevB_Chip_4_wiShield_Gmx_default_OSC_default_Vsup_pm6V_20260909,1,303,2026-09-09T10:27:17.620287+00:00,1.996870000000e+02,1.104528000000e-04,1.103424575425e-07
Offset_RevB_Chip_4_wiShield_Gmx_default_OSC_default_Vsup_pm6V_20260909,1,304,2026-09-09T10:27:18.284287+00:00,2.003510000000e+02,1.051896000000e-04,1.050845154845e-07
Offset_RevB_Chip_4_wiShield_Gmx_default_OSC_default_Vsup_pm6V_20260909,1,305,2026-09-09T10:27:18.948787+00:00,2.010155000000e+02,9.777893000000e-05,9.768124875125e-08
Offset_RevB_Chip_4_wiShield_Gmx_default_OSC_default_Vsup_pm6V_20260909,1,306,2026-09-09T10:27:19.605287+00:00,2.016720000000e+02,9.941280000000e-05,9.931348651349e-08
Offset_RevB_Chip_4_wiShield_Gmx_default_OSC_default_Vsup_pm6V_20260909,1,307,2026-09-09T10:27:20.261287+00:00,2.023280000000e+02,1.072163000000e-04,1.071091908092e-07
Offset_RevB_Chip_4_wiShield_Gmx_default_OSC_default_Vsup_pm6V_20260909,1,308,2026-09-09T10:27:20.925287+00:00,2.029920000000e+02,9.980884000000e-05,9.970913086913e-08
Offset_RevB_Chip_4_wiShield_Gmx_default_OSC_default_Vsup_pm6V_20260909,1,309,2026-09-09T10:27:21.589287+00:00,2.036560000000e+02,1.043583000000e-04,1.042540459540e-07
Offset_RevB_Chip_4_wiShield_Gmx_default_OSC_default_Vsup_pm6V_20260909,1,310,2026-09-09T10:27:22.245287+00:00,2.043120000000e+02,1.032881000000e-04,1.031849150849e-07
Offset_RevB_Chip_4_wiShield_Gmx_default_OSC_default_Vsup_pm6V_20260909,1,311,2026-09-09T10:27:22.901787+00:00,2.049685000000e+02,1.006517000000e-04,1.005511488511e-07
Offset_RevB_Chip_4_wiShield_Gmx_default_OSC_default_Vsup_pm6V_20260909,1,312,2026-09-09T10:27:23.558287+00:00,2.056250000000e+02,1.049175000000e-04,1.048126873127e-07
Offset_RevB_Chip_4_wiShield_Gmx_default_OSC_default_Vsup_pm6V_20260909,1,313,2026-09-09T10:27:24.230287+00:00,2.062970000000e+02,1.109953000000e-04,1.108844155844e-07
Offset_RevB_Chip_4_wiShield_Gmx_default_OSC_default_Vsup_pm6V_20260909,1,314,2026-09-09T10:27:24.886287+00:00,2.069530000000e+02,9.925694000000e-05,9.915778221778e-08
Offset_RevB_Chip_4_wiShield_Gmx_default_OSC_default_Vsup_pm6V_20260909,1,315,2026-09-09T10:27:25.542287+00:00,2.076090000000e+02,8.619286000000e-05,8.610675324675e-08
Offset_RevB_Chip_4_wiShield_Gmx_default_OSC_default_Vsup_pm6V_20260909,1,316,2026-09-09T10:27:26.198787+00:00,2.082655000000e+02,9.441515000000e-05,9.432082917083e-08
Offset_RevB_Chip_4_wiShield_Gmx_default_OSC_default_Vsup_pm6V_20260909,1,317,2026-09-09T10:27:26.870287+00:00,2.089370000000e+02,9.375693000000e-05,9.366326673327e-08
Offset_RevB_Chip_4_wiShield_Gmx_default_OSC_default_Vsup_pm6V_20260909,1,318,2026-09-09T10:27:27.526787+00:00,2.095935000000e+02,8.432206000000e-05,8.423782217782e-08
Offset_RevB_Chip_4_wiShield_Gmx_default_OSC_default_Vsup_pm6V_20260909,1,319,2026-09-09T10:27:28.183287+00:00,2.102500000000e+02,8.282427000000e-05,8.274152847153e-08
Offset_RevB_Chip_4_wiShield_Gmx_default_OSC_default_Vsup_pm6V_20260909,1,320,2026-09-09T10:27:28.839287+00:00,2.109060000000e+02,9.073648000000e-05,9.064583416583e-08
Offset_RevB_Chip_4_wiShield_Gmx_default_OSC_default_Vsup_pm6V_20260909,1,321,2026-09-09T10:27:29.503287+00:00,2.115700000000e+02,7.863629000000e-05,7.855773226773e-08
Offset_RevB_Chip_4_wiShield_Gmx_default_OSC_default_Vsup_pm6V_20260909,1,322,2026-09-09T10:27:30.167287+00:00,2.122340000000e+02,8.043859000000e-05,8.035823176823e-08
Offset_RevB_Chip_4_wiShield_Gmx_default_OSC_default_Vsup_pm6V_20260909,1,323,2026-09-09T10:27:30.823787+00:00,2.128905000000e+02,7.453880000000e-05,7.446433566434e-08
Offset_RevB_Chip_4_wiShield_Gmx_default_OSC_default_Vsup_pm6V_20260909,1,324,2026-09-09T10:27:31.480287+00:00,2.135470000000e+02,8.902985000000e-05,8.894090909091e-08
Offset_RevB_Chip_4_wiShield_Gmx_default_OSC_default_Vsup_pm6V_20260909,1,325,2026-09-09T10:27:32.136287+00:00,2.142030000000e+02,9.488885000000e-05,9.479405594406e-08
Offset_RevB_Chip_4_wiShield_Gmx_default_OSC_default_Vsup_pm6V_20260909,1,326,2026-09-09T10:27:32.800287+00:00,2.148670000000e+02,7.985689000000e-05,7.977711288711e-08
Offset_RevB_Chip_4_wiShield_Gmx_default_OSC_default_Vsup_pm6V_20260909,1,327,2026-09-09T10:27:33.464287+00:00,2.155310000000e+02,9.621951000000e-05,9.612338661339e-08
Offset_RevB_Chip_4_wiShield_Gmx_default_OSC_default_Vsup_pm6V_20260909,1,328,2026-09-09T10:27:34.120287+00:00,2.161870000000e+02,7.247290000000e-05,7.240049950050e-08
Offset_RevB_Chip_4_wiShield_Gmx_default_OSC_default_Vsup_pm6V_20260909,1,329,2026-09-09T10:27:34.776787+00:00,2.168435000000e+02,9.250563000000e-05,9.241321678322e-08
Offset_RevB_Chip_4_wiShield_Gmx_default_OSC_default_Vsup_pm6V_20260909,1,330,2026-09-09T10:27:35.441287+00:00,2.175080000000e+02,9.878333000000e-05,9.868464535465e-08
Offset_RevB_Chip_4_wiShield_Gmx_default_OSC_default_Vsup_pm6V_20260909,1,331,2026-09-09T10:27:36.105287+00:00,2.181720000000e+02,1.096233000000e-04,1.095137862138e-07
Offset_RevB_Chip_4_wiShield_Gmx_default_OSC_default_Vsup_pm6V_20260909,1,332,2026-09-09T10:27:36.761287+00:00,2.188280000000e+02,8.786659000000e-05,8.777881118881e-08
Offset_RevB_Chip_4_wiShield_Gmx_default_OSC_default_Vsup_pm6V_20260909,1,333,2026-09-09T10:27:37.417287+00:00,2.194840000000e+02,1.067996000000e-04,1.066929070929e-07
Offset_RevB_Chip_4_wiShield_Gmx_default_OSC_default_Vsup_pm6V_20260909,1,334,2026-09-09T10:27:38.073787+00:00,2.201405000000e+02,9.568521000000e-05,9.558962037962e-08
Offset_RevB_Chip_4_wiShield_Gmx_default_OSC_default_Vsup_pm6V_20260909,1,335,2026-09-09T10:27:38.745287+00:00,2.208120000000e+02,9.045191000000e-05,9.036154845155e-08
Offset_RevB_Chip_4_wiShield_Gmx_default_OSC_default_Vsup_pm6V_20260909,1,336,2026-09-09T10:27:39.401787+00:00,2.214685000000e+02,1.011073000000e-04,1.010062937063e-07
Offset_RevB_Chip_4_wiShield_Gmx_default_OSC_default_Vsup_pm6V_20260909,1,337,2026-09-09T10:27:40.058287+00:00,2.221250000000e+02,8.542978000000e-05,8.534443556444e-08
Offset_RevB_Chip_4_wiShield_Gmx_default_OSC_default_Vsup_pm6V_20260909,1,338,2026-09-09T10:27:40.714287+00:00,2.227810000000e+02,9.275719000000e-05,9.266452547453e-08
Offset_RevB_Chip_4_wiShield_Gmx_default_OSC_default_Vsup_pm6V_20260909,1,339,2026-09-09T10:27:41.378287+00:00,2.234450000000e+02,1.040094000000e-04,1.039054945055e-07
Offset_RevB_Chip_4_wiShield_Gmx_default_OSC_default_Vsup_pm6V_20260909,1,340,2026-09-09T10:27:42.042287+00:00,2.241090000000e+02,7.949543000000e-05,7.941601398601e-08
Offset_RevB_Chip_4_wiShield_Gmx_default_OSC_default_Vsup_pm6V_20260909,1,341,2026-09-09T10:27:42.698787+00:00,2.247655000000e+02,9.950990000000e-05,9.941048951049e-08
Offset_RevB_Chip_4_wiShield_Gmx_default_OSC_default_Vsup_pm6V_20260909,1,342,2026-09-09T10:27:43.355287+00:00,2.254220000000e+02,9.043818000000e-05,9.034783216783e-08
Offset_RevB_Chip_4_wiShield_Gmx_default_OSC_default_Vsup_pm6V_20260909,1,343,2026-09-09T10:27:44.011287+00:00,2.260780000000e+02,9.992432000000e-05,9.982449550450e-08
Offset_RevB_Chip_4_wiShield_Gmx_default_OSC_default_Vsup_pm6V_20260909,1,344,2026-09-09T10:27:44.675287+00:00,2.267420000000e+02,9.283228000000e-05,9.273954045954e-08
Offset_RevB_Chip_4_wiShield_Gmx_default_OSC_default_Vsup_pm6V_20260909,1,345,2026-09-09T10:27:45.339287+00:00,2.274060000000e+02,9.918351000000e-05,9.908442557443e-08
Offset_RevB_Chip_4_wiShield_Gmx_default_OSC_default_Vsup_pm6V_20260909,1,346,2026-09-09T10:27:45.995287+00:00,2.280620000000e+02,9.591280000000e-05,9.581698301698e-08
Offset_RevB_Chip_4_wiShield_Gmx_default_OSC_default_Vsup_pm6V_20260909,1,347,2026-09-09T10:27:46.651787+00:00,2.287185000000e+02,9.351029000000e-05,9.341687312687e-08
Offset_RevB_Chip_4_wiShield_Gmx_default_OSC_default_Vsup_pm6V_20260909,1,348,2026-09-09T10:27:47.308287+00:00,2.293750000000e+02,8.678788000000e-05,8.670117882118e-08
Offset_RevB_Chip_4_wiShield_Gmx_default_OSC_default_Vsup_pm6V_20260909,1,349,2026-09-09T10:27:47.980287+00:00,2.300470000000e+02,8.770411000000e-05,8.761649350649e-08
Offset_RevB_Chip_4_wiShield_Gmx_default_OSC_default_Vsup_pm6V_20260909,1,350,2026-09-09T10:27:48.636287+00:00,2.307030000000e+02,1.024057000000e-04,1.023033966034e-07
Offset_RevB_Chip_4_wiShield_Gmx_default_OSC_default_Vsup_pm6V_20260909,1,351,2026-09-09T10:27:49.292287+00:00,2.313590000000e+02,8.002597000000e-05,7.994602397602e-08
Offset_RevB_Chip_4_wiShield_Gmx_default_OSC_default_Vsup_pm6V_20260909,1,352,2026-09-09T10:27:49.948787+00:00,2.320155000000e+02,1.008025000000e-04,1.007017982018e-07
Offset_RevB_Chip_4_wiShield_Gmx_default_OSC_default_Vsup_pm6V_20260909,1,353,2026-09-09T10:27:50.612787+00:00,2.326795000000e+02,8.378503000000e-05,8.370132867133e-08
Offset_RevB_Chip_4_wiShield_Gmx_default_OSC_default_Vsup_pm6V_20260909,1,354,2026-09-09T10:27:51.276787+00:00,2.333435000000e+02,7.980303000000e-05,7.972330669331e-08
Offset_RevB_Chip_4_wiShield_Gmx_default_OSC_default_Vsup_pm6V_20260909,1,355,2026-09-09T10:27:51.933287+00:00,2.340000000000e+02,7.514728000000e-05,7.507220779221e-08
Offset_RevB_Chip_4_wiShield_Gmx_default_OSC_default_Vsup_pm6V_20260909,1,356,2026-09-09T10:27:52.589287+00:00,2.346560000000e+02,8.132568000000e-05,8.124443556444e-08
Offset_RevB_Chip_4_wiShield_Gmx_default_OSC_default_Vsup_pm6V_20260909,1,357,2026-09-09T10:27:53.245287+00:00,2.353120000000e+02,7.906726000000e-05,7.898827172827e-08
Offset_RevB_Chip_4_wiShield_Gmx_default_OSC_default_Vsup_pm6V_20260909,1,358,2026-09-09T10:27:53.909287+00:00,2.359760000000e+02,8.361761000000e-05,8.353407592408e-08
Offset_RevB_Chip_4_wiShield_Gmx_default_OSC_default_Vsup_pm6V_20260909,1,359,2026-09-09T10:27:54.573787+00:00,2.366405000000e+02,1.002059000000e-04,1.001057942058e-07
Offset_RevB_Chip_4_wiShield_Gmx_default_OSC_default_Vsup_pm6V_20260909,1,360,2026-09-09T10:27:55.230287+00:00,2.372970000000e+02,5.912386000000e-05,5.906479520480e-08
Offset_RevB_Chip_4_wiShield_Gmx_default_OSC_default_Vsup_pm6V_20260909,1,361,2026-09-09T10:27:55.886287+00:00,2.379530000000e+02,7.278645000000e-05,7.271373626374e-08
Offset_RevB_Chip_4_wiShield_Gmx_default_OSC_default_Vsup_pm6V_20260909,1,362,2026-09-09T10:27:56.542287+00:00,2.386090000000e+02,8.226935000000e-05,8.218716283716e-08
Offset_RevB_Chip_4_wiShield_Gmx_default_OSC_default_Vsup_pm6V_20260909,1,363,2026-09-09T10:27:57.206287+00:00,2.392730000000e+02,7.699877000000e-05,7.692184815185e-08
Offset_RevB_Chip_4_wiShield_Gmx_default_OSC_default_Vsup_pm6V_20260909,1,364,2026-09-09T10:27:57.870287+00:00,2.399370000000e+02,8.422403000000e-05,8.413989010989e-08
Offset_RevB_Chip_4_wiShield_Gmx_default_OSC_default_Vsup_pm6V_20260909,1,365,2026-09-09T10:27:58.526787+00:00,2.405935000000e+02,8.148541000000e-05,8.140400599401e-08
Offset_RevB_Chip_4_wiShield_Gmx_default_OSC_default_Vsup_pm6V_20260909,1,366,2026-09-09T10:27:59.183287+00:00,2.412500000000e+02,9.163234000000e-05,9.154079920080e-08
Offset_RevB_Chip_4_wiShield_Gmx_default_OSC_default_Vsup_pm6V_20260909,1,367,2026-09-09T10:27:59.847287+00:00,2.419140000000e+02,9.570587000000e-05,9.561025974026e-08
Offset_RevB_Chip_4_wiShield_Gmx_default_OSC_default_Vsup_pm6V_20260909,1,368,2026-09-09T10:28:00.511287+00:00,2.425780000000e+02,9.684129000000e-05,9.674454545455e-08
Offset_RevB_Chip_4_wiShield_Gmx_default_OSC_default_Vsup_pm6V_20260909,1,369,2026-09-09T10:28:01.167287+00:00,2.432340000000e+02,8.839309000000e-05,8.830478521479e-08
Offset_RevB_Chip_4_wiShield_Gmx_default_OSC_default_Vsup_pm6V_20260909,1,370,2026-09-09T10:28:01.823787+00:00,2.438905000000e+02,8.317896000000e-05,8.309586413586e-08
Offset_RevB_Chip_4_wiShield_Gmx_default_OSC_default_Vsup_pm6V_20260909,1,371,2026-09-09T10:28:02.487787+00:00,2.445545000000e+02,8.674913000000e-05,8.666246753247e-08
Offset_RevB_Chip_4_wiShield_Gmx_default_OSC_default_Vsup_pm6V_20260909,1,372,2026-09-09T10:28:03.151787+00:00,2.452185000000e+02,8.666407000000e-05,8.657749250749e-08
Offset_RevB_Chip_4_wiShield_Gmx_default_OSC_default_Vsup_pm6V_20260909,1,373,2026-09-09T10:28:03.808287+00:00,2.458750000000e+02,9.276024000000e-05,9.266757242757e-08
Offset_RevB_Chip_4_wiShield_Gmx_default_OSC_default_Vsup_pm6V_20260909,1,374,2026-09-09T10:28:04.464287+00:00,2.465310000000e+02,9.726878000000e-05,9.717160839161e-08
Offset_RevB_Chip_4_wiShield_Gmx_default_OSC_default_Vsup_pm6V_20260909,1,375,2026-09-09T10:28:05.128287+00:00,2.471950000000e+02,1.105696000000e-04,1.104591408591e-07
Offset_RevB_Chip_4_wiShield_Gmx_default_OSC_default_Vsup_pm6V_20260909,1,376,2026-09-09T10:28:05.792287+00:00,2.478590000000e+02,8.764930000000e-05,8.756173826174e-08
Offset_RevB_Chip_4_wiShield_Gmx_default_OSC_default_Vsup_pm6V_20260909,1,377,2026-09-09T10:28:06.448787+00:00,2.485155000000e+02,9.100429000000e-05,9.091337662338e-08
Offset_RevB_Chip_4_wiShield_Gmx_default_OSC_default_Vsup_pm6V_20260909,1,378,2026-09-09T10:28:07.105287+00:00,2.491720000000e+02,9.781862000000e-05,9.772089910090e-08
Offset_RevB_Chip_4_wiShield_Gmx_default_OSC_default_Vsup_pm6V_20260909,1,379,2026-09-09T10:28:07.769287+00:00,2.498360000000e+02,8.275650000000e-05,8.267382617383e-08
Offset_RevB_Chip_4_wiShield_Gmx_default_OSC_default_Vsup_pm6V_20260909,1,380,2026-09-09T10:28:08.433287+00:00,2.505000000000e+02,7.733251000000e-05,7.725525474525e-08
Offset_RevB_Chip_4_wiShield_Gmx_default_OSC_default_Vsup_pm6V_20260909,1,381,2026-09-09T10:28:09.089287+00:00,2.511560000000e+02,7.850198000000e-05,7.842355644356e-08
Offset_RevB_Chip_4_wiShield_Gmx_default_OSC_default_Vsup_pm6V_20260909,1,382,2026-09-09T10:28:09.745287+00:00,2.518120000000e+02,8.002437000000e-05,7.994442557443e-08
Offset_RevB_Chip_4_wiShield_Gmx_default_OSC_default_Vsup_pm6V_20260909,1,383,2026-09-09T10:28:10.409287+00:00,2.524760000000e+02,9.040421000000e-05,9.031389610390e-08
Offset_RevB_Chip_4_wiShield_Gmx_default_OSC_default_Vsup_pm6V_20260909,1,384,2026-09-09T10:28:11.073787+00:00,2.531405000000e+02,7.020434000000e-05,7.013420579421e-08
Offset_RevB_Chip_4_wiShield_Gmx_default_OSC_default_Vsup_pm6V_20260909,1,385,2026-09-09T10:28:11.730287+00:00,2.537970000000e+02,7.831503000000e-05,7.823679320679e-08
Offset_RevB_Chip_4_wiShield_Gmx_default_OSC_default_Vsup_pm6V_20260909,1,386,2026-09-09T10:28:12.386287+00:00,2.544530000000e+02,8.742376000000e-05,8.733642357642e-08
Offset_RevB_Chip_4_wiShield_Gmx_default_OSC_default_Vsup_pm6V_20260909,1,387,2026-09-09T10:28:13.050287+00:00,2.551170000000e+02,8.379314000000e-05,8.370943056943e-08
Offset_RevB_Chip_4_wiShield_Gmx_default_OSC_default_Vsup_pm6V_20260909,1,388,2026-09-09T10:28:13.714287+00:00,2.557810000000e+02,8.516807000000e-05,8.508298701299e-08
Offset_RevB_Chip_4_wiShield_Gmx_default_OSC_default_Vsup_pm6V_20260909,1,389,2026-09-09T10:28:14.370287+00:00,2.564370000000e+02,7.886293000000e-05,7.878414585415e-08
Offset_RevB_Chip_4_wiShield_Gmx_default_OSC_default_Vsup_pm6V_20260909,1,390,2026-09-09T10:28:15.026787+00:00,2.570935000000e+02,9.789151000000e-05,9.779371628372e-08
Offset_RevB_Chip_4_wiShield_Gmx_default_OSC_default_Vsup_pm6V_20260909,1,391,2026-09-09T10:28:15.691287+00:00,2.577580000000e+02,9.243217000000e-05,9.233983016983e-08
Offset_RevB_Chip_4_wiShield_Gmx_default_OSC_default_Vsup_pm6V_20260909,1,392,2026-09-09T10:28:16.355287+00:00,2.584220000000e+02,8.890137000000e-05,8.881255744256e-08
Offset_RevB_Chip_4_wiShield_Gmx_default_OSC_default_Vsup_pm6V_20260909,1,393,2026-09-09T10:28:17.011287+00:00,2.590780000000e+02,9.387870000000e-05,9.378491508492e-08
Offset_RevB_Chip_4_wiShield_Gmx_default_OSC_default_Vsup_pm6V_20260909,1,394,2026-09-09T10:28:17.667287+00:00,2.597340000000e+02,9.317324000000e-05,9.308015984016e-08
Offset_RevB_Chip_4_wiShield_Gmx_default_OSC_default_Vsup_pm6V_20260909,1,395,2026-09-09T10:28:18.331287+00:00,2.603980000000e+02,8.178952000000e-05,8.170781218781e-08
Offset_RevB_Chip_4_wiShield_Gmx_default_OSC_default_Vsup_pm6V_20260909,1,396,2026-09-09T10:28:18.995287+00:00,2.610620000000e+02,8.637897000000e-05,8.629267732268e-08
Offset_RevB_Chip_4_wiShield_Gmx_default_OSC_default_Vsup_pm6V_20260909,1,397,2026-09-09T10:28:19.651787+00:00,2.617185000000e+02,8.297608000000e-05,8.289318681319e-08
Offset_RevB_Chip_4_wiShield_Gmx_default_OSC_default_Vsup_pm6V_20260909,1,398,2026-09-09T10:28:20.308287+00:00,2.623750000000e+02,8.677177000000e-05,8.668508491508e-08
Offset_RevB_Chip_4_wiShield_Gmx_default_OSC_default_Vsup_pm6V_20260909,1,399,2026-09-09T10:28:20.980287+00:00,2.630470000000e+02,8.210270000000e-05,8.202067932068e-08
Offset_RevB_Chip_4_wiShield_Gmx_default_OSC_default_Vsup_pm6V_20260909,1,400,2026-09-09T10:28:21.636287+00:00,2.637030000000e+02,9.305762000000e-05,9.296465534466e-08
Offset_RevB_Chip_4_wiShield_Gmx_default_OSC_default_Vsup_pm6V_20260909,1,401,2026-09-09T10:28:22.292287+00:00,2.643590000000e+02,8.079275000000e-05,8.071203796204e-08
Offset_RevB_Chip_4_wiShield_Gmx_default_OSC_default_Vsup_pm6V_20260909,1,402,2026-09-09T10:28:22.956287+00:00,2.650230000000e+02,8.131424000000e-05,8.123300699301e-08
Offset_RevB_Chip_4_wiShield_Gmx_default_OSC_default_Vsup_pm6V_20260909,1,403,2026-09-09T10:28:23.620287+00:00,2.656870000000e+02,8.982368000000e-05,8.973394605395e-08
Offset_RevB_Chip_4_wiShield_Gmx_default_OSC_default_Vsup_pm6V_20260909,1,404,2026-09-09T10:28:24.276787+00:00,2.663435000000e+02,8.321675000000e-05,8.313361638362e-08
Offset_RevB_Chip_4_wiShield_Gmx_default_OSC_default_Vsup_pm6V_20260909,1,405,2026-09-09T10:28:24.933287+00:00,2.670000000000e+02,8.346416000000e-05,8.338077922078e-08
Offset_RevB_Chip_4_wiShield_Gmx_default_OSC_default_Vsup_pm6V_20260909,1,406,2026-09-09T10:28:25.597287+00:00,2.676640000000e+02,8.938012000000e-05,8.929082917083e-08
Offset_RevB_Chip_4_wiShield_Gmx_default_OSC_default_Vsup_pm6V_20260909,1,407,2026-09-09T10:28:26.261287+00:00,2.683280000000e+02,9.672863000000e-05,9.663199800200e-08
Offset_RevB_Chip_4_wiShield_Gmx_default_OSC_default_Vsup_pm6V_20260909,1,408,2026-09-09T10:28:26.917287+00:00,2.689840000000e+02,1.024341000000e-04,1.023317682318e-07
Offset_RevB_Chip_4_wiShield_Gmx_default_OSC_default_Vsup_pm6V_20260909,1,409,2026-09-09T10:28:27.573787+00:00,2.696405000000e+02,9.456072000000e-05,9.446625374625e-08
Offset_RevB_Chip_4_wiShield_Gmx_default_OSC_default_Vsup_pm6V_20260909,1,410,2026-09-09T10:28:28.237787+00:00,2.703045000000e+02,9.097981000000e-05,9.088892107892e-08
Offset_RevB_Chip_4_wiShield_Gmx_default_OSC_default_Vsup_pm6V_20260909,1,411,2026-09-09T10:28:28.901787+00:00,2.709685000000e+02,9.710447000000e-05,9.700746253746e-08
Offset_RevB_Chip_4_wiShield_Gmx_default_OSC_default_Vsup_pm6V_20260909,1,412,2026-09-09T10:28:29.558287+00:00,2.716250000000e+02,8.632174000000e-05,8.623550449550e-08
Offset_RevB_Chip_4_wiShield_Gmx_default_OSC_default_Vsup_pm6V_20260909,1,413,2026-09-09T10:28:30.214287+00:00,2.722810000000e+02,8.295924000000e-05,8.287636363636e-08
Offset_RevB_Chip_4_wiShield_Gmx_default_OSC_default_Vsup_pm6V_20260909,1,414,2026-09-09T10:28:30.878287+00:00,2.729450000000e+02,8.899043000000e-05,8.890152847153e-08
Offset_RevB_Chip_4_wiShield_Gmx_default_OSC_default_Vsup_pm6V_20260909,1,415,2026-09-09T10:28:31.542287+00:00,2.736090000000e+02,7.563714000000e-05,7.556157842158e-08
Offset_RevB_Chip_4_wiShield_Gmx_default_OSC_default_Vsup_pm6V_20260909,1,416,2026-09-09T10:28:32.198787+00:00,2.742655000000e+02,9.175467000000e-05,9.166300699301e-08
Offset_RevB_Chip_4_wiShield_Gmx_default_OSC_default_Vsup_pm6V_20260909,1,417,2026-09-09T10:28:32.855287+00:00,2.749220000000e+02,7.699874000000e-05,7.692181818182e-08
Offset_RevB_Chip_4_wiShield_Gmx_default_OSC_default_Vsup_pm6V_20260909,1,418,2026-09-09T10:28:33.519287+00:00,2.755860000000e+02,8.766003000000e-05,8.757245754246e-08
Offset_RevB_Chip_4_wiShield_Gmx_default_OSC_default_Vsup_pm6V_20260909,1,419,2026-09-09T10:28:34.183287+00:00,2.762500000000e+02,9.061277000000e-05,9.052224775225e-08
Offset_RevB_Chip_4_wiShield_Gmx_default_OSC_default_Vsup_pm6V_20260909,1,420,2026-09-09T10:28:34.839287+00:00,2.769060000000e+02,1.031398000000e-04,1.030367632368e-07
Offset_RevB_Chip_4_wiShield_Gmx_default_OSC_default_Vsup_pm6V_20260909,1,421,2026-09-09T10:28:35.495287+00:00,2.775620000000e+02,1.178135000000e-04,1.176958041958e-07
Offset_RevB_Chip_4_wiShield_Gmx_default_OSC_default_Vsup_pm6V_20260909,1,422,2026-09-09T10:28:36.167287+00:00,2.782340000000e+02,1.067229000000e-04,1.066162837163e-07
Offset_RevB_Chip_4_wiShield_Gmx_default_OSC_default_Vsup_pm6V_20260909,1,423,2026-09-09T10:28:36.823787+00:00,2.788905000000e+02,1.133192000000e-04,1.132059940060e-07
Offset_RevB_Chip_4_wiShield_Gmx_default_OSC_default_Vsup_pm6V_20260909,1,424,2026-09-09T10:28:37.480287+00:00,2.795470000000e+02,7.856399000000e-05,7.848550449550e-08
Offset_RevB_Chip_4_wiShield_Gmx_default_OSC_default_Vsup_pm6V_20260909,1,425,2026-09-09T10:28:38.144287+00:00,2.802110000000e+02,8.664412000000e-05,8.655756243756e-08
Offset_RevB_Chip_4_wiShield_Gmx_default_OSC_default_Vsup_pm6V_20260909,1,426,2026-09-09T10:28:38.808287+00:00,2.808750000000e+02,8.450132000000e-05,8.441690309690e-08
Offset_RevB_Chip_4_wiShield_Gmx_default_OSC_default_Vsup_pm6V_20260909,1,427,2026-09-09T10:28:39.464287+00:00,2.815310000000e+02,9.015538000000e-05,9.006531468531e-08
Offset_RevB_Chip_4_wiShield_Gmx_default_OSC_default_Vsup_pm6V_20260909,1,428,2026-09-09T10:28:40.120287+00:00,2.821870000000e+02,1.038496000000e-04,1.037458541459e-07
Offset_RevB_Chip_4_wiShield_Gmx_default_OSC_default_Vsup_pm6V_20260909,1,429,2026-09-09T10:28:40.776787+00:00,2.828435000000e+02,8.732253000000e-05,8.723529470529e-08
Offset_RevB_Chip_4_wiShield_Gmx_default_OSC_default_Vsup_pm6V_20260909,1,430,2026-09-09T10:28:41.448787+00:00,2.835155000000e+02,9.462017000000e-05,9.452564435564e-08
Offset_RevB_Chip_4_wiShield_Gmx_default_OSC_default_Vsup_pm6V_20260909,1,431,2026-09-09T10:28:42.105287+00:00,2.841720000000e+02,7.820499000000e-05,7.812686313686e-08
Offset_RevB_Chip_4_wiShield_Gmx_default_OSC_default_Vsup_pm6V_20260909,1,432,2026-09-09T10:28:42.761287+00:00,2.848280000000e+02,1.024585000000e-04,1.023561438561e-07
Offset_RevB_Chip_4_wiShield_Gmx_default_OSC_default_Vsup_pm6V_20260909,1,433,2026-09-09T10:28:43.417287+00:00,2.854840000000e+02,9.857446000000e-05,9.847598401598e-08
Offset_RevB_Chip_4_wiShield_Gmx_default_OSC_default_Vsup_pm6V_20260909,1,434,2026-09-09T10:28:44.081287+00:00,2.861480000000e+02,1.012498000000e-04,1.011486513487e-07
Offset_RevB_Chip_4_wiShield_Gmx_default_OSC_default_Vsup_pm6V_20260909,1,435,2026-09-09T10:28:44.745287+00:00,2.868120000000e+02,8.967818000000e-05,8.958859140859e-08
Offset_RevB_Chip_4_wiShield_Gmx_default_OSC_default_Vsup_pm6V_20260909,1,436,2026-09-09T10:28:45.401787+00:00,2.874685000000e+02,9.163687000000e-05,9.154532467532e-08
Offset_RevB_Chip_4_wiShield_Gmx_default_OSC_default_Vsup_pm6V_20260909,1,437,2026-09-09T10:28:46.058287+00:00,2.881250000000e+02,8.379846000000e-05,8.371474525475e-08
Offset_RevB_Chip_4_wiShield_Gmx_default_OSC_default_Vsup_pm6V_20260909,1,438,2026-09-09T10:28:46.722287+00:00,2.887890000000e+02,8.205856000000e-05,8.197658341658e-08
Offset_RevB_Chip_4_wiShield_Gmx_default_OSC_default_Vsup_pm6V_20260909,1,439,2026-09-09T10:28:47.386287+00:00,2.894530000000e+02,9.625779000000e-05,9.616162837163e-08
Offset_RevB_Chip_4_wiShield_Gmx_default_OSC_default_Vsup_pm6V_20260909,1,440,2026-09-09T10:28:48.042287+00:00,2.901090000000e+02,7.232644000000e-05,7.225418581419e-08
Offset_RevB_Chip_4_wiShield_Gmx_default_OSC_default_Vsup_pm6V_20260909,1,441,2026-09-09T10:28:48.698787+00:00,2.907655000000e+02,6.614818000000e-05,6.608209790210e-08
Offset_RevB_Chip_4_wiShield_Gmx_default_OSC_default_Vsup_pm6V_20260909,1,442,2026-09-09T10:28:49.362787+00:00,2.914295000000e+02,7.723361000000e-05,7.715645354645e-08
Offset_RevB_Chip_4_wiShield_Gmx_default_OSC_default_Vsup_pm6V_20260909,1,443,2026-09-09T10:28:50.026787+00:00,2.920935000000e+02,7.074475000000e-05,7.067407592408e-08
Offset_RevB_Chip_4_wiShield_Gmx_default_OSC_default_Vsup_pm6V_20260909,1,444,2026-09-09T10:28:50.683287+00:00,2.927500000000e+02,9.842674000000e-05,9.832841158841e-08
Offset_RevB_Chip_4_wiShield_Gmx_default_OSC_default_Vsup_pm6V_20260909,1,445,2026-09-09T10:28:51.339287+00:00,2.934060000000e+02,8.800225000000e-05,8.791433566434e-08
Offset_RevB_Chip_4_wiShield_Gmx_default_OSC_default_Vsup_pm6V_20260909,1,446,2026-09-09T10:28:52.003287+00:00,2.940700000000e+02,1.004047000000e-04,1.003043956044e-07
Offset_RevB_Chip_4_wiShield_Gmx_default_OSC_default_Vsup_pm6V_20260909,1,447,2026-09-09T10:28:52.667287+00:00,2.947340000000e+02,8.119465000000e-05,8.111353646354e-08
Offset_RevB_Chip_4_wiShield_Gmx_default_OSC_default_Vsup_pm6V_20260909,1,448,2026-09-09T10:28:53.323787+00:00,2.953905000000e+02,8.881582000000e-05,8.872709290709e-08
Offset_RevB_Chip_4_wiShield_Gmx_default_OSC_default_Vsup_pm6V_20260909,1,449,2026-09-09T10:28:53.980287+00:00,2.960470000000e+02,8.585673000000e-05,8.577095904096e-08
Offset_RevB_Chip_4_wiShield_Gmx_default_OSC_default_Vsup_pm6V_20260909,1,450,2026-09-09T10:28:54.636287+00:00,2.967030000000e+02,9.187213000000e-05,9.178034965035e-08
Offset_RevB_Chip_4_wiShield_Gmx_default_OSC_default_Vsup_pm6V_20260909,1,451,2026-09-09T10:28:55.300287+00:00,2.973670000000e+02,8.339933000000e-05,8.331601398601e-08
Offset_RevB_Chip_4_wiShield_Gmx_default_OSC_default_Vsup_pm6V_20260909,1,452,2026-09-09T10:28:55.964287+00:00,2.980310000000e+02,1.175829000000e-04,1.174654345654e-07
Offset_RevB_Chip_4_wiShield_Gmx_default_OSC_default_Vsup_pm6V_20260909,1,453,2026-09-09T10:28:56.620287+00:00,2.986870000000e+02,8.274643000000e-05,8.266376623377e-08
Offset_RevB_Chip_4_wiShield_Gmx_default_OSC_default_Vsup_pm6V_20260909,1,454,2026-09-09T10:28:57.276787+00:00,2.993435000000e+02,8.881025000000e-05,8.872152847153e-08
Offset_RevB_Chip_4_wiShield_Gmx_default_OSC_default_Vsup_pm6V_20260909,1,455,2026-09-09T10:28:57.933287+00:00,3.000000000000e+02,8.094413000000e-05,8.086326673327e-08
Offset_RevB_Chip_4_wiShield_Gmx_default_OSC_default_Vsup_pm6V_20260909,1,456,2026-09-09T10:28:58.597287+00:00,3.006640000000e+02,1.142718000000e-04,1.141576423576e-07
Offset_RevB_Chip_4_wiShield_Gmx_default_OSC_default_Vsup_pm6V_20260909,1,457,2026-09-09T10:28:59.261287+00:00,3.013280000000e+02,9.408666000000e-05,9.399266733267e-08
Offset_RevB_Chip_4_wiShield_Gmx_default_OSC_default_Vsup_pm6V_20260909,1,458,2026-09-09T10:28:59.917287+00:00,3.019840000000e+02,8.413690000000e-05,8.405284715285e-08
Offset_RevB_Chip_4_wiShield_Gmx_default_OSC_default_Vsup_pm6V_20260909,1,459,2026-09-09T10:29:00.573787+00:00,3.026405000000e+02,1.041215000000e-04,1.040174825175e-07
Offset_RevB_Chip_4_wiShield_Gmx_default_OSC_default_Vsup_pm6V_20260909,1,460,2026-09-09T10:29:01.237787+00:00,3.033045000000e+02,9.744476000000e-05,9.734741258741e-08
Offset_RevB_Chip_4_wiShield_Gmx_default_OSC_default_Vsup_pm6V_20260909,1,461,2026-09-09T10:29:01.901787+00:00,3.039685000000e+02,8.952309000000e-05,8.943365634366e-08
Offset_RevB_Chip_4_wiShield_Gmx_default_OSC_default_Vsup_pm6V_20260909,1,462,2026-09-09T10:29:02.558287+00:00,3.046250000000e+02,9.882408000000e-05,9.872535464535e-08
Offset_RevB_Chip_4_wiShield_Gmx_default_OSC_default_Vsup_pm6V_20260909,1,463,2026-09-09T10:29:03.214287+00:00,3.052810000000e+02,9.628175000000e-05,9.618556443556e-08
Offset_RevB_Chip_4_wiShield_Gmx_default_OSC_default_Vsup_pm6V_20260909,1,464,2026-09-09T10:29:03.870287+00:00,3.059370000000e+02,8.666732000000e-05,8.658073926074e-08
Offset_RevB_Chip_4_wiShield_Gmx_default_OSC_default_Vsup_pm6V_20260909,1,465,2026-09-09T10:29:04.534287+00:00,3.066010000000e+02,1.058913000000e-04,1.057855144855e-07
Offset_RevB_Chip_4_wiShield_Gmx_default_OSC_default_Vsup_pm6V_20260909,1,466,2026-09-09T10:29:05.198787+00:00,3.072655000000e+02,1.050853000000e-04,1.049803196803e-07
Offset_RevB_Chip_4_wiShield_Gmx_default_OSC_default_Vsup_pm6V_20260909,1,467,2026-09-09T10:29:05.855287+00:00,3.079220000000e+02,9.109494000000e-05,9.100393606394e-08
Offset_RevB_Chip_4_wiShield_Gmx_default_OSC_default_Vsup_pm6V_20260909,1,468,2026-09-09T10:29:06.511287+00:00,3.085780000000e+02,9.882059000000e-05,9.872186813187e-08
Offset_RevB_Chip_4_wiShield_Gmx_default_OSC_default_Vsup_pm6V_20260909,1,469,2026-09-09T10:29:07.167287+00:00,3.092340000000e+02,1.008027000000e-04,1.007019980020e-07
Offset_RevB_Chip_4_wiShield_Gmx_default_OSC_default_Vsup_pm6V_20260909,1,470,2026-09-09T10:29:07.831287+00:00,3.098980000000e+02,1.130944000000e-04,1.129814185814e-07
Offset_RevB_Chip_4_wiShield_Gmx_default_OSC_default_Vsup_pm6V_20260909,1,471,2026-09-09T10:29:08.495287+00:00,3.105620000000e+02,1.124403000000e-04,1.123279720280e-07
Offset_RevB_Chip_4_wiShield_Gmx_default_OSC_default_Vsup_pm6V_20260909,1,472,2026-09-09T10:29:09.151787+00:00,3.112185000000e+02,1.309674000000e-04,1.308365634366e-07
Offset_RevB_Chip_4_wiShield_Gmx_default_OSC_default_Vsup_pm6V_20260909,1,473,2026-09-09T10:29:09.808287+00:00,3.118750000000e+02,1.083368000000e-04,1.082285714286e-07
Offset_RevB_Chip_4_wiShield_Gmx_default_OSC_default_Vsup_pm6V_20260909,1,474,2026-09-09T10:29:10.464287+00:00,3.125310000000e+02,1.038620000000e-04,1.037582417582e-07
Offset_RevB_Chip_4_wiShield_Gmx_default_OSC_default_Vsup_pm6V_20260909,1,475,2026-09-09T10:29:11.136287+00:00,3.132030000000e+02,1.029466000000e-04,1.028437562438e-07
Offset_RevB_Chip_4_wiShield_Gmx_default_OSC_default_Vsup_pm6V_20260909,1,476,2026-09-09T10:29:11.792287+00:00,3.138590000000e+02,1.170131000000e-04,1.168962037962e-07
Offset_RevB_Chip_4_wiShield_Gmx_default_OSC_default_Vsup_pm6V_20260909,1,477,2026-09-09T10:29:12.448787+00:00,3.145155000000e+02,9.981594000000e-05,9.971622377622e-08
Offset_RevB_Chip_4_wiShield_Gmx_default_OSC_default_Vsup_pm6V_20260909,1,478,2026-09-09T10:29:13.105287+00:00,3.151720000000e+02,1.124892000000e-04,1.123768231768e-07
Offset_RevB_Chip_4_wiShield_Gmx_default_OSC_default_Vsup_pm6V_20260909,1,479,2026-09-09T10:29:13.769287+00:00,3.158360000000e+02,1.179977000000e-04,1.178798201798e-07
Offset_RevB_Chip_4_wiShield_Gmx_default_OSC_default_Vsup_pm6V_20260909,1,480,2026-09-09T10:29:14.433287+00:00,3.165000000000e+02,1.185429000000e-04,1.184244755245e-07
Offset_RevB_Chip_4_wiShield_Gmx_default_OSC_default_Vsup_pm6V_20260909,1,481,2026-09-09T10:29:15.089287+00:00,3.171560000000e+02,1.131428000000e-04,1.130297702298e-07
Offset_RevB_Chip_4_wiShield_Gmx_default_OSC_default_Vsup_pm6V_20260909,1,482,2026-09-09T10:29:15.745287+00:00,3.178120000000e+02,1.105114000000e-04,1.104009990010e-07
Offset_RevB_Chip_4_wiShield_Gmx_default_OSC_default_Vsup_pm6V_20260909,1,483,2026-09-09T10:29:16.401787+00:00,3.184685000000e+02,1.012315000000e-04,1.011303696304e-07
Offset_RevB_Chip_4_wiShield_Gmx_default_OSC_default_Vsup_pm6V_20260909,1,484,2026-09-09T10:29:17.066287+00:00,3.191330000000e+02,1.005753000000e-04,1.004748251748e-07
Offset_RevB_Chip_4_wiShield_Gmx_default_OSC_default_Vsup_pm6V_20260909,1,485,2026-09-09T10:29:17.730287+00:00,3.197970000000e+02,1.110174000000e-04,1.109064935065e-07
Offset_RevB_Chip_4_wiShield_Gmx_default_OSC_default_Vsup_pm6V_20260909,1,486,2026-09-09T10:29:18.386287+00:00,3.204530000000e+02,1.112446000000e-04,1.111334665335e-07
Offset_RevB_Chip_4_wiShield_Gmx_default_OSC_default_Vsup_pm6V_20260909,1,487,2026-09-09T10:29:19.042287+00:00,3.211090000000e+02,9.740839000000e-05,9.731107892108e-08
Offset_RevB_Chip_4_wiShield_Gmx_default_OSC_default_Vsup_pm6V_20260909,1,488,2026-09-09T10:29:19.706287+00:00,3.217730000000e+02,1.159388000000e-04,1.158229770230e-07
Offset_RevB_Chip_4_wiShield_Gmx_default_OSC_default_Vsup_pm6V_20260909,1,489,2026-09-09T10:29:20.370287+00:00,3.224370000000e+02,1.103247000000e-04,1.102144855145e-07
Offset_RevB_Chip_4_wiShield_Gmx_default_OSC_default_Vsup_pm6V_20260909,1,490,2026-09-09T10:29:21.026787+00:00,3.230935000000e+02,1.246685000000e-04,1.245439560440e-07
Offset_RevB_Chip_4_wiShield_Gmx_default_OSC_default_Vsup_pm6V_20260909,1,491,2026-09-09T10:29:21.683287+00:00,3.237500000000e+02,9.843571000000e-05,9.833737262737e-08
Offset_RevB_Chip_4_wiShield_Gmx_default_OSC_default_Vsup_pm6V_20260909,1,492,2026-09-09T10:29:22.339287+00:00,3.244060000000e+02,1.036122000000e-04,1.035086913087e-07
Offset_RevB_Chip_4_wiShield_Gmx_default_OSC_default_Vsup_pm6V_20260909,1,493,2026-09-09T10:29:23.003287+00:00,3.250700000000e+02,9.715089000000e-05,9.705383616384e-08
Offset_RevB_Chip_4_wiShield_Gmx_default_OSC_default_Vsup_pm6V_20260909,1,494,2026-09-09T10:29:23.667287+00:00,3.257340000000e+02,1.045272000000e-04,1.044227772228e-07
Offset_RevB_Chip_4_wiShield_Gmx_default_OSC_default_Vsup_pm6V_20260909,1,495,2026-09-09T10:29:24.323787+00:00,3.263905000000e+02,1.101677000000e-04,1.100576423576e-07
Offset_RevB_Chip_4_wiShield_Gmx_default_OSC_default_Vsup_pm6V_20260909,1,496,2026-09-09T10:29:24.980287+00:00,3.270470000000e+02,1.106592000000e-04,1.105486513487e-07
Offset_RevB_Chip_4_wiShield_Gmx_default_OSC_default_Vsup_pm6V_20260909,1,497,2026-09-09T10:29:25.636287+00:00,3.277030000000e+02,1.134690000000e-04,1.133556443556e-07
Offset_RevB_Chip_4_wiShield_Gmx_default_OSC_default_Vsup_pm6V_20260909,1,498,2026-09-09T10:29:26.300287+00:00,3.283670000000e+02,1.312968000000e-04,1.311656343656e-07
Offset_RevB_Chip_4_wiShield_Gmx_default_OSC_default_Vsup_pm6V_20260909,1,499,2026-09-09T10:29:26.964287+00:00,3.290310000000e+02,1.223039000000e-04,1.221817182817e-07
Offset_RevB_Chip_4_wiShield_Gmx_default_OSC_default_Vsup_pm6V_20260909,1,500,2026-09-09T10:29:27.620287+00:00,3.296870000000e+02,1.115987000000e-04,1.114872127872e-07
Offset_RevB_Chip_4_wiShield_Gmx_default_OSC_default_Vsup_pm6V_20260909,1,501,2026-09-09T10:29:28.276787+00:00,3.303435000000e+02,1.195428000000e-04,1.194233766234e-07
Offset_RevB_Chip_4_wiShield_Gmx_default_OSC_default_Vsup_pm6V_20260909,1,502,2026-09-09T10:29:28.941287+00:00,3.310080000000e+02,1.102813000000e-04,1.101711288711e-07
Offset_RevB_Chip_4_wiShield_Gmx_default_OSC_default_Vsup_pm6V_20260909,1,503,2026-09-09T10:29:29.605287+00:00,3.316720000000e+02,9.198816000000e-05,9.189626373626e-08
Offset_RevB_Chip_4_wiShield_Gmx_default_OSC_default_Vsup_pm6V_20260909,1,504,2026-09-09T10:29:30.261287+00:00,3.323280000000e+02,1.013626000000e-04,1.012613386613e-07
Offset_RevB_Chip_4_wiShield_Gmx_default_OSC_default_Vsup_pm6V_20260909,1,505,2026-09-09T10:29:30.917287+00:00,3.329840000000e+02,1.196417000000e-04,1.195221778222e-07
Offset_RevB_Chip_4_wiShield_Gmx_default_OSC_default_Vsup_pm6V_20260909,1,506,2026-09-09T10:29:31.581287+00:00,3.336480000000e+02,1.171816000000e-04,1.170645354645e-07
Offset_RevB_Chip_4_wiShield_Gmx_default_OSC_default_Vsup_pm6V_20260909,1,507,2026-09-09T10:29:32.245287+00:00,3.343120000000e+02,1.113145000000e-04,1.112032967033e-07
Offset_RevB_Chip_4_wiShield_Gmx_default_OSC_default_Vsup_pm6V_20260909,1,508,2026-09-09T10:29:32.901787+00:00,3.349685000000e+02,1.143127000000e-04,1.141985014985e-07
Offset_RevB_Chip_4_wiShield_Gmx_default_OSC_default_Vsup_pm6V_20260909,1,509,2026-09-09T10:29:33.558287+00:00,3.356250000000e+02,9.950537000000e-05,9.940596403596e-08
Offset_RevB_Chip_4_wiShield_Gmx_default_OSC_default_Vsup_pm6V_20260909,1,510,2026-09-09T10:29:34.214287+00:00,3.362810000000e+02,1.132968000000e-04,1.131836163836e-07
Offset_RevB_Chip_4_wiShield_Gmx_default_OSC_default_Vsup_pm6V_20260909,1,511,2026-09-09T10:29:34.886287+00:00,3.369530000000e+02,9.855767000000e-05,9.845921078921e-08
Offset_RevB_Chip_4_wiShield_Gmx_default_OSC_default_Vsup_pm6V_20260909,1,512,2026-09-09T10:29:35.542287+00:00,3.376090000000e+02,1.111517000000e-04,1.110406593407e-07
Offset_RevB_Chip_4_wiShield_Gmx_default_OSC_default_Vsup_pm6V_20260909,1,513,2026-09-09T10:29:36.198787+00:00,3.382655000000e+02,1.110208000000e-04,1.109098901099e-07
Offset_RevB_Chip_4_wiShield_Gmx_default_OSC_default_Vsup_pm6V_20260909,1,514,2026-09-09T10:29:36.855287+00:00,3.389220000000e+02,9.985026000000e-05,9.975050949051e-08
Offset_RevB_Chip_4_wiShield_Gmx_default_OSC_default_Vsup_pm6V_20260909,1,515,2026-09-09T10:29:37.519287+00:00,3.395860000000e+02,1.168812000000e-04,1.167644355644e-07
Offset_RevB_Chip_4_wiShield_Gmx_default_OSC_default_Vsup_pm6V_20260909,1,516,2026-09-09T10:29:38.183287+00:00,3.402500000000e+02,1.078452000000e-04,1.077374625375e-07
Offset_RevB_Chip_4_wiShield_Gmx_default_OSC_default_Vsup_pm6V_20260909,1,517,2026-09-09T10:29:38.839287+00:00,3.409060000000e+02,9.070761000000e-05,9.061699300699e-08
Offset_RevB_Chip_4_wiShield_Gmx_default_OSC_default_Vsup_pm6V_20260909,1,518,2026-09-09T10:29:39.495287+00:00,3.415620000000e+02,1.081174000000e-04,1.080093906094e-07
Offset_RevB_Chip_4_wiShield_Gmx_default_OSC_default_Vsup_pm6V_20260909,1,519,2026-09-09T10:29:40.167287+00:00,3.422340000000e+02,1.090284000000e-04,1.089194805195e-07
Offset_RevB_Chip_4_wiShield_Gmx_default_OSC_default_Vsup_pm6V_20260909,1,520,2026-09-09T10:29:40.823787+00:00,3.428905000000e+02,1.178345000000e-04,1.177167832168e-07
Offset_RevB_Chip_4_wiShield_Gmx_default_OSC_default_Vsup_pm6V_20260909,1,521,2026-09-09T10:29:41.480287+00:00,3.435470000000e+02,1.078299000000e-04,1.077221778222e-07
Offset_RevB_Chip_4_wiShield_Gmx_default_OSC_default_Vsup_pm6V_20260909,1,522,2026-09-09T10:29:42.144287+00:00,3.442110000000e+02,1.093580000000e-04,1.092487512488e-07
Offset_RevB_Chip_4_wiShield_Gmx_default_OSC_default_Vsup_pm6V_20260909,1,523,2026-09-09T10:29:42.808287+00:00,3.448750000000e+02,1.235883000000e-04,1.234648351648e-07
Offset_RevB_Chip_4_wiShield_Gmx_default_OSC_default_Vsup_pm6V_20260909,1,524,2026-09-09T10:29:43.464287+00:00,3.455310000000e+02,1.182916000000e-04,1.181734265734e-07
Offset_RevB_Chip_4_wiShield_Gmx_default_OSC_default_Vsup_pm6V_20260909,1,525,2026-09-09T10:29:44.120287+00:00,3.461870000000e+02,1.087797000000e-04,1.086710289710e-07
Offset_RevB_Chip_4_wiShield_Gmx_default_OSC_default_Vsup_pm6V_20260909,1,526,2026-09-09T10:29:44.784287+00:00,3.468510000000e+02,1.029665000000e-04,1.028636363636e-07
Offset_RevB_Chip_4_wiShield_Gmx_default_OSC_default_Vsup_pm6V_20260909,1,527,2026-09-09T10:29:45.448787+00:00,3.475155000000e+02,1.119498000000e-04,1.118379620380e-07
Offset_RevB_Chip_4_wiShield_Gmx_default_OSC_default_Vsup_pm6V_20260909,1,528,2026-09-09T10:29:46.105287+00:00,3.481720000000e+02,1.174209000000e-04,1.173035964036e-07
Offset_RevB_Chip_4_wiShield_Gmx_default_OSC_default_Vsup_pm6V_20260909,1,529,2026-09-09T10:29:46.761287+00:00,3.488280000000e+02,1.083269000000e-04,1.082186813187e-07
Offset_RevB_Chip_4_wiShield_Gmx_default_OSC_default_Vsup_pm6V_20260909,1,530,2026-09-09T10:29:47.425287+00:00,3.494920000000e+02,1.060886000000e-04,1.059826173826e-07
Offset_RevB_Chip_4_wiShield_Gmx_default_OSC_default_Vsup_pm6V_20260909,1,531,2026-09-09T10:29:48.089287+00:00,3.501560000000e+02,9.771769000000e-05,9.762006993007e-08
Offset_RevB_Chip_4_wiShield_Gmx_default_OSC_default_Vsup_pm6V_20260909,1,532,2026-09-09T10:29:48.745287+00:00,3.508120000000e+02,1.149055000000e-04,1.147907092907e-07
Offset_RevB_Chip_4_wiShield_Gmx_default_OSC_default_Vsup_pm6V_20260909,1,533,2026-09-09T10:29:49.409287+00:00,3.514760000000e+02,1.116814000000e-04,1.115698301698e-07
Offset_RevB_Chip_4_wiShield_Gmx_default_OSC_default_Vsup_pm6V_20260909,1,534,2026-09-09T10:29:50.073787+00:00,3.521405000000e+02,1.157675000000e-04,1.156518481518e-07
Offset_RevB_Chip_4_wiShield_Gmx_default_OSC_default_Vsup_pm6V_20260909,1,535,2026-09-09T10:29:50.730287+00:00,3.527970000000e+02,1.061549000000e-04,1.060488511489e-07
Offset_RevB_Chip_4_wiShield_Gmx_default_OSC_default_Vsup_pm6V_20260909,1,536,2026-09-09T10:29:51.386287+00:00,3.534530000000e+02,1.122521000000e-04,1.121399600400e-07
Offset_RevB_Chip_4_wiShield_Gmx_default_OSC_default_Vsup_pm6V_20260909,1,537,2026-09-09T10:29:52.050287+00:00,3.541170000000e+02,1.055887000000e-04,1.054832167832e-07
Offset_RevB_Chip_4_wiShield_Gmx_default_OSC_default_Vsup_pm6V_20260909,1,538,2026-09-09T10:29:52.714287+00:00,3.547810000000e+02,1.163307000000e-04,1.162144855145e-07
Offset_RevB_Chip_4_wiShield_Gmx_default_OSC_default_Vsup_pm6V_20260909,1,539,2026-09-09T10:29:53.370287+00:00,3.554370000000e+02,9.567780000000e-05,9.558221778222e-08
Offset_RevB_Chip_4_wiShield_Gmx_default_OSC_default_Vsup_pm6V_20260909,1,540,2026-09-09T10:29:54.026787+00:00,3.560935000000e+02,1.069470000000e-04,1.068401598402e-07
Offset_RevB_Chip_4_wiShield_Gmx_default_OSC_default_Vsup_pm6V_20260909,1,541,2026-09-09T10:29:54.691287+00:00,3.567580000000e+02,1.024550000000e-04,1.023526473526e-07
Offset_RevB_Chip_4_wiShield_Gmx_default_OSC_default_Vsup_pm6V_20260909,1,542,2026-09-09T10:29:55.355287+00:00,3.574220000000e+02,9.948359000000e-05,9.938420579421e-08
Offset_RevB_Chip_4_wiShield_Gmx_default_OSC_default_Vsup_pm6V_20260909,1,543,2026-09-09T10:29:56.011287+00:00,3.580780000000e+02,1.192560000000e-04,1.191368631369e-07
Offset_RevB_Chip_4_wiShield_Gmx_default_OSC_default_Vsup_pm6V_20260909,1,544,2026-09-09T10:29:56.667287+00:00,3.587340000000e+02,1.078863000000e-04,1.077785214785e-07
Offset_RevB_Chip_4_wiShield_Gmx_default_OSC_default_Vsup_pm6V_20260909,1,545,2026-09-09T10:29:57.331287+00:00,3.593980000000e+02,1.150549000000e-04,1.149399600400e-07
Offset_RevB_Chip_4_wiShield_Gmx_default_OSC_default_Vsup_pm6V_20260909,1,546,2026-09-09T10:29:57.995287+00:00,3.600620000000e+02,1.228999000000e-04,1.227771228771e-07
Offset_RevB_Chip_4_wiShield_Gmx_default_OSC_default_Vsup_pm6V_20260909,1,547,2026-09-09T10:29:58.651787+00:00,3.607185000000e+02,1.080496000000e-04,1.079416583417e-07
Offset_RevB_Chip_4_wiShield_Gmx_default_OSC_default_Vsup_pm6V_20260909,1,548,2026-09-09T10:29:59.316287+00:00,3.613830000000e+02,1.088401000000e-04,1.087313686314e-07
Offset_RevB_Chip_4_wiShield_Gmx_default_OSC_default_Vsup_pm6V_20260909,1,549,2026-09-09T10:29:59.980287+00:00,3.620470000000e+02,1.148342000000e-04,1.147194805195e-07
Offset_RevB_Chip_4_wiShield_Gmx_default_OSC_default_Vsup_pm6V_20260909,1,550,2026-09-09T10:30:00.636287+00:00,3.627030000000e+02,1.164183000000e-04,1.163019980020e-07
Offset_RevB_Chip_4_wiShield_Gmx_default_OSC_default_Vsup_pm6V_20260909,1,551,2026-09-09T10:30:01.292287+00:00,3.633590000000e+02,1.077552000000e-04,1.076475524476e-07
Offset_RevB_Chip_4_wiShield_Gmx_default_OSC_default_Vsup_pm6V_20260909,1,552,2026-09-09T10:30:01.956287+00:00,3.640230000000e+02,1.048289000000e-04,1.047241758242e-07
Offset_RevB_Chip_4_wiShield_Gmx_default_OSC_default_Vsup_pm6V_20260909,1,553,2026-09-09T10:30:02.620287+00:00,3.646870000000e+02,1.259164000000e-04,1.257906093906e-07
Offset_RevB_Chip_4_wiShield_Gmx_default_OSC_default_Vsup_pm6V_20260909,1,554,2026-09-09T10:30:03.276787+00:00,3.653435000000e+02,1.108170000000e-04,1.107062937063e-07
Offset_RevB_Chip_4_wiShield_Gmx_default_OSC_default_Vsup_pm6V_20260909,1,555,2026-09-09T10:30:03.933287+00:00,3.660000000000e+02,1.038019000000e-04,1.036982017982e-07
Offset_RevB_Chip_4_wiShield_Gmx_default_OSC_default_Vsup_pm6V_20260909,1,556,2026-09-09T10:30:04.597287+00:00,3.666640000000e+02,1.147057000000e-04,1.145911088911e-07
Offset_RevB_Chip_4_wiShield_Gmx_default_OSC_default_Vsup_pm6V_20260909,1,557,2026-09-09T10:30:05.261287+00:00,3.673280000000e+02,1.200267000000e-04,1.199067932068e-07
Offset_RevB_Chip_4_wiShield_Gmx_default_OSC_default_Vsup_pm6V_20260909,1,558,2026-09-09T10:30:05.917287+00:00,3.679840000000e+02,1.108134000000e-04,1.107026973027e-07
Offset_RevB_Chip_4_wiShield_Gmx_default_OSC_default_Vsup_pm6V_20260909,1,559,2026-09-09T10:30:06.573787+00:00,3.686405000000e+02,1.175079000000e-04,1.173905094905e-07
Offset_RevB_Chip_4_wiShield_Gmx_default_OSC_default_Vsup_pm6V_20260909,1,560,2026-09-09T10:30:07.237787+00:00,3.693045000000e+02,9.918451000000e-05,9.908542457542e-08
Offset_RevB_Chip_4_wiShield_Gmx_default_OSC_default_Vsup_pm6V_20260909,1,561,2026-09-09T10:30:07.901787+00:00,3.699685000000e+02,1.140067000000e-04,1.138928071928e-07
Offset_RevB_Chip_4_wiShield_Gmx_default_OSC_default_Vsup_pm6V_20260909,1,562,2026-09-09T10:30:08.558287+00:00,3.706250000000e+02,1.332668000000e-04,1.331336663337e-07
Offset_RevB_Chip_4_wiShield_Gmx_default_OSC_default_Vsup_pm6V_20260909,1,563,2026-09-09T10:30:09.214287+00:00,3.712810000000e+02,1.089684000000e-04,1.088595404595e-07
Offset_RevB_Chip_4_wiShield_Gmx_default_OSC_default_Vsup_pm6V_20260909,1,564,2026-09-09T10:30:09.878287+00:00,3.719450000000e+02,1.177444000000e-04,1.176267732268e-07
Offset_RevB_Chip_4_wiShield_Gmx_default_OSC_default_Vsup_pm6V_20260909,1,565,2026-09-09T10:30:10.542287+00:00,3.726090000000e+02,1.142238000000e-04,1.141096903097e-07
Offset_RevB_Chip_4_wiShield_Gmx_default_OSC_default_Vsup_pm6V_20260909,1,566,2026-09-09T10:30:11.198787+00:00,3.732655000000e+02,1.065172000000e-04,1.064107892108e-07
Offset_RevB_Chip_4_wiShield_Gmx_default_OSC_default_Vsup_pm6V_20260909,1,567,2026-09-09T10:30:11.862787+00:00,3.739295000000e+02,1.043208000000e-04,1.042165834166e-07
Offset_RevB_Chip_4_wiShield_Gmx_default_OSC_default_Vsup_pm6V_20260909,1,568,2026-09-09T10:30:12.526787+00:00,3.745935000000e+02,1.081785000000e-04,1.080704295704e-07
Offset_RevB_Chip_4_wiShield_Gmx_default_OSC_default_Vsup_pm6V_20260909,1,569,2026-09-09T10:30:13.183287+00:00,3.752500000000e+02,1.094904000000e-04,1.093810189810e-07
Offset_RevB_Chip_4_wiShield_Gmx_default_OSC_default_Vsup_pm6V_20260909,1,570,2026-09-09T10:30:13.839287+00:00,3.759060000000e+02,1.173908000000e-04,1.172735264735e-07
Offset_RevB_Chip_4_wiShield_Gmx_default_OSC_default_Vsup_pm6V_20260909,1,571,2026-09-09T10:30:14.503287+00:00,3.765700000000e+02,1.342327000000e-04,1.340986013986e-07
Offset_RevB_Chip_4_wiShield_Gmx_default_OSC_default_Vsup_pm6V_20260909,1,572,2026-09-09T10:30:15.167287+00:00,3.772340000000e+02,1.273190000000e-04,1.271918081918e-07
Offset_RevB_Chip_4_wiShield_Gmx_default_OSC_default_Vsup_pm6V_20260909,1,573,2026-09-09T10:30:15.823787+00:00,3.778905000000e+02,1.295090000000e-04,1.293796203796e-07
Offset_RevB_Chip_4_wiShield_Gmx_default_OSC_default_Vsup_pm6V_20260909,1,574,2026-09-09T10:30:16.480287+00:00,3.785470000000e+02,1.291024000000e-04,1.289734265734e-07
Offset_RevB_Chip_4_wiShield_Gmx_default_OSC_default_Vsup_pm6V_20260909,1,575,2026-09-09T10:30:17.144287+00:00,3.792110000000e+02,1.237483000000e-04,1.236246753247e-07
Offset_RevB_Chip_4_wiShield_Gmx_default_OSC_default_Vsup_pm6V_20260909,1,576,2026-09-09T10:30:17.808287+00:00,3.798750000000e+02,1.192738000000e-04,1.191546453546e-07
Offset_RevB_Chip_4_wiShield_Gmx_default_OSC_default_Vsup_pm6V_20260909,1,577,2026-09-09T10:30:18.464287+00:00,3.805310000000e+02,1.202883000000e-04,1.201681318681e-07
Offset_RevB_Chip_4_wiShield_Gmx_default_OSC_default_Vsup_pm6V_20260909,1,578,2026-09-09T10:30:19.120287+00:00,3.811870000000e+02,1.207731000000e-04,1.206524475524e-07
Offset_RevB_Chip_4_wiShield_Gmx_default_OSC_default_Vsup_pm6V_20260909,1,579,2026-09-09T10:30:19.784287+00:00,3.818510000000e+02,1.256878000000e-04,1.255622377622e-07
Offset_RevB_Chip_4_wiShield_Gmx_default_OSC_default_Vsup_pm6V_20260909,1,580,2026-09-09T10:30:20.448787+00:00,3.825155000000e+02,1.188958000000e-04,1.187770229770e-07
Offset_RevB_Chip_4_wiShield_Gmx_default_OSC_default_Vsup_pm6V_20260909,1,581,2026-09-09T10:30:21.105287+00:00,3.831720000000e+02,1.201244000000e-04,1.200043956044e-07
Offset_RevB_Chip_4_wiShield_Gmx_default_OSC_default_Vsup_pm6V_20260909,1,582,2026-09-09T10:30:21.761287+00:00,3.838280000000e+02,1.080935000000e-04,1.079855144855e-07
Offset_RevB_Chip_4_wiShield_Gmx_default_OSC_default_Vsup_pm6V_20260909,1,583,2026-09-09T10:30:22.425287+00:00,3.844920000000e+02,1.314319000000e-04,1.313005994006e-07
Offset_RevB_Chip_4_wiShield_Gmx_default_OSC_default_Vsup_pm6V_20260909,1,584,2026-09-09T10:30:23.089287+00:00,3.851560000000e+02,1.097692000000e-04,1.096595404595e-07
Offset_RevB_Chip_4_wiShield_Gmx_default_OSC_default_Vsup_pm6V_20260909,1,585,2026-09-09T10:30:23.745287+00:00,3.858120000000e+02,1.265709000000e-04,1.264444555445e-07
Offset_RevB_Chip_4_wiShield_Gmx_default_OSC_default_Vsup_pm6V_20260909,1,586,2026-09-09T10:30:24.401787+00:00,3.864685000000e+02,1.291811000000e-04,1.290520479520e-07
Offset_RevB_Chip_4_wiShield_Gmx_default_OSC_default_Vsup_pm6V_20260909,1,587,2026-09-09T10:30:25.066287+00:00,3.871330000000e+02,1.122514000000e-04,1.121392607393e-07
Offset_RevB_Chip_4_wiShield_Gmx_default_OSC_default_Vsup_pm6V_20260909,1,588,2026-09-09T10:30:25.730287+00:00,3.877970000000e+02,1.024679000000e-04,1.023655344655e-07
Offset_RevB_Chip_4_wiShield_Gmx_default_OSC_default_Vsup_pm6V_20260909,1,589,2026-09-09T10:30:26.386287+00:00,3.884530000000e+02,1.267065000000e-04,1.265799200799e-07
Offset_RevB_Chip_4_wiShield_Gmx_default_OSC_default_Vsup_pm6V_20260909,1,590,2026-09-09T10:30:27.042287+00:00,3.891090000000e+02,1.389387000000e-04,1.387999000999e-07
Offset_RevB_Chip_4_wiShield_Gmx_default_OSC_default_Vsup_pm6V_20260909,1,591,2026-09-09T10:30:27.706287+00:00,3.897730000000e+02,1.367701000000e-04,1.366334665335e-07
Offset_RevB_Chip_4_wiShield_Gmx_default_OSC_default_Vsup_pm6V_20260909,1,592,2026-09-09T10:30:28.370287+00:00,3.904370000000e+02,1.154575000000e-04,1.153421578422e-07
Offset_RevB_Chip_4_wiShield_Gmx_default_OSC_default_Vsup_pm6V_20260909,1,593,2026-09-09T10:30:29.026787+00:00,3.910935000000e+02,1.233774000000e-04,1.232541458541e-07
Offset_RevB_Chip_4_wiShield_Gmx_default_OSC_default_Vsup_pm6V_20260909,1,594,2026-09-09T10:30:29.683287+00:00,3.917500000000e+02,1.225637000000e-04,1.224412587413e-07
Offset_RevB_Chip_4_wiShield_Gmx_default_OSC_default_Vsup_pm6V_20260909,1,595,2026-09-09T10:30:30.339287+00:00,3.924060000000e+02,9.898124000000e-05,9.888235764236e-08
Offset_RevB_Chip_4_wiShield_Gmx_default_OSC_default_Vsup_pm6V_20260909,1,596,2026-09-09T10:30:31.003287+00:00,3.930700000000e+02,9.817052000000e-05,9.807244755245e-08
Offset_RevB_Chip_4_wiShield_Gmx_default_OSC_default_Vsup_pm6V_20260909,1,597,2026-09-09T10:30:31.667287+00:00,3.937340000000e+02,1.179407000000e-04,1.178228771229e-07
Offset_RevB_Chip_4_wiShield_Gmx_default_OSC_default_Vsup_pm6V_20260909,1,598,2026-09-09T10:30:32.323787+00:00,3.943905000000e+02,1.131920000000e-04,1.130789210789e-07
Offset_RevB_Chip_4_wiShield_Gmx_default_OSC_default_Vsup_pm6V_20260909,1,599,2026-09-09T10:30:32.980287+00:00,3.950470000000e+02,1.111129000000e-04,1.110018981019e-07
Offset_RevB_Chip_4_wiShield_Gmx_default_OSC_default_Vsup_pm6V_20260909,1,600,2026-09-09T10:30:33.644287+00:00,3.957110000000e+02,1.206882000000e-04,1.205676323676e-07
Offset_RevB_Chip_4_wiShield_Gmx_default_OSC_default_Vsup_pm6V_20260909,1,601,2026-09-09T10:30:34.308287+00:00,3.963750000000e+02,1.120567000000e-04,1.119447552448e-07
Offset_RevB_Chip_4_wiShield_Gmx_default_OSC_default_Vsup_pm6V_20260909,1,602,2026-09-09T10:30:34.964287+00:00,3.970310000000e+02,1.190444000000e-04,1.189254745255e-07
Offset_RevB_Chip_4_wiShield_Gmx_default_OSC_default_Vsup_pm6V_20260909,1,603,2026-09-09T10:30:35.620287+00:00,3.976870000000e+02,1.184205000000e-04,1.183021978022e-07
Offset_RevB_Chip_4_wiShield_Gmx_default_OSC_default_Vsup_pm6V_20260909,1,604,2026-09-09T10:30:36.276787+00:00,3.983435000000e+02,1.014421000000e-04,1.013407592408e-07
Offset_RevB_Chip_4_wiShield_Gmx_default_OSC_default_Vsup_pm6V_20260909,1,605,2026-09-09T10:30:36.941287+00:00,3.990080000000e+02,9.912597000000e-05,9.902694305694e-08
Offset_RevB_Chip_4_wiShield_Gmx_default_OSC_default_Vsup_pm6V_20260909,1,606,2026-09-09T10:30:37.605287+00:00,3.996720000000e+02,1.062196000000e-04,1.061134865135e-07
Offset_RevB_Chip_4_wiShield_Gmx_default_OSC_default_Vsup_pm6V_20260909,1,607,2026-09-09T10:30:38.261287+00:00,4.003280000000e+02,1.139319000000e-04,1.138180819181e-07
Offset_RevB_Chip_4_wiShield_Gmx_default_OSC_default_Vsup_pm6V_20260909,1,608,2026-09-09T10:30:38.917287+00:00,4.009840000000e+02,1.204787000000e-04,1.203583416583e-07
Offset_RevB_Chip_4_wiShield_Gmx_default_OSC_default_Vsup_pm6V_20260909,1,609,2026-09-09T10:30:39.581287+00:00,4.016480000000e+02,9.728845000000e-05,9.719125874126e-08
Offset_RevB_Chip_4_wiShield_Gmx_default_OSC_default_Vsup_pm6V_20260909,1,610,2026-09-09T10:30:40.245287+00:00,4.023120000000e+02,1.028325000000e-04,1.027297702298e-07
Offset_RevB_Chip_4_wiShield_Gmx_default_OSC_default_Vsup_pm6V_20260909,1,611,2026-09-09T10:30:40.901787+00:00,4.029685000000e+02,9.432173000000e-05,9.422750249750e-08
Offset_RevB_Chip_4_wiShield_Gmx_default_OSC_default_Vsup_pm6V_20260909,1,612,2026-09-09T10:30:41.558287+00:00,4.036250000000e+02,1.191456000000e-04,1.190265734266e-07
Offset_RevB_Chip_4_wiShield_Gmx_default_OSC_default_Vsup_pm6V_20260909,1,613,2026-09-09T10:30:42.214287+00:00,4.042810000000e+02,1.000698000000e-04,9.996983016983e-08
Offset_RevB_Chip_4_wiShield_Gmx_default_OSC_default_Vsup_pm6V_20260909,1,614,2026-09-09T10:30:42.878287+00:00,4.049450000000e+02,1.034324000000e-04,1.033290709291e-07
Offset_RevB_Chip_4_wiShield_Gmx_default_OSC_default_Vsup_pm6V_20260909,1,615,2026-09-09T10:30:43.542287+00:00,4.056090000000e+02,9.663308000000e-05,9.653654345654e-08
Offset_RevB_Chip_4_wiShield_Gmx_default_OSC_default_Vsup_pm6V_20260909,1,616,2026-09-09T10:30:44.198787+00:00,4.062655000000e+02,1.174053000000e-04,1.172880119880e-07
Offset_RevB_Chip_4_wiShield_Gmx_default_OSC_default_Vsup_pm6V_20260909,1,617,2026-09-09T10:30:44.855287+00:00,4.069220000000e+02,1.317321000000e-04,1.316004995005e-07
Offset_RevB_Chip_4_wiShield_Gmx_default_OSC_default_Vsup_pm6V_20260909,1,618,2026-09-09T10:30:45.511287+00:00,4.075780000000e+02,1.171110000000e-04,1.169940059940e-07
Offset_RevB_Chip_4_wiShield_Gmx_default_OSC_default_Vsup_pm6V_20260909,1,619,2026-09-09T10:30:46.183287+00:00,4.082500000000e+02,1.067061000000e-04,1.065995004995e-07
Offset_RevB_Chip_4_wiShield_Gmx_default_OSC_default_Vsup_pm6V_20260909,1,620,2026-09-09T10:30:46.839287+00:00,4.089060000000e+02,1.091429000000e-04,1.090338661339e-07
Offset_RevB_Chip_4_wiShield_Gmx_default_OSC_default_Vsup_pm6V_20260909,1,621,2026-09-09T10:30:47.495287+00:00,4.095620000000e+02,1.160776000000e-04,1.159616383616e-07
Offset_RevB_Chip_4_wiShield_Gmx_default_OSC_default_Vsup_pm6V_20260909,1,622,2026-09-09T10:30:48.151787+00:00,4.102185000000e+02,1.079767000000e-04,1.078688311688e-07
Offset_RevB_Chip_4_wiShield_Gmx_default_OSC_default_Vsup_pm6V_20260909,1,623,2026-09-09T10:30:48.808287+00:00,4.108750000000e+02,1.077843000000e-04,1.076766233766e-07
Offset_RevB_Chip_4_wiShield_Gmx_default_OSC_default_Vsup_pm6V_20260909,1,624,2026-09-09T10:30:49.480287+00:00,4.115470000000e+02,9.608725000000e-05,9.599125874126e-08
Offset_RevB_Chip_4_wiShield_Gmx_default_OSC_default_Vsup_pm6V_20260909,1,625,2026-09-09T10:30:50.136287+00:00,4.122030000000e+02,8.505465000000e-05,8.496968031968e-08
Offset_RevB_Chip_4_wiShield_Gmx_default_OSC_default_Vsup_pm6V_20260909,1,626,2026-09-09T10:30:50.792287+00:00,4.128590000000e+02,1.010150000000e-04,1.009140859141e-07
Offset_RevB_Chip_4_wiShield_Gmx_default_OSC_default_Vsup_pm6V_20260909,1,627,2026-09-09T10:30:51.448787+00:00,4.135155000000e+02,9.929621000000e-05,9.919701298701e-08
Offset_RevB_Chip_4_wiShield_Gmx_default_OSC_default_Vsup_pm6V_20260909,1,628,2026-09-09T10:30:52.112787+00:00,4.141795000000e+02,1.103209000000e-04,1.102106893107e-07
Offset_RevB_Chip_4_wiShield_Gmx_default_OSC_default_Vsup_pm6V_20260909,1,629,2026-09-09T10:30:52.776787+00:00,4.148435000000e+02,1.005006000000e-04,1.004001998002e-07
Offset_RevB_Chip_4_wiShield_Gmx_default_OSC_default_Vsup_pm6V_20260909,1,630,2026-09-09T10:30:53.433287+00:00,4.155000000000e+02,9.138892000000e-05,9.129762237762e-08
Offset_RevB_Chip_4_wiShield_Gmx_default_OSC_default_Vsup_pm6V_20260909,1,631,2026-09-09T10:30:54.089287+00:00,4.161560000000e+02,1.105823000000e-04,1.104718281718e-07
Offset_RevB_Chip_4_wiShield_Gmx_default_OSC_default_Vsup_pm6V_20260909,1,632,2026-09-09T10:30:54.745287+00:00,4.168120000000e+02,1.106727000000e-04,1.105621378621e-07
Offset_RevB_Chip_4_wiShield_Gmx_default_OSC_default_Vsup_pm6V_20260909,1,633,2026-09-09T10:30:55.409287+00:00,4.174760000000e+02,9.039190000000e-05,9.030159840160e-08
Offset_RevB_Chip_4_wiShield_Gmx_default_OSC_default_Vsup_pm6V_20260909,1,634,2026-09-09T10:30:56.073787+00:00,4.181405000000e+02,9.622306000000e-05,9.612693306693e-08
Offset_RevB_Chip_4_wiShield_Gmx_default_OSC_default_Vsup_pm6V_20260909,1,635,2026-09-09T10:30:56.730287+00:00,4.187970000000e+02,9.702511000000e-05,9.692818181818e-08
Offset_RevB_Chip_4_wiShield_Gmx_default_OSC_default_Vsup_pm6V_20260909,1,636,2026-09-09T10:30:57.386287+00:00,4.194530000000e+02,1.070663000000e-04,1.069593406593e-07
Offset_RevB_Chip_4_wiShield_Gmx_default_OSC_default_Vsup_pm6V_20260909,1,637,2026-09-09T10:30:58.042287+00:00,4.201090000000e+02,8.335023000000e-05,8.326696303696e-08
Offset_RevB_Chip_4_wiShield_Gmx_default_OSC_default_Vsup_pm6V_20260909,1,638,2026-09-09T10:30:58.706287+00:00,4.207730000000e+02,8.960138000000e-05,8.951186813187e-08
Offset_RevB_Chip_4_wiShield_Gmx_default_OSC_default_Vsup_pm6V_20260909,1,639,2026-09-09T10:30:59.370287+00:00,4.214370000000e+02,8.602163000000e-05,8.593569430569e-08
Offset_RevB_Chip_4_wiShield_Gmx_default_OSC_default_Vsup_pm6V_20260909,1,640,2026-09-09T10:31:00.026787+00:00,4.220935000000e+02,8.248151000000e-05,8.239911088911e-08
Offset_RevB_Chip_4_wiShield_Gmx_default_OSC_default_Vsup_pm6V_20260909,1,641,2026-09-09T10:31:00.683287+00:00,4.227500000000e+02,8.687844000000e-05,8.679164835165e-08
Offset_RevB_Chip_4_wiShield_Gmx_default_OSC_default_Vsup_pm6V_20260909,1,642,2026-09-09T10:31:01.339287+00:00,4.234060000000e+02,9.984800000000e-05,9.974825174825e-08
Offset_RevB_Chip_4_wiShield_Gmx_default_OSC_default_Vsup_pm6V_20260909,1,643,2026-09-09T10:31:02.011287+00:00,4.240780000000e+02,9.777602000000e-05,9.767834165834e-08
Offset_RevB_Chip_4_wiShield_Gmx_default_OSC_default_Vsup_pm6V_20260909,1,644,2026-09-09T10:31:02.667287+00:00,4.247340000000e+02,9.931641000000e-05,9.921719280719e-08
Offset_RevB_Chip_4_wiShield_Gmx_default_OSC_default_Vsup_pm6V_20260909,1,645,2026-09-09T10:31:03.323787+00:00,4.253905000000e+02,1.002408000000e-04,1.001406593407e-07
Offset_RevB_Chip_4_wiShield_Gmx_default_OSC_default_Vsup_pm6V_20260909,1,646,2026-09-09T10:31:03.980287+00:00,4.260470000000e+02,9.383285000000e-05,9.373911088911e-08
Offset_RevB_Chip_4_wiShield_Gmx_default_OSC_default_Vsup_pm6V_20260909,1,647,2026-09-09T10:31:04.644287+00:00,4.267110000000e+02,9.105036000000e-05,9.095940059940e-08
Offset_RevB_Chip_4_wiShield_Gmx_default_OSC_default_Vsup_pm6V_20260909,1,648,2026-09-09T10:31:05.308287+00:00,4.273750000000e+02,9.488955000000e-05,9.479475524476e-08
Offset_RevB_Chip_4_wiShield_Gmx_default_OSC_default_Vsup_pm6V_20260909,1,649,2026-09-09T10:31:05.964287+00:00,4.280310000000e+02,8.799560000000e-05,8.790769230769e-08
Offset_RevB_Chip_4_wiShield_Gmx_default_OSC_default_Vsup_pm6V_20260909,1,650,2026-09-09T10:31:06.620287+00:00,4.286870000000e+02,9.231252000000e-05,9.222029970030e-08
Offset_RevB_Chip_4_wiShield_Gmx_default_OSC_default_Vsup_pm6V_20260909,1,651,2026-09-09T10:31:07.276787+00:00,4.293435000000e+02,8.802343000000e-05,8.793549450549e-08
Offset_RevB_Chip_4_wiShield_Gmx_default_OSC_default_Vsup_pm6V_20260909,1,652,2026-09-09T10:31:07.941287+00:00,4.300080000000e+02,9.278961000000e-05,9.269691308691e-08
Offset_RevB_Chip_4_wiShield_Gmx_default_OSC_default_Vsup_pm6V_20260909,1,653,2026-09-09T10:31:08.605287+00:00,4.306720000000e+02,1.066637000000e-04,1.065571428571e-07
Offset_RevB_Chip_4_wiShield_Gmx_default_OSC_default_Vsup_pm6V_20260909,1,654,2026-09-09T10:31:09.261287+00:00,4.313280000000e+02,9.313269000000e-05,9.303965034965e-08
Offset_RevB_Chip_4_wiShield_Gmx_default_OSC_default_Vsup_pm6V_20260909,1,655,2026-09-09T10:31:09.917287+00:00,4.319840000000e+02,9.891401000000e-05,9.881519480519e-08
Offset_RevB_Chip_4_wiShield_Gmx_default_OSC_default_Vsup_pm6V_20260909,1,656,2026-09-09T10:31:10.581287+00:00,4.326480000000e+02,1.047015000000e-04,1.045969030969e-07
Offset_RevB_Chip_4_wiShield_Gmx_default_OSC_default_Vsup_pm6V_20260909,1,657,2026-09-09T10:31:11.245287+00:00,4.333120000000e+02,1.038899000000e-04,1.037861138861e-07
Offset_RevB_Chip_4_wiShield_Gmx_default_OSC_default_Vsup_pm6V_20260909,1,658,2026-09-09T10:31:11.901787+00:00,4.339685000000e+02,8.522890000000e-05,8.514375624376e-08
Offset_RevB_Chip_4_wiShield_Gmx_default_OSC_default_Vsup_pm6V_20260909,1,659,2026-09-09T10:31:12.558287+00:00,4.346250000000e+02,1.040040000000e-04,1.039000999001e-07
Offset_RevB_Chip_4_wiShield_Gmx_default_OSC_default_Vsup_pm6V_20260909,1,660,2026-09-09T10:31:13.214287+00:00,4.352810000000e+02,9.824337000000e-05,9.814522477522e-08
Offset_RevB_Chip_4_wiShield_Gmx_default_OSC_default_Vsup_pm6V_20260909,1,661,2026-09-09T10:31:13.870287+00:00,4.359370000000e+02,9.323652000000e-05,9.314337662338e-08
Offset_RevB_Chip_4_wiShield_Gmx_default_OSC_default_Vsup_pm6V_20260909,1,662,2026-09-09T10:31:14.542287+00:00,4.366090000000e+02,9.148225000000e-05,9.139085914086e-08
Offset_RevB_Chip_4_wiShield_Gmx_default_OSC_default_Vsup_pm6V_20260909,1,663,2026-09-09T10:31:15.198787+00:00,4.372655000000e+02,8.696866000000e-05,8.688177822178e-08
Offset_RevB_Chip_4_wiShield_Gmx_default_OSC_default_Vsup_pm6V_20260909,1,664,2026-09-09T10:31:15.855287+00:00,4.379220000000e+02,9.405487000000e-05,9.396090909091e-08
Offset_RevB_Chip_4_wiShield_Gmx_default_OSC_default_Vsup_pm6V_20260909,1,665,2026-09-09T10:31:16.511287+00:00,4.385780000000e+02,7.347853000000e-05,7.340512487512e-08
Offset_RevB_Chip_4_wiShield_Gmx_default_OSC_default_Vsup_pm6V_20260909,1,666,2026-09-09T10:31:17.175287+00:00,4.392420000000e+02,1.064205000000e-04,1.063141858142e-07
Offset_RevB_Chip_4_wiShield_Gmx_default_OSC_default_Vsup_pm6V_20260909,1,667,2026-09-09T10:31:17.839287+00:00,4.399060000000e+02,9.864497000000e-05,9.854642357642e-08
Offset_RevB_Chip_4_wiShield_Gmx_default_OSC_default_Vsup_pm6V_20260909,1,668,2026-09-09T10:31:18.495287+00:00,4.405620000000e+02,9.796087000000e-05,9.786300699301e-08
Offset_RevB_Chip_4_wiShield_Gmx_default_OSC_default_Vsup_pm6V_20260909,1,669,2026-09-09T10:31:19.151787+00:00,4.412185000000e+02,8.951151000000e-05,8.942208791209e-08
Offset_RevB_Chip_4_wiShield_Gmx_default_OSC_default_Vsup_pm6V_20260909,1,670,2026-09-09T10:31:19.808287+00:00,4.418750000000e+02,1.001368000000e-04,1.000367632368e-07
Offset_RevB_Chip_4_wiShield_Gmx_default_OSC_default_Vsup_pm6V_20260909,1,671,2026-09-09T10:31:20.472287+00:00,4.425390000000e+02,9.947576000000e-05,9.937638361638e-08
Offset_RevB_Chip_4_wiShield_Gmx_default_OSC_default_Vsup_pm6V_20260909,1,672,2026-09-09T10:31:21.136287+00:00,4.432030000000e+02,9.613397000000e-05,9.603793206793e-08
Offset_RevB_Chip_4_wiShield_Gmx_default_OSC_default_Vsup_pm6V_20260909,1,673,2026-09-09T10:31:21.792287+00:00,4.438590000000e+02,9.348095000000e-05,9.338756243756e-08
Offset_RevB_Chip_4_wiShield_Gmx_default_OSC_default_Vsup_pm6V_20260909,1,674,2026-09-09T10:31:22.448787+00:00,4.445155000000e+02,9.475075000000e-05,9.465609390609e-08
Offset_RevB_Chip_4_wiShield_Gmx_default_OSC_default_Vsup_pm6V_20260909,1,675,2026-09-09T10:31:23.112787+00:00,4.451795000000e+02,8.185357000000e-05,8.177179820180e-08
Offset_RevB_Chip_4_wiShield_Gmx_default_OSC_default_Vsup_pm6V_20260909,1,676,2026-09-09T10:31:23.776787+00:00,4.458435000000e+02,9.717035000000e-05,9.707327672328e-08
Offset_RevB_Chip_4_wiShield_Gmx_default_OSC_default_Vsup_pm6V_20260909,1,677,2026-09-09T10:31:24.433287+00:00,4.465000000000e+02,1.048944000000e-04,1.047896103896e-07
Offset_RevB_Chip_4_wiShield_Gmx_default_OSC_default_Vsup_pm6V_20260909,1,678,2026-09-09T10:31:25.089287+00:00,4.471560000000e+02,9.455810000000e-05,9.446363636364e-08
Offset_RevB_Chip_4_wiShield_Gmx_default_OSC_default_Vsup_pm6V_20260909,1,679,2026-09-09T10:31:25.745287+00:00,4.478120000000e+02,9.676459000000e-05,9.666792207792e-08
Offset_RevB_Chip_4_wiShield_Gmx_default_OSC_default_Vsup_pm6V_20260909,1,680,2026-09-09T10:31:26.417287+00:00,4.484840000000e+02,8.320455000000e-05,8.312142857143e-08
Offset_RevB_Chip_4_wiShield_Gmx_default_OSC_default_Vsup_pm6V_20260909,1,681,2026-09-09T10:31:27.073787+00:00,4.491405000000e+02,8.073588000000e-05,8.065522477522e-08
Offset_RevB_Chip_4_wiShield_Gmx_default_OSC_default_Vsup_pm6V_20260909,1,682,2026-09-09T10:31:27.730287+00:00,4.497970000000e+02,8.093824000000e-05,8.085738261738e-08
Offset_RevB_Chip_4_wiShield_Gmx_default_OSC_default_Vsup_pm6V_20260909,1,683,2026-09-09T10:31:28.386287+00:00,4.504530000000e+02,8.255022000000e-05,8.246775224775e-08
Offset_RevB_Chip_4_wiShield_Gmx_default_OSC_default_Vsup_pm6V_20260909,1,684,2026-09-09T10:31:29.050287+00:00,4.511170000000e+02,9.082416000000e-05,9.073342657343e-08
Offset_RevB_Chip_4_wiShield_Gmx_default_OSC_default_Vsup_pm6V_20260909,1,685,2026-09-09T10:31:29.714287+00:00,4.517810000000e+02,9.197137000000e-05,9.187949050949e-08
Offset_RevB_Chip_4_wiShield_Gmx_default_OSC_default_Vsup_pm6V_20260909,1,686,2026-09-09T10:31:30.370287+00:00,4.524370000000e+02,7.974534000000e-05,7.966567432567e-08
Offset_RevB_Chip_4_wiShield_Gmx_default_OSC_default_Vsup_pm6V_20260909,1,687,2026-09-09T10:31:31.026787+00:00,4.530935000000e+02,8.313438000000e-05,8.305132867133e-08
Offset_RevB_Chip_4_wiShield_Gmx_default_OSC_default_Vsup_pm6V_20260909,1,688,2026-09-09T10:31:31.691287+00:00,4.537580000000e+02,6.841509000000e-05,6.834674325674e-08
Offset_RevB_Chip_4_wiShield_Gmx_default_OSC_default_Vsup_pm6V_20260909,1,689,2026-09-09T10:31:32.355287+00:00,4.544220000000e+02,8.382910000000e-05,8.374535464535e-08
Offset_RevB_Chip_4_wiShield_Gmx_default_OSC_default_Vsup_pm6V_20260909,1,690,2026-09-09T10:31:33.011287+00:00,4.550780000000e+02,6.605764000000e-05,6.599164835165e-08
Offset_RevB_Chip_4_wiShield_Gmx_default_OSC_default_Vsup_pm6V_20260909,1,691,2026-09-09T10:31:33.667287+00:00,4.557340000000e+02,9.829683000000e-05,9.819863136863e-08
Offset_RevB_Chip_4_wiShield_Gmx_default_OSC_default_Vsup_pm6V_20260909,1,692,2026-09-09T10:31:34.331287+00:00,4.563980000000e+02,8.317465000000e-05,8.309155844156e-08
Offset_RevB_Chip_4_wiShield_Gmx_default_OSC_default_Vsup_pm6V_20260909,1,693,2026-09-09T10:31:34.995287+00:00,4.570620000000e+02,8.455825000000e-05,8.447377622378e-08
Offset_RevB_Chip_4_wiShield_Gmx_default_OSC_default_Vsup_pm6V_20260909,1,694,2026-09-09T10:31:35.651787+00:00,4.577185000000e+02,7.932691000000e-05,7.924766233766e-08
Offset_RevB_Chip_4_wiShield_Gmx_default_OSC_default_Vsup_pm6V_20260909,1,695,2026-09-09T10:31:36.308287+00:00,4.583750000000e+02,8.463438000000e-05,8.454983016983e-08
Offset_RevB_Chip_4_wiShield_Gmx_default_OSC_default_Vsup_pm6V_20260909,1,696,2026-09-09T10:31:36.980287+00:00,4.590470000000e+02,1.133674000000e-04,1.132541458541e-07
Offset_RevB_Chip_4_wiShield_Gmx_default_OSC_default_Vsup_pm6V_20260909,1,697,2026-09-09T10:31:37.636287+00:00,4.597030000000e+02,9.047214000000e-05,9.038175824176e-08
Offset_RevB_Chip_4_wiShield_Gmx_default_OSC_default_Vsup_pm6V_20260909,1,698,2026-09-09T10:31:38.292287+00:00,4.603590000000e+02,1.016375000000e-04,1.015359640360e-07
Offset_RevB_Chip_4_wiShield_Gmx_default_OSC_default_Vsup_pm6V_20260909,1,699,2026-09-09T10:31:38.956287+00:00,4.610230000000e+02,9.839833000000e-05,9.830002997003e-08
Offset_RevB_Chip_4_wiShield_Gmx_default_OSC_default_Vsup_pm6V_20260909,1,700,2026-09-09T10:31:39.620287+00:00,4.616870000000e+02,1.005717000000e-04,1.004712287712e-07
Offset_RevB_Chip_4_wiShield_Gmx_default_OSC_default_Vsup_pm6V_20260909,1,701,2026-09-09T10:31:40.276787+00:00,4.623435000000e+02,9.149880000000e-05,9.140739260739e-08
Offset_RevB_Chip_4_wiShield_Gmx_default_OSC_default_Vsup_pm6V_20260909,1,702,2026-09-09T10:31:40.933287+00:00,4.630000000000e+02,1.014983000000e-04,1.013969030969e-07
Offset_RevB_Chip_4_wiShield_Gmx_default_OSC_default_Vsup_pm6V_20260909,1,703,2026-09-09T10:31:41.597287+00:00,4.636640000000e+02,1.079462000000e-04,1.078383616384e-07
Offset_RevB_Chip_4_wiShield_Gmx_default_OSC_default_Vsup_pm6V_20260909,1,704,2026-09-09T10:31:42.261287+00:00,4.643280000000e+02,9.210328000000e-05,9.201126873127e-08
Offset_RevB_Chip_4_wiShield_Gmx_default_OSC_default_Vsup_pm6V_20260909,1,705,2026-09-09T10:31:42.917287+00:00,4.649840000000e+02,9.986479000000e-05,9.976502497502e-08
Offset_RevB_Chip_4_wiShield_Gmx_default_OSC_default_Vsup_pm6V_20260909,1,706,2026-09-09T10:31:43.573787+00:00,4.656405000000e+02,1.341573000000e-04,1.340232767233e-07
Offset_RevB_Chip_4_wiShield_Gmx_default_OSC_default_Vsup_pm6V_20260909,1,707,2026-09-09T10:31:44.237787+00:00,4.663045000000e+02,1.198883000000e-04,1.197685314685e-07
Offset_RevB_Chip_4_wiShield_Gmx_default_OSC_default_Vsup_pm6V_20260909,1,708,2026-09-09T10:31:44.901787+00:00,4.669685000000e+02,1.151955000000e-04,1.150804195804e-07
Offset_RevB_Chip_4_wiShield_Gmx_default_OSC_default_Vsup_pm6V_20260909,1,709,2026-09-09T10:31:45.558287+00:00,4.676250000000e+02,1.178605000000e-04,1.177427572428e-07
Offset_RevB_Chip_4_wiShield_Gmx_default_OSC_default_Vsup_pm6V_20260909,1,710,2026-09-09T10:31:46.214287+00:00,4.682810000000e+02,1.043052000000e-04,1.042009990010e-07
Offset_RevB_Chip_4_wiShield_Gmx_default_OSC_default_Vsup_pm6V_20260909,1,711,2026-09-09T10:31:46.878287+00:00,4.689450000000e+02,1.095969000000e-04,1.094874125874e-07
Offset_RevB_Chip_4_wiShield_Gmx_default_OSC_default_Vsup_pm6V_20260909,1,712,2026-09-09T10:31:47.542287+00:00,4.696090000000e+02,1.129158000000e-04,1.128029970030e-07
Offset_RevB_Chip_4_wiShield_Gmx_default_OSC_default_Vsup_pm6V_20260909,1,713,2026-09-09T10:31:48.198787+00:00,4.702655000000e+02,1.186969000000e-04,1.185783216783e-07
Offset_RevB_Chip_4_wiShield_Gmx_default_OSC_default_Vsup_pm6V_20260909,1,714,2026-09-09T10:31:48.862787+00:00,4.709295000000e+02,1.190429000000e-04,1.189239760240e-07
Offset_RevB_Chip_4_wiShield_Gmx_default_OSC_default_Vsup_pm6V_20260909,1,715,2026-09-09T10:31:49.526787+00:00,4.715935000000e+02,1.160549000000e-04,1.159389610390e-07
Offset_RevB_Chip_4_wiShield_Gmx_default_OSC_default_Vsup_pm6V_20260909,1,716,2026-09-09T10:31:50.183287+00:00,4.722500000000e+02,1.203101000000e-04,1.201899100899e-07
Offset_RevB_Chip_4_wiShield_Gmx_default_OSC_default_Vsup_pm6V_20260909,1,717,2026-09-09T10:31:50.839287+00:00,4.729060000000e+02,1.267021000000e-04,1.265755244755e-07
Offset_RevB_Chip_4_wiShield_Gmx_default_OSC_default_Vsup_pm6V_20260909,1,718,2026-09-09T10:31:51.503287+00:00,4.735700000000e+02,1.139643000000e-04,1.138504495504e-07
Offset_RevB_Chip_4_wiShield_Gmx_default_OSC_default_Vsup_pm6V_20260909,1,719,2026-09-09T10:31:52.167287+00:00,4.742340000000e+02,1.115296000000e-04,1.114181818182e-07
Offset_RevB_Chip_4_wiShield_Gmx_default_OSC_default_Vsup_pm6V_20260909,1,720,2026-09-09T10:31:52.823787+00:00,4.748905000000e+02,1.057169000000e-04,1.056112887113e-07
Offset_RevB_Chip_4_wiShield_Gmx_default_OSC_default_Vsup_pm6V_20260909,1,721,2026-09-09T10:31:53.480287+00:00,4.755470000000e+02,1.046102000000e-04,1.045056943057e-07
Offset_RevB_Chip_4_wiShield_Gmx_default_OSC_default_Vsup_pm6V_20260909,1,722,2026-09-09T10:31:54.144287+00:00,4.762110000000e+02,1.145771000000e-04,1.144626373626e-07
Offset_RevB_Chip_4_wiShield_Gmx_default_OSC_default_Vsup_pm6V_20260909,1,723,2026-09-09T10:31:54.808287+00:00,4.768750000000e+02,1.060395000000e-04,1.059335664336e-07
Offset_RevB_Chip_4_wiShield_Gmx_default_OSC_default_Vsup_pm6V_20260909,1,724,2026-09-09T10:31:55.464287+00:00,4.775310000000e+02,1.057068000000e-04,1.056011988012e-07
Offset_RevB_Chip_4_wiShield_Gmx_default_OSC_default_Vsup_pm6V_20260909,1,725,2026-09-09T10:31:56.120287+00:00,4.781870000000e+02,9.390647000000e-05,9.381265734266e-08
Offset_RevB_Chip_4_wiShield_Gmx_default_OSC_default_Vsup_pm6V_20260909,1,726,2026-09-09T10:31:56.784287+00:00,4.788510000000e+02,9.831829000000e-05,9.822006993007e-08
Offset_RevB_Chip_4_wiShield_Gmx_default_OSC_default_Vsup_pm6V_20260909,1,727,2026-09-09T10:31:57.448787+00:00,4.795155000000e+02,1.146503000000e-04,1.145357642358e-07
Offset_RevB_Chip_4_wiShield_Gmx_default_OSC_default_Vsup_pm6V_20260909,1,728,2026-09-09T10:31:58.105287+00:00,4.801720000000e+02,9.600214000000e-05,9.590623376623e-08
Offset_RevB_Chip_4_wiShield_Gmx_default_OSC_default_Vsup_pm6V_20260909,1,729,2026-09-09T10:31:58.769287+00:00,4.808360000000e+02,9.717679000000e-05,9.707971028971e-08
Offset_RevB_Chip_4_wiShield_Gmx_default_OSC_default_Vsup_pm6V_20260909,1,730,2026-09-09T10:31:59.433287+00:00,4.815000000000e+02,1.009581000000e-04,1.008572427572e-07
Offset_RevB_Chip_4_wiShield_Gmx_default_OSC_default_Vsup_pm6V_20260909,1,731,2026-09-09T10:32:00.089287+00:00,4.821560000000e+02,1.026778000000e-04,1.025752247752e-07
Offset_RevB_Chip_4_wiShield_Gmx_default_OSC_default_Vsup_pm6V_20260909,1,732,2026-09-09T10:32:00.745287+00:00,4.828120000000e+02,1.067810000000e-04,1.066743256743e-07
Offset_RevB_Chip_4_wiShield_Gmx_default_OSC_default_Vsup_pm6V_20260909,1,733,2026-09-09T10:32:01.409287+00:00,4.834760000000e+02,9.919673000000e-05,9.909763236763e-08
Offset_RevB_Chip_4_wiShield_Gmx_default_OSC_default_Vsup_pm6V_20260909,1,734,2026-09-09T10:32:02.073787+00:00,4.841405000000e+02,1.120670000000e-04,1.119550449550e-07
Offset_RevB_Chip_4_wiShield_Gmx_default_OSC_default_Vsup_pm6V_20260909,1,735,2026-09-09T10:32:02.730287+00:00,4.847970000000e+02,9.892019000000e-05,9.882136863137e-08
Offset_RevB_Chip_4_wiShield_Gmx_default_OSC_default_Vsup_pm6V_20260909,1,736,2026-09-09T10:32:03.386287+00:00,4.854530000000e+02,1.012999000000e-04,1.011987012987e-07
Offset_RevB_Chip_4_wiShield_Gmx_default_OSC_default_Vsup_pm6V_20260909,1,737,2026-09-09T10:32:04.050287+00:00,4.861170000000e+02,1.038967000000e-04,1.037929070929e-07
Offset_RevB_Chip_4_wiShield_Gmx_default_OSC_default_Vsup_pm6V_20260909,1,738,2026-09-09T10:32:04.714287+00:00,4.867810000000e+02,1.095513000000e-04,1.094418581419e-07
Offset_RevB_Chip_4_wiShield_Gmx_default_OSC_default_Vsup_pm6V_20260909,1,739,2026-09-09T10:32:05.370287+00:00,4.874370000000e+02,1.046508000000e-04,1.045462537463e-07
Offset_RevB_Chip_4_wiShield_Gmx_default_OSC_default_Vsup_pm6V_20260909,1,740,2026-09-09T10:32:06.026787+00:00,4.880935000000e+02,1.170851000000e-04,1.169681318681e-07
Offset_RevB_Chip_4_wiShield_Gmx_default_OSC_default_Vsup_pm6V_20260909,1,741,2026-09-09T10:32:06.691287+00:00,4.887580000000e+02,1.068896000000e-04,1.067828171828e-07
Offset_RevB_Chip_4_wiShield_Gmx_default_OSC_default_Vsup_pm6V_20260909,1,742,2026-09-09T10:32:07.355287+00:00,4.894220000000e+02,1.183676000000e-04,1.182493506494e-07
Offset_RevB_Chip_4_wiShield_Gmx_default_OSC_default_Vsup_pm6V_20260909,1,743,2026-09-09T10:32:08.011287+00:00,4.900780000000e+02,1.100996000000e-04,1.099896103896e-07
Offset_RevB_Chip_4_wiShield_Gmx_default_OSC_default_Vsup_pm6V_20260909,1,744,2026-09-09T10:32:08.675287+00:00,4.907420000000e+02,1.023232000000e-04,1.022209790210e-07
Offset_RevB_Chip_4_wiShield_Gmx_default_OSC_default_Vsup_pm6V_20260909,1,745,2026-09-09T10:32:09.339287+00:00,4.914060000000e+02,1.013795000000e-04,1.012782217782e-07
Offset_RevB_Chip_4_wiShield_Gmx_default_OSC_default_Vsup_pm6V_20260909,1,746,2026-09-09T10:32:09.995287+00:00,4.920620000000e+02,1.152384000000e-04,1.151232767233e-07
Offset_RevB_Chip_4_wiShield_Gmx_default_OSC_default_Vsup_pm6V_20260909,1,747,2026-09-09T10:32:10.651787+00:00,4.927185000000e+02,1.039236000000e-04,1.038197802198e-07
Offset_RevB_Chip_4_wiShield_Gmx_default_OSC_default_Vsup_pm6V_20260909,1,748,2026-09-09T10:32:11.316287+00:00,4.933830000000e+02,1.080963000000e-04,1.079883116883e-07
Offset_RevB_Chip_4_wiShield_Gmx_default_OSC_default_Vsup_pm6V_20260909,1,749,2026-09-09T10:32:11.980287+00:00,4.940470000000e+02,1.152206000000e-04,1.151054945055e-07
Offset_RevB_Chip_4_wiShield_Gmx_default_OSC_default_Vsup_pm6V_20260909,1,750,2026-09-09T10:32:12.636287+00:00,4.947030000000e+02,1.071335000000e-04,1.070264735265e-07
Offset_RevB_Chip_4_wiShield_Gmx_default_OSC_default_Vsup_pm6V_20260909,1,751,2026-09-09T10:32:13.292287+00:00,4.953590000000e+02,9.915181000000e-05,9.905275724276e-08
Offset_RevB_Chip_4_wiShield_Gmx_default_OSC_default_Vsup_pm6V_20260909,1,752,2026-09-09T10:32:13.956287+00:00,4.960230000000e+02,9.551859000000e-05,9.542316683317e-08
Offset_RevB_Chip_4_wiShield_Gmx_default_OSC_default_Vsup_pm6V_20260909,1,753,2026-09-09T10:32:14.620287+00:00,4.966870000000e+02,8.958179000000e-05,8.949229770230e-08
Offset_RevB_Chip_4_wiShield_Gmx_default_OSC_default_Vsup_pm6V_20260909,1,754,2026-09-09T10:32:15.276787+00:00,4.973435000000e+02,9.297613000000e-05,9.288324675325e-08
Offset_RevB_Chip_4_wiShield_Gmx_default_OSC_default_Vsup_pm6V_20260909,1,755,2026-09-09T10:32:15.933287+00:00,4.980000000000e+02,8.143848000000e-05,8.135712287712e-08
Offset_RevB_Chip_4_wiShield_Gmx_default_OSC_default_Vsup_pm6V_20260909,1,756,2026-09-09T10:32:16.597287+00:00,4.986640000000e+02,9.855341000000e-05,9.845495504496e-08
Offset_RevB_Chip_4_wiShield_Gmx_default_OSC_default_Vsup_pm6V_20260909,1,757,2026-09-09T10:32:17.261287+00:00,4.993280000000e+02,8.097875000000e-05,8.089785214785e-08
Offset_RevB_Chip_4_wiShield_Gmx_default_OSC_default_Vsup_pm6V_20260909,1,758,2026-09-09T10:32:17.917287+00:00,4.999840000000e+02,9.055253000000e-05,9.046206793207e-08
Offset_RevB_Chip_4_wiShield_Gmx_default_OSC_default_Vsup_pm6V_20260909,1,759,2026-09-09T10:32:18.573787+00:00,5.006405000000e+02,9.324219000000e-05,9.314904095904e-08
Offset_RevB_Chip_4_wiShield_Gmx_default_OSC_default_Vsup_pm6V_20260909,1,760,2026-09-09T10:32:19.245287+00:00,5.013120000000e+02,1.033917000000e-04,1.032884115884e-07
Offset_RevB_Chip_4_wiShield_Gmx_default_OSC_default_Vsup_pm6V_20260909,1,761,2026-09-09T10:32:19.901787+00:00,5.019685000000e+02,8.929657000000e-05,8.920736263736e-08
Offset_RevB_Chip_4_wiShield_Gmx_default_OSC_default_Vsup_pm6V_20260909,1,762,2026-09-09T10:32:20.558287+00:00,5.026250000000e+02,8.976330000000e-05,8.967362637363e-08
Offset_RevB_Chip_4_wiShield_Gmx_default_OSC_default_Vsup_pm6V_20260909,1,763,2026-09-09T10:32:21.222287+00:00,5.032890000000e+02,9.877079000000e-05,9.867211788212e-08
Offset_RevB_Chip_4_wiShield_Gmx_default_OSC_default_Vsup_pm6V_20260909,1,764,2026-09-09T10:32:21.886287+00:00,5.039530000000e+02,9.504760000000e-05,9.495264735265e-08
Offset_RevB_Chip_4_wiShield_Gmx_default_OSC_default_Vsup_pm6V_20260909,1,765,2026-09-09T10:32:22.542287+00:00,5.046090000000e+02,9.402728000000e-05,9.393334665335e-08
Offset_RevB_Chip_4_wiShield_Gmx_default_OSC_default_Vsup_pm6V_20260909,1,766,2026-09-09T10:32:23.198787+00:00,5.052655000000e+02,1.002515000000e-04,1.001513486513e-07
Offset_RevB_Chip_4_wiShield_Gmx_default_OSC_default_Vsup_pm6V_20260909,1,767,2026-09-09T10:32:23.862787+00:00,5.059295000000e+02,9.875422000000e-05,9.865556443556e-08
Offset_RevB_Chip_4_wiShield_Gmx_default_OSC_default_Vsup_pm6V_20260909,1,768,2026-09-09T10:32:24.526787+00:00,5.065935000000e+02,1.113046000000e-04,1.111934065934e-07
Offset_RevB_Chip_4_wiShield_Gmx_default_OSC_default_Vsup_pm6V_20260909,1,769,2026-09-09T10:32:25.183287+00:00,5.072500000000e+02,9.682064000000e-05,9.672391608392e-08
Offset_RevB_Chip_4_wiShield_Gmx_default_OSC_default_Vsup_pm6V_20260909,1,770,2026-09-09T10:32:25.839287+00:00,5.079060000000e+02,9.947859000000e-05,9.937921078921e-08
Offset_RevB_Chip_4_wiShield_Gmx_default_OSC_default_Vsup_pm6V_20260909,1,771,2026-09-09T10:32:26.503287+00:00,5.085700000000e+02,8.942384000000e-05,8.933450549451e-08
Offset_RevB_Chip_4_wiShield_Gmx_default_OSC_default_Vsup_pm6V_20260909,1,772,2026-09-09T10:32:27.167287+00:00,5.092340000000e+02,9.109461000000e-05,9.100360639361e-08
Offset_RevB_Chip_4_wiShield_Gmx_default_OSC_default_Vsup_pm6V_20260909,1,773,2026-09-09T10:32:27.823787+00:00,5.098905000000e+02,8.388425000000e-05,8.380044955045e-08
Offset_RevB_Chip_4_wiShield_Gmx_default_OSC_default_Vsup_pm6V_20260909,1,774,2026-09-09T10:32:28.480287+00:00,5.105470000000e+02,1.100144000000e-04,1.099044955045e-07
Offset_RevB_Chip_4_wiShield_Gmx_default_OSC_default_Vsup_pm6V_20260909,1,775,2026-09-09T10:32:29.144287+00:00,5.112110000000e+02,1.171478000000e-04,1.170307692308e-07
Offset_RevB_Chip_4_wiShield_Gmx_default_OSC_default_Vsup_pm6V_20260909,1,776,2026-09-09T10:32:29.808287+00:00,5.118750000000e+02,9.268161000000e-05,9.258902097902e-08
Offset_RevB_Chip_4_wiShield_Gmx_default_OSC_default_Vsup_pm6V_20260909,1,777,2026-09-09T10:32:30.464287+00:00,5.125310000000e+02,1.114096000000e-04,1.112983016983e-07
Offset_RevB_Chip_4_wiShield_Gmx_default_OSC_default_Vsup_pm6V_20260909,1,778,2026-09-09T10:32:31.120287+00:00,5.131870000000e+02,9.540610000000e-05,9.531078921079e-08
Offset_RevB_Chip_4_wiShield_Gmx_default_OSC_default_Vsup_pm6V_20260909,1,779,2026-09-09T10:32:31.784287+00:00,5.138510000000e+02,8.716013000000e-05,8.707305694306e-08
Offset_RevB_Chip_4_wiShield_Gmx_default_OSC_default_Vsup_pm6V_20260909,1,780,2026-09-09T10:32:32.448787+00:00,5.145155000000e+02,9.038902000000e-05,9.029872127872e-08
Offset_RevB_Chip_4_wiShield_Gmx_default_OSC_default_Vsup_pm6V_20260909,1,781,2026-09-09T10:32:33.105287+00:00,5.151720000000e+02,8.295869000000e-05,8.287581418581e-08
Offset_RevB_Chip_4_wiShield_Gmx_default_OSC_default_Vsup_pm6V_20260909,1,782,2026-09-09T10:32:33.761287+00:00,5.158280000000e+02,9.736531000000e-05,9.726804195804e-08
Offset_RevB_Chip_4_wiShield_Gmx_default_OSC_default_Vsup_pm6V_20260909,1,783,2026-09-09T10:32:34.425287+00:00,5.164920000000e+02,9.107144000000e-05,9.098045954046e-08
Offset_RevB_Chip_4_wiShield_Gmx_default_OSC_default_Vsup_pm6V_20260909,1,784,2026-09-09T10:32:35.089287+00:00,5.171560000000e+02,8.930396000000e-05,8.921474525475e-08
Offset_RevB_Chip_4_wiShield_Gmx_default_OSC_default_Vsup_pm6V_20260909,1,785,2026-09-09T10:32:35.745287+00:00,5.178120000000e+02,9.464484000000e-05,9.455028971029e-08
Offset_RevB_Chip_4_wiShield_Gmx_default_OSC_default_Vsup_pm6V_20260909,1,786,2026-09-09T10:32:36.401787+00:00,5.184685000000e+02,9.024363000000e-05,9.015347652348e-08
Offset_RevB_Chip_4_wiShield_Gmx_default_OSC_default_Vsup_pm6V_20260909,1,787,2026-09-09T10:32:37.058287+00:00,5.191250000000e+02,9.589406000000e-05,9.579826173826e-08
Offset_RevB_Chip_4_wiShield_Gmx_default_OSC_default_Vsup_pm6V_20260909,1,788,2026-09-09T10:32:37.722287+00:00,5.197890000000e+02,7.744006000000e-05,7.736269730270e-08
Offset_RevB_Chip_4_wiShield_Gmx_default_OSC_default_Vsup_pm6V_20260909,1,789,2026-09-09T10:32:38.386287+00:00,5.204530000000e+02,7.584569000000e-05,7.576992007992e-08
Offset_RevB_Chip_4_wiShield_Gmx_default_OSC_default_Vsup_pm6V_20260909,1,790,2026-09-09T10:32:39.042287+00:00,5.211090000000e+02,9.452755000000e-05,9.443311688312e-08
Offset_RevB_Chip_4_wiShield_Gmx_default_OSC_default_Vsup_pm6V_20260909,1,791,2026-09-09T10:32:39.698787+00:00,5.217655000000e+02,1.019422000000e-04,1.018403596404e-07
Offset_RevB_Chip_4_wiShield_Gmx_default_OSC_default_Vsup_pm6V_20260909,1,792,2026-09-09T10:32:40.362787+00:00,5.224295000000e+02,9.106226000000e-05,9.097128871129e-08
Offset_RevB_Chip_4_wiShield_Gmx_default_OSC_default_Vsup_pm6V_20260909,1,793,2026-09-09T10:32:41.026787+00:00,5.230935000000e+02,9.002368000000e-05,8.993374625375e-08
Offset_RevB_Chip_4_wiShield_Gmx_default_OSC_default_Vsup_pm6V_20260909,1,794,2026-09-09T10:32:41.683287+00:00,5.237500000000e+02,8.985447000000e-05,8.976470529471e-08
Offset_RevB_Chip_4_wiShield_Gmx_default_OSC_default_Vsup_pm6V_20260909,1,795,2026-09-09T10:32:42.339287+00:00,5.244060000000e+02,7.274419000000e-05,7.267151848152e-08
Offset_RevB_Chip_4_wiShield_Gmx_default_OSC_default_Vsup_pm6V_20260909,1,796,2026-09-09T10:32:42.995287+00:00,5.250620000000e+02,7.187910000000e-05,7.180729270729e-08
Offset_RevB_Chip_4_wiShield_Gmx_default_OSC_default_Vsup_pm6V_20260909,1,797,2026-09-09T10:32:43.659287+00:00,5.257260000000e+02,8.212817000000e-05,8.204612387612e-08
Offset_RevB_Chip_4_wiShield_Gmx_default_OSC_default_Vsup_pm6V_20260909,1,798,2026-09-09T10:32:44.323787+00:00,5.263905000000e+02,8.167970000000e-05,8.159810189810e-08
Offset_RevB_Chip_4_wiShield_Gmx_default_OSC_default_Vsup_pm6V_20260909,1,799,2026-09-09T10:32:44.980287+00:00,5.270470000000e+02,9.124558000000e-05,9.115442557443e-08
Offset_RevB_Chip_4_wiShield_Gmx_default_OSC_default_Vsup_pm6V_20260909,1,800,2026-09-09T10:32:45.636287+00:00,5.277030000000e+02,8.737117000000e-05,8.728388611389e-08
Offset_RevB_Chip_4_wiShield_Gmx_default_OSC_default_Vsup_pm6V_20260909,1,801,2026-09-09T10:32:46.292287+00:00,5.283590000000e+02,8.326747000000e-05,8.318428571429e-08
Offset_RevB_Chip_4_wiShield_Gmx_default_OSC_default_Vsup_pm6V_20260909,1,802,2026-09-09T10:32:46.956287+00:00,5.290230000000e+02,9.809409000000e-05,9.799609390609e-08
Offset_RevB_Chip_4_wiShield_Gmx_default_OSC_default_Vsup_pm6V_20260909,1,803,2026-09-09T10:32:47.620287+00:00,5.296870000000e+02,8.704595000000e-05,8.695899100899e-08
Offset_RevB_Chip_4_wiShield_Gmx_default_OSC_default_Vsup_pm6V_20260909,1,804,2026-09-09T10:32:48.276787+00:00,5.303435000000e+02,1.024451000000e-04,1.023427572428e-07
Offset_RevB_Chip_4_wiShield_Gmx_default_OSC_default_Vsup_pm6V_20260909,1,805,2026-09-09T10:32:48.933287+00:00,5.310000000000e+02,8.936067000000e-05,8.927139860140e-08
Offset_RevB_Chip_4_wiShield_Gmx_default_OSC_default_Vsup_pm6V_20260909,1,806,2026-09-09T10:32:49.597287+00:00,5.316640000000e+02,1.021005000000e-04,1.019985014985e-07
Offset_RevB_Chip_4_wiShield_Gmx_default_OSC_default_Vsup_pm6V_20260909,1,807,2026-09-09T10:32:50.261287+00:00,5.323280000000e+02,9.054282000000e-05,9.045236763237e-08
Offset_RevB_Chip_4_wiShield_Gmx_default_OSC_default_Vsup_pm6V_20260909,1,808,2026-09-09T10:32:50.917287+00:00,5.329840000000e+02,9.705006000000e-05,9.695310689311e-08
Offset_RevB_Chip_4_wiShield_Gmx_default_OSC_default_Vsup_pm6V_20260909,1,809,2026-09-09T10:32:51.573787+00:00,5.336405000000e+02,8.170442000000e-05,8.162279720280e-08
Offset_RevB_Chip_4_wiShield_Gmx_default_OSC_default_Vsup_pm6V_20260909,1,810,2026-09-09T10:32:52.230287+00:00,5.342970000000e+02,8.395596000000e-05,8.387208791209e-08
Offset_RevB_Chip_4_wiShield_Gmx_default_OSC_default_Vsup_pm6V_20260909,1,811,2026-09-09T10:32:52.894287+00:00,5.349610000000e+02,8.522512000000e-05,8.513998001998e-08
Offset_RevB_Chip_4_wiShield_Gmx_default_OSC_default_Vsup_pm6V_20260909,1,812,2026-09-09T10:32:53.558287+00:00,5.356250000000e+02,9.425216000000e-05,9.415800199800e-08
Offset_RevB_Chip_4_wiShield_Gmx_default_OSC_default_Vsup_pm6V_20260909,1,813,2026-09-09T10:32:54.214287+00:00,5.362810000000e+02,8.791466000000e-05,8.782683316683e-08
Offset_RevB_Chip_4_wiShield_Gmx_default_OSC_default_Vsup_pm6V_20260909,1,814,2026-09-09T10:32:54.870287+00:00,5.369370000000e+02,7.777239000000e-05,7.769469530470e-08
Offset_RevB_Chip_4_wiShield_Gmx_default_OSC_default_Vsup_pm6V_20260909,1,815,2026-09-09T10:32:55.526787+00:00,5.375935000000e+02,8.824570000000e-05,8.815754245754e-08
Offset_RevB_Chip_4_wiShield_Gmx_default_OSC_default_Vsup_pm6V_20260909,1,816,2026-09-09T10:32:56.191287+00:00,5.382580000000e+02,9.321009000000e-05,9.311697302697e-08
Offset_RevB_Chip_4_wiShield_Gmx_default_OSC_default_Vsup_pm6V_20260909,1,817,2026-09-09T10:32:56.855287+00:00,5.389220000000e+02,8.613902000000e-05,8.605296703297e-08
Offset_RevB_Chip_4_wiShield_Gmx_default_OSC_default_Vsup_pm6V_20260909,1,818,2026-09-09T10:32:57.511287+00:00,5.395780000000e+02,1.014922000000e-04,1.013908091908e-07
Offset_RevB_Chip_4_wiShield_Gmx_default_OSC_default_Vsup_pm6V_20260909,1,819,2026-09-09T10:32:58.167287+00:00,5.402340000000e+02,9.624452000000e-05,9.614837162837e-08
Offset_RevB_Chip_4_wiShield_Gmx_default_OSC_default_Vsup_pm6V_20260909,1,820,2026-09-09T10:32:58.823787+00:00,5.408905000000e+02,1.012309000000e-04,1.011297702298e-07
Offset_RevB_Chip_4_wiShield_Gmx_default_OSC_default_Vsup_pm6V_20260909,1,821,2026-09-09T10:32:59.495287+00:00,5.415620000000e+02,9.688175000000e-05,9.678496503497e-08
Offset_RevB_Chip_4_wiShield_Gmx_default_OSC_default_Vsup_pm6V_20260909,1,822,2026-09-09T10:33:00.151787+00:00,5.422185000000e+02,1.076504000000e-04,1.075428571429e-07
Offset_RevB_Chip_4_wiShield_Gmx_default_OSC_default_Vsup_pm6V_20260909,1,823,2026-09-09T10:33:00.808287+00:00,5.428750000000e+02,1.075019000000e-04,1.073945054945e-07
Offset_RevB_Chip_4_wiShield_Gmx_default_OSC_default_Vsup_pm6V_20260909,1,824,2026-09-09T10:33:01.464287+00:00,5.435310000000e+02,9.335923000000e-05,9.326596403596e-08
Offset_RevB_Chip_4_wiShield_Gmx_default_OSC_default_Vsup_pm6V_20260909,1,825,2026-09-09T10:33:02.128287+00:00,5.441950000000e+02,9.562994000000e-05,9.553440559441e-08
Offset_RevB_Chip_4_wiShield_Gmx_default_OSC_default_Vsup_pm6V_20260909,1,826,2026-09-09T10:33:02.792287+00:00,5.448590000000e+02,8.851124000000e-05,8.842281718282e-08
Offset_RevB_Chip_4_wiShield_Gmx_default_OSC_default_Vsup_pm6V_20260909,1,827,2026-09-09T10:33:03.448787+00:00,5.455155000000e+02,1.090247000000e-04,1.089157842158e-07
Offset_RevB_Chip_4_wiShield_Gmx_default_OSC_default_Vsup_pm6V_20260909,1,828,2026-09-09T10:33:04.105287+00:00,5.461720000000e+02,1.085250000000e-04,1.084165834166e-07
Offset_RevB_Chip_4_wiShield_Gmx_default_OSC_default_Vsup_pm6V_20260909,1,829,2026-09-09T10:33:04.761287+00:00,5.468280000000e+02,9.357039000000e-05,9.347691308691e-08
Offset_RevB_Chip_4_wiShield_Gmx_default_OSC_default_Vsup_pm6V_20260909,1,830,2026-09-09T10:33:05.425287+00:00,5.474920000000e+02,9.932529000000e-05,9.922606393606e-08
Offset_RevB_Chip_4_wiShield_Gmx_default_OSC_default_Vsup_pm6V_20260909,1,831,2026-09-09T10:33:06.089287+00:00,5.481560000000e+02,1.033857000000e-04,1.032824175824e-07
Offset_RevB_Chip_4_wiShield_Gmx_default_OSC_default_Vsup_pm6V_20260909,1,832,2026-09-09T10:33:06.745287+00:00,5.488120000000e+02,9.861685000000e-05,9.851833166833e-08
Offset_RevB_Chip_4_wiShield_Gmx_default_OSC_default_Vsup_pm6V_20260909,1,833,2026-09-09T10:33:07.401787+00:00,5.494685000000e+02,1.257424000000e-04,1.256167832168e-07
Offset_RevB_Chip_4_wiShield_Gmx_default_OSC_default_Vsup_pm6V_20260909,1,834,2026-09-09T10:33:08.058287+00:00,5.501250000000e+02,1.072425000000e-04,1.071353646354e-07
Offset_RevB_Chip_4_wiShield_Gmx_default_OSC_default_Vsup_pm6V_20260909,1,835,2026-09-09T10:33:08.722287+00:00,5.507890000000e+02,1.078329000000e-04,1.077251748252e-07
Offset_RevB_Chip_4_wiShield_Gmx_default_OSC_default_Vsup_pm6V_20260909,1,836,2026-09-09T10:33:09.386287+00:00,5.514530000000e+02,1.011403000000e-04,1.010392607393e-07
Offset_RevB_Chip_4_wiShield_Gmx_default_OSC_default_Vsup_pm6V_20260909,1,837,2026-09-09T10:33:10.042287+00:00,5.521090000000e+02,1.180857000000e-04,1.179677322677e-07
Offset_RevB_Chip_4_wiShield_Gmx_default_OSC_default_Vsup_pm6V_20260909,1,838,2026-09-09T10:33:10.698787+00:00,5.527655000000e+02,1.272218000000e-04,1.270947052947e-07
Offset_RevB_Chip_4_wiShield_Gmx_default_OSC_default_Vsup_pm6V_20260909,1,839,2026-09-09T10:33:11.362787+00:00,5.534295000000e+02,1.293659000000e-04,1.292366633367e-07
Offset_RevB_Chip_4_wiShield_Gmx_default_OSC_default_Vsup_pm6V_20260909,1,840,2026-09-09T10:33:12.026787+00:00,5.540935000000e+02,1.400446000000e-04,1.399046953047e-07
Offset_RevB_Chip_4_wiShield_Gmx_default_OSC_default_Vsup_pm6V_20260909,1,841,2026-09-09T10:33:12.683287+00:00,5.547500000000e+02,1.417539000000e-04,1.416122877123e-07
Offset_RevB_Chip_4_wiShield_Gmx_default_OSC_default_Vsup_pm6V_20260909,1,842,2026-09-09T10:33:13.339287+00:00,5.554060000000e+02,1.352629000000e-04,1.351277722278e-07
Offset_RevB_Chip_4_wiShield_Gmx_default_OSC_default_Vsup_pm6V_20260909,1,843,2026-09-09T10:33:13.995287+00:00,5.560620000000e+02,1.230043000000e-04,1.228814185814e-07
Offset_RevB_Chip_4_wiShield_Gmx_default_OSC_default_Vsup_pm6V_20260909,1,844,2026-09-09T10:33:14.659287+00:00,5.567260000000e+02,1.293215000000e-04,1.291923076923e-07
Offset_RevB_Chip_4_wiShield_Gmx_default_OSC_default_Vsup_pm6V_20260909,1,845,2026-09-09T10:33:15.323787+00:00,5.573905000000e+02,1.319094000000e-04,1.317776223776e-07
Offset_RevB_Chip_4_wiShield_Gmx_default_OSC_default_Vsup_pm6V_20260909,1,846,2026-09-09T10:33:15.980287+00:00,5.580470000000e+02,1.266464000000e-04,1.265198801199e-07
Offset_RevB_Chip_4_wiShield_Gmx_default_OSC_default_Vsup_pm6V_20260909,1,847,2026-09-09T10:33:16.636287+00:00,5.587030000000e+02,1.208259000000e-04,1.207051948052e-07
Offset_RevB_Chip_4_wiShield_Gmx_default_OSC_default_Vsup_pm6V_20260909,1,848,2026-09-09T10:33:17.292287+00:00,5.593590000000e+02,1.173980000000e-04,1.172807192807e-07
Offset_RevB_Chip_4_wiShield_Gmx_default_OSC_default_Vsup_pm6V_20260909,1,849,2026-09-09T10:33:17.956287+00:00,5.600230000000e+02,1.418749000000e-04,1.417331668332e-07
Offset_RevB_Chip_4_wiShield_Gmx_default_OSC_default_Vsup_pm6V_20260909,1,850,2026-09-09T10:33:18.620287+00:00,5.606870000000e+02,1.286185000000e-04,1.284900099900e-07
Offset_RevB_Chip_4_wiShield_Gmx_default_OSC_default_Vsup_pm6V_20260909,1,851,2026-09-09T10:33:19.276787+00:00,5.613435000000e+02,1.454383000000e-04,1.452930069930e-07
Offset_RevB_Chip_4_wiShield_Gmx_default_OSC_default_Vsup_pm6V_20260909,1,852,2026-09-09T10:33:19.933287+00:00,5.620000000000e+02,1.484263000000e-04,1.482780219780e-07
Offset_RevB_Chip_4_wiShield_Gmx_default_OSC_default_Vsup_pm6V_20260909,1,853,2026-09-09T10:33:20.589287+00:00,5.626560000000e+02,1.421254000000e-04,1.419834165834e-07
Offset_RevB_Chip_4_wiShield_Gmx_default_OSC_default_Vsup_pm6V_20260909,1,854,2026-09-09T10:33:21.261287+00:00,5.633280000000e+02,1.588558000000e-04,1.586971028971e-07
Offset_RevB_Chip_4_wiShield_Gmx_default_OSC_default_Vsup_pm6V_20260909,1,855,2026-09-09T10:33:21.917287+00:00,5.639840000000e+02,1.526662000000e-04,1.525136863137e-07
Offset_RevB_Chip_4_wiShield_Gmx_default_OSC_default_Vsup_pm6V_20260909,1,856,2026-09-09T10:33:22.573787+00:00,5.646405000000e+02,1.489430000000e-04,1.487942057942e-07
Offset_RevB_Chip_4_wiShield_Gmx_default_OSC_default_Vsup_pm6V_20260909,1,857,2026-09-09T10:33:23.230287+00:00,5.652970000000e+02,1.552640000000e-04,1.551088911089e-07
Offset_RevB_Chip_4_wiShield_Gmx_default_OSC_default_Vsup_pm6V_20260909,1,858,2026-09-09T10:33:23.894287+00:00,5.659610000000e+02,1.271592000000e-04,1.270321678322e-07
Offset_RevB_Chip_4_wiShield_Gmx_default_OSC_default_Vsup_pm6V_20260909,1,859,2026-09-09T10:33:24.558287+00:00,5.666250000000e+02,1.374759000000e-04,1.373385614386e-07
Offset_RevB_Chip_4_wiShield_Gmx_default_OSC_default_Vsup_pm6V_20260909,1,860,2026-09-09T10:33:25.214287+00:00,5.672810000000e+02,1.341864000000e-04,1.340523476523e-07
Offset_RevB_Chip_4_wiShield_Gmx_default_OSC_default_Vsup_pm6V_20260909,1,861,2026-09-09T10:33:25.870287+00:00,5.679370000000e+02,1.419168000000e-04,1.417750249750e-07
Offset_RevB_Chip_4_wiShield_Gmx_default_OSC_default_Vsup_pm6V_20260909,1,862,2026-09-09T10:33:26.526787+00:00,5.685935000000e+02,1.440279000000e-04,1.438840159840e-07
Offset_RevB_Chip_4_wiShield_Gmx_default_OSC_default_Vsup_pm6V_20260909,1,863,2026-09-09T10:33:27.191287+00:00,5.692580000000e+02,1.434141000000e-04,1.432708291708e-07
Offset_RevB_Chip_4_wiShield_Gmx_default_OSC_default_Vsup_pm6V_20260909,1,864,2026-09-09T10:33:27.855287+00:00,5.699220000000e+02,1.599679000000e-04,1.598080919081e-07
Offset_RevB_Chip_4_wiShield_Gmx_default_OSC_default_Vsup_pm6V_20260909,1,865,2026-09-09T10:33:28.511287+00:00,5.705780000000e+02,1.568546000000e-04,1.566979020979e-07
Offset_RevB_Chip_4_wiShield_Gmx_default_OSC_default_Vsup_pm6V_20260909,1,866,2026-09-09T10:33:29.167287+00:00,5.712340000000e+02,1.533162000000e-04,1.531630369630e-07
Offset_RevB_Chip_4_wiShield_Gmx_default_OSC_default_Vsup_pm6V_20260909,1,867,2026-09-09T10:33:29.823787+00:00,5.718905000000e+02,1.516119000000e-04,1.514604395604e-07
Offset_RevB_Chip_4_wiShield_Gmx_default_OSC_default_Vsup_pm6V_20260909,1,868,2026-09-09T10:33:30.495287+00:00,5.725620000000e+02,1.540773000000e-04,1.539233766234e-07
Offset_RevB_Chip_4_wiShield_Gmx_default_OSC_default_Vsup_pm6V_20260909,1,869,2026-09-09T10:33:31.151787+00:00,5.732185000000e+02,1.430487000000e-04,1.429057942058e-07
Offset_RevB_Chip_4_wiShield_Gmx_default_OSC_default_Vsup_pm6V_20260909,1,870,2026-09-09T10:33:31.808287+00:00,5.738750000000e+02,1.599359000000e-04,1.597761238761e-07
Offset_RevB_Chip_4_wiShield_Gmx_default_OSC_default_Vsup_pm6V_20260909,1,871,2026-09-09T10:33:32.464287+00:00,5.745310000000e+02,1.660713000000e-04,1.659053946054e-07
Offset_RevB_Chip_4_wiShield_Gmx_default_OSC_default_Vsup_pm6V_20260909,1,872,2026-09-09T10:33:33.128287+00:00,5.751950000000e+02,1.578378000000e-04,1.576801198801e-07
Offset_RevB_Chip_4_wiShield_Gmx_default_OSC_default_Vsup_pm6V_20260909,1,873,2026-09-09T10:33:33.792287+00:00,5.758590000000e+02,1.677975000000e-04,1.676298701299e-07
Offset_RevB_Chip_4_wiShield_Gmx_default_OSC_default_Vsup_pm6V_20260909,1,874,2026-09-09T10:33:34.448787+00:00,5.765155000000e+02,1.574494000000e-04,1.572921078921e-07
Offset_RevB_Chip_4_wiShield_Gmx_default_OSC_default_Vsup_pm6V_20260909,1,875,2026-09-09T10:33:35.105287+00:00,5.771720000000e+02,1.629261000000e-04,1.627633366633e-07
Offset_RevB_Chip_4_wiShield_Gmx_default_OSC_default_Vsup_pm6V_20260909,1,876,2026-09-09T10:33:35.761287+00:00,5.778280000000e+02,1.700408000000e-04,1.698709290709e-07
Offset_RevB_Chip_4_wiShield_Gmx_default_OSC_default_Vsup_pm6V_20260909,1,877,2026-09-09T10:33:36.425287+00:00,5.784920000000e+02,1.658426000000e-04,1.656769230769e-07
Offset_RevB_Chip_4_wiShield_Gmx_default_OSC_default_Vsup_pm6V_20260909,1,878,2026-09-09T10:33:37.089287+00:00,5.791560000000e+02,1.760292000000e-04,1.758533466533e-07
Offset_RevB_Chip_4_wiShield_Gmx_default_OSC_default_Vsup_pm6V_20260909,1,879,2026-09-09T10:33:37.745287+00:00,5.798120000000e+02,1.654819000000e-04,1.653165834166e-07
Offset_RevB_Chip_4_wiShield_Gmx_default_OSC_default_Vsup_pm6V_20260909,1,880,2026-09-09T10:33:38.401787+00:00,5.804685000000e+02,1.766804000000e-04,1.765038961039e-07
Offset_RevB_Chip_4_wiShield_Gmx_default_OSC_default_Vsup_pm6V_20260909,1,881,2026-09-09T10:33:39.066287+00:00,5.811330000000e+02,1.648954000000e-04,1.647306693307e-07
Offset_RevB_Chip_4_wiShield_Gmx_default_OSC_default_Vsup_pm6V_20260909,1,882,2026-09-09T10:33:39.730287+00:00,5.817970000000e+02,1.821402000000e-04,1.819582417582e-07
Offset_RevB_Chip_4_wiShield_Gmx_default_OSC_default_Vsup_pm6V_20260909,1,883,2026-09-09T10:33:40.386287+00:00,5.824530000000e+02,1.773872000000e-04,1.772099900100e-07
Offset_RevB_Chip_4_wiShield_Gmx_default_OSC_default_Vsup_pm6V_20260909,1,884,2026-09-09T10:33:41.042287+00:00,5.831090000000e+02,1.658351000000e-04,1.656694305694e-07
Offset_RevB_Chip_4_wiShield_Gmx_default_OSC_default_Vsup_pm6V_20260909,1,885,2026-09-09T10:33:41.698787+00:00,5.837655000000e+02,1.630298000000e-04,1.628669330669e-07
Offset_RevB_Chip_4_wiShield_Gmx_default_OSC_default_Vsup_pm6V_20260909,1,886,2026-09-09T10:33:42.370287+00:00,5.844370000000e+02,1.695982000000e-04,1.694287712288e-07
Offset_RevB_Chip_4_wiShield_Gmx_default_OSC_default_Vsup_pm6V_20260909,1,887,2026-09-09T10:33:43.026787+00:00,5.850935000000e+02,1.819572000000e-04,1.817754245754e-07
Offset_RevB_Chip_4_wiShield_Gmx_default_OSC_default_Vsup_pm6V_20260909,1,888,2026-09-09T10:33:43.683287+00:00,5.857500000000e+02,1.793716000000e-04,1.791924075924e-07
Offset_RevB_Chip_4_wiShield_Gmx_default_OSC_default_Vsup_pm6V_20260909,1,889,2026-09-09T10:33:44.339287+00:00,5.864060000000e+02,1.743241000000e-04,1.741499500500e-07
Offset_RevB_Chip_4_wiShield_Gmx_default_OSC_default_Vsup_pm6V_20260909,1,890,2026-09-09T10:33:45.003287+00:00,5.870700000000e+02,1.893218000000e-04,1.891326673327e-07
Offset_RevB_Chip_4_wiShield_Gmx_default_OSC_default_Vsup_pm6V_20260909,1,891,2026-09-09T10:33:45.667287+00:00,5.877340000000e+02,1.800903000000e-04,1.799103896104e-07
Offset_RevB_Chip_4_wiShield_Gmx_default_OSC_default_Vsup_pm6V_20260909,1,892,2026-09-09T10:33:46.323787+00:00,5.883905000000e+02,1.705101000000e-04,1.703397602398e-07
Offset_RevB_Chip_4_wiShield_Gmx_default_OSC_default_Vsup_pm6V_20260909,1,893,2026-09-09T10:33:46.980287+00:00,5.890470000000e+02,1.746941000000e-04,1.745195804196e-07
Offset_RevB_Chip_4_wiShield_Gmx_default_OSC_default_Vsup_pm6V_20260909,1,894,2026-09-09T10:33:47.644287+00:00,5.897110000000e+02,1.879136000000e-04,1.877258741259e-07
Offset_RevB_Chip_4_wiShield_Gmx_default_OSC_default_Vsup_pm6V_20260909,1,895,2026-09-09T10:33:48.308287+00:00,5.903750000000e+02,1.882709000000e-04,1.880828171828e-07
Offset_RevB_Chip_4_wiShield_Gmx_default_OSC_default_Vsup_pm6V_20260909,1,896,2026-09-09T10:33:48.964287+00:00,5.910310000000e+02,1.677326000000e-04,1.675650349650e-07
Offset_RevB_Chip_4_wiShield_Gmx_default_OSC_default_Vsup_pm6V_20260909,1,897,2026-09-09T10:33:49.620287+00:00,5.916870000000e+02,1.585084000000e-04,1.583500499500e-07
Offset_RevB_Chip_4_wiShield_Gmx_default_OSC_default_Vsup_pm6V_20260909,1,898,2026-09-09T10:33:50.284287+00:00,5.923510000000e+02,1.692541000000e-04,1.690850149850e-07
Offset_RevB_Chip_4_wiShield_Gmx_default_OSC_default_Vsup_pm6V_20260909,1,899,2026-09-09T10:33:50.948787+00:00,5.930155000000e+02,1.801858000000e-04,1.800057942058e-07
Offset_RevB_Chip_4_wiShield_Gmx_default_OSC_default_Vsup_pm6V_20260909,1,900,2026-09-09T10:33:51.605287+00:00,5.936720000000e+02,1.733474000000e-04,1.731742257742e-07
Offset_RevB_Chip_4_wiShield_Gmx_default_OSC_default_Vsup_pm6V_20260909,1,901,2026-09-09T10:33:52.261287+00:00,5.943280000000e+02,1.723549000000e-04,1.721827172827e-07
Offset_RevB_Chip_4_wiShield_Gmx_default_OSC_default_Vsup_pm6V_20260909,1,902,2026-09-09T10:33:52.925287+00:00,5.949920000000e+02,1.621507000000e-04,1.619887112887e-07
Offset_RevB_Chip_4_wiShield_Gmx_default_OSC_default_Vsup_pm6V_20260909,1,903,2026-09-09T10:33:53.589287+00:00,5.956560000000e+02,1.774752000000e-04,1.772979020979e-07
Offset_RevB_Chip_4_wiShield_Gmx_default_OSC_default_Vsup_pm6V_20260909,1,904,2026-09-09T10:33:54.245287+00:00,5.963120000000e+02,1.737769000000e-04,1.736032967033e-07
Offset_RevB_Chip_4_wiShield_Gmx_default_OSC_default_Vsup_pm6V_20260909,1,905,2026-09-09T10:33:54.909287+00:00,5.969760000000e+02,1.754589000000e-04,1.752836163836e-07
Offset_RevB_Chip_4_wiShield_Gmx_default_OSC_default_Vsup_pm6V_20260909,1,906,2026-09-09T10:33:55.573787+00:00,5.976405000000e+02,1.834090000000e-04,1.832257742258e-07
Offset_RevB_Chip_4_wiShield_Gmx_default_OSC_default_Vsup_pm6V_20260909,1,907,2026-09-09T10:33:56.230287+00:00,5.982970000000e+02,1.796177000000e-04,1.794382617383e-07
Offset_RevB_Chip_4_wiShield_Gmx_default_OSC_default_Vsup_pm6V_20260909,1,908,2026-09-09T10:33:56.886287+00:00,5.989530000000e+02,1.850413000000e-04,1.848564435564e-07
Offset_RevB_Chip_4_wiShield_Gmx_default_OSC_default_Vsup_pm6V_20260909,1,909,2026-09-09T10:33:57.550287+00:00,5.996170000000e+02,2.144307000000e-04,2.142164835165e-07
Offset_RevB_Chip_4_wiShield_Gmx_default_OSC_default_Vsup_pm6V_20260909,1,910,2026-09-09T10:33:58.214287+00:00,6.002810000000e+02,1.958574000000e-04,1.956617382617e-07
Offset_RevB_Chip_4_wiShield_Gmx_default_OSC_default_Vsup_pm6V_20260909,1,911,2026-09-09T10:33:58.870287+00:00,6.009370000000e+02,1.644327000000e-04,1.642684315684e-07
Offset_RevB_Chip_4_wiShield_Gmx_default_OSC_default_Vsup_pm6V_20260909,1,912,2026-09-09T10:33:59.526787+00:00,6.015935000000e+02,1.904314000000e-04,1.902411588412e-07
Offset_RevB_Chip_4_wiShield_Gmx_default_OSC_default_Vsup_pm6V_20260909,1,913,2026-09-09T10:34:00.191287+00:00,6.022580000000e+02,1.772317000000e-04,1.770546453546e-07
Offset_RevB_Chip_4_wiShield_Gmx_default_OSC_default_Vsup_pm6V_20260909,1,914,2026-09-09T10:34:00.855287+00:00,6.029220000000e+02,1.765770000000e-04,1.764005994006e-07
Offset_RevB_Chip_4_wiShield_Gmx_default_OSC_default_Vsup_pm6V_20260909,1,915,2026-09-09T10:34:01.511287+00:00,6.035780000000e+02,1.731839000000e-04,1.730108891109e-07
Offset_RevB_Chip_4_wiShield_Gmx_default_OSC_default_Vsup_pm6V_20260909,1,916,2026-09-09T10:34:02.167287+00:00,6.042340000000e+02,1.823850000000e-04,1.822027972028e-07
Offset_RevB_Chip_4_wiShield_Gmx_default_OSC_default_Vsup_pm6V_20260909,1,917,2026-09-09T10:34:02.831287+00:00,6.048980000000e+02,1.660479000000e-04,1.658820179820e-07
Offset_RevB_Chip_4_wiShield_Gmx_default_OSC_default_Vsup_pm6V_20260909,1,918,2026-09-09T10:34:03.495287+00:00,6.055620000000e+02,1.831694000000e-04,1.829864135864e-07
Offset_RevB_Chip_4_wiShield_Gmx_default_OSC_default_Vsup_pm6V_20260909,1,919,2026-09-09T10:34:04.151787+00:00,6.062185000000e+02,1.865423000000e-04,1.863559440559e-07
Offset_RevB_Chip_4_wiShield_Gmx_default_OSC_default_Vsup_pm6V_20260909,1,920,2026-09-09T10:34:04.808287+00:00,6.068750000000e+02,1.945938000000e-04,1.943994005994e-07
Offset_RevB_Chip_4_wiShield_Gmx_default_OSC_default_Vsup_pm6V_20260909,1,921,2026-09-09T10:34:05.480287+00:00,6.075470000000e+02,1.559085000000e-04,1.557527472527e-07
Offset_RevB_Chip_4_wiShield_Gmx_default_OSC_default_Vsup_pm6V_20260909,1,922,2026-09-09T10:34:06.136287+00:00,6.082030000000e+02,1.775456000000e-04,1.773682317682e-07
Offset_RevB_Chip_4_wiShield_Gmx_default_OSC_default_Vsup_pm6V_20260909,1,923,2026-09-09T10:34:06.792287+00:00,6.088590000000e+02,1.752604000000e-04,1.750853146853e-07
Offset_RevB_Chip_4_wiShield_Gmx_default_OSC_default_Vsup_pm6V_20260909,1,924,2026-09-09T10:34:07.456287+00:00,6.095230000000e+02,1.760402000000e-04,1.758643356643e-07
Offset_RevB_Chip_4_wiShield_Gmx_default_OSC_default_Vsup_pm6V_20260909,1,925,2026-09-09T10:34:08.120287+00:00,6.101870000000e+02,1.762901000000e-04,1.761139860140e-07
Offset_RevB_Chip_4_wiShield_Gmx_default_OSC_default_Vsup_pm6V_20260909,1,926,2026-09-09T10:34:08.776787+00:00,6.108435000000e+02,1.843658000000e-04,1.841816183816e-07
Offset_RevB_Chip_4_wiShield_Gmx_default_OSC_default_Vsup_pm6V_20260909,1,927,2026-09-09T10:34:09.433287+00:00,6.115000000000e+02,1.936378000000e-04,1.934443556444e-07
Offset_RevB_Chip_4_wiShield_Gmx_default_OSC_default_Vsup_pm6V_20260909,1,928,2026-09-09T10:34:10.097287+00:00,6.121640000000e+02,1.841618000000e-04,1.839778221778e-07
Offset_RevB_Chip_4_wiShield_Gmx_default_OSC_default_Vsup_pm6V_20260909,1,929,2026-09-09T10:34:10.761287+00:00,6.128280000000e+02,1.718816000000e-04,1.717098901099e-07
Offset_RevB_Chip_4_wiShield_Gmx_default_OSC_default_Vsup_pm6V_20260909,1,930,2026-09-09T10:34:11.417287+00:00,6.134840000000e+02,1.814949000000e-04,1.813135864136e-07
Offset_RevB_Chip_4_wiShield_Gmx_default_OSC_default_Vsup_pm6V_20260909,1,931,2026-09-09T10:34:12.073787+00:00,6.141405000000e+02,1.833419000000e-04,1.831587412587e-07
Offset_RevB_Chip_4_wiShield_Gmx_default_OSC_default_Vsup_pm6V_20260909,1,932,2026-09-09T10:34:12.737787+00:00,6.148045000000e+02,1.730036000000e-04,1.728307692308e-07
Offset_RevB_Chip_4_wiShield_Gmx_default_OSC_default_Vsup_pm6V_20260909,1,933,2026-09-09T10:34:13.401787+00:00,6.154685000000e+02,1.968687000000e-04,1.966720279720e-07
Offset_RevB_Chip_4_wiShield_Gmx_default_OSC_default_Vsup_pm6V_20260909,1,934,2026-09-09T10:34:14.058287+00:00,6.161250000000e+02,1.893094000000e-04,1.891202797203e-07
Offset_RevB_Chip_4_wiShield_Gmx_default_OSC_default_Vsup_pm6V_20260909,1,935,2026-09-09T10:34:14.722287+00:00,6.167890000000e+02,1.852050000000e-04,1.850199800200e-07
Offset_RevB_Chip_4_wiShield_Gmx_default_OSC_default_Vsup_pm6V_20260909,1,936,2026-09-09T10:34:15.386287+00:00,6.174530000000e+02,2.162219000000e-04,2.160058941059e-07
Offset_RevB_Chip_4_wiShield_Gmx_default_OSC_default_Vsup_pm6V_20260909,1,937,2026-09-09T10:34:16.042287+00:00,6.181090000000e+02,2.142555000000e-04,2.140414585415e-07
Offset_RevB_Chip_4_wiShield_Gmx_default_OSC_default_Vsup_pm6V_20260909,1,938,2026-09-09T10:34:16.698787+00:00,6.187655000000e+02,1.840121000000e-04,1.838282717283e-07
Offset_RevB_Chip_4_wiShield_Gmx_default_OSC_default_Vsup_pm6V_20260909,1,939,2026-09-09T10:34:17.362787+00:00,6.194295000000e+02,1.948679000000e-04,1.946732267732e-07
Offset_RevB_Chip_4_wiShield_Gmx_default_OSC_default_Vsup_pm6V_20260909,1,940,2026-09-09T10:34:18.026787+00:00,6.200935000000e+02,1.989317000000e-04,1.987329670330e-07
Offset_RevB_Chip_4_wiShield_Gmx_default_OSC_default_Vsup_pm6V_20260909,1,941,2026-09-09T10:34:18.683287+00:00,6.207500000000e+02,2.037056000000e-04,2.035020979021e-07
Offset_RevB_Chip_4_wiShield_Gmx_default_OSC_default_Vsup_pm6V_20260909,1,942,2026-09-09T10:34:19.339287+00:00,6.214060000000e+02,1.886962000000e-04,1.885076923077e-07
Offset_RevB_Chip_4_wiShield_Gmx_default_OSC_default_Vsup_pm6V_20260909,1,943,2026-09-09T10:34:20.003287+00:00,6.220700000000e+02,2.087467000000e-04,2.085381618382e-07
Offset_RevB_Chip_4_wiShield_Gmx_default_OSC_default_Vsup_pm6V_20260909,1,944,2026-09-09T10:34:20.667287+00:00,6.227340000000e+02,1.966196000000e-04,1.964231768232e-07
Offset_RevB_Chip_4_wiShield_Gmx_default_OSC_default_Vsup_pm6V_20260909,1,945,2026-09-09T10:34:21.323787+00:00,6.233905000000e+02,2.061259000000e-04,2.059199800200e-07
Offset_RevB_Chip_4_wiShield_Gmx_default_OSC_default_Vsup_pm6V_20260909,1,946,2026-09-09T10:34:21.980287+00:00,6.240470000000e+02,2.121305000000e-04,2.119185814186e-07
Offset_RevB_Chip_4_wiShield_Gmx_default_OSC_default_Vsup_pm6V_20260909,1,947,2026-09-09T10:34:22.644287+00:00,6.247110000000e+02,2.151651000000e-04,2.149501498501e-07
Offset_RevB_Chip_4_wiShield_Gmx_default_OSC_default_Vsup_pm6V_20260909,1,948,2026-09-09T10:34:23.308287+00:00,6.253750000000e+02,2.019664000000e-04,2.017646353646e-07
Offset_RevB_Chip_4_wiShield_Gmx_default_OSC_default_Vsup_pm6V_20260909,1,949,2026-09-09T10:34:23.964287+00:00,6.260310000000e+02,2.189098000000e-04,2.186911088911e-07
Offset_RevB_Chip_4_wiShield_Gmx_default_OSC_default_Vsup_pm6V_20260909,1,950,2026-09-09T10:34:24.620287+00:00,6.266870000000e+02,2.131815000000e-04,2.129685314685e-07
Offset_RevB_Chip_4_wiShield_Gmx_default_OSC_default_Vsup_pm6V_20260909,1,951,2026-09-09T10:34:25.284287+00:00,6.273510000000e+02,2.131369000000e-04,2.129239760240e-07
Offset_RevB_Chip_4_wiShield_Gmx_default_OSC_default_Vsup_pm6V_20260909,1,952,2026-09-09T10:34:25.948787+00:00,6.280155000000e+02,2.035443000000e-04,2.033409590410e-07
Offset_RevB_Chip_4_wiShield_Gmx_default_OSC_default_Vsup_pm6V_20260909,1,953,2026-09-09T10:34:26.605287+00:00,6.286720000000e+02,2.183194000000e-04,2.181012987013e-07
Offset_RevB_Chip_4_wiShield_Gmx_default_OSC_default_Vsup_pm6V_20260909,1,954,2026-09-09T10:34:27.261287+00:00,6.293280000000e+02,2.075107000000e-04,2.073033966034e-07
Offset_RevB_Chip_4_wiShield_Gmx_default_OSC_default_Vsup_pm6V_20260909,1,955,2026-09-09T10:34:27.925287+00:00,6.299920000000e+02,2.115088000000e-04,2.112975024975e-07
Offset_RevB_Chip_4_wiShield_Gmx_default_OSC_default_Vsup_pm6V_20260909,1,956,2026-09-09T10:34:28.589287+00:00,6.306560000000e+02,2.063139000000e-04,2.061077922078e-07
Offset_RevB_Chip_4_wiShield_Gmx_default_OSC_default_Vsup_pm6V_20260909,1,957,2026-09-09T10:34:29.245287+00:00,6.313120000000e+02,2.187327000000e-04,2.185141858142e-07
Offset_RevB_Chip_4_wiShield_Gmx_default_OSC_default_Vsup_pm6V_20260909,1,958,2026-09-09T10:34:29.909287+00:00,6.319760000000e+02,2.109639000000e-04,2.107531468531e-07
Offset_RevB_Chip_4_wiShield_Gmx_default_OSC_default_Vsup_pm6V_20260909,1,959,2026-09-09T10:34:30.573787+00:00,6.326405000000e+02,2.132560000000e-04,2.130429570430e-07
Offset_RevB_Chip_4_wiShield_Gmx_default_OSC_default_Vsup_pm6V_20260909,1,960,2026-09-09T10:34:31.230287+00:00,6.332970000000e+02,2.200639000000e-04,2.198440559441e-07
Offset_RevB_Chip_4_wiShield_Gmx_default_OSC_default_Vsup_pm6V_20260909,1,961,2026-09-09T10:34:31.886287+00:00,6.339530000000e+02,2.160780000000e-04,2.158621378621e-07
Offset_RevB_Chip_4_wiShield_Gmx_default_OSC_default_Vsup_pm6V_20260909,1,962,2026-09-09T10:34:32.550287+00:00,6.346170000000e+02,2.242997000000e-04,2.240756243756e-07
Offset_RevB_Chip_4_wiShield_Gmx_default_OSC_default_Vsup_pm6V_20260909,1,963,2026-09-09T10:34:33.214287+00:00,6.352810000000e+02,1.951350000000e-04,1.949400599401e-07
Offset_RevB_Chip_4_wiShield_Gmx_default_OSC_default_Vsup_pm6V_20260909,1,964,2026-09-09T10:34:33.870287+00:00,6.359370000000e+02,2.258505000000e-04,2.256248751249e-07
Offset_RevB_Chip_4_wiShield_Gmx_default_OSC_default_Vsup_pm6V_20260909,1,965,2026-09-09T10:34:34.526787+00:00,6.365935000000e+02,2.079320000000e-04,2.077242757243e-07
Offset_RevB_Chip_4_wiShield_Gmx_default_OSC_default_Vsup_pm6V_20260909,1,966,2026-09-09T10:34:35.191287+00:00,6.372580000000e+02,2.105614000000e-04,2.103510489510e-07
Offset_RevB_Chip_4_wiShield_Gmx_default_OSC_default_Vsup_pm6V_20260909,1,967,2026-09-09T10:34:35.855287+00:00,6.379220000000e+02,2.146478000000e-04,2.144333666334e-07
Offset_RevB_Chip_4_wiShield_Gmx_default_OSC_default_Vsup_pm6V_20260909,1,968,2026-09-09T10:34:36.511287+00:00,6.385780000000e+02,2.157142000000e-04,2.154987012987e-07
Offset_RevB_Chip_4_wiShield_Gmx_default_OSC_default_Vsup_pm6V_20260909,1,969,2026-09-09T10:34:37.167287+00:00,6.392340000000e+02,2.076159000000e-04,2.074084915085e-07
Offset_RevB_Chip_4_wiShield_Gmx_default_OSC_default_Vsup_pm6V_20260909,1,970,2026-09-09T10:34:37.831287+00:00,6.398980000000e+02,2.064032000000e-04,2.061970029970e-07
Offset_RevB_Chip_4_wiShield_Gmx_default_OSC_default_Vsup_pm6V_20260909,1,971,2026-09-09T10:34:38.495287+00:00,6.405620000000e+02,2.180640000000e-04,2.178461538462e-07
Offset_RevB_Chip_4_wiShield_Gmx_default_OSC_default_Vsup_pm6V_20260909,1,972,2026-09-09T10:34:39.151787+00:00,6.412185000000e+02,2.020415000000e-04,2.018396603397e-07
Offset_RevB_Chip_4_wiShield_Gmx_default_OSC_default_Vsup_pm6V_20260909,1,973,2026-09-09T10:34:39.808287+00:00,6.418750000000e+02,1.997211000000e-04,1.995215784216e-07
Offset_RevB_Chip_4_wiShield_Gmx_default_OSC_default_Vsup_pm6V_20260909,1,974,2026-09-09T10:34:40.472287+00:00,6.425390000000e+02,1.992637000000e-04,1.990646353646e-07
Offset_RevB_Chip_4_wiShield_Gmx_default_OSC_default_Vsup_pm6V_20260909,1,975,2026-09-09T10:34:41.136287+00:00,6.432030000000e+02,2.066188000000e-04,2.064123876124e-07
Offset_RevB_Chip_4_wiShield_Gmx_default_OSC_default_Vsup_pm6V_20260909,1,976,2026-09-09T10:34:41.792287+00:00,6.438590000000e+02,2.152860000000e-04,2.150709290709e-07
Offset_RevB_Chip_4_wiShield_Gmx_default_OSC_default_Vsup_pm6V_20260909,1,977,2026-09-09T10:34:42.448787+00:00,6.445155000000e+02,1.986582000000e-04,1.984597402597e-07
Offset_RevB_Chip_4_wiShield_Gmx_default_OSC_default_Vsup_pm6V_20260909,1,978,2026-09-09T10:34:43.112787+00:00,6.451795000000e+02,2.016826000000e-04,2.014811188811e-07
Offset_RevB_Chip_4_wiShield_Gmx_default_OSC_default_Vsup_pm6V_20260909,1,979,2026-09-09T10:34:43.776787+00:00,6.458435000000e+02,2.101742000000e-04,2.099642357642e-07
Offset_RevB_Chip_4_wiShield_Gmx_default_OSC_default_Vsup_pm6V_20260909,1,980,2026-09-09T10:34:44.433287+00:00,6.465000000000e+02,1.924236000000e-04,1.922313686314e-07
Offset_RevB_Chip_4_wiShield_Gmx_default_OSC_default_Vsup_pm6V_20260909,1,981,2026-09-09T10:34:45.089287+00:00,6.471560000000e+02,1.995257000000e-04,1.993263736264e-07
Offset_RevB_Chip_4_wiShield_Gmx_default_OSC_default_Vsup_pm6V_20260909,1,982,2026-09-09T10:34:45.753287+00:00,6.478200000000e+02,2.265783000000e-04,2.263519480519e-07
Offset_RevB_Chip_4_wiShield_Gmx_default_OSC_default_Vsup_pm6V_20260909,1,983,2026-09-09T10:34:46.417287+00:00,6.484840000000e+02,2.076360000000e-04,2.074285714286e-07
Offset_RevB_Chip_4_wiShield_Gmx_default_OSC_default_Vsup_pm6V_20260909,1,984,2026-09-09T10:34:47.073787+00:00,6.491405000000e+02,2.126753000000e-04,2.124628371628e-07
Offset_RevB_Chip_4_wiShield_Gmx_default_OSC_default_Vsup_pm6V_20260909,1,985,2026-09-09T10:34:47.730287+00:00,6.497970000000e+02,2.378291000000e-04,2.375915084915e-07
Offset_RevB_Chip_4_wiShield_Gmx_default_OSC_default_Vsup_pm6V_20260909,1,986,2026-09-09T10:34:48.394287+00:00,6.504610000000e+02,2.362714000000e-04,2.360353646354e-07
Offset_RevB_Chip_4_wiShield_Gmx_default_OSC_default_Vsup_pm6V_20260909,1,987,2026-09-09T10:34:49.058287+00:00,6.511250000000e+02,2.476772000000e-04,2.474297702298e-07
Offset_RevB_Chip_4_wiShield_Gmx_default_OSC_default_Vsup_pm6V_20260909,1,988,2026-09-09T10:34:49.714287+00:00,6.517810000000e+02,2.343677000000e-04,2.341335664336e-07
Offset_RevB_Chip_4_wiShield_Gmx_default_OSC_default_Vsup_pm6V_20260909,1,989,2026-09-09T10:34:50.370287+00:00,6.524370000000e+02,2.473495000000e-04,2.471023976024e-07
Offset_RevB_Chip_4_wiShield_Gmx_default_OSC_default_Vsup_pm6V_20260909,1,990,2026-09-09T10:34:51.034287+00:00,6.531010000000e+02,2.403300000000e-04,2.400899100899e-07
Offset_RevB_Chip_4_wiShield_Gmx_default_OSC_default_Vsup_pm6V_20260909,1,991,2026-09-09T10:34:51.698787+00:00,6.537655000000e+02,2.294203000000e-04,2.291911088911e-07
Offset_RevB_Chip_4_wiShield_Gmx_default_OSC_default_Vsup_pm6V_20260909,1,992,2026-09-09T10:34:52.355287+00:00,6.544220000000e+02,2.415693000000e-04,2.413279720280e-07
Offset_RevB_Chip_4_wiShield_Gmx_default_OSC_default_Vsup_pm6V_20260909,1,993,2026-09-09T10:34:53.011287+00:00,6.550780000000e+02,2.563745000000e-04,2.561183816184e-07
Offset_RevB_Chip_4_wiShield_Gmx_default_OSC_default_Vsup_pm6V_20260909,1,994,2026-09-09T10:34:53.667287+00:00,6.557340000000e+02,2.454808000000e-04,2.452355644356e-07
Offset_RevB_Chip_4_wiShield_Gmx_default_OSC_default_Vsup_pm6V_20260909,1,995,2026-09-09T10:34:54.331287+00:00,6.563980000000e+02,2.456731000000e-04,2.454276723277e-07
Offset_RevB_Chip_4_wiShield_Gmx_default_OSC_default_Vsup_pm6V_20260909,1,996,2026-09-09T10:34:54.995287+00:00,6.570620000000e+02,2.555117000000e-04,2.552564435564e-07
Offset_RevB_Chip_4_wiShield_Gmx_default_OSC_default_Vsup_pm6V_20260909,1,997,2026-09-09T10:34:55.651787+00:00,6.577185000000e+02,2.438863000000e-04,2.436426573427e-07
Offset_RevB_Chip_4_wiShield_Gmx_default_OSC_default_Vsup_pm6V_20260909,1,998,2026-09-09T10:34:56.308287+00:00,6.583750000000e+02,2.601144000000e-04,2.598545454545e-07
Offset_RevB_Chip_4_wiShield_Gmx_default_OSC_default_Vsup_pm6V_20260909,1,999,2026-09-09T10:34:56.972287+00:00,6.590390000000e+02,2.453256000000e-04,2.450805194805e-07
Offset_RevB_Chip_4_wiShield_Gmx_default_OSC_default_Vsup_pm6V_20260909,1,1000,2026-09-09T10:34:57.636287+00:00,6.597030000000e+02,2.512215000000e-04,2.509705294705e-07
