task_id,run_number,reading_index,acquisition_time_utc,elapsed_s,output_voltage_v,equivalent_input_offset_v
Offset_RevB_Chip_1_woShield_Gmx_default_OSC_default_Vsup_pm6V_night_Gain101,1,1,2026-09-03T14:15:20.291975+00:00,3.359999999993e-01,-3.301402000000e-04,-3.268714851485e-06
Offset_RevB_Chip_1_woShield_Gmx_default_OSC_default_Vsup_pm6V_night_Gain101,1,2,2026-09-03T14:15:20.955975+00:00,9.999999999964e-01,-3.331900000000e-04,-3.298910891089e-06
Offset_RevB_Chip_1_woShield_Gmx_default_OSC_default_Vsup_pm6V_night_Gain101,1,3,2026-09-03T14:15:21.611975+00:00,1.655999999999e+00,-3.340500000000e-04,-3.307425742574e-06
Offset_RevB_Chip_1_woShield_Gmx_default_OSC_default_Vsup_pm6V_night_Gain101,1,4,2026-09-03T14:15:22.268475+00:00,2.312499999996e+00,-3.336804000000e-04,-3.303766336634e-06
Offset_RevB_Chip_1_woShield_Gmx_default_OSC_default_Vsup_pm6V_night_Gain101,1,5,2026-09-03T14:15:22.932975+00:00,2.976999999999e+00,-3.270292000000e-04,-3.237912871287e-06
Offset_RevB_Chip_1_woShield_Gmx_default_OSC_default_Vsup_pm6V_night_Gain101,1,6,2026-09-03T14:15:23.596975+00:00,3.641000000000e+00,-3.478317000000e-04,-3.443878217822e-06
Offset_RevB_Chip_1_woShield_Gmx_default_OSC_default_Vsup_pm6V_night_Gain101,1,7,2026-09-03T14:15:24.252975+00:00,4.296999999999e+00,-3.530397000000e-04,-3.495442574257e-06
Offset_RevB_Chip_1_woShield_Gmx_default_OSC_default_Vsup_pm6V_night_Gain101,1,8,2026-09-03T14:15:24.908975+00:00,4.952999999998e+00,-3.450660000000e-04,-3.416495049505e-06
Offset_RevB_Chip_1_woShield_Gmx_default_OSC_default_Vsup_pm6V_night_Gain101,1,9,2026-09-03T14:15:25.565475+00:00,5.609499999999e+00,-3.576218000000e-04,-3.540809900990e-06
Offset_RevB_Chip_1_woShield_Gmx_default_OSC_default_Vsup_pm6V_night_Gain101,1,10,2026-09-03T14:15:26.229475+00:00,6.273499999999e+00,-3.523232000000e-04,-3.488348514851e-06
Offset_RevB_Chip_1_woShield_Gmx_default_OSC_default_Vsup_pm6V_night_Gain101,1,11,2026-09-03T14:15:26.893475+00:00,6.937499999996e+00,-3.559152000000e-04,-3.523912871287e-06
Offset_RevB_Chip_1_woShield_Gmx_default_OSC_default_Vsup_pm6V_night_Gain101,1,12,2026-09-03T14:15:27.549975+00:00,7.594000000001e+00,-3.513606000000e-04,-3.478817821782e-06
Offset_RevB_Chip_1_woShield_Gmx_default_OSC_default_Vsup_pm6V_night_Gain101,1,13,2026-09-03T14:15:28.205975+00:00,8.249999999996e+00,-3.645388000000e-04,-3.609295049505e-06
Offset_RevB_Chip_1_woShield_Gmx_default_OSC_default_Vsup_pm6V_night_Gain101,1,14,2026-09-03T14:15:28.869975+00:00,8.914000000001e+00,-3.692715000000e-04,-3.656153465347e-06
Offset_RevB_Chip_1_woShield_Gmx_default_OSC_default_Vsup_pm6V_night_Gain101,1,15,2026-09-03T14:15:29.533975+00:00,9.577999999998e+00,-3.703012000000e-04,-3.666348514851e-06
Offset_RevB_Chip_1_woShield_Gmx_default_OSC_default_Vsup_pm6V_night_Gain101,1,16,2026-09-03T14:15:30.190475+00:00,1.023450000000e+01,-3.723623000000e-04,-3.686755445545e-06
Offset_RevB_Chip_1_woShield_Gmx_default_OSC_default_Vsup_pm6V_night_Gain101,1,17,2026-09-03T14:15:30.846975+00:00,1.089100000000e+01,-3.731903000000e-04,-3.694953465347e-06
Offset_RevB_Chip_1_woShield_Gmx_default_OSC_default_Vsup_pm6V_night_Gain101,1,18,2026-09-03T14:15:31.502975+00:00,1.154700000000e+01,-3.694729000000e-04,-3.658147524752e-06
Offset_RevB_Chip_1_woShield_Gmx_default_OSC_default_Vsup_pm6V_night_Gain101,1,19,2026-09-03T14:15:32.166975+00:00,1.221100000000e+01,-3.780507000000e-04,-3.743076237624e-06
Offset_RevB_Chip_1_woShield_Gmx_default_OSC_default_Vsup_pm6V_night_Gain101,1,20,2026-09-03T14:15:32.830975+00:00,1.287500000000e+01,-3.708636000000e-04,-3.671916831683e-06
Offset_RevB_Chip_1_woShield_Gmx_default_OSC_default_Vsup_pm6V_night_Gain101,1,21,2026-09-03T14:15:33.486975+00:00,1.353100000000e+01,-3.828386000000e-04,-3.790481188119e-06
Offset_RevB_Chip_1_woShield_Gmx_default_OSC_default_Vsup_pm6V_night_Gain101,1,22,2026-09-03T14:15:34.143475+00:00,1.418750000000e+01,-3.754489000000e-04,-3.717315841584e-06
Offset_RevB_Chip_1_woShield_Gmx_default_OSC_default_Vsup_pm6V_night_Gain101,1,23,2026-09-03T14:15:34.807975+00:00,1.485200000000e+01,-3.869204000000e-04,-3.830895049505e-06
Offset_RevB_Chip_1_woShield_Gmx_default_OSC_default_Vsup_pm6V_night_Gain101,1,24,2026-09-03T14:15:35.471975+00:00,1.551600000000e+01,-3.935678000000e-04,-3.896710891089e-06
Offset_RevB_Chip_1_woShield_Gmx_default_OSC_default_Vsup_pm6V_night_Gain101,1,25,2026-09-03T14:15:36.127975+00:00,1.617200000000e+01,-3.963963000000e-04,-3.924715841584e-06
Offset_RevB_Chip_1_woShield_Gmx_default_OSC_default_Vsup_pm6V_night_Gain101,1,26,2026-09-03T14:15:36.783975+00:00,1.682800000000e+01,-3.943151000000e-04,-3.904109900990e-06
Offset_RevB_Chip_1_woShield_Gmx_default_OSC_default_Vsup_pm6V_night_Gain101,1,27,2026-09-03T14:15:37.447975+00:00,1.749200000000e+01,-4.027613000000e-04,-3.987735643564e-06
Offset_RevB_Chip_1_woShield_Gmx_default_OSC_default_Vsup_pm6V_night_Gain101,1,28,2026-09-03T14:15:38.111975+00:00,1.815600000000e+01,-3.969096000000e-04,-3.929798019802e-06
Offset_RevB_Chip_1_woShield_Gmx_default_OSC_default_Vsup_pm6V_night_Gain101,1,29,2026-09-03T14:15:38.768475+00:00,1.881250000000e+01,-4.037479000000e-04,-3.997503960396e-06
Offset_RevB_Chip_1_woShield_Gmx_default_OSC_default_Vsup_pm6V_night_Gain101,1,30,2026-09-03T14:15:39.424975+00:00,1.946900000000e+01,-3.953389000000e-04,-3.914246534653e-06
Offset_RevB_Chip_1_woShield_Gmx_default_OSC_default_Vsup_pm6V_night_Gain101,1,31,2026-09-03T14:15:40.080975+00:00,2.012500000000e+01,-3.923296000000e-04,-3.884451485149e-06
Offset_RevB_Chip_1_woShield_Gmx_default_OSC_default_Vsup_pm6V_night_Gain101,1,32,2026-09-03T14:15:40.744975+00:00,2.078900000000e+01,-4.031935000000e-04,-3.992014851485e-06
Offset_RevB_Chip_1_woShield_Gmx_default_OSC_default_Vsup_pm6V_night_Gain101,1,33,2026-09-03T14:15:41.408975+00:00,2.145300000000e+01,-4.152682000000e-04,-4.111566336634e-06
Offset_RevB_Chip_1_woShield_Gmx_default_OSC_default_Vsup_pm6V_night_Gain101,1,34,2026-09-03T14:15:42.065475+00:00,2.210950000000e+01,-3.991874000000e-04,-3.952350495050e-06
Offset_RevB_Chip_1_woShield_Gmx_default_OSC_default_Vsup_pm6V_night_Gain101,1,35,2026-09-03T14:15:42.721975+00:00,2.276600000000e+01,-4.035683000000e-04,-3.995725742574e-06
Offset_RevB_Chip_1_woShield_Gmx_default_OSC_default_Vsup_pm6V_night_Gain101,1,36,2026-09-03T14:15:43.385975+00:00,2.343000000000e+01,-4.212726000000e-04,-4.171015841584e-06
Offset_RevB_Chip_1_woShield_Gmx_default_OSC_default_Vsup_pm6V_night_Gain101,1,37,2026-09-03T14:15:44.049975+00:00,2.409400000000e+01,-4.131538000000e-04,-4.090631683168e-06
Offset_RevB_Chip_1_woShield_Gmx_default_OSC_default_Vsup_pm6V_night_Gain101,1,38,2026-09-03T14:15:44.705975+00:00,2.475000000000e+01,-4.253416000000e-04,-4.211302970297e-06
Offset_RevB_Chip_1_woShield_Gmx_default_OSC_default_Vsup_pm6V_night_Gain101,1,39,2026-09-03T14:15:45.361975+00:00,2.540600000000e+01,-4.154617000000e-04,-4.113482178218e-06
Offset_RevB_Chip_1_woShield_Gmx_default_OSC_default_Vsup_pm6V_night_Gain101,1,40,2026-09-03T14:15:46.025975+00:00,2.607000000000e+01,-4.277836000000e-04,-4.235481188119e-06
Offset_RevB_Chip_1_woShield_Gmx_default_OSC_default_Vsup_pm6V_night_Gain101,1,41,2026-09-03T14:15:46.690475+00:00,2.673450000000e+01,-4.125688000000e-04,-4.084839603960e-06
Offset_RevB_Chip_1_woShield_Gmx_default_OSC_default_Vsup_pm6V_night_Gain101,1,42,2026-09-03T14:15:47.346975+00:00,2.739100000000e+01,-4.203930000000e-04,-4.162306930693e-06
Offset_RevB_Chip_1_woShield_Gmx_default_OSC_default_Vsup_pm6V_night_Gain101,1,43,2026-09-03T14:15:48.002975+00:00,2.804700000000e+01,-4.192865000000e-04,-4.151351485149e-06
Offset_RevB_Chip_1_woShield_Gmx_default_OSC_default_Vsup_pm6V_night_Gain101,1,44,2026-09-03T14:15:48.666975+00:00,2.871100000000e+01,-4.266312000000e-04,-4.224071287129e-06
Offset_RevB_Chip_1_woShield_Gmx_default_OSC_default_Vsup_pm6V_night_Gain101,1,45,2026-09-03T14:15:49.330975+00:00,2.937500000000e+01,-4.393570000000e-04,-4.350069306931e-06
Offset_RevB_Chip_1_woShield_Gmx_default_OSC_default_Vsup_pm6V_night_Gain101,1,46,2026-09-03T14:15:49.986975+00:00,3.003100000000e+01,-4.357261000000e-04,-4.314119801980e-06
Offset_RevB_Chip_1_woShield_Gmx_default_OSC_default_Vsup_pm6V_night_Gain101,1,47,2026-09-03T14:15:50.643475+00:00,3.068750000000e+01,-4.437486000000e-04,-4.393550495050e-06
Offset_RevB_Chip_1_woShield_Gmx_default_OSC_default_Vsup_pm6V_night_Gain101,1,48,2026-09-03T14:15:51.299975+00:00,3.134400000000e+01,-4.383578000000e-04,-4.340176237624e-06
Offset_RevB_Chip_1_woShield_Gmx_default_OSC_default_Vsup_pm6V_night_Gain101,1,49,2026-09-03T14:15:51.971975+00:00,3.201600000000e+01,-4.423840000000e-04,-4.380039603960e-06
Offset_RevB_Chip_1_woShield_Gmx_default_OSC_default_Vsup_pm6V_night_Gain101,1,50,2026-09-03T14:15:52.627975+00:00,3.267200000000e+01,-4.150637000000e-04,-4.109541584158e-06
Offset_RevB_Chip_1_woShield_Gmx_default_OSC_default_Vsup_pm6V_night_Gain101,1,51,2026-09-03T14:15:53.283975+00:00,3.332800000000e+01,-4.333799000000e-04,-4.290890099010e-06
Offset_RevB_Chip_1_woShield_Gmx_default_OSC_default_Vsup_pm6V_night_Gain101,1,52,2026-09-03T14:15:53.940475+00:00,3.398450000000e+01,-4.408932000000e-04,-4.365279207921e-06
Offset_RevB_Chip_1_woShield_Gmx_default_OSC_default_Vsup_pm6V_night_Gain101,1,53,2026-09-03T14:15:54.604475+00:00,3.464850000000e+01,-4.300863000000e-04,-4.258280198020e-06
Offset_RevB_Chip_1_woShield_Gmx_default_OSC_default_Vsup_pm6V_night_Gain101,1,54,2026-09-03T14:15:55.268475+00:00,3.531250000000e+01,-4.481262000000e-04,-4.436893069307e-06
Offset_RevB_Chip_1_woShield_Gmx_default_OSC_default_Vsup_pm6V_night_Gain101,1,55,2026-09-03T14:15:55.924975+00:00,3.596900000000e+01,-4.425206000000e-04,-4.381392079208e-06
Offset_RevB_Chip_1_woShield_Gmx_default_OSC_default_Vsup_pm6V_night_Gain101,1,56,2026-09-03T14:15:56.580975+00:00,3.662500000000e+01,-4.600978000000e-04,-4.555423762376e-06
Offset_RevB_Chip_1_woShield_Gmx_default_OSC_default_Vsup_pm6V_night_Gain101,1,57,2026-09-03T14:15:57.244975+00:00,3.728900000000e+01,-4.526423000000e-04,-4.481606930693e-06
Offset_RevB_Chip_1_woShield_Gmx_default_OSC_default_Vsup_pm6V_night_Gain101,1,58,2026-09-03T14:15:57.908975+00:00,3.795300000000e+01,-4.516259000000e-04,-4.471543564356e-06
Offset_RevB_Chip_1_woShield_Gmx_default_OSC_default_Vsup_pm6V_night_Gain101,1,59,2026-09-03T14:15:58.565475+00:00,3.860950000000e+01,-4.614330000000e-04,-4.568643564356e-06
Offset_RevB_Chip_1_woShield_Gmx_default_OSC_default_Vsup_pm6V_night_Gain101,1,60,2026-09-03T14:15:59.221975+00:00,3.926600000000e+01,-4.564651000000e-04,-4.519456435644e-06
Offset_RevB_Chip_1_woShield_Gmx_default_OSC_default_Vsup_pm6V_night_Gain101,1,61,2026-09-03T14:15:59.885975+00:00,3.993000000000e+01,-4.560512000000e-04,-4.515358415842e-06
Offset_RevB_Chip_1_woShield_Gmx_default_OSC_default_Vsup_pm6V_night_Gain101,1,62,2026-09-03T14:16:00.549975+00:00,4.059400000000e+01,-4.436417000000e-04,-4.392492079208e-06
Offset_RevB_Chip_1_woShield_Gmx_default_OSC_default_Vsup_pm6V_night_Gain101,1,63,2026-09-03T14:16:01.205975+00:00,4.125000000000e+01,-4.548592000000e-04,-4.503556435644e-06
Offset_RevB_Chip_1_woShield_Gmx_default_OSC_default_Vsup_pm6V_night_Gain101,1,64,2026-09-03T14:16:01.861975+00:00,4.190600000000e+01,-4.534870000000e-04,-4.489970297030e-06
Offset_RevB_Chip_1_woShield_Gmx_default_OSC_default_Vsup_pm6V_night_Gain101,1,65,2026-09-03T14:16:02.525975+00:00,4.257000000000e+01,-4.572489000000e-04,-4.527216831683e-06
Offset_RevB_Chip_1_woShield_Gmx_default_OSC_default_Vsup_pm6V_night_Gain101,1,66,2026-09-03T14:16:03.190475+00:00,4.323450000000e+01,-4.562737000000e-04,-4.517561386139e-06
Offset_RevB_Chip_1_woShield_Gmx_default_OSC_default_Vsup_pm6V_night_Gain101,1,67,2026-09-03T14:16:03.846975+00:00,4.389100000000e+01,-4.548524000000e-04,-4.503489108911e-06
Offset_RevB_Chip_1_woShield_Gmx_default_OSC_default_Vsup_pm6V_night_Gain101,1,68,2026-09-03T14:16:04.502975+00:00,4.454700000000e+01,-4.651842000000e-04,-4.605784158416e-06
Offset_RevB_Chip_1_woShield_Gmx_default_OSC_default_Vsup_pm6V_night_Gain101,1,69,2026-09-03T14:16:05.166975+00:00,4.521100000000e+01,-4.555402000000e-04,-4.510299009901e-06
Offset_RevB_Chip_1_woShield_Gmx_default_OSC_default_Vsup_pm6V_night_Gain101,1,70,2026-09-03T14:16:05.830975+00:00,4.587500000000e+01,-4.725829000000e-04,-4.679038613861e-06
Offset_RevB_Chip_1_woShield_Gmx_default_OSC_default_Vsup_pm6V_night_Gain101,1,71,2026-09-03T14:16:06.486975+00:00,4.653100000000e+01,-4.723764000000e-04,-4.676994059406e-06
Offset_RevB_Chip_1_woShield_Gmx_default_OSC_default_Vsup_pm6V_night_Gain101,1,72,2026-09-03T14:16:07.143475+00:00,4.718750000000e+01,-4.693168000000e-04,-4.646700990099e-06
Offset_RevB_Chip_1_woShield_Gmx_default_OSC_default_Vsup_pm6V_night_Gain101,1,73,2026-09-03T14:16:07.807975+00:00,4.785200000000e+01,-4.701733000000e-04,-4.655181188119e-06
Offset_RevB_Chip_1_woShield_Gmx_default_OSC_default_Vsup_pm6V_night_Gain101,1,74,2026-09-03T14:16:08.471975+00:00,4.851600000000e+01,-4.605744000000e-04,-4.560142574257e-06
Offset_RevB_Chip_1_woShield_Gmx_default_OSC_default_Vsup_pm6V_night_Gain101,1,75,2026-09-03T14:16:09.127975+00:00,4.917200000000e+01,-4.598525000000e-04,-4.552995049505e-06
Offset_RevB_Chip_1_woShield_Gmx_default_OSC_default_Vsup_pm6V_night_Gain101,1,76,2026-09-03T14:16:09.791975+00:00,4.983600000000e+01,-4.740212000000e-04,-4.693279207921e-06
Offset_RevB_Chip_1_woShield_Gmx_default_OSC_default_Vsup_pm6V_night_Gain101,1,77,2026-09-03T14:16:10.455975+00:00,5.050000000000e+01,-4.748069000000e-04,-4.701058415842e-06
Offset_RevB_Chip_1_woShield_Gmx_default_OSC_default_Vsup_pm6V_night_Gain101,1,78,2026-09-03T14:16:11.111975+00:00,5.115600000000e+01,-4.607892000000e-04,-4.562269306931e-06
Offset_RevB_Chip_1_woShield_Gmx_default_OSC_default_Vsup_pm6V_night_Gain101,1,79,2026-09-03T14:16:11.768475+00:00,5.181250000000e+01,-4.765889000000e-04,-4.718701980198e-06
Offset_RevB_Chip_1_woShield_Gmx_default_OSC_default_Vsup_pm6V_night_Gain101,1,80,2026-09-03T14:16:12.432975+00:00,5.247700000000e+01,-4.595264000000e-04,-4.549766336634e-06
Offset_RevB_Chip_1_woShield_Gmx_default_OSC_default_Vsup_pm6V_night_Gain101,1,81,2026-09-03T14:16:13.096975+00:00,5.314100000000e+01,-4.750411000000e-04,-4.703377227723e-06
Offset_RevB_Chip_1_woShield_Gmx_default_OSC_default_Vsup_pm6V_night_Gain101,1,82,2026-09-03T14:16:13.752975+00:00,5.379700000000e+01,-4.618580000000e-04,-4.572851485149e-06
Offset_RevB_Chip_1_woShield_Gmx_default_OSC_default_Vsup_pm6V_night_Gain101,1,83,2026-09-03T14:16:14.408975+00:00,5.445300000000e+01,-4.799053000000e-04,-4.751537623762e-06
Offset_RevB_Chip_1_woShield_Gmx_default_OSC_default_Vsup_pm6V_night_Gain101,1,84,2026-09-03T14:16:15.072975+00:00,5.511700000000e+01,-4.777244000000e-04,-4.729944554455e-06
Offset_RevB_Chip_1_woShield_Gmx_default_OSC_default_Vsup_pm6V_night_Gain101,1,85,2026-09-03T14:16:15.736975+00:00,5.578100000000e+01,-4.756365000000e-04,-4.709272277228e-06
Offset_RevB_Chip_1_woShield_Gmx_default_OSC_default_Vsup_pm6V_night_Gain101,1,86,2026-09-03T14:16:16.393475+00:00,5.643750000000e+01,-4.811008000000e-04,-4.763374257426e-06
Offset_RevB_Chip_1_woShield_Gmx_default_OSC_default_Vsup_pm6V_night_Gain101,1,87,2026-09-03T14:16:17.049975+00:00,5.709400000000e+01,-4.890099000000e-04,-4.841682178218e-06
Offset_RevB_Chip_1_woShield_Gmx_default_OSC_default_Vsup_pm6V_night_Gain101,1,88,2026-09-03T14:16:17.713975+00:00,5.775800000000e+01,-4.850933000000e-04,-4.802903960396e-06
Offset_RevB_Chip_1_woShield_Gmx_default_OSC_default_Vsup_pm6V_night_Gain101,1,89,2026-09-03T14:16:18.377975+00:00,5.842200000000e+01,-4.769848000000e-04,-4.722621782178e-06
Offset_RevB_Chip_1_woShield_Gmx_default_OSC_default_Vsup_pm6V_night_Gain101,1,90,2026-09-03T14:16:19.033975+00:00,5.907800000000e+01,-4.820524000000e-04,-4.772796039604e-06
Offset_RevB_Chip_1_woShield_Gmx_default_OSC_default_Vsup_pm6V_night_Gain101,1,91,2026-09-03T14:16:19.690475+00:00,5.973450000000e+01,-4.618586000000e-04,-4.572857425743e-06
Offset_RevB_Chip_1_woShield_Gmx_default_OSC_default_Vsup_pm6V_night_Gain101,1,92,2026-09-03T14:16:20.361975+00:00,6.040600000000e+01,-4.868111000000e-04,-4.819911881188e-06
Offset_RevB_Chip_1_woShield_Gmx_default_OSC_default_Vsup_pm6V_night_Gain101,1,93,2026-09-03T14:16:21.018475+00:00,6.106250000000e+01,-4.706583000000e-04,-4.659983168317e-06
Offset_RevB_Chip_1_woShield_Gmx_default_OSC_default_Vsup_pm6V_night_Gain101,1,94,2026-09-03T14:16:21.674975+00:00,6.171900000000e+01,-4.838356000000e-04,-4.790451485149e-06
Offset_RevB_Chip_1_woShield_Gmx_default_OSC_default_Vsup_pm6V_night_Gain101,1,95,2026-09-03T14:16:22.338975+00:00,6.238300000000e+01,-4.876871000000e-04,-4.828585148515e-06
Offset_RevB_Chip_1_woShield_Gmx_default_OSC_default_Vsup_pm6V_night_Gain101,1,96,2026-09-03T14:16:23.002975+00:00,6.304700000000e+01,-4.803591000000e-04,-4.756030693069e-06
Offset_RevB_Chip_1_woShield_Gmx_default_OSC_default_Vsup_pm6V_night_Gain101,1,97,2026-09-03T14:16:23.658975+00:00,6.370300000000e+01,-4.930723000000e-04,-4.881903960396e-06
Offset_RevB_Chip_1_woShield_Gmx_default_OSC_default_Vsup_pm6V_night_Gain101,1,98,2026-09-03T14:16:24.315475+00:00,6.435950000000e+01,-4.882098000000e-04,-4.833760396040e-06
Offset_RevB_Chip_1_woShield_Gmx_default_OSC_default_Vsup_pm6V_night_Gain101,1,99,2026-09-03T14:16:24.979475+00:00,6.502350000000e+01,-4.790933000000e-04,-4.743498019802e-06
Offset_RevB_Chip_1_woShield_Gmx_default_OSC_default_Vsup_pm6V_night_Gain101,1,100,2026-09-03T14:16:25.643475+00:00,6.568750000000e+01,-5.039758000000e-04,-4.989859405941e-06
Offset_RevB_Chip_1_woShield_Gmx_default_OSC_default_Vsup_pm6V_night_Gain101,1,101,2026-09-03T14:16:26.299975+00:00,6.634400000000e+01,-4.931927000000e-04,-4.883096039604e-06
Offset_RevB_Chip_1_woShield_Gmx_default_OSC_default_Vsup_pm6V_night_Gain101,1,102,2026-09-03T14:16:26.955975+00:00,6.700000000000e+01,-4.868332000000e-04,-4.820130693069e-06
Offset_RevB_Chip_1_woShield_Gmx_default_OSC_default_Vsup_pm6V_night_Gain101,1,103,2026-09-03T14:16:27.619975+00:00,6.766400000000e+01,-4.890362000000e-04,-4.841942574257e-06
Offset_RevB_Chip_1_woShield_Gmx_default_OSC_default_Vsup_pm6V_night_Gain101,1,104,2026-09-03T14:16:28.283975+00:00,6.832800000000e+01,-4.932511000000e-04,-4.883674257426e-06
Offset_RevB_Chip_1_woShield_Gmx_default_OSC_default_Vsup_pm6V_night_Gain101,1,105,2026-09-03T14:16:28.940475+00:00,6.898450000000e+01,-4.939987000000e-04,-4.891076237624e-06
Offset_RevB_Chip_1_woShield_Gmx_default_OSC_default_Vsup_pm6V_night_Gain101,1,106,2026-09-03T14:16:29.604475+00:00,6.964850000000e+01,-4.993536000000e-04,-4.944095049505e-06
Offset_RevB_Chip_1_woShield_Gmx_default_OSC_default_Vsup_pm6V_night_Gain101,1,107,2026-09-03T14:16:30.268475+00:00,7.031250000000e+01,-4.929277000000e-04,-4.880472277228e-06
Offset_RevB_Chip_1_woShield_Gmx_default_OSC_default_Vsup_pm6V_night_Gain101,1,108,2026-09-03T14:16:30.924975+00:00,7.096900000000e+01,-4.952427000000e-04,-4.903393069307e-06
Offset_RevB_Chip_1_woShield_Gmx_default_OSC_default_Vsup_pm6V_night_Gain101,1,109,2026-09-03T14:16:31.580975+00:00,7.162500000000e+01,-4.962814000000e-04,-4.913677227723e-06
Offset_RevB_Chip_1_woShield_Gmx_default_OSC_default_Vsup_pm6V_night_Gain101,1,110,2026-09-03T14:16:32.244975+00:00,7.228900000000e+01,-4.910287000000e-04,-4.861670297030e-06
Offset_RevB_Chip_1_woShield_Gmx_default_OSC_default_Vsup_pm6V_night_Gain101,1,111,2026-09-03T14:16:32.908975+00:00,7.295300000000e+01,-5.012118000000e-04,-4.962493069307e-06
Offset_RevB_Chip_1_woShield_Gmx_default_OSC_default_Vsup_pm6V_night_Gain101,1,112,2026-09-03T14:16:33.565475+00:00,7.360950000000e+01,-4.968238000000e-04,-4.919047524752e-06
Offset_RevB_Chip_1_woShield_Gmx_default_OSC_default_Vsup_pm6V_night_Gain101,1,113,2026-09-03T14:16:34.221975+00:00,7.426600000000e+01,-4.921985000000e-04,-4.873252475248e-06
Offset_RevB_Chip_1_woShield_Gmx_default_OSC_default_Vsup_pm6V_night_Gain101,1,114,2026-09-03T14:16:34.885975+00:00,7.493000000000e+01,-4.903317000000e-04,-4.854769306931e-06
Offset_RevB_Chip_1_woShield_Gmx_default_OSC_default_Vsup_pm6V_night_Gain101,1,115,2026-09-03T14:16:35.549975+00:00,7.559400000000e+01,-4.956495000000e-04,-4.907420792079e-06
Offset_RevB_Chip_1_woShield_Gmx_default_OSC_default_Vsup_pm6V_night_Gain101,1,116,2026-09-03T14:16:36.205975+00:00,7.625000000000e+01,-5.031116000000e-04,-4.981302970297e-06
Offset_RevB_Chip_1_woShield_Gmx_default_OSC_default_Vsup_pm6V_night_Gain101,1,117,2026-09-03T14:16:36.861975+00:00,7.690600000000e+01,-4.937594000000e-04,-4.888706930693e-06
Offset_RevB_Chip_1_woShield_Gmx_default_OSC_default_Vsup_pm6V_night_Gain101,1,118,2026-09-03T14:16:37.525975+00:00,7.757000000000e+01,-4.960668000000e-04,-4.911552475248e-06
Offset_RevB_Chip_1_woShield_Gmx_default_OSC_default_Vsup_pm6V_night_Gain101,1,119,2026-09-03T14:16:38.190475+00:00,7.823450000000e+01,-4.889196000000e-04,-4.840788118812e-06
Offset_RevB_Chip_1_woShield_Gmx_default_OSC_default_Vsup_pm6V_night_Gain101,1,120,2026-09-03T14:16:38.846975+00:00,7.889100000000e+01,-4.992174000000e-04,-4.942746534653e-06
Offset_RevB_Chip_1_woShield_Gmx_default_OSC_default_Vsup_pm6V_night_Gain101,1,121,2026-09-03T14:16:39.502975+00:00,7.954700000000e+01,-5.030029000000e-04,-4.980226732673e-06
Offset_RevB_Chip_1_woShield_Gmx_default_OSC_default_Vsup_pm6V_night_Gain101,1,122,2026-09-03T14:16:40.174975+00:00,8.021900000000e+01,-5.000273000000e-04,-4.950765346535e-06
Offset_RevB_Chip_1_woShield_Gmx_default_OSC_default_Vsup_pm6V_night_Gain101,1,123,2026-09-03T14:16:40.830975+00:00,8.087500000000e+01,-5.022659000000e-04,-4.972929702970e-06
Offset_RevB_Chip_1_woShield_Gmx_default_OSC_default_Vsup_pm6V_night_Gain101,1,124,2026-09-03T14:16:41.486975+00:00,8.153100000000e+01,-5.103032000000e-04,-5.052506930693e-06
Offset_RevB_Chip_1_woShield_Gmx_default_OSC_default_Vsup_pm6V_night_Gain101,1,125,2026-09-03T14:16:42.150975+00:00,8.219500000000e+01,-4.929358000000e-04,-4.880552475248e-06
Offset_RevB_Chip_1_woShield_Gmx_default_OSC_default_Vsup_pm6V_night_Gain101,1,126,2026-09-03T14:16:42.815475+00:00,8.285950000000e+01,-5.055954000000e-04,-5.005895049505e-06
Offset_RevB_Chip_1_woShield_Gmx_default_OSC_default_Vsup_pm6V_night_Gain101,1,127,2026-09-03T14:16:43.471975+00:00,8.351600000000e+01,-4.911165000000e-04,-4.862539603960e-06
Offset_RevB_Chip_1_woShield_Gmx_default_OSC_default_Vsup_pm6V_night_Gain101,1,128,2026-09-03T14:16:44.127975+00:00,8.417200000000e+01,-5.124214000000e-04,-5.073479207921e-06
Offset_RevB_Chip_1_woShield_Gmx_default_OSC_default_Vsup_pm6V_night_Gain101,1,129,2026-09-03T14:16:44.791975+00:00,8.483600000000e+01,-5.106461000000e-04,-5.055901980198e-06
Offset_RevB_Chip_1_woShield_Gmx_default_OSC_default_Vsup_pm6V_night_Gain101,1,130,2026-09-03T14:16:45.455975+00:00,8.550000000000e+01,-5.042036000000e-04,-4.992114851485e-06
Offset_RevB_Chip_1_woShield_Gmx_default_OSC_default_Vsup_pm6V_night_Gain101,1,131,2026-09-03T14:16:46.111975+00:00,8.615600000000e+01,-5.016627000000e-04,-4.966957425743e-06
Offset_RevB_Chip_1_woShield_Gmx_default_OSC_default_Vsup_pm6V_night_Gain101,1,132,2026-09-03T14:16:46.768475+00:00,8.681250000000e+01,-5.066335000000e-04,-5.016173267327e-06
Offset_RevB_Chip_1_woShield_Gmx_default_OSC_default_Vsup_pm6V_night_Gain101,1,133,2026-09-03T14:16:47.432975+00:00,8.747700000000e+01,-4.954068000000e-04,-4.905017821782e-06
Offset_RevB_Chip_1_woShield_Gmx_default_OSC_default_Vsup_pm6V_night_Gain101,1,134,2026-09-03T14:16:48.096975+00:00,8.814100000000e+01,-4.991155000000e-04,-4.941737623762e-06
Offset_RevB_Chip_1_woShield_Gmx_default_OSC_default_Vsup_pm6V_night_Gain101,1,135,2026-09-03T14:16:48.752975+00:00,8.879700000000e+01,-5.059909000000e-04,-5.009810891089e-06
Offset_RevB_Chip_1_woShield_Gmx_default_OSC_default_Vsup_pm6V_night_Gain101,1,136,2026-09-03T14:16:49.408975+00:00,8.945300000000e+01,-4.954906000000e-04,-4.905847524752e-06
Offset_RevB_Chip_1_woShield_Gmx_default_OSC_default_Vsup_pm6V_night_Gain101,1,137,2026-09-03T14:16:50.072975+00:00,9.011700000000e+01,-4.929573000000e-04,-4.880765346535e-06
Offset_RevB_Chip_1_woShield_Gmx_default_OSC_default_Vsup_pm6V_night_Gain101,1,138,2026-09-03T14:16:50.736975+00:00,9.078100000000e+01,-4.916587000000e-04,-4.867907920792e-06
Offset_RevB_Chip_1_woShield_Gmx_default_OSC_default_Vsup_pm6V_night_Gain101,1,139,2026-09-03T14:16:51.393475+00:00,9.143750000000e+01,-4.968074000000e-04,-4.918885148515e-06
Offset_RevB_Chip_1_woShield_Gmx_default_OSC_default_Vsup_pm6V_night_Gain101,1,140,2026-09-03T14:16:52.049975+00:00,9.209400000000e+01,-4.895267000000e-04,-4.846799009901e-06
Offset_RevB_Chip_1_woShield_Gmx_default_OSC_default_Vsup_pm6V_night_Gain101,1,141,2026-09-03T14:16:52.713975+00:00,9.275800000000e+01,-4.874224000000e-04,-4.825964356436e-06
Offset_RevB_Chip_1_woShield_Gmx_default_OSC_default_Vsup_pm6V_night_Gain101,1,142,2026-09-03T14:16:53.377975+00:00,9.342200000000e+01,-4.982872000000e-04,-4.933536633663e-06
Offset_RevB_Chip_1_woShield_Gmx_default_OSC_default_Vsup_pm6V_night_Gain101,1,143,2026-09-03T14:16:54.033975+00:00,9.407800000000e+01,-5.054911000000e-04,-5.004862376238e-06
Offset_RevB_Chip_1_woShield_Gmx_default_OSC_default_Vsup_pm6V_night_Gain101,1,144,2026-09-03T14:16:54.690475+00:00,9.473450000000e+01,-5.077090000000e-04,-5.026821782178e-06
Offset_RevB_Chip_1_woShield_Gmx_default_OSC_default_Vsup_pm6V_night_Gain101,1,145,2026-09-03T14:16:55.354475+00:00,9.539850000000e+01,-4.910003000000e-04,-4.861389108911e-06
Offset_RevB_Chip_1_woShield_Gmx_default_OSC_default_Vsup_pm6V_night_Gain101,1,146,2026-09-03T14:16:56.018475+00:00,9.606250000000e+01,-4.921439000000e-04,-4.872711881188e-06
Offset_RevB_Chip_1_woShield_Gmx_default_OSC_default_Vsup_pm6V_night_Gain101,1,147,2026-09-03T14:16:56.674975+00:00,9.671900000000e+01,-4.992670000000e-04,-4.943237623762e-06
Offset_RevB_Chip_1_woShield_Gmx_default_OSC_default_Vsup_pm6V_night_Gain101,1,148,2026-09-03T14:16:57.330975+00:00,9.737500000000e+01,-4.975960000000e-04,-4.926693069307e-06
Offset_RevB_Chip_1_woShield_Gmx_default_OSC_default_Vsup_pm6V_night_Gain101,1,149,2026-09-03T14:16:57.994975+00:00,9.803900000000e+01,-5.014534000000e-04,-4.964885148515e-06
Offset_RevB_Chip_1_woShield_Gmx_default_OSC_default_Vsup_pm6V_night_Gain101,1,150,2026-09-03T14:16:58.658975+00:00,9.870300000000e+01,-5.029961000000e-04,-4.980159405941e-06
Offset_RevB_Chip_1_woShield_Gmx_default_OSC_default_Vsup_pm6V_night_Gain101,1,151,2026-09-03T14:16:59.315475+00:00,9.935950000000e+01,-5.005712000000e-04,-4.956150495050e-06
Offset_RevB_Chip_1_woShield_Gmx_default_OSC_default_Vsup_pm6V_night_Gain101,1,152,2026-09-03T14:16:59.971975+00:00,1.000160000000e+02,-5.111257000000e-04,-5.060650495050e-06
Offset_RevB_Chip_1_woShield_Gmx_default_OSC_default_Vsup_pm6V_night_Gain101,1,153,2026-09-03T14:17:00.635975+00:00,1.006800000000e+02,-5.155066000000e-04,-5.104025742574e-06
Offset_RevB_Chip_1_woShield_Gmx_default_OSC_default_Vsup_pm6V_night_Gain101,1,154,2026-09-03T14:17:01.299975+00:00,1.013440000000e+02,-5.073458000000e-04,-5.023225742574e-06
Offset_RevB_Chip_1_woShield_Gmx_default_OSC_default_Vsup_pm6V_night_Gain101,1,155,2026-09-03T14:17:01.955975+00:00,1.020000000000e+02,-5.069626000000e-04,-5.019431683168e-06
Offset_RevB_Chip_1_woShield_Gmx_default_OSC_default_Vsup_pm6V_night_Gain101,1,156,2026-09-03T14:17:02.611975+00:00,1.026560000000e+02,-5.087822000000e-04,-5.037447524752e-06
Offset_RevB_Chip_1_woShield_Gmx_default_OSC_default_Vsup_pm6V_night_Gain101,1,157,2026-09-03T14:17:03.275975+00:00,1.033200000000e+02,-4.933013000000e-04,-4.884171287129e-06
Offset_RevB_Chip_1_woShield_Gmx_default_OSC_default_Vsup_pm6V_night_Gain101,1,158,2026-09-03T14:17:03.940475+00:00,1.039845000000e+02,-5.014563000000e-04,-4.964913861386e-06
Offset_RevB_Chip_1_woShield_Gmx_default_OSC_default_Vsup_pm6V_night_Gain101,1,159,2026-09-03T14:17:04.596975+00:00,1.046410000000e+02,-5.024625000000e-04,-4.974876237624e-06
Offset_RevB_Chip_1_woShield_Gmx_default_OSC_default_Vsup_pm6V_night_Gain101,1,160,2026-09-03T14:17:05.252975+00:00,1.052970000000e+02,-5.066123000000e-04,-5.015963366337e-06
Offset_RevB_Chip_1_woShield_Gmx_default_OSC_default_Vsup_pm6V_night_Gain101,1,161,2026-09-03T14:17:05.908975+00:00,1.059530000000e+02,-5.073371000000e-04,-5.023139603960e-06
Offset_RevB_Chip_1_woShield_Gmx_default_OSC_default_Vsup_pm6V_night_Gain101,1,162,2026-09-03T14:17:06.580975+00:00,1.066250000000e+02,-5.107407000000e-04,-5.056838613861e-06
Offset_RevB_Chip_1_woShield_Gmx_default_OSC_default_Vsup_pm6V_night_Gain101,1,163,2026-09-03T14:17:07.236975+00:00,1.072810000000e+02,-5.087551000000e-04,-5.037179207921e-06
Offset_RevB_Chip_1_woShield_Gmx_default_OSC_default_Vsup_pm6V_night_Gain101,1,164,2026-09-03T14:17:07.893475+00:00,1.079375000000e+02,-5.124573000000e-04,-5.073834653465e-06
Offset_RevB_Chip_1_woShield_Gmx_default_OSC_default_Vsup_pm6V_night_Gain101,1,165,2026-09-03T14:17:08.549975+00:00,1.085940000000e+02,-5.075409000000e-04,-5.025157425743e-06
Offset_RevB_Chip_1_woShield_Gmx_default_OSC_default_Vsup_pm6V_night_Gain101,1,166,2026-09-03T14:17:09.213975+00:00,1.092580000000e+02,-5.081272000000e-04,-5.030962376238e-06
Offset_RevB_Chip_1_woShield_Gmx_default_OSC_default_Vsup_pm6V_night_Gain101,1,167,2026-09-03T14:17:09.877975+00:00,1.099220000000e+02,-5.138335000000e-04,-5.087460396040e-06
Offset_RevB_Chip_1_woShield_Gmx_default_OSC_default_Vsup_pm6V_night_Gain101,1,168,2026-09-03T14:17:10.533975+00:00,1.105780000000e+02,-5.041355000000e-04,-4.991440594059e-06
Offset_RevB_Chip_1_woShield_Gmx_default_OSC_default_Vsup_pm6V_night_Gain101,1,169,2026-09-03T14:17:11.190475+00:00,1.112345000000e+02,-5.114269000000e-04,-5.063632673267e-06
Offset_RevB_Chip_1_woShield_Gmx_default_OSC_default_Vsup_pm6V_night_Gain101,1,170,2026-09-03T14:17:11.854475+00:00,1.118985000000e+02,-5.128206000000e-04,-5.077431683168e-06
Offset_RevB_Chip_1_woShield_Gmx_default_OSC_default_Vsup_pm6V_night_Gain101,1,171,2026-09-03T14:17:12.518475+00:00,1.125625000000e+02,-5.212795000000e-04,-5.161183168317e-06
Offset_RevB_Chip_1_woShield_Gmx_default_OSC_default_Vsup_pm6V_night_Gain101,1,172,2026-09-03T14:17:13.174975+00:00,1.132190000000e+02,-5.234616000000e-04,-5.182788118812e-06
Offset_RevB_Chip_1_woShield_Gmx_default_OSC_default_Vsup_pm6V_night_Gain101,1,173,2026-09-03T14:17:13.830975+00:00,1.138750000000e+02,-4.940821000000e-04,-4.891901980198e-06
Offset_RevB_Chip_1_woShield_Gmx_default_OSC_default_Vsup_pm6V_night_Gain101,1,174,2026-09-03T14:17:14.486975+00:00,1.145310000000e+02,-5.154043000000e-04,-5.103012871287e-06
Offset_RevB_Chip_1_woShield_Gmx_default_OSC_default_Vsup_pm6V_night_Gain101,1,175,2026-09-03T14:17:15.150975+00:00,1.151950000000e+02,-5.300292000000e-04,-5.247813861386e-06
Offset_RevB_Chip_1_woShield_Gmx_default_OSC_default_Vsup_pm6V_night_Gain101,1,176,2026-09-03T14:17:15.815475+00:00,1.158595000000e+02,-5.120181000000e-04,-5.069486138614e-06
Offset_RevB_Chip_1_woShield_Gmx_default_OSC_default_Vsup_pm6V_night_Gain101,1,177,2026-09-03T14:17:16.471975+00:00,1.165160000000e+02,-5.172201000000e-04,-5.120991089109e-06
Offset_RevB_Chip_1_woShield_Gmx_default_OSC_default_Vsup_pm6V_night_Gain101,1,178,2026-09-03T14:17:17.127975+00:00,1.171720000000e+02,-5.235138000000e-04,-5.183304950495e-06
Offset_RevB_Chip_1_woShield_Gmx_default_OSC_default_Vsup_pm6V_night_Gain101,1,179,2026-09-03T14:17:17.791975+00:00,1.178360000000e+02,-5.075267000000e-04,-5.025016831683e-06
Offset_RevB_Chip_1_woShield_Gmx_default_OSC_default_Vsup_pm6V_night_Gain101,1,180,2026-09-03T14:17:18.455975+00:00,1.185000000000e+02,-5.100453000000e-04,-5.049953465347e-06
Offset_RevB_Chip_1_woShield_Gmx_default_OSC_default_Vsup_pm6V_night_Gain101,1,181,2026-09-03T14:17:19.111975+00:00,1.191560000000e+02,-5.213825000000e-04,-5.162202970297e-06
Offset_RevB_Chip_1_woShield_Gmx_default_OSC_default_Vsup_pm6V_night_Gain101,1,182,2026-09-03T14:17:19.768475+00:00,1.198125000000e+02,-5.288890000000e-04,-5.236524752475e-06
Offset_RevB_Chip_1_woShield_Gmx_default_OSC_default_Vsup_pm6V_night_Gain101,1,183,2026-09-03T14:17:20.424975+00:00,1.204690000000e+02,-5.177572000000e-04,-5.126308910891e-06
Offset_RevB_Chip_1_woShield_Gmx_default_OSC_default_Vsup_pm6V_night_Gain101,1,184,2026-09-03T14:17:21.088975+00:00,1.211330000000e+02,-5.201112000000e-04,-5.149615841584e-06
Offset_RevB_Chip_1_woShield_Gmx_default_OSC_default_Vsup_pm6V_night_Gain101,1,185,2026-09-03T14:17:21.752975+00:00,1.217970000000e+02,-5.082241000000e-04,-5.031921782178e-06
Offset_RevB_Chip_1_woShield_Gmx_default_OSC_default_Vsup_pm6V_night_Gain101,1,186,2026-09-03T14:17:22.408975+00:00,1.224530000000e+02,-5.066099000000e-04,-5.015939603960e-06
Offset_RevB_Chip_1_woShield_Gmx_default_OSC_default_Vsup_pm6V_night_Gain101,1,187,2026-09-03T14:17:23.065475+00:00,1.231095000000e+02,-5.132002000000e-04,-5.081190099010e-06
Offset_RevB_Chip_1_woShield_Gmx_default_OSC_default_Vsup_pm6V_night_Gain101,1,188,2026-09-03T14:17:23.729475+00:00,1.237735000000e+02,-5.277672000000e-04,-5.225417821782e-06
Offset_RevB_Chip_1_woShield_Gmx_default_OSC_default_Vsup_pm6V_night_Gain101,1,189,2026-09-03T14:17:24.393475+00:00,1.244375000000e+02,-5.190727000000e-04,-5.139333663366e-06
Offset_RevB_Chip_1_woShield_Gmx_default_OSC_default_Vsup_pm6V_night_Gain101,1,190,2026-09-03T14:17:25.049975+00:00,1.250940000000e+02,-5.212882000000e-04,-5.161269306931e-06
Offset_RevB_Chip_1_woShield_Gmx_default_OSC_default_Vsup_pm6V_night_Gain101,1,191,2026-09-03T14:17:25.705975+00:00,1.257500000000e+02,-5.149515000000e-04,-5.098529702970e-06
Offset_RevB_Chip_1_woShield_Gmx_default_OSC_default_Vsup_pm6V_night_Gain101,1,192,2026-09-03T14:17:26.361975+00:00,1.264060000000e+02,-5.174277000000e-04,-5.123046534653e-06
Offset_RevB_Chip_1_woShield_Gmx_default_OSC_default_Vsup_pm6V_night_Gain101,1,193,2026-09-03T14:17:27.025975+00:00,1.270700000000e+02,-5.040431000000e-04,-4.990525742574e-06
Offset_RevB_Chip_1_woShield_Gmx_default_OSC_default_Vsup_pm6V_night_Gain101,1,194,2026-09-03T14:17:27.690475+00:00,1.277345000000e+02,-5.102341000000e-04,-5.051822772277e-06
Offset_RevB_Chip_1_woShield_Gmx_default_OSC_default_Vsup_pm6V_night_Gain101,1,195,2026-09-03T14:17:28.346975+00:00,1.283910000000e+02,-5.046605000000e-04,-4.996638613861e-06
Offset_RevB_Chip_1_woShield_Gmx_default_OSC_default_Vsup_pm6V_night_Gain101,1,196,2026-09-03T14:17:29.002975+00:00,1.290470000000e+02,-5.120153000000e-04,-5.069458415842e-06
Offset_RevB_Chip_1_woShield_Gmx_default_OSC_default_Vsup_pm6V_night_Gain101,1,197,2026-09-03T14:17:29.658975+00:00,1.297030000000e+02,-5.036554000000e-04,-4.986687128713e-06
Offset_RevB_Chip_1_woShield_Gmx_default_OSC_default_Vsup_pm6V_night_Gain101,1,198,2026-09-03T14:17:30.322975+00:00,1.303670000000e+02,-5.164490000000e-04,-5.113356435644e-06
Offset_RevB_Chip_1_woShield_Gmx_default_OSC_default_Vsup_pm6V_night_Gain101,1,199,2026-09-03T14:17:30.986975+00:00,1.310310000000e+02,-5.205663000000e-04,-5.154121782178e-06
Offset_RevB_Chip_1_woShield_Gmx_default_OSC_default_Vsup_pm6V_night_Gain101,1,200,2026-09-03T14:17:31.643475+00:00,1.316875000000e+02,-5.166392000000e-04,-5.115239603960e-06
Offset_RevB_Chip_1_woShield_Gmx_default_OSC_default_Vsup_pm6V_night_Gain101,1,201,2026-09-03T14:17:32.299975+00:00,1.323440000000e+02,-5.122309000000e-04,-5.071593069307e-06
Offset_RevB_Chip_1_woShield_Gmx_default_OSC_default_Vsup_pm6V_night_Gain101,1,202,2026-09-03T14:17:32.963975+00:00,1.330080000000e+02,-5.317154000000e-04,-5.264508910891e-06
Offset_RevB_Chip_1_woShield_Gmx_default_OSC_default_Vsup_pm6V_night_Gain101,1,203,2026-09-03T14:17:33.627975+00:00,1.336720000000e+02,-5.248485000000e-04,-5.196519801980e-06
Offset_RevB_Chip_1_woShield_Gmx_default_OSC_default_Vsup_pm6V_night_Gain101,1,204,2026-09-03T14:17:34.283975+00:00,1.343280000000e+02,-5.057091000000e-04,-5.007020792079e-06
Offset_RevB_Chip_1_woShield_Gmx_default_OSC_default_Vsup_pm6V_night_Gain101,1,205,2026-09-03T14:17:34.940475+00:00,1.349845000000e+02,-5.215615000000e-04,-5.163975247525e-06
Offset_RevB_Chip_1_woShield_Gmx_default_OSC_default_Vsup_pm6V_night_Gain101,1,206,2026-09-03T14:17:35.596975+00:00,1.356410000000e+02,-5.157021000000e-04,-5.105961386139e-06
Offset_RevB_Chip_1_woShield_Gmx_default_OSC_default_Vsup_pm6V_night_Gain101,1,207,2026-09-03T14:17:36.260975+00:00,1.363050000000e+02,-5.100811000000e-04,-5.050307920792e-06
Offset_RevB_Chip_1_woShield_Gmx_default_OSC_default_Vsup_pm6V_night_Gain101,1,208,2026-09-03T14:17:36.924975+00:00,1.369690000000e+02,-5.210798000000e-04,-5.159205940594e-06
Offset_RevB_Chip_1_woShield_Gmx_default_OSC_default_Vsup_pm6V_night_Gain101,1,209,2026-09-03T14:17:37.580975+00:00,1.376250000000e+02,-5.262016000000e-04,-5.209916831683e-06
Offset_RevB_Chip_1_woShield_Gmx_default_OSC_default_Vsup_pm6V_night_Gain101,1,210,2026-09-03T14:17:38.236975+00:00,1.382810000000e+02,-5.135737000000e-04,-5.084888118812e-06
Offset_RevB_Chip_1_woShield_Gmx_default_OSC_default_Vsup_pm6V_night_Gain101,1,211,2026-09-03T14:17:38.893475+00:00,1.389375000000e+02,-5.109846000000e-04,-5.059253465347e-06
Offset_RevB_Chip_1_woShield_Gmx_default_OSC_default_Vsup_pm6V_night_Gain101,1,212,2026-09-03T14:17:39.557975+00:00,1.396020000000e+02,-5.075445000000e-04,-5.025193069307e-06
Offset_RevB_Chip_1_woShield_Gmx_default_OSC_default_Vsup_pm6V_night_Gain101,1,213,2026-09-03T14:17:40.221975+00:00,1.402660000000e+02,-5.198920000000e-04,-5.147445544554e-06
Offset_RevB_Chip_1_woShield_Gmx_default_OSC_default_Vsup_pm6V_night_Gain101,1,214,2026-09-03T14:17:40.877975+00:00,1.409220000000e+02,-5.167492000000e-04,-5.116328712871e-06
Offset_RevB_Chip_1_woShield_Gmx_default_OSC_default_Vsup_pm6V_night_Gain101,1,215,2026-09-03T14:17:41.533975+00:00,1.415780000000e+02,-5.006088000000e-04,-4.956522772277e-06
Offset_RevB_Chip_1_woShield_Gmx_default_OSC_default_Vsup_pm6V_night_Gain101,1,216,2026-09-03T14:17:42.190475+00:00,1.422345000000e+02,-5.163860000000e-04,-5.112732673267e-06
Offset_RevB_Chip_1_woShield_Gmx_default_OSC_default_Vsup_pm6V_night_Gain101,1,217,2026-09-03T14:17:42.854475+00:00,1.428985000000e+02,-5.076382000000e-04,-5.026120792079e-06
Offset_RevB_Chip_1_woShield_Gmx_default_OSC_default_Vsup_pm6V_night_Gain101,1,218,2026-09-03T14:17:43.518475+00:00,1.435625000000e+02,-5.114758000000e-04,-5.064116831683e-06
Offset_RevB_Chip_1_woShield_Gmx_default_OSC_default_Vsup_pm6V_night_Gain101,1,219,2026-09-03T14:17:44.174975+00:00,1.442190000000e+02,-5.028401000000e-04,-4.978614851485e-06
Offset_RevB_Chip_1_woShield_Gmx_default_OSC_default_Vsup_pm6V_night_Gain101,1,220,2026-09-03T14:17:44.830975+00:00,1.448750000000e+02,-4.971288000000e-04,-4.922067326733e-06
Offset_RevB_Chip_1_woShield_Gmx_default_OSC_default_Vsup_pm6V_night_Gain101,1,221,2026-09-03T14:17:45.494975+00:00,1.455390000000e+02,-5.021289000000e-04,-4.971573267327e-06
Offset_RevB_Chip_1_woShield_Gmx_default_OSC_default_Vsup_pm6V_night_Gain101,1,222,2026-09-03T14:17:46.158975+00:00,1.462030000000e+02,-5.119121000000e-04,-5.068436633663e-06
Offset_RevB_Chip_1_woShield_Gmx_default_OSC_default_Vsup_pm6V_night_Gain101,1,223,2026-09-03T14:17:46.815475+00:00,1.468595000000e+02,-5.047006000000e-04,-4.997035643564e-06
Offset_RevB_Chip_1_woShield_Gmx_default_OSC_default_Vsup_pm6V_night_Gain101,1,224,2026-09-03T14:17:47.471975+00:00,1.475160000000e+02,-5.015637000000e-04,-4.965977227723e-06
Offset_RevB_Chip_1_woShield_Gmx_default_OSC_default_Vsup_pm6V_night_Gain101,1,225,2026-09-03T14:17:48.127975+00:00,1.481720000000e+02,-5.064642000000e-04,-5.014497029703e-06
Offset_RevB_Chip_1_woShield_Gmx_default_OSC_default_Vsup_pm6V_night_Gain101,1,226,2026-09-03T14:17:48.791975+00:00,1.488360000000e+02,-5.013821000000e-04,-4.964179207921e-06
Offset_RevB_Chip_1_woShield_Gmx_default_OSC_default_Vsup_pm6V_night_Gain101,1,227,2026-09-03T14:17:49.455975+00:00,1.495000000000e+02,-4.999177000000e-04,-4.949680198020e-06
Offset_RevB_Chip_1_woShield_Gmx_default_OSC_default_Vsup_pm6V_night_Gain101,1,228,2026-09-03T14:17:50.111975+00:00,1.501560000000e+02,-4.927206000000e-04,-4.878421782178e-06
Offset_RevB_Chip_1_woShield_Gmx_default_OSC_default_Vsup_pm6V_night_Gain101,1,229,2026-09-03T14:17:50.768475+00:00,1.508125000000e+02,-4.964126000000e-04,-4.914976237624e-06
Offset_RevB_Chip_1_woShield_Gmx_default_OSC_default_Vsup_pm6V_night_Gain101,1,230,2026-09-03T14:17:51.424975+00:00,1.514690000000e+02,-5.041781000000e-04,-4.991862376238e-06
Offset_RevB_Chip_1_woShield_Gmx_default_OSC_default_Vsup_pm6V_night_Gain101,1,231,2026-09-03T14:17:52.088975+00:00,1.521330000000e+02,-5.073738000000e-04,-5.023502970297e-06
Offset_RevB_Chip_1_woShield_Gmx_default_OSC_default_Vsup_pm6V_night_Gain101,1,232,2026-09-03T14:17:52.752975+00:00,1.527970000000e+02,-5.077706000000e-04,-5.027431683168e-06
Offset_RevB_Chip_1_woShield_Gmx_default_OSC_default_Vsup_pm6V_night_Gain101,1,233,2026-09-03T14:17:53.408975+00:00,1.534530000000e+02,-5.072827000000e-04,-5.022600990099e-06
Offset_RevB_Chip_1_woShield_Gmx_default_OSC_default_Vsup_pm6V_night_Gain101,1,234,2026-09-03T14:17:54.065475+00:00,1.541095000000e+02,-5.006766000000e-04,-4.957194059406e-06
Offset_RevB_Chip_1_woShield_Gmx_default_OSC_default_Vsup_pm6V_night_Gain101,1,235,2026-09-03T14:17:54.721975+00:00,1.547660000000e+02,-5.080751000000e-04,-5.030446534653e-06
Offset_RevB_Chip_1_woShield_Gmx_default_OSC_default_Vsup_pm6V_night_Gain101,1,236,2026-09-03T14:17:55.385975+00:00,1.554300000000e+02,-5.074335000000e-04,-5.024094059406e-06
Offset_RevB_Chip_1_woShield_Gmx_default_OSC_default_Vsup_pm6V_night_Gain101,1,237,2026-09-03T14:17:56.049975+00:00,1.560940000000e+02,-5.082526000000e-04,-5.032203960396e-06
Offset_RevB_Chip_1_woShield_Gmx_default_OSC_default_Vsup_pm6V_night_Gain101,1,238,2026-09-03T14:17:56.705975+00:00,1.567500000000e+02,-5.082899000000e-04,-5.032573267327e-06
Offset_RevB_Chip_1_woShield_Gmx_default_OSC_default_Vsup_pm6V_night_Gain101,1,239,2026-09-03T14:17:57.361975+00:00,1.574060000000e+02,-4.979172000000e-04,-4.929873267327e-06
Offset_RevB_Chip_1_woShield_Gmx_default_OSC_default_Vsup_pm6V_night_Gain101,1,240,2026-09-03T14:17:58.025975+00:00,1.580700000000e+02,-4.915412000000e-04,-4.866744554455e-06
Offset_RevB_Chip_1_woShield_Gmx_default_OSC_default_Vsup_pm6V_night_Gain101,1,241,2026-09-03T14:17:58.690475+00:00,1.587345000000e+02,-5.000979000000e-04,-4.951464356436e-06
Offset_RevB_Chip_1_woShield_Gmx_default_OSC_default_Vsup_pm6V_night_Gain101,1,242,2026-09-03T14:17:59.346975+00:00,1.593910000000e+02,-5.104924000000e-04,-5.054380198020e-06
Offset_RevB_Chip_1_woShield_Gmx_default_OSC_default_Vsup_pm6V_night_Gain101,1,243,2026-09-03T14:18:00.002975+00:00,1.600470000000e+02,-4.975191000000e-04,-4.925931683168e-06
Offset_RevB_Chip_1_woShield_Gmx_default_OSC_default_Vsup_pm6V_night_Gain101,1,244,2026-09-03T14:18:00.666975+00:00,1.607110000000e+02,-5.008456000000e-04,-4.958867326733e-06
Offset_RevB_Chip_1_woShield_Gmx_default_OSC_default_Vsup_pm6V_night_Gain101,1,245,2026-09-03T14:18:01.330975+00:00,1.613750000000e+02,-4.993730000000e-04,-4.944287128713e-06
Offset_RevB_Chip_1_woShield_Gmx_default_OSC_default_Vsup_pm6V_night_Gain101,1,246,2026-09-03T14:18:01.986975+00:00,1.620310000000e+02,-4.948444000000e-04,-4.899449504950e-06
Offset_RevB_Chip_1_woShield_Gmx_default_OSC_default_Vsup_pm6V_night_Gain101,1,247,2026-09-03T14:18:02.643475+00:00,1.626875000000e+02,-5.074181000000e-04,-5.023941584158e-06
Offset_RevB_Chip_1_woShield_Gmx_default_OSC_default_Vsup_pm6V_night_Gain101,1,248,2026-09-03T14:18:03.299975+00:00,1.633440000000e+02,-4.930966000000e-04,-4.882144554455e-06
Offset_RevB_Chip_1_woShield_Gmx_default_OSC_default_Vsup_pm6V_night_Gain101,1,249,2026-09-03T14:18:03.963975+00:00,1.640080000000e+02,-4.955270000000e-04,-4.906207920792e-06
Offset_RevB_Chip_1_woShield_Gmx_default_OSC_default_Vsup_pm6V_night_Gain101,1,250,2026-09-03T14:18:04.627975+00:00,1.646720000000e+02,-5.107798000000e-04,-5.057225742574e-06
Offset_RevB_Chip_1_woShield_Gmx_default_OSC_default_Vsup_pm6V_night_Gain101,1,251,2026-09-03T14:18:05.283975+00:00,1.653280000000e+02,-5.001229000000e-04,-4.951711881188e-06
Offset_RevB_Chip_1_woShield_Gmx_default_OSC_default_Vsup_pm6V_night_Gain101,1,252,2026-09-03T14:18:05.940475+00:00,1.659845000000e+02,-5.099058000000e-04,-5.048572277228e-06
Offset_RevB_Chip_1_woShield_Gmx_default_OSC_default_Vsup_pm6V_night_Gain101,1,253,2026-09-03T14:18:06.604475+00:00,1.666485000000e+02,-4.893670000000e-04,-4.845217821782e-06
Offset_RevB_Chip_1_woShield_Gmx_default_OSC_default_Vsup_pm6V_night_Gain101,1,254,2026-09-03T14:18:07.268475+00:00,1.673125000000e+02,-4.994731000000e-04,-4.945278217822e-06
Offset_RevB_Chip_1_woShield_Gmx_default_OSC_default_Vsup_pm6V_night_Gain101,1,255,2026-09-03T14:18:07.924975+00:00,1.679690000000e+02,-5.086257000000e-04,-5.035898019802e-06
Offset_RevB_Chip_1_woShield_Gmx_default_OSC_default_Vsup_pm6V_night_Gain101,1,256,2026-09-03T14:18:08.580975+00:00,1.686250000000e+02,-4.950333000000e-04,-4.901319801980e-06
Offset_RevB_Chip_1_woShield_Gmx_default_OSC_default_Vsup_pm6V_night_Gain101,1,257,2026-09-03T14:18:09.236975+00:00,1.692810000000e+02,-5.041109000000e-04,-4.991197029703e-06
Offset_RevB_Chip_1_woShield_Gmx_default_OSC_default_Vsup_pm6V_night_Gain101,1,258,2026-09-03T14:18:09.900975+00:00,1.699450000000e+02,-5.016840000000e-04,-4.967168316832e-06
Offset_RevB_Chip_1_woShield_Gmx_default_OSC_default_Vsup_pm6V_night_Gain101,1,259,2026-09-03T14:18:10.565475+00:00,1.706095000000e+02,-4.855613000000e-04,-4.807537623762e-06
Offset_RevB_Chip_1_woShield_Gmx_default_OSC_default_Vsup_pm6V_night_Gain101,1,260,2026-09-03T14:18:11.221975+00:00,1.712660000000e+02,-4.989069000000e-04,-4.939672277228e-06
Offset_RevB_Chip_1_woShield_Gmx_default_OSC_default_Vsup_pm6V_night_Gain101,1,261,2026-09-03T14:18:11.877975+00:00,1.719220000000e+02,-4.963493000000e-04,-4.914349504950e-06
Offset_RevB_Chip_1_woShield_Gmx_default_OSC_default_Vsup_pm6V_night_Gain101,1,262,2026-09-03T14:18:12.541975+00:00,1.725860000000e+02,-4.989481000000e-04,-4.940080198020e-06
Offset_RevB_Chip_1_woShield_Gmx_default_OSC_default_Vsup_pm6V_night_Gain101,1,263,2026-09-03T14:18:13.205975+00:00,1.732500000000e+02,-4.988202000000e-04,-4.938813861386e-06
Offset_RevB_Chip_1_woShield_Gmx_default_OSC_default_Vsup_pm6V_night_Gain101,1,264,2026-09-03T14:18:13.861975+00:00,1.739060000000e+02,-5.105265000000e-04,-5.054717821782e-06
Offset_RevB_Chip_1_woShield_Gmx_default_OSC_default_Vsup_pm6V_night_Gain101,1,265,2026-09-03T14:18:14.518475+00:00,1.745625000000e+02,-5.014659000000e-04,-4.965008910891e-06
Offset_RevB_Chip_1_woShield_Gmx_default_OSC_default_Vsup_pm6V_night_Gain101,1,266,2026-09-03T14:18:15.182975+00:00,1.752270000000e+02,-5.028862000000e-04,-4.979071287129e-06
Offset_RevB_Chip_1_woShield_Gmx_default_OSC_default_Vsup_pm6V_night_Gain101,1,267,2026-09-03T14:18:15.846975+00:00,1.758910000000e+02,-5.017831000000e-04,-4.968149504950e-06
Offset_RevB_Chip_1_woShield_Gmx_default_OSC_default_Vsup_pm6V_night_Gain101,1,268,2026-09-03T14:18:16.502975+00:00,1.765470000000e+02,-4.928331000000e-04,-4.879535643564e-06
Offset_RevB_Chip_1_woShield_Gmx_default_OSC_default_Vsup_pm6V_night_Gain101,1,269,2026-09-03T14:18:17.158975+00:00,1.772030000000e+02,-5.026213000000e-04,-4.976448514851e-06
Offset_RevB_Chip_1_woShield_Gmx_default_OSC_default_Vsup_pm6V_night_Gain101,1,270,2026-09-03T14:18:17.822975+00:00,1.778670000000e+02,-5.030783000000e-04,-4.980973267327e-06
Offset_RevB_Chip_1_woShield_Gmx_default_OSC_default_Vsup_pm6V_night_Gain101,1,271,2026-09-03T14:18:18.486975+00:00,1.785310000000e+02,-4.996634000000e-04,-4.947162376238e-06
Offset_RevB_Chip_1_woShield_Gmx_default_OSC_default_Vsup_pm6V_night_Gain101,1,272,2026-09-03T14:18:19.143475+00:00,1.791875000000e+02,-5.023844000000e-04,-4.974102970297e-06
Offset_RevB_Chip_1_woShield_Gmx_default_OSC_default_Vsup_pm6V_night_Gain101,1,273,2026-09-03T14:18:19.799975+00:00,1.798440000000e+02,-4.936238000000e-04,-4.887364356436e-06
Offset_RevB_Chip_1_woShield_Gmx_default_OSC_default_Vsup_pm6V_night_Gain101,1,274,2026-09-03T14:18:20.463975+00:00,1.805080000000e+02,-4.990611000000e-04,-4.941199009901e-06
Offset_RevB_Chip_1_woShield_Gmx_default_OSC_default_Vsup_pm6V_night_Gain101,1,275,2026-09-03T14:18:21.127975+00:00,1.811720000000e+02,-4.962486000000e-04,-4.913352475248e-06
Offset_RevB_Chip_1_woShield_Gmx_default_OSC_default_Vsup_pm6V_night_Gain101,1,276,2026-09-03T14:18:21.783975+00:00,1.818280000000e+02,-4.968996000000e-04,-4.919798019802e-06
Offset_RevB_Chip_1_woShield_Gmx_default_OSC_default_Vsup_pm6V_night_Gain101,1,277,2026-09-03T14:18:22.440475+00:00,1.824845000000e+02,-4.963039000000e-04,-4.913900000000e-06
Offset_RevB_Chip_1_woShield_Gmx_default_OSC_default_Vsup_pm6V_night_Gain101,1,278,2026-09-03T14:18:23.104475+00:00,1.831485000000e+02,-4.946309000000e-04,-4.897335643564e-06
Offset_RevB_Chip_1_woShield_Gmx_default_OSC_default_Vsup_pm6V_night_Gain101,1,279,2026-09-03T14:18:23.768475+00:00,1.838125000000e+02,-4.902479000000e-04,-4.853939603960e-06
Offset_RevB_Chip_1_woShield_Gmx_default_OSC_default_Vsup_pm6V_night_Gain101,1,280,2026-09-03T14:18:24.424975+00:00,1.844690000000e+02,-4.853887000000e-04,-4.805828712871e-06
Offset_RevB_Chip_1_woShield_Gmx_default_OSC_default_Vsup_pm6V_night_Gain101,1,281,2026-09-03T14:18:25.080975+00:00,1.851250000000e+02,-4.932493000000e-04,-4.883656435644e-06
Offset_RevB_Chip_1_woShield_Gmx_default_OSC_default_Vsup_pm6V_night_Gain101,1,282,2026-09-03T14:18:25.744975+00:00,1.857890000000e+02,-5.003209000000e-04,-4.953672277228e-06
Offset_RevB_Chip_1_woShield_Gmx_default_OSC_default_Vsup_pm6V_night_Gain101,1,283,2026-09-03T14:18:26.408975+00:00,1.864530000000e+02,-4.890556000000e-04,-4.842134653465e-06
Offset_RevB_Chip_1_woShield_Gmx_default_OSC_default_Vsup_pm6V_night_Gain101,1,284,2026-09-03T14:18:27.065475+00:00,1.871095000000e+02,-4.858088000000e-04,-4.809988118812e-06
Offset_RevB_Chip_1_woShield_Gmx_default_OSC_default_Vsup_pm6V_night_Gain101,1,285,2026-09-03T14:18:27.729475+00:00,1.877735000000e+02,-4.791429000000e-04,-4.743989108911e-06
Offset_RevB_Chip_1_woShield_Gmx_default_OSC_default_Vsup_pm6V_night_Gain101,1,286,2026-09-03T14:18:28.393475+00:00,1.884375000000e+02,-4.962745000000e-04,-4.913608910891e-06
Offset_RevB_Chip_1_woShield_Gmx_default_OSC_default_Vsup_pm6V_night_Gain101,1,287,2026-09-03T14:18:29.049975+00:00,1.890940000000e+02,-4.936578000000e-04,-4.887700990099e-06
Offset_RevB_Chip_1_woShield_Gmx_default_OSC_default_Vsup_pm6V_night_Gain101,1,288,2026-09-03T14:18:29.705975+00:00,1.897500000000e+02,-4.894720000000e-04,-4.846257425743e-06
Offset_RevB_Chip_1_woShield_Gmx_default_OSC_default_Vsup_pm6V_night_Gain101,1,289,2026-09-03T14:18:30.369975+00:00,1.904140000000e+02,-4.919699000000e-04,-4.870989108911e-06
Offset_RevB_Chip_1_woShield_Gmx_default_OSC_default_Vsup_pm6V_night_Gain101,1,290,2026-09-03T14:18:31.033975+00:00,1.910780000000e+02,-4.735339000000e-04,-4.688454455446e-06
Offset_RevB_Chip_1_woShield_Gmx_default_OSC_default_Vsup_pm6V_night_Gain101,1,291,2026-09-03T14:18:31.690475+00:00,1.917345000000e+02,-4.867612000000e-04,-4.819417821782e-06
Offset_RevB_Chip_1_woShield_Gmx_default_OSC_default_Vsup_pm6V_night_Gain101,1,292,2026-09-03T14:18:32.346975+00:00,1.923910000000e+02,-4.687434000000e-04,-4.641023762376e-06
Offset_RevB_Chip_1_woShield_Gmx_default_OSC_default_Vsup_pm6V_night_Gain101,1,293,2026-09-03T14:18:33.010975+00:00,1.930550000000e+02,-4.701071000000e-04,-4.654525742574e-06
Offset_RevB_Chip_1_woShield_Gmx_default_OSC_default_Vsup_pm6V_night_Gain101,1,294,2026-09-03T14:18:33.674975+00:00,1.937190000000e+02,-4.665280000000e-04,-4.619089108911e-06
Offset_RevB_Chip_1_woShield_Gmx_default_OSC_default_Vsup_pm6V_night_Gain101,1,295,2026-09-03T14:18:34.330975+00:00,1.943750000000e+02,-4.716550000000e-04,-4.669851485149e-06
Offset_RevB_Chip_1_woShield_Gmx_default_OSC_default_Vsup_pm6V_night_Gain101,1,296,2026-09-03T14:18:34.986975+00:00,1.950310000000e+02,-4.823454000000e-04,-4.775697029703e-06
Offset_RevB_Chip_1_woShield_Gmx_default_OSC_default_Vsup_pm6V_night_Gain101,1,297,2026-09-03T14:18:35.650975+00:00,1.956950000000e+02,-4.807884000000e-04,-4.760281188119e-06
Offset_RevB_Chip_1_woShield_Gmx_default_OSC_default_Vsup_pm6V_night_Gain101,1,298,2026-09-03T14:18:36.315475+00:00,1.963595000000e+02,-4.776133000000e-04,-4.728844554455e-06
Offset_RevB_Chip_1_woShield_Gmx_default_OSC_default_Vsup_pm6V_night_Gain101,1,299,2026-09-03T14:18:36.971975+00:00,1.970160000000e+02,-4.724712000000e-04,-4.677932673267e-06
Offset_RevB_Chip_1_woShield_Gmx_default_OSC_default_Vsup_pm6V_night_Gain101,1,300,2026-09-03T14:18:37.627975+00:00,1.976720000000e+02,-4.719977000000e-04,-4.673244554455e-06
Offset_RevB_Chip_1_woShield_Gmx_default_OSC_default_Vsup_pm6V_night_Gain101,1,301,2026-09-03T14:18:38.299975+00:00,1.983440000000e+02,-4.645770000000e-04,-4.599772277228e-06
Offset_RevB_Chip_1_woShield_Gmx_default_OSC_default_Vsup_pm6V_night_Gain101,1,302,2026-09-03T14:18:38.955975+00:00,1.990000000000e+02,-4.661299000000e-04,-4.615147524752e-06
Offset_RevB_Chip_1_woShield_Gmx_default_OSC_default_Vsup_pm6V_night_Gain101,1,303,2026-09-03T14:18:39.611975+00:00,1.996560000000e+02,-4.783518000000e-04,-4.736156435644e-06
Offset_RevB_Chip_1_woShield_Gmx_default_OSC_default_Vsup_pm6V_night_Gain101,1,304,2026-09-03T14:18:40.275975+00:00,2.003200000000e+02,-4.707717000000e-04,-4.661105940594e-06
Offset_RevB_Chip_1_woShield_Gmx_default_OSC_default_Vsup_pm6V_night_Gain101,1,305,2026-09-03T14:18:40.940475+00:00,2.009845000000e+02,-4.734026000000e-04,-4.687154455446e-06
Offset_RevB_Chip_1_woShield_Gmx_default_OSC_default_Vsup_pm6V_night_Gain101,1,306,2026-09-03T14:18:41.596975+00:00,2.016410000000e+02,-4.637432000000e-04,-4.591516831683e-06
Offset_RevB_Chip_1_woShield_Gmx_default_OSC_default_Vsup_pm6V_night_Gain101,1,307,2026-09-03T14:18:42.252975+00:00,2.022970000000e+02,-4.644085000000e-04,-4.598103960396e-06
Offset_RevB_Chip_1_woShield_Gmx_default_OSC_default_Vsup_pm6V_night_Gain101,1,308,2026-09-03T14:18:42.916975+00:00,2.029610000000e+02,-4.537461000000e-04,-4.492535643564e-06
Offset_RevB_Chip_1_woShield_Gmx_default_OSC_default_Vsup_pm6V_night_Gain101,1,309,2026-09-03T14:18:43.580975+00:00,2.036250000000e+02,-4.643087000000e-04,-4.597115841584e-06
Offset_RevB_Chip_1_woShield_Gmx_default_OSC_default_Vsup_pm6V_night_Gain101,1,310,2026-09-03T14:18:44.236975+00:00,2.042810000000e+02,-4.679983000000e-04,-4.633646534653e-06
Offset_RevB_Chip_1_woShield_Gmx_default_OSC_default_Vsup_pm6V_night_Gain101,1,311,2026-09-03T14:18:44.893475+00:00,2.049375000000e+02,-4.660141000000e-04,-4.614000990099e-06
Offset_RevB_Chip_1_woShield_Gmx_default_OSC_default_Vsup_pm6V_night_Gain101,1,312,2026-09-03T14:18:45.557975+00:00,2.056020000000e+02,-4.527392000000e-04,-4.482566336634e-06
Offset_RevB_Chip_1_woShield_Gmx_default_OSC_default_Vsup_pm6V_night_Gain101,1,313,2026-09-03T14:18:46.221975+00:00,2.062660000000e+02,-4.527358000000e-04,-4.482532673267e-06
Offset_RevB_Chip_1_woShield_Gmx_default_OSC_default_Vsup_pm6V_night_Gain101,1,314,2026-09-03T14:18:46.877975+00:00,2.069220000000e+02,-4.611956000000e-04,-4.566293069307e-06
Offset_RevB_Chip_1_woShield_Gmx_default_OSC_default_Vsup_pm6V_night_Gain101,1,315,2026-09-03T14:18:47.533975+00:00,2.075780000000e+02,-4.698718000000e-04,-4.652196039604e-06
Offset_RevB_Chip_1_woShield_Gmx_default_OSC_default_Vsup_pm6V_night_Gain101,1,316,2026-09-03T14:18:48.197975+00:00,2.082420000000e+02,-4.656476000000e-04,-4.610372277228e-06
Offset_RevB_Chip_1_woShield_Gmx_default_OSC_default_Vsup_pm6V_night_Gain101,1,317,2026-09-03T14:18:48.861975+00:00,2.089060000000e+02,-4.637193000000e-04,-4.591280198020e-06
Offset_RevB_Chip_1_woShield_Gmx_default_OSC_default_Vsup_pm6V_night_Gain101,1,318,2026-09-03T14:18:49.518475+00:00,2.095625000000e+02,-4.610043000000e-04,-4.564399009901e-06
Offset_RevB_Chip_1_woShield_Gmx_default_OSC_default_Vsup_pm6V_night_Gain101,1,319,2026-09-03T14:18:50.174975+00:00,2.102190000000e+02,-4.595292000000e-04,-4.549794059406e-06
Offset_RevB_Chip_1_woShield_Gmx_default_OSC_default_Vsup_pm6V_night_Gain101,1,320,2026-09-03T14:18:50.838975+00:00,2.108830000000e+02,-4.603066000000e-04,-4.557491089109e-06
Offset_RevB_Chip_1_woShield_Gmx_default_OSC_default_Vsup_pm6V_night_Gain101,1,321,2026-09-03T14:18:51.502975+00:00,2.115470000000e+02,-4.679891000000e-04,-4.633555445545e-06
Offset_RevB_Chip_1_woShield_Gmx_default_OSC_default_Vsup_pm6V_night_Gain101,1,322,2026-09-03T14:18:52.158975+00:00,2.122030000000e+02,-4.615475000000e-04,-4.569777227723e-06
Offset_RevB_Chip_1_woShield_Gmx_default_OSC_default_Vsup_pm6V_night_Gain101,1,323,2026-09-03T14:18:52.815475+00:00,2.128595000000e+02,-4.645100000000e-04,-4.599108910891e-06
Offset_RevB_Chip_1_woShield_Gmx_default_OSC_default_Vsup_pm6V_night_Gain101,1,324,2026-09-03T14:18:53.479475+00:00,2.135235000000e+02,-4.709861000000e-04,-4.663228712871e-06
Offset_RevB_Chip_1_woShield_Gmx_default_OSC_default_Vsup_pm6V_night_Gain101,1,325,2026-09-03T14:18:54.143475+00:00,2.141875000000e+02,-4.761777000000e-04,-4.714630693069e-06
Offset_RevB_Chip_1_woShield_Gmx_default_OSC_default_Vsup_pm6V_night_Gain101,1,326,2026-09-03T14:18:54.799975+00:00,2.148440000000e+02,-4.527546000000e-04,-4.482718811881e-06
Offset_RevB_Chip_1_woShield_Gmx_default_OSC_default_Vsup_pm6V_night_Gain101,1,327,2026-09-03T14:18:55.455975+00:00,2.155000000000e+02,-4.649390000000e-04,-4.603356435644e-06
Offset_RevB_Chip_1_woShield_Gmx_default_OSC_default_Vsup_pm6V_night_Gain101,1,328,2026-09-03T14:18:56.111975+00:00,2.161560000000e+02,-4.561241000000e-04,-4.516080198020e-06
Offset_RevB_Chip_1_woShield_Gmx_default_OSC_default_Vsup_pm6V_night_Gain101,1,329,2026-09-03T14:18:56.775975+00:00,2.168200000000e+02,-4.587747000000e-04,-4.542323762376e-06
Offset_RevB_Chip_1_woShield_Gmx_default_OSC_default_Vsup_pm6V_night_Gain101,1,330,2026-09-03T14:18:57.440475+00:00,2.174845000000e+02,-4.497100000000e-04,-4.452574257426e-06
Offset_RevB_Chip_1_woShield_Gmx_default_OSC_default_Vsup_pm6V_night_Gain101,1,331,2026-09-03T14:18:58.096975+00:00,2.181410000000e+02,-4.632780000000e-04,-4.586910891089e-06
Offset_RevB_Chip_1_woShield_Gmx_default_OSC_default_Vsup_pm6V_night_Gain101,1,332,2026-09-03T14:18:58.752975+00:00,2.187970000000e+02,-4.633439000000e-04,-4.587563366337e-06
Offset_RevB_Chip_1_woShield_Gmx_default_OSC_default_Vsup_pm6V_night_Gain101,1,333,2026-09-03T14:18:59.416975+00:00,2.194610000000e+02,-4.480579000000e-04,-4.436216831683e-06
Offset_RevB_Chip_1_woShield_Gmx_default_OSC_default_Vsup_pm6V_night_Gain101,1,334,2026-09-03T14:19:00.080975+00:00,2.201250000000e+02,-4.575517000000e-04,-4.530214851485e-06
Offset_RevB_Chip_1_woShield_Gmx_default_OSC_default_Vsup_pm6V_night_Gain101,1,335,2026-09-03T14:19:00.736975+00:00,2.207810000000e+02,-4.558252000000e-04,-4.513120792079e-06
Offset_RevB_Chip_1_woShield_Gmx_default_OSC_default_Vsup_pm6V_night_Gain101,1,336,2026-09-03T14:19:01.393475+00:00,2.214375000000e+02,-4.432499000000e-04,-4.388612871287e-06
Offset_RevB_Chip_1_woShield_Gmx_default_OSC_default_Vsup_pm6V_night_Gain101,1,337,2026-09-03T14:19:02.049975+00:00,2.220940000000e+02,-4.400772000000e-04,-4.357200000000e-06
Offset_RevB_Chip_1_woShield_Gmx_default_OSC_default_Vsup_pm6V_night_Gain101,1,338,2026-09-03T14:19:02.713975+00:00,2.227580000000e+02,-4.381131000000e-04,-4.337753465347e-06
Offset_RevB_Chip_1_woShield_Gmx_default_OSC_default_Vsup_pm6V_night_Gain101,1,339,2026-09-03T14:19:03.377975+00:00,2.234220000000e+02,-4.499756000000e-04,-4.455203960396e-06
Offset_RevB_Chip_1_woShield_Gmx_default_OSC_default_Vsup_pm6V_night_Gain101,1,340,2026-09-03T14:19:04.033975+00:00,2.240780000000e+02,-4.448259000000e-04,-4.404216831683e-06
Offset_RevB_Chip_1_woShield_Gmx_default_OSC_default_Vsup_pm6V_night_Gain101,1,341,2026-09-03T14:19:04.690475+00:00,2.247345000000e+02,-4.421690000000e-04,-4.377910891089e-06
Offset_RevB_Chip_1_woShield_Gmx_default_OSC_default_Vsup_pm6V_night_Gain101,1,342,2026-09-03T14:19:05.346975+00:00,2.253910000000e+02,-4.338397000000e-04,-4.295442574257e-06
Offset_RevB_Chip_1_woShield_Gmx_default_OSC_default_Vsup_pm6V_night_Gain101,1,343,2026-09-03T14:19:06.010975+00:00,2.260550000000e+02,-4.425130000000e-04,-4.381316831683e-06
Offset_RevB_Chip_1_woShield_Gmx_default_OSC_default_Vsup_pm6V_night_Gain101,1,344,2026-09-03T14:19:06.674975+00:00,2.267190000000e+02,-4.462327000000e-04,-4.418145544554e-06
Offset_RevB_Chip_1_woShield_Gmx_default_OSC_default_Vsup_pm6V_night_Gain101,1,345,2026-09-03T14:19:07.330975+00:00,2.273750000000e+02,-4.394734000000e-04,-4.351221782178e-06
Offset_RevB_Chip_1_woShield_Gmx_default_OSC_default_Vsup_pm6V_night_Gain101,1,346,2026-09-03T14:19:07.986975+00:00,2.280310000000e+02,-4.507746000000e-04,-4.463114851485e-06
Offset_RevB_Chip_1_woShield_Gmx_default_OSC_default_Vsup_pm6V_night_Gain101,1,347,2026-09-03T14:19:08.643475+00:00,2.286875000000e+02,-4.384745000000e-04,-4.341331683168e-06
Offset_RevB_Chip_1_woShield_Gmx_default_OSC_default_Vsup_pm6V_night_Gain101,1,348,2026-09-03T14:19:09.307975+00:00,2.293520000000e+02,-4.501142000000e-04,-4.456576237624e-06
Offset_RevB_Chip_1_woShield_Gmx_default_OSC_default_Vsup_pm6V_night_Gain101,1,349,2026-09-03T14:19:09.971975+00:00,2.300160000000e+02,-4.507645000000e-04,-4.463014851485e-06
Offset_RevB_Chip_1_woShield_Gmx_default_OSC_default_Vsup_pm6V_night_Gain101,1,350,2026-09-03T14:19:10.627975+00:00,2.306720000000e+02,-4.421744000000e-04,-4.377964356436e-06
Offset_RevB_Chip_1_woShield_Gmx_default_OSC_default_Vsup_pm6V_night_Gain101,1,351,2026-09-03T14:19:11.283975+00:00,2.313280000000e+02,-4.371694000000e-04,-4.328409900990e-06
Offset_RevB_Chip_1_woShield_Gmx_default_OSC_default_Vsup_pm6V_night_Gain101,1,352,2026-09-03T14:19:11.947975+00:00,2.319920000000e+02,-4.396000000000e-04,-4.352475247525e-06
Offset_RevB_Chip_1_woShield_Gmx_default_OSC_default_Vsup_pm6V_night_Gain101,1,353,2026-09-03T14:19:12.611975+00:00,2.326560000000e+02,-4.567650000000e-04,-4.522425742574e-06
Offset_RevB_Chip_1_woShield_Gmx_default_OSC_default_Vsup_pm6V_night_Gain101,1,354,2026-09-03T14:19:13.268475+00:00,2.333125000000e+02,-4.467420000000e-04,-4.423188118812e-06
Offset_RevB_Chip_1_woShield_Gmx_default_OSC_default_Vsup_pm6V_night_Gain101,1,355,2026-09-03T14:19:13.924975+00:00,2.339690000000e+02,-4.378446000000e-04,-4.335095049505e-06
Offset_RevB_Chip_1_woShield_Gmx_default_OSC_default_Vsup_pm6V_night_Gain101,1,356,2026-09-03T14:19:14.580975+00:00,2.346250000000e+02,-4.441341000000e-04,-4.397367326733e-06
Offset_RevB_Chip_1_woShield_Gmx_default_OSC_default_Vsup_pm6V_night_Gain101,1,357,2026-09-03T14:19:15.244975+00:00,2.352890000000e+02,-4.581272000000e-04,-4.535912871287e-06
Offset_RevB_Chip_1_woShield_Gmx_default_OSC_default_Vsup_pm6V_night_Gain101,1,358,2026-09-03T14:19:15.908975+00:00,2.359530000000e+02,-4.249318000000e-04,-4.207245544554e-06
Offset_RevB_Chip_1_woShield_Gmx_default_OSC_default_Vsup_pm6V_night_Gain101,1,359,2026-09-03T14:19:16.565475+00:00,2.366095000000e+02,-4.499488000000e-04,-4.454938613861e-06
Offset_RevB_Chip_1_woShield_Gmx_default_OSC_default_Vsup_pm6V_night_Gain101,1,360,2026-09-03T14:19:17.221975+00:00,2.372660000000e+02,-4.387941000000e-04,-4.344496039604e-06
Offset_RevB_Chip_1_woShield_Gmx_default_OSC_default_Vsup_pm6V_night_Gain101,1,361,2026-09-03T14:19:17.877975+00:00,2.379220000000e+02,-4.382698000000e-04,-4.339304950495e-06
Offset_RevB_Chip_1_woShield_Gmx_default_OSC_default_Vsup_pm6V_night_Gain101,1,362,2026-09-03T14:19:18.541975+00:00,2.385860000000e+02,-4.496648000000e-04,-4.452126732673e-06
Offset_RevB_Chip_1_woShield_Gmx_default_OSC_default_Vsup_pm6V_night_Gain101,1,363,2026-09-03T14:19:19.205975+00:00,2.392500000000e+02,-4.569429000000e-04,-4.524187128713e-06
Offset_RevB_Chip_1_woShield_Gmx_default_OSC_default_Vsup_pm6V_night_Gain101,1,364,2026-09-03T14:19:19.861975+00:00,2.399060000000e+02,-4.443443000000e-04,-4.399448514851e-06
Offset_RevB_Chip_1_woShield_Gmx_default_OSC_default_Vsup_pm6V_night_Gain101,1,365,2026-09-03T14:19:20.518475+00:00,2.405625000000e+02,-4.458096000000e-04,-4.413956435644e-06
Offset_RevB_Chip_1_woShield_Gmx_default_OSC_default_Vsup_pm6V_night_Gain101,1,366,2026-09-03T14:19:21.174975+00:00,2.412190000000e+02,-4.410979000000e-04,-4.367305940594e-06
Offset_RevB_Chip_1_woShield_Gmx_default_OSC_default_Vsup_pm6V_night_Gain101,1,367,2026-09-03T14:19:21.846975+00:00,2.418910000000e+02,-4.371662000000e-04,-4.328378217822e-06
Offset_RevB_Chip_1_woShield_Gmx_default_OSC_default_Vsup_pm6V_night_Gain101,1,368,2026-09-03T14:19:22.502975+00:00,2.425470000000e+02,-4.543861000000e-04,-4.498872277228e-06
Offset_RevB_Chip_1_woShield_Gmx_default_OSC_default_Vsup_pm6V_night_Gain101,1,369,2026-09-03T14:19:23.158975+00:00,2.432030000000e+02,-4.429388000000e-04,-4.385532673267e-06
Offset_RevB_Chip_1_woShield_Gmx_default_OSC_default_Vsup_pm6V_night_Gain101,1,370,2026-09-03T14:19:23.815475+00:00,2.438595000000e+02,-4.453838000000e-04,-4.409740594059e-06
Offset_RevB_Chip_1_woShield_Gmx_default_OSC_default_Vsup_pm6V_night_Gain101,1,371,2026-09-03T14:19:24.479475+00:00,2.445235000000e+02,-4.329780000000e-04,-4.286910891089e-06
Offset_RevB_Chip_1_woShield_Gmx_default_OSC_default_Vsup_pm6V_night_Gain101,1,372,2026-09-03T14:19:25.143475+00:00,2.451875000000e+02,-4.447982000000e-04,-4.403942574257e-06
Offset_RevB_Chip_1_woShield_Gmx_default_OSC_default_Vsup_pm6V_night_Gain101,1,373,2026-09-03T14:19:25.799975+00:00,2.458440000000e+02,-4.386305000000e-04,-4.342876237624e-06
Offset_RevB_Chip_1_woShield_Gmx_default_OSC_default_Vsup_pm6V_night_Gain101,1,374,2026-09-03T14:19:26.455975+00:00,2.465000000000e+02,-4.504071000000e-04,-4.459476237624e-06
Offset_RevB_Chip_1_woShield_Gmx_default_OSC_default_Vsup_pm6V_night_Gain101,1,375,2026-09-03T14:19:27.111975+00:00,2.471560000000e+02,-4.602008000000e-04,-4.556443564356e-06
Offset_RevB_Chip_1_woShield_Gmx_default_OSC_default_Vsup_pm6V_night_Gain101,1,376,2026-09-03T14:19:27.775975+00:00,2.478200000000e+02,-4.414943000000e-04,-4.371230693069e-06
Offset_RevB_Chip_1_woShield_Gmx_default_OSC_default_Vsup_pm6V_night_Gain101,1,377,2026-09-03T14:19:28.440475+00:00,2.484845000000e+02,-4.566761000000e-04,-4.521545544554e-06
Offset_RevB_Chip_1_woShield_Gmx_default_OSC_default_Vsup_pm6V_night_Gain101,1,378,2026-09-03T14:19:29.096975+00:00,2.491410000000e+02,-4.467140000000e-04,-4.422910891089e-06
Offset_RevB_Chip_1_woShield_Gmx_default_OSC_default_Vsup_pm6V_night_Gain101,1,379,2026-09-03T14:19:29.752975+00:00,2.497970000000e+02,-4.576771000000e-04,-4.531456435644e-06
Offset_RevB_Chip_1_woShield_Gmx_default_OSC_default_Vsup_pm6V_night_Gain101,1,380,2026-09-03T14:19:30.416975+00:00,2.504610000000e+02,-4.404241000000e-04,-4.360634653465e-06
Offset_RevB_Chip_1_woShield_Gmx_default_OSC_default_Vsup_pm6V_night_Gain101,1,381,2026-09-03T14:19:31.080975+00:00,2.511250000000e+02,-4.436714000000e-04,-4.392786138614e-06
Offset_RevB_Chip_1_woShield_Gmx_default_OSC_default_Vsup_pm6V_night_Gain101,1,382,2026-09-03T14:19:31.736975+00:00,2.517810000000e+02,-4.425524000000e-04,-4.381706930693e-06
Offset_RevB_Chip_1_woShield_Gmx_default_OSC_default_Vsup_pm6V_night_Gain101,1,383,2026-09-03T14:19:32.393475+00:00,2.524375000000e+02,-4.448034000000e-04,-4.403994059406e-06
Offset_RevB_Chip_1_woShield_Gmx_default_OSC_default_Vsup_pm6V_night_Gain101,1,384,2026-09-03T14:19:33.049975+00:00,2.530940000000e+02,-4.441753000000e-04,-4.397775247525e-06
Offset_RevB_Chip_1_woShield_Gmx_default_OSC_default_Vsup_pm6V_night_Gain101,1,385,2026-09-03T14:19:33.713975+00:00,2.537580000000e+02,-4.624210000000e-04,-4.578425742574e-06
Offset_RevB_Chip_1_woShield_Gmx_default_OSC_default_Vsup_pm6V_night_Gain101,1,386,2026-09-03T14:19:34.377975+00:00,2.544220000000e+02,-4.521384000000e-04,-4.476617821782e-06
Offset_RevB_Chip_1_woShield_Gmx_default_OSC_default_Vsup_pm6V_night_Gain101,1,387,2026-09-03T14:19:35.033975+00:00,2.550780000000e+02,-4.513082000000e-04,-4.468398019802e-06
Offset_RevB_Chip_1_woShield_Gmx_default_OSC_default_Vsup_pm6V_night_Gain101,1,388,2026-09-03T14:19:35.690475+00:00,2.557345000000e+02,-4.670498000000e-04,-4.624255445545e-06
Offset_RevB_Chip_1_woShield_Gmx_default_OSC_default_Vsup_pm6V_night_Gain101,1,389,2026-09-03T14:19:36.354475+00:00,2.563985000000e+02,-4.469940000000e-04,-4.425683168317e-06
Offset_RevB_Chip_1_woShield_Gmx_default_OSC_default_Vsup_pm6V_night_Gain101,1,390,2026-09-03T14:19:37.018475+00:00,2.570625000000e+02,-4.383304000000e-04,-4.339904950495e-06
Offset_RevB_Chip_1_woShield_Gmx_default_OSC_default_Vsup_pm6V_night_Gain101,1,391,2026-09-03T14:19:37.674975+00:00,2.577190000000e+02,-4.369232000000e-04,-4.325972277228e-06
Offset_RevB_Chip_1_woShield_Gmx_default_OSC_default_Vsup_pm6V_night_Gain101,1,392,2026-09-03T14:19:38.330975+00:00,2.583750000000e+02,-4.323212000000e-04,-4.280407920792e-06
Offset_RevB_Chip_1_woShield_Gmx_default_OSC_default_Vsup_pm6V_night_Gain101,1,393,2026-09-03T14:19:38.994975+00:00,2.590390000000e+02,-4.396750000000e-04,-4.353217821782e-06
Offset_RevB_Chip_1_woShield_Gmx_default_OSC_default_Vsup_pm6V_night_Gain101,1,394,2026-09-03T14:19:39.658975+00:00,2.597030000000e+02,-4.527165000000e-04,-4.482341584158e-06
Offset_RevB_Chip_1_woShield_Gmx_default_OSC_default_Vsup_pm6V_night_Gain101,1,395,2026-09-03T14:19:40.315475+00:00,2.603595000000e+02,-4.483514000000e-04,-4.439122772277e-06
Offset_RevB_Chip_1_woShield_Gmx_default_OSC_default_Vsup_pm6V_night_Gain101,1,396,2026-09-03T14:19:40.971975+00:00,2.610160000000e+02,-4.444195000000e-04,-4.400193069307e-06
Offset_RevB_Chip_1_woShield_Gmx_default_OSC_default_Vsup_pm6V_night_Gain101,1,397,2026-09-03T14:19:41.635975+00:00,2.616800000000e+02,-4.478416000000e-04,-4.434075247525e-06
Offset_RevB_Chip_1_woShield_Gmx_default_OSC_default_Vsup_pm6V_night_Gain101,1,398,2026-09-03T14:19:42.299975+00:00,2.623440000000e+02,-4.507126000000e-04,-4.462500990099e-06
Offset_RevB_Chip_1_woShield_Gmx_default_OSC_default_Vsup_pm6V_night_Gain101,1,399,2026-09-03T14:19:42.955975+00:00,2.630000000000e+02,-4.581952000000e-04,-4.536586138614e-06
Offset_RevB_Chip_1_woShield_Gmx_default_OSC_default_Vsup_pm6V_night_Gain101,1,400,2026-09-03T14:19:43.611975+00:00,2.636560000000e+02,-4.453932000000e-04,-4.409833663366e-06
Offset_RevB_Chip_1_woShield_Gmx_default_OSC_default_Vsup_pm6V_night_Gain101,1,401,2026-09-03T14:19:44.268475+00:00,2.643125000000e+02,-4.505944000000e-04,-4.461330693069e-06
Offset_RevB_Chip_1_woShield_Gmx_default_OSC_default_Vsup_pm6V_night_Gain101,1,402,2026-09-03T14:19:44.932975+00:00,2.649770000000e+02,-4.480272000000e-04,-4.435912871287e-06
Offset_RevB_Chip_1_woShield_Gmx_default_OSC_default_Vsup_pm6V_night_Gain101,1,403,2026-09-03T14:19:45.596975+00:00,2.656410000000e+02,-4.337851000000e-04,-4.294901980198e-06
Offset_RevB_Chip_1_woShield_Gmx_default_OSC_default_Vsup_pm6V_night_Gain101,1,404,2026-09-03T14:19:46.252975+00:00,2.662970000000e+02,-4.408790000000e-04,-4.365138613861e-06
Offset_RevB_Chip_1_woShield_Gmx_default_OSC_default_Vsup_pm6V_night_Gain101,1,405,2026-09-03T14:19:46.908975+00:00,2.669530000000e+02,-4.395017000000e-04,-4.351501980198e-06
Offset_RevB_Chip_1_woShield_Gmx_default_OSC_default_Vsup_pm6V_night_Gain101,1,406,2026-09-03T14:19:47.572975+00:00,2.676170000000e+02,-4.508182000000e-04,-4.463546534653e-06
Offset_RevB_Chip_1_woShield_Gmx_default_OSC_default_Vsup_pm6V_night_Gain101,1,407,2026-09-03T14:19:48.236975+00:00,2.682810000000e+02,-4.352350000000e-04,-4.309257425743e-06
Offset_RevB_Chip_1_woShield_Gmx_default_OSC_default_Vsup_pm6V_night_Gain101,1,408,2026-09-03T14:19:48.893475+00:00,2.689375000000e+02,-4.391544000000e-04,-4.348063366337e-06
Offset_RevB_Chip_1_woShield_Gmx_default_OSC_default_Vsup_pm6V_night_Gain101,1,409,2026-09-03T14:19:49.549975+00:00,2.695940000000e+02,-4.394959000000e-04,-4.351444554455e-06
Offset_RevB_Chip_1_woShield_Gmx_default_OSC_default_Vsup_pm6V_night_Gain101,1,410,2026-09-03T14:19:50.213975+00:00,2.702580000000e+02,-4.407601000000e-04,-4.363961386139e-06
Offset_RevB_Chip_1_woShield_Gmx_default_OSC_default_Vsup_pm6V_night_Gain101,1,411,2026-09-03T14:19:50.877975+00:00,2.709220000000e+02,-4.372656000000e-04,-4.329362376238e-06
Offset_RevB_Chip_1_woShield_Gmx_default_OSC_default_Vsup_pm6V_night_Gain101,1,412,2026-09-03T14:19:51.533975+00:00,2.715780000000e+02,-4.509440000000e-04,-4.464792079208e-06
Offset_RevB_Chip_1_woShield_Gmx_default_OSC_default_Vsup_pm6V_night_Gain101,1,413,2026-09-03T14:19:52.190475+00:00,2.722345000000e+02,-4.411630000000e-04,-4.367950495050e-06
Offset_RevB_Chip_1_woShield_Gmx_default_OSC_default_Vsup_pm6V_night_Gain101,1,414,2026-09-03T14:19:52.854475+00:00,2.728985000000e+02,-4.494513000000e-04,-4.450012871287e-06
Offset_RevB_Chip_1_woShield_Gmx_default_OSC_default_Vsup_pm6V_night_Gain101,1,415,2026-09-03T14:19:53.518475+00:00,2.735625000000e+02,-4.520962000000e-04,-4.476200000000e-06
Offset_RevB_Chip_1_woShield_Gmx_default_OSC_default_Vsup_pm6V_night_Gain101,1,416,2026-09-03T14:19:54.174975+00:00,2.742190000000e+02,-4.453736000000e-04,-4.409639603960e-06
Offset_RevB_Chip_1_woShield_Gmx_default_OSC_default_Vsup_pm6V_night_Gain101,1,417,2026-09-03T14:19:54.830975+00:00,2.748750000000e+02,-4.476215000000e-04,-4.431896039604e-06
Offset_RevB_Chip_1_woShield_Gmx_default_OSC_default_Vsup_pm6V_night_Gain101,1,418,2026-09-03T14:19:55.502975+00:00,2.755470000000e+02,-4.491477000000e-04,-4.447006930693e-06
Offset_RevB_Chip_1_woShield_Gmx_default_OSC_default_Vsup_pm6V_night_Gain101,1,419,2026-09-03T14:19:56.158975+00:00,2.762030000000e+02,-4.516753000000e-04,-4.472032673267e-06
Offset_RevB_Chip_1_woShield_Gmx_default_OSC_default_Vsup_pm6V_night_Gain101,1,420,2026-09-03T14:19:56.815475+00:00,2.768595000000e+02,-4.413366000000e-04,-4.369669306931e-06
Offset_RevB_Chip_1_woShield_Gmx_default_OSC_default_Vsup_pm6V_night_Gain101,1,421,2026-09-03T14:19:57.479475+00:00,2.775235000000e+02,-4.475493000000e-04,-4.431181188119e-06
Offset_RevB_Chip_1_woShield_Gmx_default_OSC_default_Vsup_pm6V_night_Gain101,1,422,2026-09-03T14:19:58.143475+00:00,2.781875000000e+02,-4.528979000000e-04,-4.484137623762e-06
Offset_RevB_Chip_1_woShield_Gmx_default_OSC_default_Vsup_pm6V_night_Gain101,1,423,2026-09-03T14:19:58.799975+00:00,2.788440000000e+02,-4.466237000000e-04,-4.422016831683e-06
Offset_RevB_Chip_1_woShield_Gmx_default_OSC_default_Vsup_pm6V_night_Gain101,1,424,2026-09-03T14:19:59.455975+00:00,2.795000000000e+02,-4.426925000000e-04,-4.383094059406e-06
Offset_RevB_Chip_1_woShield_Gmx_default_OSC_default_Vsup_pm6V_night_Gain101,1,425,2026-09-03T14:20:00.119975+00:00,2.801640000000e+02,-4.491610000000e-04,-4.447138613861e-06
Offset_RevB_Chip_1_woShield_Gmx_default_OSC_default_Vsup_pm6V_night_Gain101,1,426,2026-09-03T14:20:00.783975+00:00,2.808280000000e+02,-4.368141000000e-04,-4.324892079208e-06
Offset_RevB_Chip_1_woShield_Gmx_default_OSC_default_Vsup_pm6V_night_Gain101,1,427,2026-09-03T14:20:01.440475+00:00,2.814845000000e+02,-4.420153000000e-04,-4.376389108911e-06
Offset_RevB_Chip_1_woShield_Gmx_default_OSC_default_Vsup_pm6V_night_Gain101,1,428,2026-09-03T14:20:02.096975+00:00,2.821410000000e+02,-4.486336000000e-04,-4.441916831683e-06
Offset_RevB_Chip_1_woShield_Gmx_default_OSC_default_Vsup_pm6V_night_Gain101,1,429,2026-09-03T14:20:02.760975+00:00,2.828050000000e+02,-4.458571000000e-04,-4.414426732673e-06
Offset_RevB_Chip_1_woShield_Gmx_default_OSC_default_Vsup_pm6V_night_Gain101,1,430,2026-09-03T14:20:03.424975+00:00,2.834690000000e+02,-4.533799000000e-04,-4.488909900990e-06
Offset_RevB_Chip_1_woShield_Gmx_default_OSC_default_Vsup_pm6V_night_Gain101,1,431,2026-09-03T14:20:04.080975+00:00,2.841250000000e+02,-4.592436000000e-04,-4.546966336634e-06
Offset_RevB_Chip_1_woShield_Gmx_default_OSC_default_Vsup_pm6V_night_Gain101,1,432,2026-09-03T14:20:04.736975+00:00,2.847810000000e+02,-4.524721000000e-04,-4.479921782178e-06
Offset_RevB_Chip_1_woShield_Gmx_default_OSC_default_Vsup_pm6V_night_Gain101,1,433,2026-09-03T14:20:05.400975+00:00,2.854450000000e+02,-4.476783000000e-04,-4.432458415842e-06
Offset_RevB_Chip_1_woShield_Gmx_default_OSC_default_Vsup_pm6V_night_Gain101,1,434,2026-09-03T14:20:06.065475+00:00,2.861095000000e+02,-4.517286000000e-04,-4.472560396040e-06
Offset_RevB_Chip_1_woShield_Gmx_default_OSC_default_Vsup_pm6V_night_Gain101,1,435,2026-09-03T14:20:06.721975+00:00,2.867660000000e+02,-4.656973000000e-04,-4.610864356436e-06
Offset_RevB_Chip_1_woShield_Gmx_default_OSC_default_Vsup_pm6V_night_Gain101,1,436,2026-09-03T14:20:07.385975+00:00,2.874300000000e+02,-4.512191000000e-04,-4.467515841584e-06
Offset_RevB_Chip_1_woShield_Gmx_default_OSC_default_Vsup_pm6V_night_Gain101,1,437,2026-09-03T14:20:08.049975+00:00,2.880940000000e+02,-4.582091000000e-04,-4.536723762376e-06
Offset_RevB_Chip_1_woShield_Gmx_default_OSC_default_Vsup_pm6V_night_Gain101,1,438,2026-09-03T14:20:08.705975+00:00,2.887500000000e+02,-4.552819000000e-04,-4.507741584158e-06
Offset_RevB_Chip_1_woShield_Gmx_default_OSC_default_Vsup_pm6V_night_Gain101,1,439,2026-09-03T14:20:09.361975+00:00,2.894060000000e+02,-4.456276000000e-04,-4.412154455446e-06
Offset_RevB_Chip_1_woShield_Gmx_default_OSC_default_Vsup_pm6V_night_Gain101,1,440,2026-09-03T14:20:10.025975+00:00,2.900700000000e+02,-4.326763000000e-04,-4.283923762376e-06
Offset_RevB_Chip_1_woShield_Gmx_default_OSC_default_Vsup_pm6V_night_Gain101,1,441,2026-09-03T14:20:10.690475+00:00,2.907345000000e+02,-4.462062000000e-04,-4.417883168317e-06
Offset_RevB_Chip_1_woShield_Gmx_default_OSC_default_Vsup_pm6V_night_Gain101,1,442,2026-09-03T14:20:11.346975+00:00,2.913910000000e+02,-4.396398000000e-04,-4.352869306931e-06
Offset_RevB_Chip_1_woShield_Gmx_default_OSC_default_Vsup_pm6V_night_Gain101,1,443,2026-09-03T14:20:12.002975+00:00,2.920470000000e+02,-4.390375000000e-04,-4.346905940594e-06
Offset_RevB_Chip_1_woShield_Gmx_default_OSC_default_Vsup_pm6V_night_Gain101,1,444,2026-09-03T14:20:12.666975+00:00,2.927110000000e+02,-4.496267000000e-04,-4.451749504950e-06
Offset_RevB_Chip_1_woShield_Gmx_default_OSC_default_Vsup_pm6V_night_Gain101,1,445,2026-09-03T14:20:13.330975+00:00,2.933750000000e+02,-4.442273000000e-04,-4.398290099010e-06
Offset_RevB_Chip_1_woShield_Gmx_default_OSC_default_Vsup_pm6V_night_Gain101,1,446,2026-09-03T14:20:13.986975+00:00,2.940310000000e+02,-4.377275000000e-04,-4.333935643564e-06
Offset_RevB_Chip_1_woShield_Gmx_default_OSC_default_Vsup_pm6V_night_Gain101,1,447,2026-09-03T14:20:14.650975+00:00,2.946950000000e+02,-4.592878000000e-04,-4.547403960396e-06
Offset_RevB_Chip_1_woShield_Gmx_default_OSC_default_Vsup_pm6V_night_Gain101,1,448,2026-09-03T14:20:15.315475+00:00,2.953595000000e+02,-4.542831000000e-04,-4.497852475248e-06
Offset_RevB_Chip_1_woShield_Gmx_default_OSC_default_Vsup_pm6V_night_Gain101,1,449,2026-09-03T14:20:15.971975+00:00,2.960160000000e+02,-4.520019000000e-04,-4.475266336634e-06
Offset_RevB_Chip_1_woShield_Gmx_default_OSC_default_Vsup_pm6V_night_Gain101,1,450,2026-09-03T14:20:16.627975+00:00,2.966720000000e+02,-4.469176000000e-04,-4.424926732673e-06
Offset_RevB_Chip_1_woShield_Gmx_default_OSC_default_Vsup_pm6V_night_Gain101,1,451,2026-09-03T14:20:17.291975+00:00,2.973360000000e+02,-4.539400000000e-04,-4.494455445545e-06
Offset_RevB_Chip_1_woShield_Gmx_default_OSC_default_Vsup_pm6V_night_Gain101,1,452,2026-09-03T14:20:17.955975+00:00,2.980000000000e+02,-4.573248000000e-04,-4.527968316832e-06
Offset_RevB_Chip_1_woShield_Gmx_default_OSC_default_Vsup_pm6V_night_Gain101,1,453,2026-09-03T14:20:18.611975+00:00,2.986560000000e+02,-4.508897000000e-04,-4.464254455446e-06
Offset_RevB_Chip_1_woShield_Gmx_default_OSC_default_Vsup_pm6V_night_Gain101,1,454,2026-09-03T14:20:19.268475+00:00,2.993125000000e+02,-4.597705000000e-04,-4.552183168317e-06
Offset_RevB_Chip_1_woShield_Gmx_default_OSC_default_Vsup_pm6V_night_Gain101,1,455,2026-09-03T14:20:19.932975+00:00,2.999770000000e+02,-4.561653000000e-04,-4.516488118812e-06
Offset_RevB_Chip_1_woShield_Gmx_default_OSC_default_Vsup_pm6V_night_Gain101,1,456,2026-09-03T14:20:20.596975+00:00,3.006410000000e+02,-4.584445000000e-04,-4.539054455446e-06
Offset_RevB_Chip_1_woShield_Gmx_default_OSC_default_Vsup_pm6V_night_Gain101,1,457,2026-09-03T14:20:21.252975+00:00,3.012970000000e+02,-4.647208000000e-04,-4.601196039604e-06
Offset_RevB_Chip_1_woShield_Gmx_default_OSC_default_Vsup_pm6V_night_Gain101,1,458,2026-09-03T14:20:21.908975+00:00,3.019530000000e+02,-4.435957000000e-04,-4.392036633663e-06
Offset_RevB_Chip_1_woShield_Gmx_default_OSC_default_Vsup_pm6V_night_Gain101,1,459,2026-09-03T14:20:22.572975+00:00,3.026170000000e+02,-4.526804000000e-04,-4.481984158416e-06
Offset_RevB_Chip_1_woShield_Gmx_default_OSC_default_Vsup_pm6V_night_Gain101,1,460,2026-09-03T14:20:23.236975+00:00,3.032810000000e+02,-4.590569000000e-04,-4.545117821782e-06
Offset_RevB_Chip_1_woShield_Gmx_default_OSC_default_Vsup_pm6V_night_Gain101,1,461,2026-09-03T14:20:23.893475+00:00,3.039375000000e+02,-4.544245000000e-04,-4.499252475248e-06
Offset_RevB_Chip_1_woShield_Gmx_default_OSC_default_Vsup_pm6V_night_Gain101,1,462,2026-09-03T14:20:24.557975+00:00,3.046020000000e+02,-4.588883000000e-04,-4.543448514851e-06
Offset_RevB_Chip_1_woShield_Gmx_default_OSC_default_Vsup_pm6V_night_Gain101,1,463,2026-09-03T14:20:25.221975+00:00,3.052660000000e+02,-4.538724000000e-04,-4.493786138614e-06
Offset_RevB_Chip_1_woShield_Gmx_default_OSC_default_Vsup_pm6V_night_Gain101,1,464,2026-09-03T14:20:25.877975+00:00,3.059220000000e+02,-4.630267000000e-04,-4.584422772277e-06
Offset_RevB_Chip_1_woShield_Gmx_default_OSC_default_Vsup_pm6V_night_Gain101,1,465,2026-09-03T14:20:26.533975+00:00,3.065780000000e+02,-4.566825000000e-04,-4.521608910891e-06
Offset_RevB_Chip_1_woShield_Gmx_default_OSC_default_Vsup_pm6V_night_Gain101,1,466,2026-09-03T14:20:27.197975+00:00,3.072420000000e+02,-4.616567000000e-04,-4.570858415842e-06
Offset_RevB_Chip_1_woShield_Gmx_default_OSC_default_Vsup_pm6V_night_Gain101,1,467,2026-09-03T14:20:27.861975+00:00,3.079060000000e+02,-4.584112000000e-04,-4.538724752475e-06
Offset_RevB_Chip_1_woShield_Gmx_default_OSC_default_Vsup_pm6V_night_Gain101,1,468,2026-09-03T14:20:28.518475+00:00,3.085625000000e+02,-4.596096000000e-04,-4.550590099010e-06
Offset_RevB_Chip_1_woShield_Gmx_default_OSC_default_Vsup_pm6V_night_Gain101,1,469,2026-09-03T14:20:29.174975+00:00,3.092190000000e+02,-4.439281000000e-04,-4.395327722772e-06
Offset_RevB_Chip_1_woShield_Gmx_default_OSC_default_Vsup_pm6V_night_Gain101,1,470,2026-09-03T14:20:29.846975+00:00,3.098910000000e+02,-4.471255000000e-04,-4.426985148515e-06
Offset_RevB_Chip_1_woShield_Gmx_default_OSC_default_Vsup_pm6V_night_Gain101,1,471,2026-09-03T14:20:30.502975+00:00,3.105470000000e+02,-4.583148000000e-04,-4.537770297030e-06
Offset_RevB_Chip_1_woShield_Gmx_default_OSC_default_Vsup_pm6V_night_Gain101,1,472,2026-09-03T14:20:31.158975+00:00,3.112030000000e+02,-4.590231000000e-04,-4.544783168317e-06
Offset_RevB_Chip_1_woShield_Gmx_default_OSC_default_Vsup_pm6V_night_Gain101,1,473,2026-09-03T14:20:31.822975+00:00,3.118670000000e+02,-4.625057000000e-04,-4.579264356436e-06
Offset_RevB_Chip_1_woShield_Gmx_default_OSC_default_Vsup_pm6V_night_Gain101,1,474,2026-09-03T14:20:32.486975+00:00,3.125310000000e+02,-4.704255000000e-04,-4.657678217822e-06
Offset_RevB_Chip_1_woShield_Gmx_default_OSC_default_Vsup_pm6V_night_Gain101,1,475,2026-09-03T14:20:33.143475+00:00,3.131875000000e+02,-4.690249000000e-04,-4.643810891089e-06
Offset_RevB_Chip_1_woShield_Gmx_default_OSC_default_Vsup_pm6V_night_Gain101,1,476,2026-09-03T14:20:33.799975+00:00,3.138440000000e+02,-4.585076000000e-04,-4.539679207921e-06
Offset_RevB_Chip_1_woShield_Gmx_default_OSC_default_Vsup_pm6V_night_Gain101,1,477,2026-09-03T14:20:34.463975+00:00,3.145080000000e+02,-4.625263000000e-04,-4.579468316832e-06
Offset_RevB_Chip_1_woShield_Gmx_default_OSC_default_Vsup_pm6V_night_Gain101,1,478,2026-09-03T14:20:35.127975+00:00,3.151720000000e+02,-4.617069000000e-04,-4.571355445545e-06
Offset_RevB_Chip_1_woShield_Gmx_default_OSC_default_Vsup_pm6V_night_Gain101,1,479,2026-09-03T14:20:35.783975+00:00,3.158280000000e+02,-4.634868000000e-04,-4.588978217822e-06
Offset_RevB_Chip_1_woShield_Gmx_default_OSC_default_Vsup_pm6V_night_Gain101,1,480,2026-09-03T14:20:36.440475+00:00,3.164845000000e+02,-4.739271000000e-04,-4.692347524752e-06
Offset_RevB_Chip_1_woShield_Gmx_default_OSC_default_Vsup_pm6V_night_Gain101,1,481,2026-09-03T14:20:37.104475+00:00,3.171485000000e+02,-4.681502000000e-04,-4.635150495050e-06
Offset_RevB_Chip_1_woShield_Gmx_default_OSC_default_Vsup_pm6V_night_Gain101,1,482,2026-09-03T14:20:37.768475+00:00,3.178125000000e+02,-4.733041000000e-04,-4.686179207921e-06
Offset_RevB_Chip_1_woShield_Gmx_default_OSC_default_Vsup_pm6V_night_Gain101,1,483,2026-09-03T14:20:38.424975+00:00,3.184690000000e+02,-4.629819000000e-04,-4.583979207921e-06
Offset_RevB_Chip_1_woShield_Gmx_default_OSC_default_Vsup_pm6V_night_Gain101,1,484,2026-09-03T14:20:39.080975+00:00,3.191250000000e+02,-4.802231000000e-04,-4.754684158416e-06
Offset_RevB_Chip_1_woShield_Gmx_default_OSC_default_Vsup_pm6V_night_Gain101,1,485,2026-09-03T14:20:39.752975+00:00,3.197970000000e+02,-4.702997000000e-04,-4.656432673267e-06
Offset_RevB_Chip_1_woShield_Gmx_default_OSC_default_Vsup_pm6V_night_Gain101,1,486,2026-09-03T14:20:40.408975+00:00,3.204530000000e+02,-4.736790000000e-04,-4.689891089109e-06
Offset_RevB_Chip_1_woShield_Gmx_default_OSC_default_Vsup_pm6V_night_Gain101,1,487,2026-09-03T14:20:41.065475+00:00,3.211095000000e+02,-4.718024000000e-04,-4.671310891089e-06
Offset_RevB_Chip_1_woShield_Gmx_default_OSC_default_Vsup_pm6V_night_Gain101,1,488,2026-09-03T14:20:41.729475+00:00,3.217735000000e+02,-4.909666000000e-04,-4.861055445545e-06
Offset_RevB_Chip_1_woShield_Gmx_default_OSC_default_Vsup_pm6V_night_Gain101,1,489,2026-09-03T14:20:42.393475+00:00,3.224375000000e+02,-4.674747000000e-04,-4.628462376238e-06
Offset_RevB_Chip_1_woShield_Gmx_default_OSC_default_Vsup_pm6V_night_Gain101,1,490,2026-09-03T14:20:43.049975+00:00,3.230940000000e+02,-4.729804000000e-04,-4.682974257426e-06
Offset_RevB_Chip_1_woShield_Gmx_default_OSC_default_Vsup_pm6V_night_Gain101,1,491,2026-09-03T14:20:43.705975+00:00,3.237500000000e+02,-4.651052000000e-04,-4.605001980198e-06
Offset_RevB_Chip_1_woShield_Gmx_default_OSC_default_Vsup_pm6V_night_Gain101,1,492,2026-09-03T14:20:44.369975+00:00,3.244140000000e+02,-4.753952000000e-04,-4.706883168317e-06
Offset_RevB_Chip_1_woShield_Gmx_default_OSC_default_Vsup_pm6V_night_Gain101,1,493,2026-09-03T14:20:45.033975+00:00,3.250780000000e+02,-4.772958000000e-04,-4.725700990099e-06
Offset_RevB_Chip_1_woShield_Gmx_default_OSC_default_Vsup_pm6V_night_Gain101,1,494,2026-09-03T14:20:45.690475+00:00,3.257345000000e+02,-4.634902000000e-04,-4.589011881188e-06
Offset_RevB_Chip_1_woShield_Gmx_default_OSC_default_Vsup_pm6V_night_Gain101,1,495,2026-09-03T14:20:46.346975+00:00,3.263910000000e+02,-4.738697000000e-04,-4.691779207921e-06
Offset_RevB_Chip_1_woShield_Gmx_default_OSC_default_Vsup_pm6V_night_Gain101,1,496,2026-09-03T14:20:47.010975+00:00,3.270550000000e+02,-4.738811000000e-04,-4.691892079208e-06
Offset_RevB_Chip_1_woShield_Gmx_default_OSC_default_Vsup_pm6V_night_Gain101,1,497,2026-09-03T14:20:47.674975+00:00,3.277190000000e+02,-4.688701000000e-04,-4.642278217822e-06
Offset_RevB_Chip_1_woShield_Gmx_default_OSC_default_Vsup_pm6V_night_Gain101,1,498,2026-09-03T14:20:48.330975+00:00,3.283750000000e+02,-4.709465000000e-04,-4.662836633663e-06
Offset_RevB_Chip_1_woShield_Gmx_default_OSC_default_Vsup_pm6V_night_Gain101,1,499,2026-09-03T14:20:48.994975+00:00,3.290390000000e+02,-4.700762000000e-04,-4.654219801980e-06
Offset_RevB_Chip_1_woShield_Gmx_default_OSC_default_Vsup_pm6V_night_Gain101,1,500,2026-09-03T14:20:49.658975+00:00,3.297030000000e+02,-4.549033000000e-04,-4.503993069307e-06
Offset_RevB_Chip_1_woShield_Gmx_default_OSC_default_Vsup_pm6V_night_Gain101,1,501,2026-09-03T14:20:50.315475+00:00,3.303595000000e+02,-4.627312000000e-04,-4.581497029703e-06
Offset_RevB_Chip_1_woShield_Gmx_default_OSC_default_Vsup_pm6V_night_Gain101,1,502,2026-09-03T14:20:50.971975+00:00,3.310160000000e+02,-4.595302000000e-04,-4.549803960396e-06
Offset_RevB_Chip_1_woShield_Gmx_default_OSC_default_Vsup_pm6V_night_Gain101,1,503,2026-09-03T14:20:51.635975+00:00,3.316800000000e+02,-4.648222000000e-04,-4.602200000000e-06
Offset_RevB_Chip_1_woShield_Gmx_default_OSC_default_Vsup_pm6V_night_Gain101,1,504,2026-09-03T14:20:52.299975+00:00,3.323440000000e+02,-4.540224000000e-04,-4.495271287129e-06
Offset_RevB_Chip_1_woShield_Gmx_default_OSC_default_Vsup_pm6V_night_Gain101,1,505,2026-09-03T14:20:52.955975+00:00,3.330000000000e+02,-4.654540000000e-04,-4.608455445545e-06
Offset_RevB_Chip_1_woShield_Gmx_default_OSC_default_Vsup_pm6V_night_Gain101,1,506,2026-09-03T14:20:53.611975+00:00,3.336560000000e+02,-4.415950000000e-04,-4.372227722772e-06
Offset_RevB_Chip_1_woShield_Gmx_default_OSC_default_Vsup_pm6V_night_Gain101,1,507,2026-09-03T14:20:54.275975+00:00,3.343200000000e+02,-4.514727000000e-04,-4.470026732673e-06
Offset_RevB_Chip_1_woShield_Gmx_default_OSC_default_Vsup_pm6V_night_Gain101,1,508,2026-09-03T14:20:54.940475+00:00,3.349845000000e+02,-4.659838000000e-04,-4.613700990099e-06
Offset_RevB_Chip_1_woShield_Gmx_default_OSC_default_Vsup_pm6V_night_Gain101,1,509,2026-09-03T14:20:55.596975+00:00,3.356410000000e+02,-4.606884000000e-04,-4.561271287129e-06
Offset_RevB_Chip_1_woShield_Gmx_default_OSC_default_Vsup_pm6V_night_Gain101,1,510,2026-09-03T14:20:56.252975+00:00,3.362970000000e+02,-4.580215000000e-04,-4.534866336634e-06
Offset_RevB_Chip_1_woShield_Gmx_default_OSC_default_Vsup_pm6V_night_Gain101,1,511,2026-09-03T14:20:56.916975+00:00,3.369610000000e+02,-4.669426000000e-04,-4.623194059406e-06
Offset_RevB_Chip_1_woShield_Gmx_default_OSC_default_Vsup_pm6V_night_Gain101,1,512,2026-09-03T14:20:57.580975+00:00,3.376250000000e+02,-4.563010000000e-04,-4.517831683168e-06
Offset_RevB_Chip_1_woShield_Gmx_default_OSC_default_Vsup_pm6V_night_Gain101,1,513,2026-09-03T14:20:58.236975+00:00,3.382810000000e+02,-4.756927000000e-04,-4.709828712871e-06
Offset_RevB_Chip_1_woShield_Gmx_default_OSC_default_Vsup_pm6V_night_Gain101,1,514,2026-09-03T14:20:58.900975+00:00,3.389450000000e+02,-4.732173000000e-04,-4.685319801980e-06
Offset_RevB_Chip_1_woShield_Gmx_default_OSC_default_Vsup_pm6V_night_Gain101,1,515,2026-09-03T14:20:59.565475+00:00,3.396095000000e+02,-4.696256000000e-04,-4.649758415842e-06
Offset_RevB_Chip_1_woShield_Gmx_default_OSC_default_Vsup_pm6V_night_Gain101,1,516,2026-09-03T14:21:00.221975+00:00,3.402660000000e+02,-4.594484000000e-04,-4.548994059406e-06
Offset_RevB_Chip_1_woShield_Gmx_default_OSC_default_Vsup_pm6V_night_Gain101,1,517,2026-09-03T14:21:00.877975+00:00,3.409220000000e+02,-4.647907000000e-04,-4.601888118812e-06
Offset_RevB_Chip_1_woShield_Gmx_default_OSC_default_Vsup_pm6V_night_Gain101,1,518,2026-09-03T14:21:01.541975+00:00,3.415860000000e+02,-4.615877000000e-04,-4.570175247525e-06
Offset_RevB_Chip_1_woShield_Gmx_default_OSC_default_Vsup_pm6V_night_Gain101,1,519,2026-09-03T14:21:02.205975+00:00,3.422500000000e+02,-4.616473000000e-04,-4.570765346535e-06
Offset_RevB_Chip_1_woShield_Gmx_default_OSC_default_Vsup_pm6V_night_Gain101,1,520,2026-09-03T14:21:02.861975+00:00,3.429060000000e+02,-4.686511000000e-04,-4.640109900990e-06
Offset_RevB_Chip_1_woShield_Gmx_default_OSC_default_Vsup_pm6V_night_Gain101,1,521,2026-09-03T14:21:03.518475+00:00,3.435625000000e+02,-4.634883000000e-04,-4.588993069307e-06
Offset_RevB_Chip_1_woShield_Gmx_default_OSC_default_Vsup_pm6V_night_Gain101,1,522,2026-09-03T14:21:04.182975+00:00,3.442270000000e+02,-4.761032000000e-04,-4.713893069307e-06
Offset_RevB_Chip_1_woShield_Gmx_default_OSC_default_Vsup_pm6V_night_Gain101,1,523,2026-09-03T14:21:04.846975+00:00,3.448910000000e+02,-4.668897000000e-04,-4.622670297030e-06
Offset_RevB_Chip_1_woShield_Gmx_default_OSC_default_Vsup_pm6V_night_Gain101,1,524,2026-09-03T14:21:05.502975+00:00,3.455470000000e+02,-4.593875000000e-04,-4.548391089109e-06
Offset_RevB_Chip_1_woShield_Gmx_default_OSC_default_Vsup_pm6V_night_Gain101,1,525,2026-09-03T14:21:06.158975+00:00,3.462030000000e+02,-4.601028000000e-04,-4.555473267327e-06
Offset_RevB_Chip_1_woShield_Gmx_default_OSC_default_Vsup_pm6V_night_Gain101,1,526,2026-09-03T14:21:06.822975+00:00,3.468670000000e+02,-4.644330000000e-04,-4.598346534653e-06
Offset_RevB_Chip_1_woShield_Gmx_default_OSC_default_Vsup_pm6V_night_Gain101,1,527,2026-09-03T14:21:07.486975+00:00,3.475310000000e+02,-4.631252000000e-04,-4.585398019802e-06
Offset_RevB_Chip_1_woShield_Gmx_default_OSC_default_Vsup_pm6V_night_Gain101,1,528,2026-09-03T14:21:08.143475+00:00,3.481875000000e+02,-4.672768000000e-04,-4.626502970297e-06
Offset_RevB_Chip_1_woShield_Gmx_default_OSC_default_Vsup_pm6V_night_Gain101,1,529,2026-09-03T14:21:08.799975+00:00,3.488440000000e+02,-4.591561000000e-04,-4.546100000000e-06
Offset_RevB_Chip_1_woShield_Gmx_default_OSC_default_Vsup_pm6V_night_Gain101,1,530,2026-09-03T14:21:09.471975+00:00,3.495160000000e+02,-4.617180000000e-04,-4.571465346535e-06
Offset_RevB_Chip_1_woShield_Gmx_default_OSC_default_Vsup_pm6V_night_Gain101,1,531,2026-09-03T14:21:10.127975+00:00,3.501720000000e+02,-4.659781000000e-04,-4.613644554455e-06
Offset_RevB_Chip_1_woShield_Gmx_default_OSC_default_Vsup_pm6V_night_Gain101,1,532,2026-09-03T14:21:10.783975+00:00,3.508280000000e+02,-4.630607000000e-04,-4.584759405941e-06
Offset_RevB_Chip_1_woShield_Gmx_default_OSC_default_Vsup_pm6V_night_Gain101,1,533,2026-09-03T14:21:11.447975+00:00,3.514920000000e+02,-4.590433000000e-04,-4.544983168317e-06
Offset_RevB_Chip_1_woShield_Gmx_default_OSC_default_Vsup_pm6V_night_Gain101,1,534,2026-09-03T14:21:12.111975+00:00,3.521560000000e+02,-4.654346000000e-04,-4.608263366337e-06
Offset_RevB_Chip_1_woShield_Gmx_default_OSC_default_Vsup_pm6V_night_Gain101,1,535,2026-09-03T14:21:12.768475+00:00,3.528125000000e+02,-4.553085000000e-04,-4.508004950495e-06
Offset_RevB_Chip_1_woShield_Gmx_default_OSC_default_Vsup_pm6V_night_Gain101,1,536,2026-09-03T14:21:13.424975+00:00,3.534690000000e+02,-4.540674000000e-04,-4.495716831683e-06
Offset_RevB_Chip_1_woShield_Gmx_default_OSC_default_Vsup_pm6V_night_Gain101,1,537,2026-09-03T14:21:14.088975+00:00,3.541330000000e+02,-4.637708000000e-04,-4.591790099010e-06
Offset_RevB_Chip_1_woShield_Gmx_default_OSC_default_Vsup_pm6V_night_Gain101,1,538,2026-09-03T14:21:14.752975+00:00,3.547970000000e+02,-4.533968000000e-04,-4.489077227723e-06
Offset_RevB_Chip_1_woShield_Gmx_default_OSC_default_Vsup_pm6V_night_Gain101,1,539,2026-09-03T14:21:15.408975+00:00,3.554530000000e+02,-4.609375000000e-04,-4.563737623762e-06
Offset_RevB_Chip_1_woShield_Gmx_default_OSC_default_Vsup_pm6V_night_Gain101,1,540,2026-09-03T14:21:16.065475+00:00,3.561095000000e+02,-4.526070000000e-04,-4.481257425743e-06
Offset_RevB_Chip_1_woShield_Gmx_default_OSC_default_Vsup_pm6V_night_Gain101,1,541,2026-09-03T14:21:16.729475+00:00,3.567735000000e+02,-4.564804000000e-04,-4.519607920792e-06
Offset_RevB_Chip_1_woShield_Gmx_default_OSC_default_Vsup_pm6V_night_Gain101,1,542,2026-09-03T14:21:17.393475+00:00,3.574375000000e+02,-4.408506000000e-04,-4.364857425743e-06
Offset_RevB_Chip_1_woShield_Gmx_default_OSC_default_Vsup_pm6V_night_Gain101,1,543,2026-09-03T14:21:18.049975+00:00,3.580940000000e+02,-4.390454000000e-04,-4.346984158416e-06
Offset_RevB_Chip_1_woShield_Gmx_default_OSC_default_Vsup_pm6V_night_Gain101,1,544,2026-09-03T14:21:18.705975+00:00,3.587500000000e+02,-4.429903000000e-04,-4.386042574257e-06
Offset_RevB_Chip_1_woShield_Gmx_default_OSC_default_Vsup_pm6V_night_Gain101,1,545,2026-09-03T14:21:19.369975+00:00,3.594140000000e+02,-4.519129000000e-04,-4.474385148515e-06
Offset_RevB_Chip_1_woShield_Gmx_default_OSC_default_Vsup_pm6V_night_Gain101,1,546,2026-09-03T14:21:20.033975+00:00,3.600780000000e+02,-4.425496000000e-04,-4.381679207921e-06
Offset_RevB_Chip_1_woShield_Gmx_default_OSC_default_Vsup_pm6V_night_Gain101,1,547,2026-09-03T14:21:20.690475+00:00,3.607345000000e+02,-4.411126000000e-04,-4.367451485149e-06
Offset_RevB_Chip_1_woShield_Gmx_default_OSC_default_Vsup_pm6V_night_Gain101,1,548,2026-09-03T14:21:21.354475+00:00,3.613985000000e+02,-4.381959000000e-04,-4.338573267327e-06
Offset_RevB_Chip_1_woShield_Gmx_default_OSC_default_Vsup_pm6V_night_Gain101,1,549,2026-09-03T14:21:22.018475+00:00,3.620625000000e+02,-4.407378000000e-04,-4.363740594059e-06
Offset_RevB_Chip_1_woShield_Gmx_default_OSC_default_Vsup_pm6V_night_Gain101,1,550,2026-09-03T14:21:22.674975+00:00,3.627190000000e+02,-4.337707000000e-04,-4.294759405941e-06
Offset_RevB_Chip_1_woShield_Gmx_default_OSC_default_Vsup_pm6V_night_Gain101,1,551,2026-09-03T14:21:23.330975+00:00,3.633750000000e+02,-4.457805000000e-04,-4.413668316832e-06
Offset_RevB_Chip_1_woShield_Gmx_default_OSC_default_Vsup_pm6V_night_Gain101,1,552,2026-09-03T14:21:23.994975+00:00,3.640390000000e+02,-4.396030000000e-04,-4.352504950495e-06
Offset_RevB_Chip_1_woShield_Gmx_default_OSC_default_Vsup_pm6V_night_Gain101,1,553,2026-09-03T14:21:24.658975+00:00,3.647030000000e+02,-4.519184000000e-04,-4.474439603960e-06
Offset_RevB_Chip_1_woShield_Gmx_default_OSC_default_Vsup_pm6V_night_Gain101,1,554,2026-09-03T14:21:25.315475+00:00,3.653595000000e+02,-4.514468000000e-04,-4.469770297030e-06
Offset_RevB_Chip_1_woShield_Gmx_default_OSC_default_Vsup_pm6V_night_Gain101,1,555,2026-09-03T14:21:25.971975+00:00,3.660160000000e+02,-4.577382000000e-04,-4.532061386139e-06
Offset_RevB_Chip_1_woShield_Gmx_default_OSC_default_Vsup_pm6V_night_Gain101,1,556,2026-09-03T14:21:26.635975+00:00,3.666800000000e+02,-4.487538000000e-04,-4.443106930693e-06
Offset_RevB_Chip_1_woShield_Gmx_default_OSC_default_Vsup_pm6V_night_Gain101,1,557,2026-09-03T14:21:27.299975+00:00,3.673440000000e+02,-4.581239000000e-04,-4.535880198020e-06
Offset_RevB_Chip_1_woShield_Gmx_default_OSC_default_Vsup_pm6V_night_Gain101,1,558,2026-09-03T14:21:27.955975+00:00,3.680000000000e+02,-4.602426000000e-04,-4.556857425743e-06
Offset_RevB_Chip_1_woShield_Gmx_default_OSC_default_Vsup_pm6V_night_Gain101,1,559,2026-09-03T14:21:28.611975+00:00,3.686560000000e+02,-4.546002000000e-04,-4.500992079208e-06
Offset_RevB_Chip_1_woShield_Gmx_default_OSC_default_Vsup_pm6V_night_Gain101,1,560,2026-09-03T14:21:29.275975+00:00,3.693200000000e+02,-4.531108000000e-04,-4.486245544554e-06
Offset_RevB_Chip_1_woShield_Gmx_default_OSC_default_Vsup_pm6V_night_Gain101,1,561,2026-09-03T14:21:29.940475+00:00,3.699845000000e+02,-4.576230000000e-04,-4.530920792079e-06
Offset_RevB_Chip_1_woShield_Gmx_default_OSC_default_Vsup_pm6V_night_Gain101,1,562,2026-09-03T14:21:30.596975+00:00,3.706410000000e+02,-4.463383000000e-04,-4.419191089109e-06
Offset_RevB_Chip_1_woShield_Gmx_default_OSC_default_Vsup_pm6V_night_Gain101,1,563,2026-09-03T14:21:31.252975+00:00,3.712970000000e+02,-4.521664000000e-04,-4.476895049505e-06
Offset_RevB_Chip_1_woShield_Gmx_default_OSC_default_Vsup_pm6V_night_Gain101,1,564,2026-09-03T14:21:31.924975+00:00,3.719690000000e+02,-4.558477000000e-04,-4.513343564356e-06
Offset_RevB_Chip_1_woShield_Gmx_default_OSC_default_Vsup_pm6V_night_Gain101,1,565,2026-09-03T14:21:32.580975+00:00,3.726250000000e+02,-4.601660000000e-04,-4.556099009901e-06
Offset_RevB_Chip_1_woShield_Gmx_default_OSC_default_Vsup_pm6V_night_Gain101,1,566,2026-09-03T14:21:33.236975+00:00,3.732810000000e+02,-4.547884000000e-04,-4.502855445545e-06
Offset_RevB_Chip_1_woShield_Gmx_default_OSC_default_Vsup_pm6V_night_Gain101,1,567,2026-09-03T14:21:33.900975+00:00,3.739450000000e+02,-4.582822000000e-04,-4.537447524752e-06
Offset_RevB_Chip_1_woShield_Gmx_default_OSC_default_Vsup_pm6V_night_Gain101,1,568,2026-09-03T14:21:34.565475+00:00,3.746095000000e+02,-4.459320000000e-04,-4.415168316832e-06
Offset_RevB_Chip_1_woShield_Gmx_default_OSC_default_Vsup_pm6V_night_Gain101,1,569,2026-09-03T14:21:35.221975+00:00,3.752660000000e+02,-4.603725000000e-04,-4.558143564356e-06
Offset_RevB_Chip_1_woShield_Gmx_default_OSC_default_Vsup_pm6V_night_Gain101,1,570,2026-09-03T14:21:35.877975+00:00,3.759220000000e+02,-4.538690000000e-04,-4.493752475248e-06
Offset_RevB_Chip_1_woShield_Gmx_default_OSC_default_Vsup_pm6V_night_Gain101,1,571,2026-09-03T14:21:36.541975+00:00,3.765860000000e+02,-4.478403000000e-04,-4.434062376238e-06
Offset_RevB_Chip_1_woShield_Gmx_default_OSC_default_Vsup_pm6V_night_Gain101,1,572,2026-09-03T14:21:37.205975+00:00,3.772500000000e+02,-4.463711000000e-04,-4.419515841584e-06
Offset_RevB_Chip_1_woShield_Gmx_default_OSC_default_Vsup_pm6V_night_Gain101,1,573,2026-09-03T14:21:37.861975+00:00,3.779060000000e+02,-4.524207000000e-04,-4.479412871287e-06
Offset_RevB_Chip_1_woShield_Gmx_default_OSC_default_Vsup_pm6V_night_Gain101,1,574,2026-09-03T14:21:38.518475+00:00,3.785625000000e+02,-4.535446000000e-04,-4.490540594059e-06
Offset_RevB_Chip_1_woShield_Gmx_default_OSC_default_Vsup_pm6V_night_Gain101,1,575,2026-09-03T14:21:39.182975+00:00,3.792270000000e+02,-4.447067000000e-04,-4.403036633663e-06
Offset_RevB_Chip_1_woShield_Gmx_default_OSC_default_Vsup_pm6V_night_Gain101,1,576,2026-09-03T14:21:39.846975+00:00,3.798910000000e+02,-4.588927000000e-04,-4.543492079208e-06
Offset_RevB_Chip_1_woShield_Gmx_default_OSC_default_Vsup_pm6V_night_Gain101,1,577,2026-09-03T14:21:40.502975+00:00,3.805470000000e+02,-4.305834000000e-04,-4.263201980198e-06
Offset_RevB_Chip_1_woShield_Gmx_default_OSC_default_Vsup_pm6V_night_Gain101,1,578,2026-09-03T14:21:41.166975+00:00,3.812110000000e+02,-4.317402000000e-04,-4.274655445545e-06
Offset_RevB_Chip_1_woShield_Gmx_default_OSC_default_Vsup_pm6V_night_Gain101,1,579,2026-09-03T14:21:41.830975+00:00,3.818750000000e+02,-4.386045000000e-04,-4.342618811881e-06
Offset_RevB_Chip_1_woShield_Gmx_default_OSC_default_Vsup_pm6V_night_Gain101,1,580,2026-09-03T14:21:42.486975+00:00,3.825310000000e+02,-4.504549000000e-04,-4.459949504950e-06
Offset_RevB_Chip_1_woShield_Gmx_default_OSC_default_Vsup_pm6V_night_Gain101,1,581,2026-09-03T14:21:43.143475+00:00,3.831875000000e+02,-4.494988000000e-04,-4.450483168317e-06
Offset_RevB_Chip_1_woShield_Gmx_default_OSC_default_Vsup_pm6V_night_Gain101,1,582,2026-09-03T14:21:43.807975+00:00,3.838520000000e+02,-4.332918000000e-04,-4.290017821782e-06
Offset_RevB_Chip_1_woShield_Gmx_default_OSC_default_Vsup_pm6V_night_Gain101,1,583,2026-09-03T14:21:44.471975+00:00,3.845160000000e+02,-4.609292000000e-04,-4.563655445545e-06
Offset_RevB_Chip_1_woShield_Gmx_default_OSC_default_Vsup_pm6V_night_Gain101,1,584,2026-09-03T14:21:45.127975+00:00,3.851720000000e+02,-4.303109000000e-04,-4.260503960396e-06
Offset_RevB_Chip_1_woShield_Gmx_default_OSC_default_Vsup_pm6V_night_Gain101,1,585,2026-09-03T14:21:45.783975+00:00,3.858280000000e+02,-4.352219000000e-04,-4.309127722772e-06
Offset_RevB_Chip_1_woShield_Gmx_default_OSC_default_Vsup_pm6V_night_Gain101,1,586,2026-09-03T14:21:46.447975+00:00,3.864920000000e+02,-4.552371000000e-04,-4.507298019802e-06
Offset_RevB_Chip_1_woShield_Gmx_default_OSC_default_Vsup_pm6V_night_Gain101,1,587,2026-09-03T14:21:47.111975+00:00,3.871560000000e+02,-4.430413000000e-04,-4.386547524752e-06
Offset_RevB_Chip_1_woShield_Gmx_default_OSC_default_Vsup_pm6V_night_Gain101,1,588,2026-09-03T14:21:47.768475+00:00,3.878125000000e+02,-4.309680000000e-04,-4.267009900990e-06
Offset_RevB_Chip_1_woShield_Gmx_default_OSC_default_Vsup_pm6V_night_Gain101,1,589,2026-09-03T14:21:48.424975+00:00,3.884690000000e+02,-4.345998000000e-04,-4.302968316832e-06
Offset_RevB_Chip_1_woShield_Gmx_default_OSC_default_Vsup_pm6V_night_Gain101,1,590,2026-09-03T14:21:49.088975+00:00,3.891330000000e+02,-4.279231000000e-04,-4.236862376238e-06
Offset_RevB_Chip_1_woShield_Gmx_default_OSC_default_Vsup_pm6V_night_Gain101,1,591,2026-09-03T14:21:49.752975+00:00,3.897970000000e+02,-4.291336000000e-04,-4.248847524752e-06
Offset_RevB_Chip_1_woShield_Gmx_default_OSC_default_Vsup_pm6V_night_Gain101,1,592,2026-09-03T14:21:50.408975+00:00,3.904530000000e+02,-4.264741000000e-04,-4.222515841584e-06
Offset_RevB_Chip_1_woShield_Gmx_default_OSC_default_Vsup_pm6V_night_Gain101,1,593,2026-09-03T14:21:51.072975+00:00,3.911170000000e+02,-4.284515000000e-04,-4.242094059406e-06
Offset_RevB_Chip_1_woShield_Gmx_default_OSC_default_Vsup_pm6V_night_Gain101,1,594,2026-09-03T14:21:51.736975+00:00,3.917810000000e+02,-4.259506000000e-04,-4.217332673267e-06
Offset_RevB_Chip_1_woShield_Gmx_default_OSC_default_Vsup_pm6V_night_Gain101,1,595,2026-09-03T14:21:52.393475+00:00,3.924375000000e+02,-4.204506000000e-04,-4.162877227723e-06
Offset_RevB_Chip_1_woShield_Gmx_default_OSC_default_Vsup_pm6V_night_Gain101,1,596,2026-09-03T14:21:53.049975+00:00,3.930940000000e+02,-4.028805000000e-04,-3.988915841584e-06
Offset_RevB_Chip_1_woShield_Gmx_default_OSC_default_Vsup_pm6V_night_Gain101,1,597,2026-09-03T14:21:53.713975+00:00,3.937580000000e+02,-4.246984000000e-04,-4.204934653465e-06
Offset_RevB_Chip_1_woShield_Gmx_default_OSC_default_Vsup_pm6V_night_Gain101,1,598,2026-09-03T14:21:54.377975+00:00,3.944220000000e+02,-4.285825000000e-04,-4.243391089109e-06
Offset_RevB_Chip_1_woShield_Gmx_default_OSC_default_Vsup_pm6V_night_Gain101,1,599,2026-09-03T14:21:55.033975+00:00,3.950780000000e+02,-4.295857000000e-04,-4.253323762376e-06
Offset_RevB_Chip_1_woShield_Gmx_default_OSC_default_Vsup_pm6V_night_Gain101,1,600,2026-09-03T14:21:55.690475+00:00,3.957345000000e+02,-4.296493000000e-04,-4.253953465347e-06
Offset_RevB_Chip_1_woShield_Gmx_default_OSC_default_Vsup_pm6V_night_Gain101,1,601,2026-09-03T14:21:56.354475+00:00,3.963985000000e+02,-4.172302000000e-04,-4.130992079208e-06
Offset_RevB_Chip_1_woShield_Gmx_default_OSC_default_Vsup_pm6V_night_Gain101,1,602,2026-09-03T14:21:57.018475+00:00,3.970625000000e+02,-4.239387000000e-04,-4.197412871287e-06
Offset_RevB_Chip_1_woShield_Gmx_default_OSC_default_Vsup_pm6V_night_Gain101,1,603,2026-09-03T14:21:57.674975+00:00,3.977190000000e+02,-4.241037000000e-04,-4.199046534653e-06
Offset_RevB_Chip_1_woShield_Gmx_default_OSC_default_Vsup_pm6V_night_Gain101,1,604,2026-09-03T14:21:58.330975+00:00,3.983750000000e+02,-4.114274000000e-04,-4.073538613861e-06
Offset_RevB_Chip_1_woShield_Gmx_default_OSC_default_Vsup_pm6V_night_Gain101,1,605,2026-09-03T14:21:58.994975+00:00,3.990390000000e+02,-4.148527000000e-04,-4.107452475248e-06
Offset_RevB_Chip_1_woShield_Gmx_default_OSC_default_Vsup_pm6V_night_Gain101,1,606,2026-09-03T14:21:59.658975+00:00,3.997030000000e+02,-4.144927000000e-04,-4.103888118812e-06
Offset_RevB_Chip_1_woShield_Gmx_default_OSC_default_Vsup_pm6V_night_Gain101,1,607,2026-09-03T14:22:00.315475+00:00,4.003595000000e+02,-4.089979000000e-04,-4.049484158416e-06
Offset_RevB_Chip_1_woShield_Gmx_default_OSC_default_Vsup_pm6V_night_Gain101,1,608,2026-09-03T14:22:00.971975+00:00,4.010160000000e+02,-4.111091000000e-04,-4.070387128713e-06
Offset_RevB_Chip_1_woShield_Gmx_default_OSC_default_Vsup_pm6V_night_Gain101,1,609,2026-09-03T14:22:01.635975+00:00,4.016800000000e+02,-4.099966000000e-04,-4.059372277228e-06
Offset_RevB_Chip_1_woShield_Gmx_default_OSC_default_Vsup_pm6V_night_Gain101,1,610,2026-09-03T14:22:02.299975+00:00,4.023440000000e+02,-4.176740000000e-04,-4.135386138614e-06
Offset_RevB_Chip_1_woShield_Gmx_default_OSC_default_Vsup_pm6V_night_Gain101,1,611,2026-09-03T14:22:02.955975+00:00,4.030000000000e+02,-4.060845000000e-04,-4.020638613861e-06
Offset_RevB_Chip_1_woShield_Gmx_default_OSC_default_Vsup_pm6V_night_Gain101,1,612,2026-09-03T14:22:03.619975+00:00,4.036640000000e+02,-3.942819000000e-04,-3.903781188119e-06
Offset_RevB_Chip_1_woShield_Gmx_default_OSC_default_Vsup_pm6V_night_Gain101,1,613,2026-09-03T14:22:04.283975+00:00,4.043280000000e+02,-4.043929000000e-04,-4.003890099010e-06
Offset_RevB_Chip_1_woShield_Gmx_default_OSC_default_Vsup_pm6V_night_Gain101,1,614,2026-09-03T14:22:04.940475+00:00,4.049845000000e+02,-3.975276000000e-04,-3.935916831683e-06
Offset_RevB_Chip_1_woShield_Gmx_default_OSC_default_Vsup_pm6V_night_Gain101,1,615,2026-09-03T14:22:05.596975+00:00,4.056410000000e+02,-3.960176000000e-04,-3.920966336634e-06
Offset_RevB_Chip_1_woShield_Gmx_default_OSC_default_Vsup_pm6V_night_Gain101,1,616,2026-09-03T14:22:06.260975+00:00,4.063050000000e+02,-3.996747000000e-04,-3.957175247525e-06
Offset_RevB_Chip_1_woShield_Gmx_default_OSC_default_Vsup_pm6V_night_Gain101,1,617,2026-09-03T14:22:06.924975+00:00,4.069690000000e+02,-3.842923000000e-04,-3.804874257426e-06
Offset_RevB_Chip_1_woShield_Gmx_default_OSC_default_Vsup_pm6V_night_Gain101,1,618,2026-09-03T14:22:07.580975+00:00,4.076250000000e+02,-3.848070000000e-04,-3.809970297030e-06
Offset_RevB_Chip_1_woShield_Gmx_default_OSC_default_Vsup_pm6V_night_Gain101,1,619,2026-09-03T14:22:08.236975+00:00,4.082810000000e+02,-4.034979000000e-04,-3.995028712871e-06
Offset_RevB_Chip_1_woShield_Gmx_default_OSC_default_Vsup_pm6V_night_Gain101,1,620,2026-09-03T14:22:08.900975+00:00,4.089450000000e+02,-3.923241000000e-04,-3.884397029703e-06
Offset_RevB_Chip_1_woShield_Gmx_default_OSC_default_Vsup_pm6V_night_Gain101,1,621,2026-09-03T14:22:09.565475+00:00,4.096095000000e+02,-3.820186000000e-04,-3.782362376238e-06
Offset_RevB_Chip_1_woShield_Gmx_default_OSC_default_Vsup_pm6V_night_Gain101,1,622,2026-09-03T14:22:10.221975+00:00,4.102660000000e+02,-3.965257000000e-04,-3.925997029703e-06
Offset_RevB_Chip_1_woShield_Gmx_default_OSC_default_Vsup_pm6V_night_Gain101,1,623,2026-09-03T14:22:10.877975+00:00,4.109220000000e+02,-3.938767000000e-04,-3.899769306931e-06
Offset_RevB_Chip_1_woShield_Gmx_default_OSC_default_Vsup_pm6V_night_Gain101,1,624,2026-09-03T14:22:11.541975+00:00,4.115860000000e+02,-3.839519000000e-04,-3.801503960396e-06
Offset_RevB_Chip_1_woShield_Gmx_default_OSC_default_Vsup_pm6V_night_Gain101,1,625,2026-09-03T14:22:12.205975+00:00,4.122500000000e+02,-3.973543000000e-04,-3.934200990099e-06
Offset_RevB_Chip_1_woShield_Gmx_default_OSC_default_Vsup_pm6V_night_Gain101,1,626,2026-09-03T14:22:12.861975+00:00,4.129060000000e+02,-3.910594000000e-04,-3.871875247525e-06
Offset_RevB_Chip_1_woShield_Gmx_default_OSC_default_Vsup_pm6V_night_Gain101,1,627,2026-09-03T14:22:13.518475+00:00,4.135625000000e+02,-3.727270000000e-04,-3.690366336634e-06
Offset_RevB_Chip_1_woShield_Gmx_default_OSC_default_Vsup_pm6V_night_Gain101,1,628,2026-09-03T14:22:14.182975+00:00,4.142270000000e+02,-3.678977000000e-04,-3.642551485149e-06
Offset_RevB_Chip_1_woShield_Gmx_default_OSC_default_Vsup_pm6V_night_Gain101,1,629,2026-09-03T14:22:14.846975+00:00,4.148910000000e+02,-3.735814000000e-04,-3.698825742574e-06
Offset_RevB_Chip_1_woShield_Gmx_default_OSC_default_Vsup_pm6V_night_Gain101,1,630,2026-09-03T14:22:15.502975+00:00,4.155470000000e+02,-3.727720000000e-04,-3.690811881188e-06
Offset_RevB_Chip_1_woShield_Gmx_default_OSC_default_Vsup_pm6V_night_Gain101,1,631,2026-09-03T14:22:16.158975+00:00,4.162030000000e+02,-3.707613000000e-04,-3.670903960396e-06
Offset_RevB_Chip_1_woShield_Gmx_default_OSC_default_Vsup_pm6V_night_Gain101,1,632,2026-09-03T14:22:16.822975+00:00,4.168670000000e+02,-3.747854000000e-04,-3.710746534653e-06
Offset_RevB_Chip_1_woShield_Gmx_default_OSC_default_Vsup_pm6V_night_Gain101,1,633,2026-09-03T14:22:17.486975+00:00,4.175310000000e+02,-3.759786000000e-04,-3.722560396040e-06
Offset_RevB_Chip_1_woShield_Gmx_default_OSC_default_Vsup_pm6V_night_Gain101,1,634,2026-09-03T14:22:18.143475+00:00,4.181875000000e+02,-3.732199000000e-04,-3.695246534653e-06
Offset_RevB_Chip_1_woShield_Gmx_default_OSC_default_Vsup_pm6V_night_Gain101,1,635,2026-09-03T14:22:18.799975+00:00,4.188440000000e+02,-3.896729000000e-04,-3.858147524752e-06
Offset_RevB_Chip_1_woShield_Gmx_default_OSC_default_Vsup_pm6V_night_Gain101,1,636,2026-09-03T14:22:19.463975+00:00,4.195080000000e+02,-3.891666000000e-04,-3.853134653465e-06
Offset_RevB_Chip_1_woShield_Gmx_default_OSC_default_Vsup_pm6V_night_Gain101,1,637,2026-09-03T14:22:20.127975+00:00,4.201720000000e+02,-3.787984000000e-04,-3.750479207921e-06
Offset_RevB_Chip_1_woShield_Gmx_default_OSC_default_Vsup_pm6V_night_Gain101,1,638,2026-09-03T14:22:20.783975+00:00,4.208280000000e+02,-3.620662000000e-04,-3.584813861386e-06
Offset_RevB_Chip_1_woShield_Gmx_default_OSC_default_Vsup_pm6V_night_Gain101,1,639,2026-09-03T14:22:21.440475+00:00,4.214845000000e+02,-3.743491000000e-04,-3.706426732673e-06
Offset_RevB_Chip_1_woShield_Gmx_default_OSC_default_Vsup_pm6V_night_Gain101,1,640,2026-09-03T14:22:22.096975+00:00,4.221410000000e+02,-3.753012000000e-04,-3.715853465347e-06
Offset_RevB_Chip_1_woShield_Gmx_default_OSC_default_Vsup_pm6V_night_Gain101,1,641,2026-09-03T14:22:22.760975+00:00,4.228050000000e+02,-3.615941000000e-04,-3.580139603960e-06
Offset_RevB_Chip_1_woShield_Gmx_default_OSC_default_Vsup_pm6V_night_Gain101,1,642,2026-09-03T14:22:23.424975+00:00,4.234690000000e+02,-3.661085000000e-04,-3.624836633663e-06
Offset_RevB_Chip_1_woShield_Gmx_default_OSC_default_Vsup_pm6V_night_Gain101,1,643,2026-09-03T14:22:24.080975+00:00,4.241250000000e+02,-3.604340000000e-04,-3.568653465347e-06
Offset_RevB_Chip_1_woShield_Gmx_default_OSC_default_Vsup_pm6V_night_Gain101,1,644,2026-09-03T14:22:24.736975+00:00,4.247810000000e+02,-3.771881000000e-04,-3.734535643564e-06
Offset_RevB_Chip_1_woShield_Gmx_default_OSC_default_Vsup_pm6V_night_Gain101,1,645,2026-09-03T14:22:25.400975+00:00,4.254450000000e+02,-3.754911000000e-04,-3.717733663366e-06
Offset_RevB_Chip_1_woShield_Gmx_default_OSC_default_Vsup_pm6V_night_Gain101,1,646,2026-09-03T14:22:26.065475+00:00,4.261095000000e+02,-3.638828000000e-04,-3.602800000000e-06
Offset_RevB_Chip_1_woShield_Gmx_default_OSC_default_Vsup_pm6V_night_Gain101,1,647,2026-09-03T14:22:26.721975+00:00,4.267660000000e+02,-3.806995000000e-04,-3.769301980198e-06
Offset_RevB_Chip_1_woShield_Gmx_default_OSC_default_Vsup_pm6V_night_Gain101,1,648,2026-09-03T14:22:27.377975+00:00,4.274220000000e+02,-3.651260000000e-04,-3.615108910891e-06
Offset_RevB_Chip_1_woShield_Gmx_default_OSC_default_Vsup_pm6V_night_Gain101,1,649,2026-09-03T14:22:28.041975+00:00,4.280860000000e+02,-3.715302000000e-04,-3.678516831683e-06
Offset_RevB_Chip_1_woShield_Gmx_default_OSC_default_Vsup_pm6V_night_Gain101,1,650,2026-09-03T14:22:28.705975+00:00,4.287500000000e+02,-3.682152000000e-04,-3.645695049505e-06
Offset_RevB_Chip_1_woShield_Gmx_default_OSC_default_Vsup_pm6V_night_Gain101,1,651,2026-09-03T14:22:29.361975+00:00,4.294060000000e+02,-3.638809000000e-04,-3.602781188119e-06
Offset_RevB_Chip_1_woShield_Gmx_default_OSC_default_Vsup_pm6V_night_Gain101,1,652,2026-09-03T14:22:30.018475+00:00,4.300625000000e+02,-3.589129000000e-04,-3.553593069307e-06
Offset_RevB_Chip_1_woShield_Gmx_default_OSC_default_Vsup_pm6V_night_Gain101,1,653,2026-09-03T14:22:30.682975+00:00,4.307270000000e+02,-3.793813000000e-04,-3.756250495050e-06
Offset_RevB_Chip_1_woShield_Gmx_default_OSC_default_Vsup_pm6V_night_Gain101,1,654,2026-09-03T14:22:31.346975+00:00,4.313910000000e+02,-3.623494000000e-04,-3.587617821782e-06
Offset_RevB_Chip_1_woShield_Gmx_default_OSC_default_Vsup_pm6V_night_Gain101,1,655,2026-09-03T14:22:32.002975+00:00,4.320470000000e+02,-3.620380000000e-04,-3.584534653465e-06
Offset_RevB_Chip_1_woShield_Gmx_default_OSC_default_Vsup_pm6V_night_Gain101,1,656,2026-09-03T14:22:32.658975+00:00,4.327030000000e+02,-3.680057000000e-04,-3.643620792079e-06
Offset_RevB_Chip_1_woShield_Gmx_default_OSC_default_Vsup_pm6V_night_Gain101,1,657,2026-09-03T14:22:33.322975+00:00,4.333670000000e+02,-3.578438000000e-04,-3.543007920792e-06
Offset_RevB_Chip_1_woShield_Gmx_default_OSC_default_Vsup_pm6V_night_Gain101,1,658,2026-09-03T14:22:33.986975+00:00,4.340310000000e+02,-3.630960000000e-04,-3.595009900990e-06
Offset_RevB_Chip_1_woShield_Gmx_default_OSC_default_Vsup_pm6V_night_Gain101,1,659,2026-09-03T14:22:34.643475+00:00,4.346875000000e+02,-3.542558000000e-04,-3.507483168317e-06
Offset_RevB_Chip_1_woShield_Gmx_default_OSC_default_Vsup_pm6V_night_Gain101,1,660,2026-09-03T14:22:35.299975+00:00,4.353440000000e+02,-3.561863000000e-04,-3.526597029703e-06
Offset_RevB_Chip_1_woShield_Gmx_default_OSC_default_Vsup_pm6V_night_Gain101,1,661,2026-09-03T14:22:35.955975+00:00,4.360000000000e+02,-3.455282000000e-04,-3.421071287129e-06
Offset_RevB_Chip_1_woShield_Gmx_default_OSC_default_Vsup_pm6V_night_Gain101,1,662,2026-09-03T14:22:36.619975+00:00,4.366640000000e+02,-3.561748000000e-04,-3.526483168317e-06
Offset_RevB_Chip_1_woShield_Gmx_default_OSC_default_Vsup_pm6V_night_Gain101,1,663,2026-09-03T14:22:37.283975+00:00,4.373280000000e+02,-3.596081000000e-04,-3.560476237624e-06
Offset_RevB_Chip_1_woShield_Gmx_default_OSC_default_Vsup_pm6V_night_Gain101,1,664,2026-09-03T14:22:37.940475+00:00,4.379845000000e+02,-3.434806000000e-04,-3.400798019802e-06
Offset_RevB_Chip_1_woShield_Gmx_default_OSC_default_Vsup_pm6V_night_Gain101,1,665,2026-09-03T14:22:38.596975+00:00,4.386410000000e+02,-3.428431000000e-04,-3.394486138614e-06
Offset_RevB_Chip_1_woShield_Gmx_default_OSC_default_Vsup_pm6V_night_Gain101,1,666,2026-09-03T14:22:39.260975+00:00,4.393050000000e+02,-3.555779000000e-04,-3.520573267327e-06
Offset_RevB_Chip_1_woShield_Gmx_default_OSC_default_Vsup_pm6V_night_Gain101,1,667,2026-09-03T14:22:39.924975+00:00,4.399690000000e+02,-3.390991000000e-04,-3.357416831683e-06
Offset_RevB_Chip_1_woShield_Gmx_default_OSC_default_Vsup_pm6V_night_Gain101,1,668,2026-09-03T14:22:40.580975+00:00,4.406250000000e+02,-3.543951000000e-04,-3.508862376238e-06
Offset_RevB_Chip_1_woShield_Gmx_default_OSC_default_Vsup_pm6V_night_Gain101,1,669,2026-09-03T14:22:41.236975+00:00,4.412810000000e+02,-3.592017000000e-04,-3.556452475248e-06
Offset_RevB_Chip_1_woShield_Gmx_default_OSC_default_Vsup_pm6V_night_Gain101,1,670,2026-09-03T14:22:41.900975+00:00,4.419450000000e+02,-3.533695000000e-04,-3.498707920792e-06
Offset_RevB_Chip_1_woShield_Gmx_default_OSC_default_Vsup_pm6V_night_Gain101,1,671,2026-09-03T14:22:42.565475+00:00,4.426095000000e+02,-3.453319000000e-04,-3.419127722772e-06
Offset_RevB_Chip_1_woShield_Gmx_default_OSC_default_Vsup_pm6V_night_Gain101,1,672,2026-09-03T14:22:43.221975+00:00,4.432660000000e+02,-3.522990000000e-04,-3.488108910891e-06
Offset_RevB_Chip_1_woShield_Gmx_default_OSC_default_Vsup_pm6V_night_Gain101,1,673,2026-09-03T14:22:43.877975+00:00,4.439220000000e+02,-3.583282000000e-04,-3.547803960396e-06
Offset_RevB_Chip_1_woShield_Gmx_default_OSC_default_Vsup_pm6V_night_Gain101,1,674,2026-09-03T14:22:44.533975+00:00,4.445780000000e+02,-3.544986000000e-04,-3.509887128713e-06
Offset_RevB_Chip_1_woShield_Gmx_default_OSC_default_Vsup_pm6V_night_Gain101,1,675,2026-09-03T14:22:45.197975+00:00,4.452420000000e+02,-3.565272000000e-04,-3.529972277228e-06
Offset_RevB_Chip_1_woShield_Gmx_default_OSC_default_Vsup_pm6V_night_Gain101,1,676,2026-09-03T14:22:45.861975+00:00,4.459060000000e+02,-3.530668000000e-04,-3.495710891089e-06
Offset_RevB_Chip_1_woShield_Gmx_default_OSC_default_Vsup_pm6V_night_Gain101,1,677,2026-09-03T14:22:46.518475+00:00,4.465625000000e+02,-3.551784000000e-04,-3.516617821782e-06
Offset_RevB_Chip_1_woShield_Gmx_default_OSC_default_Vsup_pm6V_night_Gain101,1,678,2026-09-03T14:22:47.174975+00:00,4.472190000000e+02,-3.540295000000e-04,-3.505242574257e-06
Offset_RevB_Chip_1_woShield_Gmx_default_OSC_default_Vsup_pm6V_night_Gain101,1,679,2026-09-03T14:22:47.838975+00:00,4.478830000000e+02,-3.633590000000e-04,-3.597613861386e-06
Offset_RevB_Chip_1_woShield_Gmx_default_OSC_default_Vsup_pm6V_night_Gain101,1,680,2026-09-03T14:22:48.502975+00:00,4.485470000000e+02,-3.533825000000e-04,-3.498836633663e-06
Offset_RevB_Chip_1_woShield_Gmx_default_OSC_default_Vsup_pm6V_night_Gain101,1,681,2026-09-03T14:22:49.158975+00:00,4.492030000000e+02,-3.538898000000e-04,-3.503859405941e-06
Offset_RevB_Chip_1_woShield_Gmx_default_OSC_default_Vsup_pm6V_night_Gain101,1,682,2026-09-03T14:22:49.815475+00:00,4.498595000000e+02,-3.605033000000e-04,-3.569339603960e-06
Offset_RevB_Chip_1_woShield_Gmx_default_OSC_default_Vsup_pm6V_night_Gain101,1,683,2026-09-03T14:22:50.479475+00:00,4.505235000000e+02,-3.506129000000e-04,-3.471414851485e-06
Offset_RevB_Chip_1_woShield_Gmx_default_OSC_default_Vsup_pm6V_night_Gain101,1,684,2026-09-03T14:22:51.143475+00:00,4.511875000000e+02,-3.556913000000e-04,-3.521696039604e-06
Offset_RevB_Chip_1_woShield_Gmx_default_OSC_default_Vsup_pm6V_night_Gain101,1,685,2026-09-03T14:22:51.799975+00:00,4.518440000000e+02,-3.521317000000e-04,-3.486452475248e-06
Offset_RevB_Chip_1_woShield_Gmx_default_OSC_default_Vsup_pm6V_night_Gain101,1,686,2026-09-03T14:22:52.455975+00:00,4.525000000000e+02,-3.509635000000e-04,-3.474886138614e-06
Offset_RevB_Chip_1_woShield_Gmx_default_OSC_default_Vsup_pm6V_night_Gain101,1,687,2026-09-03T14:22:53.119975+00:00,4.531640000000e+02,-3.485672000000e-04,-3.451160396040e-06
Offset_RevB_Chip_1_woShield_Gmx_default_OSC_default_Vsup_pm6V_night_Gain101,1,688,2026-09-03T14:22:53.783975+00:00,4.538280000000e+02,-3.544854000000e-04,-3.509756435644e-06
Offset_RevB_Chip_1_woShield_Gmx_default_OSC_default_Vsup_pm6V_night_Gain101,1,689,2026-09-03T14:22:54.440475+00:00,4.544845000000e+02,-3.574082000000e-04,-3.538695049505e-06
Offset_RevB_Chip_1_woShield_Gmx_default_OSC_default_Vsup_pm6V_night_Gain101,1,690,2026-09-03T14:22:55.096975+00:00,4.551410000000e+02,-3.552747000000e-04,-3.517571287129e-06
Offset_RevB_Chip_1_woShield_Gmx_default_OSC_default_Vsup_pm6V_night_Gain101,1,691,2026-09-03T14:22:55.760975+00:00,4.558050000000e+02,-3.548449000000e-04,-3.513315841584e-06
Offset_RevB_Chip_1_woShield_Gmx_default_OSC_default_Vsup_pm6V_night_Gain101,1,692,2026-09-03T14:22:56.424975+00:00,4.564690000000e+02,-3.537606000000e-04,-3.502580198020e-06
Offset_RevB_Chip_1_woShield_Gmx_default_OSC_default_Vsup_pm6V_night_Gain101,1,693,2026-09-03T14:22:57.080975+00:00,4.571250000000e+02,-3.557073000000e-04,-3.521854455446e-06
Offset_RevB_Chip_1_woShield_Gmx_default_OSC_default_Vsup_pm6V_night_Gain101,1,694,2026-09-03T14:22:57.736975+00:00,4.577810000000e+02,-3.535373000000e-04,-3.500369306931e-06
Offset_RevB_Chip_1_woShield_Gmx_default_OSC_default_Vsup_pm6V_night_Gain101,1,695,2026-09-03T14:22:58.400975+00:00,4.584450000000e+02,-3.515634000000e-04,-3.480825742574e-06
Offset_RevB_Chip_1_woShield_Gmx_default_OSC_default_Vsup_pm6V_night_Gain101,1,696,2026-09-03T14:22:59.065475+00:00,4.591095000000e+02,-3.527214000000e-04,-3.492291089109e-06
Offset_RevB_Chip_1_woShield_Gmx_default_OSC_default_Vsup_pm6V_night_Gain101,1,697,2026-09-03T14:22:59.721975+00:00,4.597660000000e+02,-3.580538000000e-04,-3.545087128713e-06
Offset_RevB_Chip_1_woShield_Gmx_default_OSC_default_Vsup_pm6V_night_Gain101,1,698,2026-09-03T14:23:00.377975+00:00,4.604220000000e+02,-3.584213000000e-04,-3.548725742574e-06
Offset_RevB_Chip_1_woShield_Gmx_default_OSC_default_Vsup_pm6V_night_Gain101,1,699,2026-09-03T14:23:01.041975+00:00,4.610860000000e+02,-3.589534000000e-04,-3.553994059406e-06
Offset_RevB_Chip_1_woShield_Gmx_default_OSC_default_Vsup_pm6V_night_Gain101,1,700,2026-09-03T14:23:01.705975+00:00,4.617500000000e+02,-3.509792000000e-04,-3.475041584158e-06
Offset_RevB_Chip_1_woShield_Gmx_default_OSC_default_Vsup_pm6V_night_Gain101,1,701,2026-09-03T14:23:02.361975+00:00,4.624060000000e+02,-3.631503000000e-04,-3.595547524752e-06
Offset_RevB_Chip_1_woShield_Gmx_default_OSC_default_Vsup_pm6V_night_Gain101,1,702,2026-09-03T14:23:03.018475+00:00,4.630625000000e+02,-3.483602000000e-04,-3.449110891089e-06
Offset_RevB_Chip_1_woShield_Gmx_default_OSC_default_Vsup_pm6V_night_Gain101,1,703,2026-09-03T14:23:03.682975+00:00,4.637270000000e+02,-3.557398000000e-04,-3.522176237624e-06
Offset_RevB_Chip_1_woShield_Gmx_default_OSC_default_Vsup_pm6V_night_Gain101,1,704,2026-09-03T14:23:04.346975+00:00,4.643910000000e+02,-3.558524000000e-04,-3.523291089109e-06
Offset_RevB_Chip_1_woShield_Gmx_default_OSC_default_Vsup_pm6V_night_Gain101,1,705,2026-09-03T14:23:05.002975+00:00,4.650470000000e+02,-3.575144000000e-04,-3.539746534653e-06
Offset_RevB_Chip_1_woShield_Gmx_default_OSC_default_Vsup_pm6V_night_Gain101,1,706,2026-09-03T14:23:05.658975+00:00,4.657030000000e+02,-3.651078000000e-04,-3.614928712871e-06
Offset_RevB_Chip_1_woShield_Gmx_default_OSC_default_Vsup_pm6V_night_Gain101,1,707,2026-09-03T14:23:06.322975+00:00,4.663670000000e+02,-3.546600000000e-04,-3.511485148515e-06
Offset_RevB_Chip_1_woShield_Gmx_default_OSC_default_Vsup_pm6V_night_Gain101,1,708,2026-09-03T14:23:06.986975+00:00,4.670310000000e+02,-3.633828000000e-04,-3.597849504950e-06
Offset_RevB_Chip_1_woShield_Gmx_default_OSC_default_Vsup_pm6V_night_Gain101,1,709,2026-09-03T14:23:07.643475+00:00,4.676875000000e+02,-3.667257000000e-04,-3.630947524752e-06
Offset_RevB_Chip_1_woShield_Gmx_default_OSC_default_Vsup_pm6V_night_Gain101,1,710,2026-09-03T14:23:08.299975+00:00,4.683440000000e+02,-3.548609000000e-04,-3.513474257426e-06
Offset_RevB_Chip_1_woShield_Gmx_default_OSC_default_Vsup_pm6V_night_Gain101,1,711,2026-09-03T14:23:08.963975+00:00,4.690080000000e+02,-3.698141000000e-04,-3.661525742574e-06
Offset_RevB_Chip_1_woShield_Gmx_default_OSC_default_Vsup_pm6V_night_Gain101,1,712,2026-09-03T14:23:09.627975+00:00,4.696720000000e+02,-3.679221000000e-04,-3.642793069307e-06
Offset_RevB_Chip_1_woShield_Gmx_default_OSC_default_Vsup_pm6V_night_Gain101,1,713,2026-09-03T14:23:10.283975+00:00,4.703280000000e+02,-3.646702000000e-04,-3.610596039604e-06
Offset_RevB_Chip_1_woShield_Gmx_default_OSC_default_Vsup_pm6V_night_Gain101,1,714,2026-09-03T14:23:10.940475+00:00,4.709845000000e+02,-3.710232000000e-04,-3.673497029703e-06
Offset_RevB_Chip_1_woShield_Gmx_default_OSC_default_Vsup_pm6V_night_Gain101,1,715,2026-09-03T14:23:11.604475+00:00,4.716485000000e+02,-3.683918000000e-04,-3.647443564356e-06
Offset_RevB_Chip_1_woShield_Gmx_default_OSC_default_Vsup_pm6V_night_Gain101,1,716,2026-09-03T14:23:12.268475+00:00,4.723125000000e+02,-3.773923000000e-04,-3.736557425743e-06
Offset_RevB_Chip_1_woShield_Gmx_default_OSC_default_Vsup_pm6V_night_Gain101,1,717,2026-09-03T14:23:12.924975+00:00,4.729690000000e+02,-3.664225000000e-04,-3.627945544554e-06
Offset_RevB_Chip_1_woShield_Gmx_default_OSC_default_Vsup_pm6V_night_Gain101,1,718,2026-09-03T14:23:13.580975+00:00,4.736250000000e+02,-3.755312000000e-04,-3.718130693069e-06
Offset_RevB_Chip_1_woShield_Gmx_default_OSC_default_Vsup_pm6V_night_Gain101,1,719,2026-09-03T14:23:14.244975+00:00,4.742890000000e+02,-3.839092000000e-04,-3.801081188119e-06
Offset_RevB_Chip_1_woShield_Gmx_default_OSC_default_Vsup_pm6V_night_Gain101,1,720,2026-09-03T14:23:14.908975+00:00,4.749530000000e+02,-3.656156000000e-04,-3.619956435644e-06
Offset_RevB_Chip_1_woShield_Gmx_default_OSC_default_Vsup_pm6V_night_Gain101,1,721,2026-09-03T14:23:15.565475+00:00,4.756095000000e+02,-3.908538000000e-04,-3.869839603960e-06
Offset_RevB_Chip_1_woShield_Gmx_default_OSC_default_Vsup_pm6V_night_Gain101,1,722,2026-09-03T14:23:16.221975+00:00,4.762660000000e+02,-3.866600000000e-04,-3.828316831683e-06
Offset_RevB_Chip_1_woShield_Gmx_default_OSC_default_Vsup_pm6V_night_Gain101,1,723,2026-09-03T14:23:16.885975+00:00,4.769300000000e+02,-3.932740000000e-04,-3.893801980198e-06
Offset_RevB_Chip_1_woShield_Gmx_default_OSC_default_Vsup_pm6V_night_Gain101,1,724,2026-09-03T14:23:17.549975+00:00,4.775940000000e+02,-3.875999000000e-04,-3.837622772277e-06
Offset_RevB_Chip_1_woShield_Gmx_default_OSC_default_Vsup_pm6V_night_Gain101,1,725,2026-09-03T14:23:18.205975+00:00,4.782500000000e+02,-3.924564000000e-04,-3.885706930693e-06
Offset_RevB_Chip_1_woShield_Gmx_default_OSC_default_Vsup_pm6V_night_Gain101,1,726,2026-09-03T14:23:18.861975+00:00,4.789060000000e+02,-4.005323000000e-04,-3.965666336634e-06
Offset_RevB_Chip_1_woShield_Gmx_default_OSC_default_Vsup_pm6V_night_Gain101,1,727,2026-09-03T14:23:19.525975+00:00,4.795700000000e+02,-3.921343000000e-04,-3.882517821782e-06
Offset_RevB_Chip_1_woShield_Gmx_default_OSC_default_Vsup_pm6V_night_Gain101,1,728,2026-09-03T14:23:20.190475+00:00,4.802345000000e+02,-4.049788000000e-04,-4.009691089109e-06
Offset_RevB_Chip_1_woShield_Gmx_default_OSC_default_Vsup_pm6V_night_Gain101,1,729,2026-09-03T14:23:20.846975+00:00,4.808910000000e+02,-3.941968000000e-04,-3.902938613861e-06
Offset_RevB_Chip_1_woShield_Gmx_default_OSC_default_Vsup_pm6V_night_Gain101,1,730,2026-09-03T14:23:21.502975+00:00,4.815470000000e+02,-4.020556000000e-04,-3.980748514851e-06
Offset_RevB_Chip_1_woShield_Gmx_default_OSC_default_Vsup_pm6V_night_Gain101,1,731,2026-09-03T14:23:22.166975+00:00,4.822110000000e+02,-3.999690000000e-04,-3.960089108911e-06
Offset_RevB_Chip_1_woShield_Gmx_default_OSC_default_Vsup_pm6V_night_Gain101,1,732,2026-09-03T14:23:22.830975+00:00,4.828750000000e+02,-3.879081000000e-04,-3.840674257426e-06
Offset_RevB_Chip_1_woShield_Gmx_default_OSC_default_Vsup_pm6V_night_Gain101,1,733,2026-09-03T14:23:23.486975+00:00,4.835310000000e+02,-4.147843000000e-04,-4.106775247525e-06
Offset_RevB_Chip_1_woShield_Gmx_default_OSC_default_Vsup_pm6V_night_Gain101,1,734,2026-09-03T14:23:24.143475+00:00,4.841875000000e+02,-3.926574000000e-04,-3.887697029703e-06
Offset_RevB_Chip_1_woShield_Gmx_default_OSC_default_Vsup_pm6V_night_Gain101,1,735,2026-09-03T14:23:24.807975+00:00,4.848520000000e+02,-3.985503000000e-04,-3.946042574257e-06
Offset_RevB_Chip_1_woShield_Gmx_default_OSC_default_Vsup_pm6V_night_Gain101,1,736,2026-09-03T14:23:25.471975+00:00,4.855160000000e+02,-4.004636000000e-04,-3.964986138614e-06
Offset_RevB_Chip_1_woShield_Gmx_default_OSC_default_Vsup_pm6V_night_Gain101,1,737,2026-09-03T14:23:26.127975+00:00,4.861720000000e+02,-4.016821000000e-04,-3.977050495050e-06
Offset_RevB_Chip_1_woShield_Gmx_default_OSC_default_Vsup_pm6V_night_Gain101,1,738,2026-09-03T14:23:26.783975+00:00,4.868280000000e+02,-4.039568000000e-04,-3.999572277228e-06
Offset_RevB_Chip_1_woShield_Gmx_default_OSC_default_Vsup_pm6V_night_Gain101,1,739,2026-09-03T14:23:27.447975+00:00,4.874920000000e+02,-4.017951000000e-04,-3.978169306931e-06
Offset_RevB_Chip_1_woShield_Gmx_default_OSC_default_Vsup_pm6V_night_Gain101,1,740,2026-09-03T14:23:28.111975+00:00,4.881560000000e+02,-4.065629000000e-04,-4.025375247525e-06
Offset_RevB_Chip_1_woShield_Gmx_default_OSC_default_Vsup_pm6V_night_Gain101,1,741,2026-09-03T14:23:28.768475+00:00,4.888125000000e+02,-4.170267000000e-04,-4.128977227723e-06
Offset_RevB_Chip_1_woShield_Gmx_default_OSC_default_Vsup_pm6V_night_Gain101,1,742,2026-09-03T14:23:29.424975+00:00,4.894690000000e+02,-4.024197000000e-04,-3.984353465347e-06
Offset_RevB_Chip_1_woShield_Gmx_default_OSC_default_Vsup_pm6V_night_Gain101,1,743,2026-09-03T14:23:30.088975+00:00,4.901330000000e+02,-4.079303000000e-04,-4.038913861386e-06
Offset_RevB_Chip_1_woShield_Gmx_default_OSC_default_Vsup_pm6V_night_Gain101,1,744,2026-09-03T14:23:30.752975+00:00,4.907970000000e+02,-4.063343000000e-04,-4.023111881188e-06
Offset_RevB_Chip_1_woShield_Gmx_default_OSC_default_Vsup_pm6V_night_Gain101,1,745,2026-09-03T14:23:31.408975+00:00,4.914530000000e+02,-4.073274000000e-04,-4.032944554455e-06
Offset_RevB_Chip_1_woShield_Gmx_default_OSC_default_Vsup_pm6V_night_Gain101,1,746,2026-09-03T14:23:32.065475+00:00,4.921095000000e+02,-4.327617000000e-04,-4.284769306931e-06
Offset_RevB_Chip_1_woShield_Gmx_default_OSC_default_Vsup_pm6V_night_Gain101,1,747,2026-09-03T14:23:32.729475+00:00,4.927735000000e+02,-4.151290000000e-04,-4.110188118812e-06
Offset_RevB_Chip_1_woShield_Gmx_default_OSC_default_Vsup_pm6V_night_Gain101,1,748,2026-09-03T14:23:33.393475+00:00,4.934375000000e+02,-4.148872000000e-04,-4.107794059406e-06
Offset_RevB_Chip_1_woShield_Gmx_default_OSC_default_Vsup_pm6V_night_Gain101,1,749,2026-09-03T14:23:34.049975+00:00,4.940940000000e+02,-4.117012000000e-04,-4.076249504950e-06
Offset_RevB_Chip_1_woShield_Gmx_default_OSC_default_Vsup_pm6V_night_Gain101,1,750,2026-09-03T14:23:34.705975+00:00,4.947500000000e+02,-4.072824000000e-04,-4.032499009901e-06
Offset_RevB_Chip_1_woShield_Gmx_default_OSC_default_Vsup_pm6V_night_Gain101,1,751,2026-09-03T14:23:35.377975+00:00,4.954220000000e+02,-4.247372000000e-04,-4.205318811881e-06
Offset_RevB_Chip_1_woShield_Gmx_default_OSC_default_Vsup_pm6V_night_Gain101,1,752,2026-09-03T14:23:36.033975+00:00,4.960780000000e+02,-4.194662000000e-04,-4.153130693069e-06
Offset_RevB_Chip_1_woShield_Gmx_default_OSC_default_Vsup_pm6V_night_Gain101,1,753,2026-09-03T14:23:36.690475+00:00,4.967345000000e+02,-4.102956000000e-04,-4.062332673267e-06
Offset_RevB_Chip_1_woShield_Gmx_default_OSC_default_Vsup_pm6V_night_Gain101,1,754,2026-09-03T14:23:37.346975+00:00,4.973910000000e+02,-4.153664000000e-04,-4.112538613861e-06
Offset_RevB_Chip_1_woShield_Gmx_default_OSC_default_Vsup_pm6V_night_Gain101,1,755,2026-09-03T14:23:38.010975+00:00,4.980550000000e+02,-4.209660000000e-04,-4.167980198020e-06
Offset_RevB_Chip_1_woShield_Gmx_default_OSC_default_Vsup_pm6V_night_Gain101,1,756,2026-09-03T14:23:38.674975+00:00,4.987190000000e+02,-4.245808000000e-04,-4.203770297030e-06
Offset_RevB_Chip_1_woShield_Gmx_default_OSC_default_Vsup_pm6V_night_Gain101,1,757,2026-09-03T14:23:39.330975+00:00,4.993750000000e+02,-4.293049000000e-04,-4.250543564356e-06
Offset_RevB_Chip_1_woShield_Gmx_default_OSC_default_Vsup_pm6V_night_Gain101,1,758,2026-09-03T14:23:39.986975+00:00,5.000310000000e+02,-4.243353000000e-04,-4.201339603960e-06
Offset_RevB_Chip_1_woShield_Gmx_default_OSC_default_Vsup_pm6V_night_Gain101,1,759,2026-09-03T14:23:40.650975+00:00,5.006950000000e+02,-4.291012000000e-04,-4.248526732673e-06
Offset_RevB_Chip_1_woShield_Gmx_default_OSC_default_Vsup_pm6V_night_Gain101,1,760,2026-09-03T14:23:41.315475+00:00,5.013595000000e+02,-4.271977000000e-04,-4.229680198020e-06
Offset_RevB_Chip_1_woShield_Gmx_default_OSC_default_Vsup_pm6V_night_Gain101,1,761,2026-09-03T14:23:41.971975+00:00,5.020160000000e+02,-4.284082000000e-04,-4.241665346535e-06
Offset_RevB_Chip_1_woShield_Gmx_default_OSC_default_Vsup_pm6V_night_Gain101,1,762,2026-09-03T14:23:42.627975+00:00,5.026720000000e+02,-4.225400000000e-04,-4.183564356436e-06
Offset_RevB_Chip_1_woShield_Gmx_default_OSC_default_Vsup_pm6V_night_Gain101,1,763,2026-09-03T14:23:43.291975+00:00,5.033360000000e+02,-4.250747000000e-04,-4.208660396040e-06
Offset_RevB_Chip_1_woShield_Gmx_default_OSC_default_Vsup_pm6V_night_Gain101,1,764,2026-09-03T14:23:43.955975+00:00,5.040000000000e+02,-4.371287000000e-04,-4.328006930693e-06
Offset_RevB_Chip_1_woShield_Gmx_default_OSC_default_Vsup_pm6V_night_Gain101,1,765,2026-09-03T14:23:44.611975+00:00,5.046560000000e+02,-4.306967000000e-04,-4.264323762376e-06
Offset_RevB_Chip_1_woShield_Gmx_default_OSC_default_Vsup_pm6V_night_Gain101,1,766,2026-09-03T14:23:45.268475+00:00,5.053125000000e+02,-4.450714000000e-04,-4.406647524752e-06
Offset_RevB_Chip_1_woShield_Gmx_default_OSC_default_Vsup_pm6V_night_Gain101,1,767,2026-09-03T14:23:45.924975+00:00,5.059690000000e+02,-4.318198000000e-04,-4.275443564356e-06
Offset_RevB_Chip_1_woShield_Gmx_default_OSC_default_Vsup_pm6V_night_Gain101,1,768,2026-09-03T14:23:46.588975+00:00,5.066330000000e+02,-4.301363000000e-04,-4.258775247525e-06
Offset_RevB_Chip_1_woShield_Gmx_default_OSC_default_Vsup_pm6V_night_Gain101,1,769,2026-09-03T14:23:47.252975+00:00,5.072970000000e+02,-4.356754000000e-04,-4.313617821782e-06
Offset_RevB_Chip_1_woShield_Gmx_default_OSC_default_Vsup_pm6V_night_Gain101,1,770,2026-09-03T14:23:47.924975+00:00,5.079690000000e+02,-4.371660000000e-04,-4.328376237624e-06
Offset_RevB_Chip_1_woShield_Gmx_default_OSC_default_Vsup_pm6V_night_Gain101,1,771,2026-09-03T14:23:48.588975+00:00,5.086330000000e+02,-4.419219000000e-04,-4.375464356436e-06
Offset_RevB_Chip_1_woShield_Gmx_default_OSC_default_Vsup_pm6V_night_Gain101,1,772,2026-09-03T14:23:49.252975+00:00,5.092970000000e+02,-4.271544000000e-04,-4.229251485149e-06
Offset_RevB_Chip_1_woShield_Gmx_default_OSC_default_Vsup_pm6V_night_Gain101,1,773,2026-09-03T14:23:49.908975+00:00,5.099530000000e+02,-4.413598000000e-04,-4.369899009901e-06
Offset_RevB_Chip_1_woShield_Gmx_default_OSC_default_Vsup_pm6V_night_Gain101,1,774,2026-09-03T14:23:50.565475+00:00,5.106095000000e+02,-4.466288000000e-04,-4.422067326733e-06
Offset_RevB_Chip_1_woShield_Gmx_default_OSC_default_Vsup_pm6V_night_Gain101,1,775,2026-09-03T14:23:51.229475+00:00,5.112735000000e+02,-4.235353000000e-04,-4.193418811881e-06
Offset_RevB_Chip_1_woShield_Gmx_default_OSC_default_Vsup_pm6V_night_Gain101,1,776,2026-09-03T14:23:51.893475+00:00,5.119375000000e+02,-4.318164000000e-04,-4.275409900990e-06
Offset_RevB_Chip_1_woShield_Gmx_default_OSC_default_Vsup_pm6V_night_Gain101,1,777,2026-09-03T14:23:52.549975+00:00,5.125940000000e+02,-4.310320000000e-04,-4.267643564356e-06
Offset_RevB_Chip_1_woShield_Gmx_default_OSC_default_Vsup_pm6V_night_Gain101,1,778,2026-09-03T14:23:53.205975+00:00,5.132500000000e+02,-4.182847000000e-04,-4.141432673267e-06
Offset_RevB_Chip_1_woShield_Gmx_default_OSC_default_Vsup_pm6V_night_Gain101,1,779,2026-09-03T14:23:53.861975+00:00,5.139060000000e+02,-4.317377000000e-04,-4.274630693069e-06
Offset_RevB_Chip_1_woShield_Gmx_default_OSC_default_Vsup_pm6V_night_Gain101,1,780,2026-09-03T14:23:54.525975+00:00,5.145700000000e+02,-4.372470000000e-04,-4.329178217822e-06
Offset_RevB_Chip_1_woShield_Gmx_default_OSC_default_Vsup_pm6V_night_Gain101,1,781,2026-09-03T14:23:55.190475+00:00,5.152345000000e+02,-4.441882000000e-04,-4.397902970297e-06
Offset_RevB_Chip_1_woShield_Gmx_default_OSC_default_Vsup_pm6V_night_Gain101,1,782,2026-09-03T14:23:55.846975+00:00,5.158910000000e+02,-4.423484000000e-04,-4.379687128713e-06
Offset_RevB_Chip_1_woShield_Gmx_default_OSC_default_Vsup_pm6V_night_Gain101,1,783,2026-09-03T14:23:56.502975+00:00,5.165470000000e+02,-4.458848000000e-04,-4.414700990099e-06
Offset_RevB_Chip_1_woShield_Gmx_default_OSC_default_Vsup_pm6V_night_Gain101,1,784,2026-09-03T14:23:57.158975+00:00,5.172030000000e+02,-4.484231000000e-04,-4.439832673267e-06
Offset_RevB_Chip_1_woShield_Gmx_default_OSC_default_Vsup_pm6V_night_Gain101,1,785,2026-09-03T14:23:57.822975+00:00,5.178670000000e+02,-4.534396000000e-04,-4.489500990099e-06
Offset_RevB_Chip_1_woShield_Gmx_default_OSC_default_Vsup_pm6V_night_Gain101,1,786,2026-09-03T14:23:58.486975+00:00,5.185310000000e+02,-4.419512000000e-04,-4.375754455446e-06
Offset_RevB_Chip_1_woShield_Gmx_default_OSC_default_Vsup_pm6V_night_Gain101,1,787,2026-09-03T14:23:59.143475+00:00,5.191875000000e+02,-4.463369000000e-04,-4.419177227723e-06
Offset_RevB_Chip_1_woShield_Gmx_default_OSC_default_Vsup_pm6V_night_Gain101,1,788,2026-09-03T14:23:59.799975+00:00,5.198440000000e+02,-4.478860000000e-04,-4.434514851485e-06
Offset_RevB_Chip_1_woShield_Gmx_default_OSC_default_Vsup_pm6V_night_Gain101,1,789,2026-09-03T14:24:00.455975+00:00,5.205000000000e+02,-4.528439000000e-04,-4.483602970297e-06
Offset_RevB_Chip_1_woShield_Gmx_default_OSC_default_Vsup_pm6V_night_Gain101,1,790,2026-09-03T14:24:01.119975+00:00,5.211640000000e+02,-4.482889000000e-04,-4.438503960396e-06
Offset_RevB_Chip_1_woShield_Gmx_default_OSC_default_Vsup_pm6V_night_Gain101,1,791,2026-09-03T14:24:01.783975+00:00,5.218280000000e+02,-4.489806000000e-04,-4.445352475248e-06
Offset_RevB_Chip_1_woShield_Gmx_default_OSC_default_Vsup_pm6V_night_Gain101,1,792,2026-09-03T14:24:02.440475+00:00,5.224845000000e+02,-4.503652000000e-04,-4.459061386139e-06
Offset_RevB_Chip_1_woShield_Gmx_default_OSC_default_Vsup_pm6V_night_Gain101,1,793,2026-09-03T14:24:03.096975+00:00,5.231410000000e+02,-4.588438000000e-04,-4.543007920792e-06
Offset_RevB_Chip_1_woShield_Gmx_default_OSC_default_Vsup_pm6V_night_Gain101,1,794,2026-09-03T14:24:03.760975+00:00,5.238050000000e+02,-4.477533000000e-04,-4.433200990099e-06
Offset_RevB_Chip_1_woShield_Gmx_default_OSC_default_Vsup_pm6V_night_Gain101,1,795,2026-09-03T14:24:04.424975+00:00,5.244690000000e+02,-4.548592000000e-04,-4.503556435644e-06
Offset_RevB_Chip_1_woShield_Gmx_default_OSC_default_Vsup_pm6V_night_Gain101,1,796,2026-09-03T14:24:05.080975+00:00,5.251250000000e+02,-4.576724000000e-04,-4.531409900990e-06
Offset_RevB_Chip_1_woShield_Gmx_default_OSC_default_Vsup_pm6V_night_Gain101,1,797,2026-09-03T14:24:05.736975+00:00,5.257810000000e+02,-4.579637000000e-04,-4.534294059406e-06
Offset_RevB_Chip_1_woShield_Gmx_default_OSC_default_Vsup_pm6V_night_Gain101,1,798,2026-09-03T14:24:06.393475+00:00,5.264375000000e+02,-4.579542000000e-04,-4.534200000000e-06
Offset_RevB_Chip_1_woShield_Gmx_default_OSC_default_Vsup_pm6V_night_Gain101,1,799,2026-09-03T14:24:07.057975+00:00,5.271020000000e+02,-4.582801000000e-04,-4.537426732673e-06
Offset_RevB_Chip_1_woShield_Gmx_default_OSC_default_Vsup_pm6V_night_Gain101,1,800,2026-09-03T14:24:07.721975+00:00,5.277660000000e+02,-4.587600000000e-04,-4.542178217822e-06
Offset_RevB_Chip_1_woShield_Gmx_default_OSC_default_Vsup_pm6V_night_Gain101,1,801,2026-09-03T14:24:08.377975+00:00,5.284220000000e+02,-4.652272000000e-04,-4.606209900990e-06
Offset_RevB_Chip_1_woShield_Gmx_default_OSC_default_Vsup_pm6V_night_Gain101,1,802,2026-09-03T14:24:09.033975+00:00,5.290780000000e+02,-4.710061000000e-04,-4.663426732673e-06
Offset_RevB_Chip_1_woShield_Gmx_default_OSC_default_Vsup_pm6V_night_Gain101,1,803,2026-09-03T14:24:09.690475+00:00,5.297345000000e+02,-4.580517000000e-04,-4.535165346535e-06
Offset_RevB_Chip_1_woShield_Gmx_default_OSC_default_Vsup_pm6V_night_Gain101,1,804,2026-09-03T14:24:10.354475+00:00,5.303985000000e+02,-4.613232000000e-04,-4.567556435644e-06
Offset_RevB_Chip_1_woShield_Gmx_default_OSC_default_Vsup_pm6V_night_Gain101,1,805,2026-09-03T14:24:11.018475+00:00,5.310625000000e+02,-4.674103000000e-04,-4.627824752475e-06
Offset_RevB_Chip_1_woShield_Gmx_default_OSC_default_Vsup_pm6V_night_Gain101,1,806,2026-09-03T14:24:11.674975+00:00,5.317190000000e+02,-4.690492000000e-04,-4.644051485149e-06
Offset_RevB_Chip_1_woShield_Gmx_default_OSC_default_Vsup_pm6V_night_Gain101,1,807,2026-09-03T14:24:12.330975+00:00,5.323750000000e+02,-4.408907000000e-04,-4.365254455446e-06
Offset_RevB_Chip_1_woShield_Gmx_default_OSC_default_Vsup_pm6V_night_Gain101,1,808,2026-09-03T14:24:12.986975+00:00,5.330310000000e+02,-4.642073000000e-04,-4.596111881188e-06
Offset_RevB_Chip_1_woShield_Gmx_default_OSC_default_Vsup_pm6V_night_Gain101,1,809,2026-09-03T14:24:13.658975+00:00,5.337030000000e+02,-4.488579000000e-04,-4.444137623762e-06
Offset_RevB_Chip_1_woShield_Gmx_default_OSC_default_Vsup_pm6V_night_Gain101,1,810,2026-09-03T14:24:14.315475+00:00,5.343595000000e+02,-4.707879000000e-04,-4.661266336634e-06
Offset_RevB_Chip_1_woShield_Gmx_default_OSC_default_Vsup_pm6V_night_Gain101,1,811,2026-09-03T14:24:14.971975+00:00,5.350160000000e+02,-4.607210000000e-04,-4.561594059406e-06
Offset_RevB_Chip_1_woShield_Gmx_default_OSC_default_Vsup_pm6V_night_Gain101,1,812,2026-09-03T14:24:15.627975+00:00,5.356720000000e+02,-4.529702000000e-04,-4.484853465347e-06
Offset_RevB_Chip_1_woShield_Gmx_default_OSC_default_Vsup_pm6V_night_Gain101,1,813,2026-09-03T14:24:16.291975+00:00,5.363360000000e+02,-4.678773000000e-04,-4.632448514851e-06
Offset_RevB_Chip_1_woShield_Gmx_default_OSC_default_Vsup_pm6V_night_Gain101,1,814,2026-09-03T14:24:16.955975+00:00,5.370000000000e+02,-4.771394000000e-04,-4.724152475248e-06
Offset_RevB_Chip_1_woShield_Gmx_default_OSC_default_Vsup_pm6V_night_Gain101,1,815,2026-09-03T14:24:17.611975+00:00,5.376560000000e+02,-4.774406000000e-04,-4.727134653465e-06
Offset_RevB_Chip_1_woShield_Gmx_default_OSC_default_Vsup_pm6V_night_Gain101,1,816,2026-09-03T14:24:18.268475+00:00,5.383125000000e+02,-4.775826000000e-04,-4.728540594059e-06
Offset_RevB_Chip_1_woShield_Gmx_default_OSC_default_Vsup_pm6V_night_Gain101,1,817,2026-09-03T14:24:18.924975+00:00,5.389690000000e+02,-4.605466000000e-04,-4.559867326733e-06
Offset_RevB_Chip_1_woShield_Gmx_default_OSC_default_Vsup_pm6V_night_Gain101,1,818,2026-09-03T14:24:19.588975+00:00,5.396330000000e+02,-4.716711000000e-04,-4.670010891089e-06
Offset_RevB_Chip_1_woShield_Gmx_default_OSC_default_Vsup_pm6V_night_Gain101,1,819,2026-09-03T14:24:20.252975+00:00,5.402970000000e+02,-4.726681000000e-04,-4.679882178218e-06
Offset_RevB_Chip_1_woShield_Gmx_default_OSC_default_Vsup_pm6V_night_Gain101,1,820,2026-09-03T14:24:20.908975+00:00,5.409530000000e+02,-4.688208000000e-04,-4.641790099010e-06
Offset_RevB_Chip_1_woShield_Gmx_default_OSC_default_Vsup_pm6V_night_Gain101,1,821,2026-09-03T14:24:21.565475+00:00,5.416095000000e+02,-4.727122000000e-04,-4.680318811881e-06
Offset_RevB_Chip_1_woShield_Gmx_default_OSC_default_Vsup_pm6V_night_Gain101,1,822,2026-09-03T14:24:22.229475+00:00,5.422735000000e+02,-4.564535000000e-04,-4.519341584158e-06
Offset_RevB_Chip_1_woShield_Gmx_default_OSC_default_Vsup_pm6V_night_Gain101,1,823,2026-09-03T14:24:22.893475+00:00,5.429375000000e+02,-4.712832000000e-04,-4.666170297030e-06
Offset_RevB_Chip_1_woShield_Gmx_default_OSC_default_Vsup_pm6V_night_Gain101,1,824,2026-09-03T14:24:23.557975+00:00,5.436020000000e+02,-4.593073000000e-04,-4.547597029703e-06
Offset_RevB_Chip_1_woShield_Gmx_default_OSC_default_Vsup_pm6V_night_Gain101,1,825,2026-09-03T14:24:24.252975+00:00,5.442970000000e+02,-4.632569000000e-04,-4.586701980198e-06
Offset_RevB_Chip_1_woShield_Gmx_default_OSC_default_Vsup_pm6V_night_Gain101,1,826,2026-09-03T14:24:24.908975+00:00,5.449530000000e+02,-4.804724000000e-04,-4.757152475248e-06
Offset_RevB_Chip_1_woShield_Gmx_default_OSC_default_Vsup_pm6V_night_Gain101,1,827,2026-09-03T14:24:25.565475+00:00,5.456095000000e+02,-4.696989000000e-04,-4.650484158416e-06
Offset_RevB_Chip_1_woShield_Gmx_default_OSC_default_Vsup_pm6V_night_Gain101,1,828,2026-09-03T14:24:26.221975+00:00,5.462660000000e+02,-4.695890000000e-04,-4.649396039604e-06
Offset_RevB_Chip_1_woShield_Gmx_default_OSC_default_Vsup_pm6V_night_Gain101,1,829,2026-09-03T14:24:26.885975+00:00,5.469300000000e+02,-4.732660000000e-04,-4.685801980198e-06
Offset_RevB_Chip_1_woShield_Gmx_default_OSC_default_Vsup_pm6V_night_Gain101,1,830,2026-09-03T14:24:27.549975+00:00,5.475940000000e+02,-4.666901000000e-04,-4.620694059406e-06
Offset_RevB_Chip_1_woShield_Gmx_default_OSC_default_Vsup_pm6V_night_Gain101,1,831,2026-09-03T14:24:28.205975+00:00,5.482500000000e+02,-4.740536000000e-04,-4.693600000000e-06
Offset_RevB_Chip_1_woShield_Gmx_default_OSC_default_Vsup_pm6V_night_Gain101,1,832,2026-09-03T14:24:28.861975+00:00,5.489060000000e+02,-4.787772000000e-04,-4.740368316832e-06
Offset_RevB_Chip_1_woShield_Gmx_default_OSC_default_Vsup_pm6V_night_Gain101,1,833,2026-09-03T14:24:29.525975+00:00,5.495700000000e+02,-4.716762000000e-04,-4.670061386139e-06
Offset_RevB_Chip_1_woShield_Gmx_default_OSC_default_Vsup_pm6V_night_Gain101,1,834,2026-09-03T14:24:30.190475+00:00,5.502345000000e+02,-4.736931000000e-04,-4.690030693069e-06
Offset_RevB_Chip_1_woShield_Gmx_default_OSC_default_Vsup_pm6V_night_Gain101,1,835,2026-09-03T14:24:30.846975+00:00,5.508910000000e+02,-4.652236000000e-04,-4.606174257426e-06
Offset_RevB_Chip_1_woShield_Gmx_default_OSC_default_Vsup_pm6V_night_Gain101,1,836,2026-09-03T14:24:31.502975+00:00,5.515470000000e+02,-4.791471000000e-04,-4.744030693069e-06
Offset_RevB_Chip_1_woShield_Gmx_default_OSC_default_Vsup_pm6V_night_Gain101,1,837,2026-09-03T14:24:32.158975+00:00,5.522030000000e+02,-4.709536000000e-04,-4.662906930693e-06
Offset_RevB_Chip_1_woShield_Gmx_default_OSC_default_Vsup_pm6V_night_Gain101,1,838,2026-09-03T14:24:32.822975+00:00,5.528670000000e+02,-4.816576000000e-04,-4.768887128713e-06
Offset_RevB_Chip_1_woShield_Gmx_default_OSC_default_Vsup_pm6V_night_Gain101,1,839,2026-09-03T14:24:33.486975+00:00,5.535310000000e+02,-4.722702000000e-04,-4.675942574257e-06
Offset_RevB_Chip_1_woShield_Gmx_default_OSC_default_Vsup_pm6V_night_Gain101,1,840,2026-09-03T14:24:34.143475+00:00,5.541875000000e+02,-4.797462000000e-04,-4.749962376238e-06
Offset_RevB_Chip_1_woShield_Gmx_default_OSC_default_Vsup_pm6V_night_Gain101,1,841,2026-09-03T14:24:34.799975+00:00,5.548440000000e+02,-4.658784000000e-04,-4.612657425743e-06
Offset_RevB_Chip_1_woShield_Gmx_default_OSC_default_Vsup_pm6V_night_Gain101,1,842,2026-09-03T14:24:35.463975+00:00,5.555080000000e+02,-4.803784000000e-04,-4.756221782178e-06
Offset_RevB_Chip_1_woShield_Gmx_default_OSC_default_Vsup_pm6V_night_Gain101,1,843,2026-09-03T14:24:36.127975+00:00,5.561720000000e+02,-4.628746000000e-04,-4.582916831683e-06
Offset_RevB_Chip_1_woShield_Gmx_default_OSC_default_Vsup_pm6V_night_Gain101,1,844,2026-09-03T14:24:36.783975+00:00,5.568280000000e+02,-4.775389000000e-04,-4.728107920792e-06
Offset_RevB_Chip_1_woShield_Gmx_default_OSC_default_Vsup_pm6V_night_Gain101,1,845,2026-09-03T14:24:37.440475+00:00,5.574845000000e+02,-4.839677000000e-04,-4.791759405941e-06
Offset_RevB_Chip_1_woShield_Gmx_default_OSC_default_Vsup_pm6V_night_Gain101,1,846,2026-09-03T14:24:38.104475+00:00,5.581485000000e+02,-4.692525000000e-04,-4.646064356436e-06
Offset_RevB_Chip_1_woShield_Gmx_default_OSC_default_Vsup_pm6V_night_Gain101,1,847,2026-09-03T14:24:38.768475+00:00,5.588125000000e+02,-4.697912000000e-04,-4.651398019802e-06
Offset_RevB_Chip_1_woShield_Gmx_default_OSC_default_Vsup_pm6V_night_Gain101,1,848,2026-09-03T14:24:39.424975+00:00,5.594690000000e+02,-4.685713000000e-04,-4.639319801980e-06
Offset_RevB_Chip_1_woShield_Gmx_default_OSC_default_Vsup_pm6V_night_Gain101,1,849,2026-09-03T14:24:40.080975+00:00,5.601250000000e+02,-4.753890000000e-04,-4.706821782178e-06
Offset_RevB_Chip_1_woShield_Gmx_default_OSC_default_Vsup_pm6V_night_Gain101,1,850,2026-09-03T14:24:40.744975+00:00,5.607890000000e+02,-4.770753000000e-04,-4.723517821782e-06
Offset_RevB_Chip_1_woShield_Gmx_default_OSC_default_Vsup_pm6V_night_Gain101,1,851,2026-09-03T14:24:41.408975+00:00,5.614530000000e+02,-4.849075000000e-04,-4.801064356436e-06
Offset_RevB_Chip_1_woShield_Gmx_default_OSC_default_Vsup_pm6V_night_Gain101,1,852,2026-09-03T14:24:42.065475+00:00,5.621095000000e+02,-4.828354000000e-04,-4.780548514851e-06
Offset_RevB_Chip_1_woShield_Gmx_default_OSC_default_Vsup_pm6V_night_Gain101,1,853,2026-09-03T14:24:42.721975+00:00,5.627660000000e+02,-4.922536000000e-04,-4.873798019802e-06
Offset_RevB_Chip_1_woShield_Gmx_default_OSC_default_Vsup_pm6V_night_Gain101,1,854,2026-09-03T14:24:43.393475+00:00,5.634375000000e+02,-4.766142000000e-04,-4.718952475248e-06
Offset_RevB_Chip_1_woShield_Gmx_default_OSC_default_Vsup_pm6V_night_Gain101,1,855,2026-09-03T14:24:44.065475+00:00,5.641095000000e+02,-4.831044000000e-04,-4.783211881188e-06
Offset_RevB_Chip_1_woShield_Gmx_default_OSC_default_Vsup_pm6V_night_Gain101,1,856,2026-09-03T14:24:44.721975+00:00,5.647660000000e+02,-4.824240000000e-04,-4.776475247525e-06
Offset_RevB_Chip_1_woShield_Gmx_default_OSC_default_Vsup_pm6V_night_Gain101,1,857,2026-09-03T14:24:45.385975+00:00,5.654300000000e+02,-4.775531000000e-04,-4.728248514851e-06
Offset_RevB_Chip_1_woShield_Gmx_default_OSC_default_Vsup_pm6V_night_Gain101,1,858,2026-09-03T14:24:46.049975+00:00,5.660940000000e+02,-4.730801000000e-04,-4.683961386139e-06
Offset_RevB_Chip_1_woShield_Gmx_default_OSC_default_Vsup_pm6V_night_Gain101,1,859,2026-09-03T14:24:46.705975+00:00,5.667500000000e+02,-4.795664000000e-04,-4.748182178218e-06
Offset_RevB_Chip_1_woShield_Gmx_default_OSC_default_Vsup_pm6V_night_Gain101,1,860,2026-09-03T14:24:47.361975+00:00,5.674060000000e+02,-4.775938000000e-04,-4.728651485149e-06
Offset_RevB_Chip_1_woShield_Gmx_default_OSC_default_Vsup_pm6V_night_Gain101,1,861,2026-09-03T14:24:48.025975+00:00,5.680700000000e+02,-4.779864000000e-04,-4.732538613861e-06
Offset_RevB_Chip_1_woShield_Gmx_default_OSC_default_Vsup_pm6V_night_Gain101,1,862,2026-09-03T14:24:48.690475+00:00,5.687345000000e+02,-4.786048000000e-04,-4.738661386139e-06
Offset_RevB_Chip_1_woShield_Gmx_default_OSC_default_Vsup_pm6V_night_Gain101,1,863,2026-09-03T14:24:49.346975+00:00,5.693910000000e+02,-4.902384000000e-04,-4.853845544554e-06
Offset_RevB_Chip_1_woShield_Gmx_default_OSC_default_Vsup_pm6V_night_Gain101,1,864,2026-09-03T14:24:50.002975+00:00,5.700470000000e+02,-4.739746000000e-04,-4.692817821782e-06
Offset_RevB_Chip_1_woShield_Gmx_default_OSC_default_Vsup_pm6V_night_Gain101,1,865,2026-09-03T14:24:50.666975+00:00,5.707110000000e+02,-4.848301000000e-04,-4.800298019802e-06
Offset_RevB_Chip_1_woShield_Gmx_default_OSC_default_Vsup_pm6V_night_Gain101,1,866,2026-09-03T14:24:51.330975+00:00,5.713750000000e+02,-4.966491000000e-04,-4.917317821782e-06
Offset_RevB_Chip_1_woShield_Gmx_default_OSC_default_Vsup_pm6V_night_Gain101,1,867,2026-09-03T14:24:51.986975+00:00,5.720310000000e+02,-4.882688000000e-04,-4.834344554455e-06
Offset_RevB_Chip_1_woShield_Gmx_default_OSC_default_Vsup_pm6V_night_Gain101,1,868,2026-09-03T14:24:52.650975+00:00,5.726950000000e+02,-4.976381000000e-04,-4.927109900990e-06
Offset_RevB_Chip_1_woShield_Gmx_default_OSC_default_Vsup_pm6V_night_Gain101,1,869,2026-09-03T14:24:53.315475+00:00,5.733595000000e+02,-4.945907000000e-04,-4.896937623762e-06
Offset_RevB_Chip_1_woShield_Gmx_default_OSC_default_Vsup_pm6V_night_Gain101,1,870,2026-09-03T14:24:53.971975+00:00,5.740160000000e+02,-4.937071000000e-04,-4.888189108911e-06
Offset_RevB_Chip_1_woShield_Gmx_default_OSC_default_Vsup_pm6V_night_Gain101,1,871,2026-09-03T14:24:54.627975+00:00,5.746720000000e+02,-4.957350000000e-04,-4.908267326733e-06
Offset_RevB_Chip_1_woShield_Gmx_default_OSC_default_Vsup_pm6V_night_Gain101,1,872,2026-09-03T14:24:55.291975+00:00,5.753360000000e+02,-5.034309000000e-04,-4.984464356436e-06
Offset_RevB_Chip_1_woShield_Gmx_default_OSC_default_Vsup_pm6V_night_Gain101,1,873,2026-09-03T14:24:55.955975+00:00,5.760000000000e+02,-4.853295000000e-04,-4.805242574257e-06
Offset_RevB_Chip_1_woShield_Gmx_default_OSC_default_Vsup_pm6V_night_Gain101,1,874,2026-09-03T14:24:56.611975+00:00,5.766560000000e+02,-4.860027000000e-04,-4.811907920792e-06
Offset_RevB_Chip_1_woShield_Gmx_default_OSC_default_Vsup_pm6V_night_Gain101,1,875,2026-09-03T14:24:57.268475+00:00,5.773125000000e+02,-4.883773000000e-04,-4.835418811881e-06
Offset_RevB_Chip_1_woShield_Gmx_default_OSC_default_Vsup_pm6V_night_Gain101,1,876,2026-09-03T14:24:57.932975+00:00,5.779770000000e+02,-4.882522000000e-04,-4.834180198020e-06
Offset_RevB_Chip_1_woShield_Gmx_default_OSC_default_Vsup_pm6V_night_Gain101,1,877,2026-09-03T14:24:58.596975+00:00,5.786410000000e+02,-4.838551000000e-04,-4.790644554455e-06
Offset_RevB_Chip_1_woShield_Gmx_default_OSC_default_Vsup_pm6V_night_Gain101,1,878,2026-09-03T14:24:59.252975+00:00,5.792970000000e+02,-4.815345000000e-04,-4.767668316832e-06
Offset_RevB_Chip_1_woShield_Gmx_default_OSC_default_Vsup_pm6V_night_Gain101,1,879,2026-09-03T14:24:59.908975+00:00,5.799530000000e+02,-5.016526000000e-04,-4.966857425743e-06
Offset_RevB_Chip_1_woShield_Gmx_default_OSC_default_Vsup_pm6V_night_Gain101,1,880,2026-09-03T14:25:00.572975+00:00,5.806170000000e+02,-4.917418000000e-04,-4.868730693069e-06
Offset_RevB_Chip_1_woShield_Gmx_default_OSC_default_Vsup_pm6V_night_Gain101,1,881,2026-09-03T14:25:01.236975+00:00,5.812810000000e+02,-4.923607000000e-04,-4.874858415842e-06
Offset_RevB_Chip_1_woShield_Gmx_default_OSC_default_Vsup_pm6V_night_Gain101,1,882,2026-09-03T14:25:01.893475+00:00,5.819375000000e+02,-4.885885000000e-04,-4.837509900990e-06
Offset_RevB_Chip_1_woShield_Gmx_default_OSC_default_Vsup_pm6V_night_Gain101,1,883,2026-09-03T14:25:02.557975+00:00,5.826020000000e+02,-4.885736000000e-04,-4.837362376238e-06
Offset_RevB_Chip_1_woShield_Gmx_default_OSC_default_Vsup_pm6V_night_Gain101,1,884,2026-09-03T14:25:03.221975+00:00,5.832660000000e+02,-4.907969000000e-04,-4.859375247525e-06
Offset_RevB_Chip_1_woShield_Gmx_default_OSC_default_Vsup_pm6V_night_Gain101,1,885,2026-09-03T14:25:03.877975+00:00,5.839220000000e+02,-4.895099000000e-04,-4.846632673267e-06
Offset_RevB_Chip_1_woShield_Gmx_default_OSC_default_Vsup_pm6V_night_Gain101,1,886,2026-09-03T14:25:04.533975+00:00,5.845780000000e+02,-4.984011000000e-04,-4.934664356436e-06
Offset_RevB_Chip_1_woShield_Gmx_default_OSC_default_Vsup_pm6V_night_Gain101,1,887,2026-09-03T14:25:05.197975+00:00,5.852420000000e+02,-4.844476000000e-04,-4.796510891089e-06
Offset_RevB_Chip_1_woShield_Gmx_default_OSC_default_Vsup_pm6V_night_Gain101,1,888,2026-09-03T14:25:05.861975+00:00,5.859060000000e+02,-4.820021000000e-04,-4.772298019802e-06
Offset_RevB_Chip_1_woShield_Gmx_default_OSC_default_Vsup_pm6V_night_Gain101,1,889,2026-09-03T14:25:06.518475+00:00,5.865625000000e+02,-4.761320000000e-04,-4.714178217822e-06
Offset_RevB_Chip_1_woShield_Gmx_default_OSC_default_Vsup_pm6V_night_Gain101,1,890,2026-09-03T14:25:07.174975+00:00,5.872190000000e+02,-5.045839000000e-04,-4.995880198020e-06
Offset_RevB_Chip_1_woShield_Gmx_default_OSC_default_Vsup_pm6V_night_Gain101,1,891,2026-09-03T14:25:07.838975+00:00,5.878830000000e+02,-4.987702000000e-04,-4.938318811881e-06
Offset_RevB_Chip_1_woShield_Gmx_default_OSC_default_Vsup_pm6V_night_Gain101,1,892,2026-09-03T14:25:08.502975+00:00,5.885470000000e+02,-4.982155000000e-04,-4.932826732673e-06
Offset_RevB_Chip_1_woShield_Gmx_default_OSC_default_Vsup_pm6V_night_Gain101,1,893,2026-09-03T14:25:09.158975+00:00,5.892030000000e+02,-4.968250000000e-04,-4.919059405941e-06
Offset_RevB_Chip_1_woShield_Gmx_default_OSC_default_Vsup_pm6V_night_Gain101,1,894,2026-09-03T14:25:09.815475+00:00,5.898595000000e+02,-4.984073000000e-04,-4.934725742574e-06
Offset_RevB_Chip_1_woShield_Gmx_default_OSC_default_Vsup_pm6V_night_Gain101,1,895,2026-09-03T14:25:10.479475+00:00,5.905235000000e+02,-4.944358000000e-04,-4.895403960396e-06
Offset_RevB_Chip_1_woShield_Gmx_default_OSC_default_Vsup_pm6V_night_Gain101,1,896,2026-09-03T14:25:11.143475+00:00,5.911875000000e+02,-5.036137000000e-04,-4.986274257426e-06
Offset_RevB_Chip_1_woShield_Gmx_default_OSC_default_Vsup_pm6V_night_Gain101,1,897,2026-09-03T14:25:11.799975+00:00,5.918440000000e+02,-4.999964000000e-04,-4.950459405941e-06
Offset_RevB_Chip_1_woShield_Gmx_default_OSC_default_Vsup_pm6V_night_Gain101,1,898,2026-09-03T14:25:12.463975+00:00,5.925080000000e+02,-5.010060000000e-04,-4.960455445545e-06
Offset_RevB_Chip_1_woShield_Gmx_default_OSC_default_Vsup_pm6V_night_Gain101,1,899,2026-09-03T14:25:13.127975+00:00,5.931720000000e+02,-4.906323000000e-04,-4.857745544554e-06
Offset_RevB_Chip_1_woShield_Gmx_default_OSC_default_Vsup_pm6V_night_Gain101,1,900,2026-09-03T14:25:13.783975+00:00,5.938280000000e+02,-5.043615000000e-04,-4.993678217822e-06
Offset_RevB_Chip_1_woShield_Gmx_default_OSC_default_Vsup_pm6V_night_Gain101,1,901,2026-09-03T14:25:14.440475+00:00,5.944845000000e+02,-5.020211000000e-04,-4.970505940594e-06
Offset_RevB_Chip_1_woShield_Gmx_default_OSC_default_Vsup_pm6V_night_Gain101,1,902,2026-09-03T14:25:15.104475+00:00,5.951485000000e+02,-4.880010000000e-04,-4.831693069307e-06
Offset_RevB_Chip_1_woShield_Gmx_default_OSC_default_Vsup_pm6V_night_Gain101,1,903,2026-09-03T14:25:15.768475+00:00,5.958125000000e+02,-4.940384000000e-04,-4.891469306931e-06
Offset_RevB_Chip_1_woShield_Gmx_default_OSC_default_Vsup_pm6V_night_Gain101,1,904,2026-09-03T14:25:16.424975+00:00,5.964690000000e+02,-4.946642000000e-04,-4.897665346535e-06
Offset_RevB_Chip_1_woShield_Gmx_default_OSC_default_Vsup_pm6V_night_Gain101,1,905,2026-09-03T14:25:17.080975+00:00,5.971250000000e+02,-5.024088000000e-04,-4.974344554455e-06
Offset_RevB_Chip_1_woShield_Gmx_default_OSC_default_Vsup_pm6V_night_Gain101,1,906,2026-09-03T14:25:17.736975+00:00,5.977810000000e+02,-5.032400000000e-04,-4.982574257426e-06
Offset_RevB_Chip_1_woShield_Gmx_default_OSC_default_Vsup_pm6V_night_Gain101,1,907,2026-09-03T14:25:18.408975+00:00,5.984530000000e+02,-5.024056000000e-04,-4.974312871287e-06
Offset_RevB_Chip_1_woShield_Gmx_default_OSC_default_Vsup_pm6V_night_Gain101,1,908,2026-09-03T14:25:19.065475+00:00,5.991095000000e+02,-4.962144000000e-04,-4.913013861386e-06
Offset_RevB_Chip_1_woShield_Gmx_default_OSC_default_Vsup_pm6V_night_Gain101,1,909,2026-09-03T14:25:19.721975+00:00,5.997660000000e+02,-5.070828000000e-04,-5.020621782178e-06
Offset_RevB_Chip_1_woShield_Gmx_default_OSC_default_Vsup_pm6V_night_Gain101,1,910,2026-09-03T14:25:20.385975+00:00,6.004300000000e+02,-4.932474000000e-04,-4.883637623762e-06
Offset_RevB_Chip_1_woShield_Gmx_default_OSC_default_Vsup_pm6V_night_Gain101,1,911,2026-09-03T14:25:21.049975+00:00,6.010940000000e+02,-5.103420000000e-04,-5.052891089109e-06
Offset_RevB_Chip_1_woShield_Gmx_default_OSC_default_Vsup_pm6V_night_Gain101,1,912,2026-09-03T14:25:21.705975+00:00,6.017500000000e+02,-5.197611000000e-04,-5.146149504950e-06
Offset_RevB_Chip_1_woShield_Gmx_default_OSC_default_Vsup_pm6V_night_Gain101,1,913,2026-09-03T14:25:22.361975+00:00,6.024060000000e+02,-5.088311000000e-04,-5.037931683168e-06
Offset_RevB_Chip_1_woShield_Gmx_default_OSC_default_Vsup_pm6V_night_Gain101,1,914,2026-09-03T14:25:23.018475+00:00,6.030625000000e+02,-4.989906000000e-04,-4.940500990099e-06
Offset_RevB_Chip_1_woShield_Gmx_default_OSC_default_Vsup_pm6V_night_Gain101,1,915,2026-09-03T14:25:23.682975+00:00,6.037270000000e+02,-4.997630000000e-04,-4.948148514851e-06
Offset_RevB_Chip_1_woShield_Gmx_default_OSC_default_Vsup_pm6V_night_Gain101,1,916,2026-09-03T14:25:24.346975+00:00,6.043910000000e+02,-5.045284000000e-04,-4.995330693069e-06
Offset_RevB_Chip_1_woShield_Gmx_default_OSC_default_Vsup_pm6V_night_Gain101,1,917,2026-09-03T14:25:25.002975+00:00,6.050470000000e+02,-4.973884000000e-04,-4.924637623762e-06
Offset_RevB_Chip_1_woShield_Gmx_default_OSC_default_Vsup_pm6V_night_Gain101,1,918,2026-09-03T14:25:25.658975+00:00,6.057030000000e+02,-5.060231000000e-04,-5.010129702970e-06
Offset_RevB_Chip_1_woShield_Gmx_default_OSC_default_Vsup_pm6V_night_Gain101,1,919,2026-09-03T14:25:26.322975+00:00,6.063670000000e+02,-5.035899000000e-04,-4.986038613861e-06
Offset_RevB_Chip_1_woShield_Gmx_default_OSC_default_Vsup_pm6V_night_Gain101,1,920,2026-09-03T14:25:26.986975+00:00,6.070310000000e+02,-5.053106000000e-04,-5.003075247525e-06
Offset_RevB_Chip_1_woShield_Gmx_default_OSC_default_Vsup_pm6V_night_Gain101,1,921,2026-09-03T14:25:27.643475+00:00,6.076875000000e+02,-5.080346000000e-04,-5.030045544554e-06
Offset_RevB_Chip_1_woShield_Gmx_default_OSC_default_Vsup_pm6V_night_Gain101,1,922,2026-09-03T14:25:28.299975+00:00,6.083440000000e+02,-5.149296000000e-04,-5.098312871287e-06
Offset_RevB_Chip_1_woShield_Gmx_default_OSC_default_Vsup_pm6V_night_Gain101,1,923,2026-09-03T14:25:28.963975+00:00,6.090080000000e+02,-4.985893000000e-04,-4.936527722772e-06
Offset_RevB_Chip_1_woShield_Gmx_default_OSC_default_Vsup_pm6V_night_Gain101,1,924,2026-09-03T14:25:29.627975+00:00,6.096720000000e+02,-5.055947000000e-04,-5.005888118812e-06
Offset_RevB_Chip_1_woShield_Gmx_default_OSC_default_Vsup_pm6V_night_Gain101,1,925,2026-09-03T14:25:30.283975+00:00,6.103280000000e+02,-5.123753000000e-04,-5.073022772277e-06
Offset_RevB_Chip_1_woShield_Gmx_default_OSC_default_Vsup_pm6V_night_Gain101,1,926,2026-09-03T14:25:30.940475+00:00,6.109845000000e+02,-4.972590000000e-04,-4.923356435644e-06
Offset_RevB_Chip_1_woShield_Gmx_default_OSC_default_Vsup_pm6V_night_Gain101,1,927,2026-09-03T14:25:31.596975+00:00,6.116410000000e+02,-5.046422000000e-04,-4.996457425743e-06
Offset_RevB_Chip_1_woShield_Gmx_default_OSC_default_Vsup_pm6V_night_Gain101,1,928,2026-09-03T14:25:32.260975+00:00,6.123050000000e+02,-5.046247000000e-04,-4.996284158416e-06
Offset_RevB_Chip_1_woShield_Gmx_default_OSC_default_Vsup_pm6V_night_Gain101,1,929,2026-09-03T14:25:32.924975+00:00,6.129690000000e+02,-5.132970000000e-04,-5.082148514851e-06
Offset_RevB_Chip_1_woShield_Gmx_default_OSC_default_Vsup_pm6V_night_Gain101,1,930,2026-09-03T14:25:33.580975+00:00,6.136250000000e+02,-4.968238000000e-04,-4.919047524752e-06
Offset_RevB_Chip_1_woShield_Gmx_default_OSC_default_Vsup_pm6V_night_Gain101,1,931,2026-09-03T14:25:34.236975+00:00,6.142810000000e+02,-4.980659000000e-04,-4.931345544554e-06
Offset_RevB_Chip_1_woShield_Gmx_default_OSC_default_Vsup_pm6V_night_Gain101,1,932,2026-09-03T14:25:34.893475+00:00,6.149375000000e+02,-5.089456000000e-04,-5.039065346535e-06
Offset_RevB_Chip_1_woShield_Gmx_default_OSC_default_Vsup_pm6V_night_Gain101,1,933,2026-09-03T14:25:35.557975+00:00,6.156020000000e+02,-5.076344000000e-04,-5.026083168317e-06
Offset_RevB_Chip_1_woShield_Gmx_default_OSC_default_Vsup_pm6V_night_Gain101,1,934,2026-09-03T14:25:36.221975+00:00,6.162660000000e+02,-5.098777000000e-04,-5.048294059406e-06
Offset_RevB_Chip_1_woShield_Gmx_default_OSC_default_Vsup_pm6V_night_Gain101,1,935,2026-09-03T14:25:36.877975+00:00,6.169220000000e+02,-5.023520000000e-04,-4.973782178218e-06
Offset_RevB_Chip_1_woShield_Gmx_default_OSC_default_Vsup_pm6V_night_Gain101,1,936,2026-09-03T14:25:37.533975+00:00,6.175780000000e+02,-5.120291000000e-04,-5.069595049505e-06
Offset_RevB_Chip_1_woShield_Gmx_default_OSC_default_Vsup_pm6V_night_Gain101,1,937,2026-09-03T14:25:38.197975+00:00,6.182420000000e+02,-5.094356000000e-04,-5.043916831683e-06
Offset_RevB_Chip_1_woShield_Gmx_default_OSC_default_Vsup_pm6V_night_Gain101,1,938,2026-09-03T14:25:38.861975+00:00,6.189060000000e+02,-4.966310000000e-04,-4.917138613861e-06
Offset_RevB_Chip_1_woShield_Gmx_default_OSC_default_Vsup_pm6V_night_Gain101,1,939,2026-09-03T14:25:39.518475+00:00,6.195625000000e+02,-5.084821000000e-04,-5.034476237624e-06
Offset_RevB_Chip_1_woShield_Gmx_default_OSC_default_Vsup_pm6V_night_Gain101,1,940,2026-09-03T14:25:40.174975+00:00,6.202190000000e+02,-5.012424000000e-04,-4.962796039604e-06
Offset_RevB_Chip_1_woShield_Gmx_default_OSC_default_Vsup_pm6V_night_Gain101,1,941,2026-09-03T14:25:40.830975+00:00,6.208750000000e+02,-4.923818000000e-04,-4.875067326733e-06
Offset_RevB_Chip_1_woShield_Gmx_default_OSC_default_Vsup_pm6V_night_Gain101,1,942,2026-09-03T14:25:41.494975+00:00,6.215390000000e+02,-5.022890000000e-04,-4.973158415842e-06
Offset_RevB_Chip_1_woShield_Gmx_default_OSC_default_Vsup_pm6V_night_Gain101,1,943,2026-09-03T14:25:42.158975+00:00,6.222030000000e+02,-5.143150000000e-04,-5.092227722772e-06
Offset_RevB_Chip_1_woShield_Gmx_default_OSC_default_Vsup_pm6V_night_Gain101,1,944,2026-09-03T14:25:42.815475+00:00,6.228595000000e+02,-5.231560000000e-04,-5.179762376238e-06
Offset_RevB_Chip_1_woShield_Gmx_default_OSC_default_Vsup_pm6V_night_Gain101,1,945,2026-09-03T14:25:43.471975+00:00,6.235160000000e+02,-5.187265000000e-04,-5.135905940594e-06
Offset_RevB_Chip_1_woShield_Gmx_default_OSC_default_Vsup_pm6V_night_Gain101,1,946,2026-09-03T14:25:44.127975+00:00,6.241720000000e+02,-5.093395000000e-04,-5.042965346535e-06
Offset_RevB_Chip_1_woShield_Gmx_default_OSC_default_Vsup_pm6V_night_Gain101,1,947,2026-09-03T14:25:44.791975+00:00,6.248360000000e+02,-5.065800000000e-04,-5.015643564356e-06
Offset_RevB_Chip_1_woShield_Gmx_default_OSC_default_Vsup_pm6V_night_Gain101,1,948,2026-09-03T14:25:45.455975+00:00,6.255000000000e+02,-5.106870000000e-04,-5.056306930693e-06
Offset_RevB_Chip_1_woShield_Gmx_default_OSC_default_Vsup_pm6V_night_Gain101,1,949,2026-09-03T14:25:46.111975+00:00,6.261560000000e+02,-5.108197000000e-04,-5.057620792079e-06
Offset_RevB_Chip_1_woShield_Gmx_default_OSC_default_Vsup_pm6V_night_Gain101,1,950,2026-09-03T14:25:46.768475+00:00,6.268125000000e+02,-5.163245000000e-04,-5.112123762376e-06
Offset_RevB_Chip_1_woShield_Gmx_default_OSC_default_Vsup_pm6V_night_Gain101,1,951,2026-09-03T14:25:47.432975+00:00,6.274770000000e+02,-5.164385000000e-04,-5.113252475248e-06
Offset_RevB_Chip_1_woShield_Gmx_default_OSC_default_Vsup_pm6V_night_Gain101,1,952,2026-09-03T14:25:48.096975+00:00,6.281410000000e+02,-5.175667000000e-04,-5.124422772277e-06
Offset_RevB_Chip_1_woShield_Gmx_default_OSC_default_Vsup_pm6V_night_Gain101,1,953,2026-09-03T14:25:48.752975+00:00,6.287970000000e+02,-5.177592000000e-04,-5.126328712871e-06
Offset_RevB_Chip_1_woShield_Gmx_default_OSC_default_Vsup_pm6V_night_Gain101,1,954,2026-09-03T14:25:49.408975+00:00,6.294530000000e+02,-5.187214000000e-04,-5.135855445545e-06
Offset_RevB_Chip_1_woShield_Gmx_default_OSC_default_Vsup_pm6V_night_Gain101,1,955,2026-09-03T14:25:50.065475+00:00,6.301095000000e+02,-5.028981000000e-04,-4.979189108911e-06
Offset_RevB_Chip_1_woShield_Gmx_default_OSC_default_Vsup_pm6V_night_Gain101,1,956,2026-09-03T14:25:50.729475+00:00,6.307735000000e+02,-5.039457000000e-04,-4.989561386139e-06
Offset_RevB_Chip_1_woShield_Gmx_default_OSC_default_Vsup_pm6V_night_Gain101,1,957,2026-09-03T14:25:51.393475+00:00,6.314375000000e+02,-4.981575000000e-04,-4.932252475248e-06
Offset_RevB_Chip_1_woShield_Gmx_default_OSC_default_Vsup_pm6V_night_Gain101,1,958,2026-09-03T14:25:52.049975+00:00,6.320940000000e+02,-5.095174000000e-04,-5.044726732673e-06
Offset_RevB_Chip_1_woShield_Gmx_default_OSC_default_Vsup_pm6V_night_Gain101,1,959,2026-09-03T14:25:52.705975+00:00,6.327500000000e+02,-5.041422000000e-04,-4.991506930693e-06
Offset_RevB_Chip_1_woShield_Gmx_default_OSC_default_Vsup_pm6V_night_Gain101,1,960,2026-09-03T14:25:53.361975+00:00,6.334060000000e+02,-5.046169000000e-04,-4.996206930693e-06
Offset_RevB_Chip_1_woShield_Gmx_default_OSC_default_Vsup_pm6V_night_Gain101,1,961,2026-09-03T14:25:54.025975+00:00,6.340700000000e+02,-5.149928000000e-04,-5.098938613861e-06
Offset_RevB_Chip_1_woShield_Gmx_default_OSC_default_Vsup_pm6V_night_Gain101,1,962,2026-09-03T14:25:54.690475+00:00,6.347345000000e+02,-5.041604000000e-04,-4.991687128713e-06
Offset_RevB_Chip_1_woShield_Gmx_default_OSC_default_Vsup_pm6V_night_Gain101,1,963,2026-09-03T14:25:55.346975+00:00,6.353910000000e+02,-4.997173000000e-04,-4.947696039604e-06
Offset_RevB_Chip_1_woShield_Gmx_default_OSC_default_Vsup_pm6V_night_Gain101,1,964,2026-09-03T14:25:56.002975+00:00,6.360470000000e+02,-5.128087000000e-04,-5.077313861386e-06
Offset_RevB_Chip_1_woShield_Gmx_default_OSC_default_Vsup_pm6V_night_Gain101,1,965,2026-09-03T14:25:56.658975+00:00,6.367030000000e+02,-5.039751000000e-04,-4.989852475248e-06
Offset_RevB_Chip_1_woShield_Gmx_default_OSC_default_Vsup_pm6V_night_Gain101,1,966,2026-09-03T14:25:57.322975+00:00,6.373670000000e+02,-5.183271000000e-04,-5.131951485149e-06
Offset_RevB_Chip_1_woShield_Gmx_default_OSC_default_Vsup_pm6V_night_Gain101,1,967,2026-09-03T14:25:57.986975+00:00,6.380310000000e+02,-5.193127000000e-04,-5.141709900990e-06
Offset_RevB_Chip_1_woShield_Gmx_default_OSC_default_Vsup_pm6V_night_Gain101,1,968,2026-09-03T14:25:58.643475+00:00,6.386875000000e+02,-5.129053000000e-04,-5.078270297030e-06
Offset_RevB_Chip_1_woShield_Gmx_default_OSC_default_Vsup_pm6V_night_Gain101,1,969,2026-09-03T14:25:59.299975+00:00,6.393440000000e+02,-5.225443000000e-04,-5.173705940594e-06
Offset_RevB_Chip_1_woShield_Gmx_default_OSC_default_Vsup_pm6V_night_Gain101,1,970,2026-09-03T14:25:59.963975+00:00,6.400080000000e+02,-5.051325000000e-04,-5.001311881188e-06
Offset_RevB_Chip_1_woShield_Gmx_default_OSC_default_Vsup_pm6V_night_Gain101,1,971,2026-09-03T14:26:00.627975+00:00,6.406720000000e+02,-5.080537000000e-04,-5.030234653465e-06
Offset_RevB_Chip_1_woShield_Gmx_default_OSC_default_Vsup_pm6V_night_Gain101,1,972,2026-09-03T14:26:01.283975+00:00,6.413280000000e+02,-5.077007000000e-04,-5.026739603960e-06
Offset_RevB_Chip_1_woShield_Gmx_default_OSC_default_Vsup_pm6V_night_Gain101,1,973,2026-09-03T14:26:01.940475+00:00,6.419845000000e+02,-5.128222000000e-04,-5.077447524752e-06
Offset_RevB_Chip_1_woShield_Gmx_default_OSC_default_Vsup_pm6V_night_Gain101,1,974,2026-09-03T14:26:02.596975+00:00,6.426410000000e+02,-5.208049000000e-04,-5.156484158416e-06
Offset_RevB_Chip_1_woShield_Gmx_default_OSC_default_Vsup_pm6V_night_Gain101,1,975,2026-09-03T14:26:03.260975+00:00,6.433050000000e+02,-5.285228000000e-04,-5.232899009901e-06
Offset_RevB_Chip_1_woShield_Gmx_default_OSC_default_Vsup_pm6V_night_Gain101,1,976,2026-09-03T14:26:03.924975+00:00,6.439690000000e+02,-5.274367000000e-04,-5.222145544554e-06
Offset_RevB_Chip_1_woShield_Gmx_default_OSC_default_Vsup_pm6V_night_Gain101,1,977,2026-09-03T14:26:04.580975+00:00,6.446250000000e+02,-5.149608000000e-04,-5.098621782178e-06
Offset_RevB_Chip_1_woShield_Gmx_default_OSC_default_Vsup_pm6V_night_Gain101,1,978,2026-09-03T14:26:05.236975+00:00,6.452810000000e+02,-5.197135000000e-04,-5.145678217822e-06
Offset_RevB_Chip_1_woShield_Gmx_default_OSC_default_Vsup_pm6V_night_Gain101,1,979,2026-09-03T14:26:05.893475+00:00,6.459375000000e+02,-5.144431000000e-04,-5.093496039604e-06
Offset_RevB_Chip_1_woShield_Gmx_default_OSC_default_Vsup_pm6V_night_Gain101,1,980,2026-09-03T14:26:06.557975+00:00,6.466020000000e+02,-5.223305000000e-04,-5.171589108911e-06
Offset_RevB_Chip_1_woShield_Gmx_default_OSC_default_Vsup_pm6V_night_Gain101,1,981,2026-09-03T14:26:07.221975+00:00,6.472660000000e+02,-5.128517000000e-04,-5.077739603960e-06
Offset_RevB_Chip_1_woShield_Gmx_default_OSC_default_Vsup_pm6V_night_Gain101,1,982,2026-09-03T14:26:07.877975+00:00,6.479220000000e+02,-5.245072000000e-04,-5.193140594059e-06
Offset_RevB_Chip_1_woShield_Gmx_default_OSC_default_Vsup_pm6V_night_Gain101,1,983,2026-09-03T14:26:08.533975+00:00,6.485780000000e+02,-5.024171000000e-04,-4.974426732673e-06
Offset_RevB_Chip_1_woShield_Gmx_default_OSC_default_Vsup_pm6V_night_Gain101,1,984,2026-09-03T14:26:09.197975+00:00,6.492420000000e+02,-5.209039000000e-04,-5.157464356436e-06
Offset_RevB_Chip_1_woShield_Gmx_default_OSC_default_Vsup_pm6V_night_Gain101,1,985,2026-09-03T14:26:09.861975+00:00,6.499060000000e+02,-5.105812000000e-04,-5.055259405941e-06
Offset_RevB_Chip_1_woShield_Gmx_default_OSC_default_Vsup_pm6V_night_Gain101,1,986,2026-09-03T14:26:10.518475+00:00,6.505625000000e+02,-5.190706000000e-04,-5.139312871287e-06
Offset_RevB_Chip_1_woShield_Gmx_default_OSC_default_Vsup_pm6V_night_Gain101,1,987,2026-09-03T14:26:11.174975+00:00,6.512190000000e+02,-5.243389000000e-04,-5.191474257426e-06
Offset_RevB_Chip_1_woShield_Gmx_default_OSC_default_Vsup_pm6V_night_Gain101,1,988,2026-09-03T14:26:11.838975+00:00,6.518830000000e+02,-5.222525000000e-04,-5.170816831683e-06
Offset_RevB_Chip_1_woShield_Gmx_default_OSC_default_Vsup_pm6V_night_Gain101,1,989,2026-09-03T14:26:12.502975+00:00,6.525470000000e+02,-5.046405000000e-04,-4.996440594059e-06
Offset_RevB_Chip_1_woShield_Gmx_default_OSC_default_Vsup_pm6V_night_Gain101,1,990,2026-09-03T14:26:13.158975+00:00,6.532030000000e+02,-5.070312000000e-04,-5.020110891089e-06
Offset_RevB_Chip_1_woShield_Gmx_default_OSC_default_Vsup_pm6V_night_Gain101,1,991,2026-09-03T14:26:13.815475+00:00,6.538595000000e+02,-5.175869000000e-04,-5.124622772277e-06
Offset_RevB_Chip_1_woShield_Gmx_default_OSC_default_Vsup_pm6V_night_Gain101,1,992,2026-09-03T14:26:14.471975+00:00,6.545160000000e+02,-5.160978000000e-04,-5.109879207921e-06
Offset_RevB_Chip_1_woShield_Gmx_default_OSC_default_Vsup_pm6V_night_Gain101,1,993,2026-09-03T14:26:15.135975+00:00,6.551800000000e+02,-5.152663000000e-04,-5.101646534653e-06
Offset_RevB_Chip_1_woShield_Gmx_default_OSC_default_Vsup_pm6V_night_Gain101,1,994,2026-09-03T14:26:15.799975+00:00,6.558440000000e+02,-5.169476000000e-04,-5.118293069307e-06
Offset_RevB_Chip_1_woShield_Gmx_default_OSC_default_Vsup_pm6V_night_Gain101,1,995,2026-09-03T14:26:16.455975+00:00,6.565000000000e+02,-5.254019000000e-04,-5.201999009901e-06
Offset_RevB_Chip_1_woShield_Gmx_default_OSC_default_Vsup_pm6V_night_Gain101,1,996,2026-09-03T14:26:17.111975+00:00,6.571560000000e+02,-5.097511000000e-04,-5.047040594059e-06
Offset_RevB_Chip_1_woShield_Gmx_default_OSC_default_Vsup_pm6V_night_Gain101,1,997,2026-09-03T14:26:17.775975+00:00,6.578200000000e+02,-5.278043000000e-04,-5.225785148515e-06
Offset_RevB_Chip_1_woShield_Gmx_default_OSC_default_Vsup_pm6V_night_Gain101,1,998,2026-09-03T14:26:18.440475+00:00,6.584845000000e+02,-5.209810000000e-04,-5.158227722772e-06
Offset_RevB_Chip_1_woShield_Gmx_default_OSC_default_Vsup_pm6V_night_Gain101,1,999,2026-09-03T14:26:19.096975+00:00,6.591410000000e+02,-5.153553000000e-04,-5.102527722772e-06
Offset_RevB_Chip_1_woShield_Gmx_default_OSC_default_Vsup_pm6V_night_Gain101,1,1000,2026-09-03T14:26:19.752975+00:00,6.597970000000e+02,-5.251282000000e-04,-5.199289108911e-06
