task_id,run_number,reading_index,acquisition_time_utc,elapsed_s,output_voltage_v,equivalent_input_offset_v
Offset_RevB_Chip_2_wiShield_Gmx_default_OSC_default_Vsup_pm6V_20260909,1,1,2026-09-09T09:43:50.459296+00:00,3.280000000000e-01,-9.600665000000e-05,-9.591073926074e-08
Offset_RevB_Chip_2_wiShield_Gmx_default_OSC_default_Vsup_pm6V_20260909,1,2,2026-09-09T09:43:51.115296+00:00,9.839999999999e-01,-9.518441000000e-05,-9.508932067932e-08
Offset_RevB_Chip_2_wiShield_Gmx_default_OSC_default_Vsup_pm6V_20260909,1,3,2026-09-09T09:43:51.771796+00:00,1.640500000000e+00,-9.153318000000e-05,-9.144173826174e-08
Offset_RevB_Chip_2_wiShield_Gmx_default_OSC_default_Vsup_pm6V_20260909,1,4,2026-09-09T09:43:52.436296+00:00,2.305000000000e+00,-1.075415000000e-04,-1.074340659341e-07
Offset_RevB_Chip_2_wiShield_Gmx_default_OSC_default_Vsup_pm6V_20260909,1,5,2026-09-09T09:43:53.100296+00:00,2.969000000000e+00,-1.027057000000e-04,-1.026030969031e-07
Offset_RevB_Chip_2_wiShield_Gmx_default_OSC_default_Vsup_pm6V_20260909,1,6,2026-09-09T09:43:53.756296+00:00,3.625000000000e+00,-8.231124000000e-05,-8.222901098901e-08
Offset_RevB_Chip_2_wiShield_Gmx_default_OSC_default_Vsup_pm6V_20260909,1,7,2026-09-09T09:43:54.412296+00:00,4.281000000000e+00,-8.658805000000e-05,-8.650154845155e-08
Offset_RevB_Chip_2_wiShield_Gmx_default_OSC_default_Vsup_pm6V_20260909,1,8,2026-09-09T09:43:55.076296+00:00,4.945000000000e+00,-6.910133000000e-05,-6.903229770230e-08
Offset_RevB_Chip_2_wiShield_Gmx_default_OSC_default_Vsup_pm6V_20260909,1,9,2026-09-09T09:43:55.740296+00:00,5.609000000000e+00,-1.003980000000e-04,-1.002977022977e-07
Offset_RevB_Chip_2_wiShield_Gmx_default_OSC_default_Vsup_pm6V_20260909,1,10,2026-09-09T09:43:56.396796+00:00,6.265500000000e+00,-9.282643000000e-05,-9.273369630370e-08
Offset_RevB_Chip_2_wiShield_Gmx_default_OSC_default_Vsup_pm6V_20260909,1,11,2026-09-09T09:43:57.061296+00:00,6.930000000000e+00,-8.271932000000e-05,-8.263668331668e-08
Offset_RevB_Chip_2_wiShield_Gmx_default_OSC_default_Vsup_pm6V_20260909,1,12,2026-09-09T09:43:57.725296+00:00,7.594000000000e+00,-7.885292000000e-05,-7.877414585415e-08
Offset_RevB_Chip_2_wiShield_Gmx_default_OSC_default_Vsup_pm6V_20260909,1,13,2026-09-09T09:43:58.381296+00:00,8.250000000000e+00,-8.491431000000e-05,-8.482948051948e-08
Offset_RevB_Chip_2_wiShield_Gmx_default_OSC_default_Vsup_pm6V_20260909,1,14,2026-09-09T09:43:59.037296+00:00,8.906000000000e+00,-9.084403000000e-05,-9.075327672328e-08
Offset_RevB_Chip_2_wiShield_Gmx_default_OSC_default_Vsup_pm6V_20260909,1,15,2026-09-09T09:43:59.701296+00:00,9.570000000000e+00,-6.882971000000e-05,-6.876094905095e-08
Offset_RevB_Chip_2_wiShield_Gmx_default_OSC_default_Vsup_pm6V_20260909,1,16,2026-09-09T09:44:00.365296+00:00,1.023400000000e+01,-7.796931000000e-05,-7.789141858142e-08
Offset_RevB_Chip_2_wiShield_Gmx_default_OSC_default_Vsup_pm6V_20260909,1,17,2026-09-09T09:44:01.021796+00:00,1.089050000000e+01,-8.011457000000e-05,-8.003453546454e-08
Offset_RevB_Chip_2_wiShield_Gmx_default_OSC_default_Vsup_pm6V_20260909,1,18,2026-09-09T09:44:01.678296+00:00,1.154700000000e+01,-6.974789000000e-05,-6.967821178821e-08
Offset_RevB_Chip_2_wiShield_Gmx_default_OSC_default_Vsup_pm6V_20260909,1,19,2026-09-09T09:44:02.342296+00:00,1.221100000000e+01,-9.021987000000e-05,-9.012974025974e-08
Offset_RevB_Chip_2_wiShield_Gmx_default_OSC_default_Vsup_pm6V_20260909,1,20,2026-09-09T09:44:03.006296+00:00,1.287500000000e+01,-6.675823000000e-05,-6.669153846154e-08
Offset_RevB_Chip_2_wiShield_Gmx_default_OSC_default_Vsup_pm6V_20260909,1,21,2026-09-09T09:44:03.662296+00:00,1.353100000000e+01,-6.901536000000e-05,-6.894641358641e-08
Offset_RevB_Chip_2_wiShield_Gmx_default_OSC_default_Vsup_pm6V_20260909,1,22,2026-09-09T09:44:04.318796+00:00,1.418750000000e+01,-7.276343000000e-05,-7.269073926074e-08
Offset_RevB_Chip_2_wiShield_Gmx_default_OSC_default_Vsup_pm6V_20260909,1,23,2026-09-09T09:44:04.990296+00:00,1.485900000000e+01,-9.477957000000e-05,-9.468488511489e-08
Offset_RevB_Chip_2_wiShield_Gmx_default_OSC_default_Vsup_pm6V_20260909,1,24,2026-09-09T09:44:05.646796+00:00,1.551550000000e+01,-7.323586000000e-05,-7.316269730270e-08
Offset_RevB_Chip_2_wiShield_Gmx_default_OSC_default_Vsup_pm6V_20260909,1,25,2026-09-09T09:44:06.303296+00:00,1.617200000000e+01,-7.886172000000e-05,-7.878293706294e-08
Offset_RevB_Chip_2_wiShield_Gmx_default_OSC_default_Vsup_pm6V_20260909,1,26,2026-09-09T09:44:06.975296+00:00,1.684400000000e+01,-7.968902000000e-05,-7.960941058941e-08
Offset_RevB_Chip_2_wiShield_Gmx_default_OSC_default_Vsup_pm6V_20260909,1,27,2026-09-09T09:44:07.631296+00:00,1.750000000000e+01,-7.810253000000e-05,-7.802450549451e-08
Offset_RevB_Chip_2_wiShield_Gmx_default_OSC_default_Vsup_pm6V_20260909,1,28,2026-09-09T09:44:08.287296+00:00,1.815600000000e+01,-6.877481000000e-05,-6.870610389610e-08
Offset_RevB_Chip_2_wiShield_Gmx_default_OSC_default_Vsup_pm6V_20260909,1,29,2026-09-09T09:44:08.943796+00:00,1.881250000000e+01,-7.465922000000e-05,-7.458463536464e-08
Offset_RevB_Chip_2_wiShield_Gmx_default_OSC_default_Vsup_pm6V_20260909,1,30,2026-09-09T09:44:09.607796+00:00,1.947650000000e+01,-7.739783000000e-05,-7.732050949051e-08
Offset_RevB_Chip_2_wiShield_Gmx_default_OSC_default_Vsup_pm6V_20260909,1,31,2026-09-09T09:44:10.271796+00:00,2.014050000000e+01,-5.585244000000e-05,-5.579664335664e-08
Offset_RevB_Chip_2_wiShield_Gmx_default_OSC_default_Vsup_pm6V_20260909,1,32,2026-09-09T09:44:10.928296+00:00,2.079700000000e+01,-5.949163000000e-05,-5.943219780220e-08
Offset_RevB_Chip_2_wiShield_Gmx_default_OSC_default_Vsup_pm6V_20260909,1,33,2026-09-09T09:44:11.584296+00:00,2.145300000000e+01,-7.148171000000e-05,-7.141029970030e-08
Offset_RevB_Chip_2_wiShield_Gmx_default_OSC_default_Vsup_pm6V_20260909,1,34,2026-09-09T09:44:12.248296+00:00,2.211700000000e+01,-8.101243000000e-05,-8.093149850150e-08
Offset_RevB_Chip_2_wiShield_Gmx_default_OSC_default_Vsup_pm6V_20260909,1,35,2026-09-09T09:44:12.912296+00:00,2.278100000000e+01,-7.312620000000e-05,-7.305314685315e-08
Offset_RevB_Chip_2_wiShield_Gmx_default_OSC_default_Vsup_pm6V_20260909,1,36,2026-09-09T09:44:13.568796+00:00,2.343750000000e+01,-7.356276000000e-05,-7.348927072927e-08
Offset_RevB_Chip_2_wiShield_Gmx_default_OSC_default_Vsup_pm6V_20260909,1,37,2026-09-09T09:44:14.225296+00:00,2.409400000000e+01,-6.523919000000e-05,-6.517401598402e-08
Offset_RevB_Chip_2_wiShield_Gmx_default_OSC_default_Vsup_pm6V_20260909,1,38,2026-09-09T09:44:14.896796+00:00,2.476550000000e+01,-8.629960000000e-05,-8.621338661339e-08
Offset_RevB_Chip_2_wiShield_Gmx_default_OSC_default_Vsup_pm6V_20260909,1,39,2026-09-09T09:44:15.553296+00:00,2.542200000000e+01,-6.758190000000e-05,-6.751438561439e-08
Offset_RevB_Chip_2_wiShield_Gmx_default_OSC_default_Vsup_pm6V_20260909,1,40,2026-09-09T09:44:16.209296+00:00,2.607800000000e+01,-8.194562000000e-05,-8.186375624376e-08
Offset_RevB_Chip_2_wiShield_Gmx_default_OSC_default_Vsup_pm6V_20260909,1,41,2026-09-09T09:44:16.873296+00:00,2.674200000000e+01,-6.986311000000e-05,-6.979331668332e-08
Offset_RevB_Chip_2_wiShield_Gmx_default_OSC_default_Vsup_pm6V_20260909,1,42,2026-09-09T09:44:17.537296+00:00,2.740600000000e+01,-8.411122000000e-05,-8.402719280719e-08
Offset_RevB_Chip_2_wiShield_Gmx_default_OSC_default_Vsup_pm6V_20260909,1,43,2026-09-09T09:44:18.193796+00:00,2.806250000000e+01,-5.655506000000e-05,-5.649856143856e-08
Offset_RevB_Chip_2_wiShield_Gmx_default_OSC_default_Vsup_pm6V_20260909,1,44,2026-09-09T09:44:18.850296+00:00,2.871900000000e+01,-7.962945000000e-05,-7.954990009990e-08
Offset_RevB_Chip_2_wiShield_Gmx_default_OSC_default_Vsup_pm6V_20260909,1,45,2026-09-09T09:44:19.514296+00:00,2.938300000000e+01,-7.853287000000e-05,-7.845441558442e-08
Offset_RevB_Chip_2_wiShield_Gmx_default_OSC_default_Vsup_pm6V_20260909,1,46,2026-09-09T09:44:20.178296+00:00,3.004700000000e+01,-1.034058000000e-04,-1.033024975025e-07
Offset_RevB_Chip_2_wiShield_Gmx_default_OSC_default_Vsup_pm6V_20260909,1,47,2026-09-09T09:44:20.834296+00:00,3.070300000000e+01,-8.856398000000e-05,-8.847550449550e-08
Offset_RevB_Chip_2_wiShield_Gmx_default_OSC_default_Vsup_pm6V_20260909,1,48,2026-09-09T09:44:21.490296+00:00,3.135900000000e+01,-5.444681000000e-05,-5.439241758242e-08
Offset_RevB_Chip_2_wiShield_Gmx_default_OSC_default_Vsup_pm6V_20260909,1,49,2026-09-09T09:44:22.154296+00:00,3.202300000000e+01,-6.846823000000e-05,-6.839983016983e-08
Offset_RevB_Chip_2_wiShield_Gmx_default_OSC_default_Vsup_pm6V_20260909,1,50,2026-09-09T09:44:22.818796+00:00,3.268750000000e+01,-6.413781000000e-05,-6.407373626374e-08
Offset_RevB_Chip_2_wiShield_Gmx_default_OSC_default_Vsup_pm6V_20260909,1,51,2026-09-09T09:44:23.475296+00:00,3.334400000000e+01,-7.209123000000e-05,-7.201921078921e-08
Offset_RevB_Chip_2_wiShield_Gmx_default_OSC_default_Vsup_pm6V_20260909,1,52,2026-09-09T09:44:24.131296+00:00,3.400000000000e+01,-5.553226000000e-05,-5.547678321678e-08
Offset_RevB_Chip_2_wiShield_Gmx_default_OSC_default_Vsup_pm6V_20260909,1,53,2026-09-09T09:44:24.795296+00:00,3.466400000000e+01,-5.510256000000e-05,-5.504751248751e-08
Offset_RevB_Chip_2_wiShield_Gmx_default_OSC_default_Vsup_pm6V_20260909,1,54,2026-09-09T09:44:25.459296+00:00,3.532800000000e+01,-4.402342000000e-05,-4.397944055944e-08
Offset_RevB_Chip_2_wiShield_Gmx_default_OSC_default_Vsup_pm6V_20260909,1,55,2026-09-09T09:44:26.115296+00:00,3.598400000000e+01,-4.692918000000e-05,-4.688229770230e-08
Offset_RevB_Chip_2_wiShield_Gmx_default_OSC_default_Vsup_pm6V_20260909,1,56,2026-09-09T09:44:26.771796+00:00,3.664050000000e+01,-6.952312000000e-05,-6.945366633367e-08
Offset_RevB_Chip_2_wiShield_Gmx_default_OSC_default_Vsup_pm6V_20260909,1,57,2026-09-09T09:44:27.436296+00:00,3.730500000000e+01,-5.829548000000e-05,-5.823724275724e-08
Offset_RevB_Chip_2_wiShield_Gmx_default_OSC_default_Vsup_pm6V_20260909,1,58,2026-09-09T09:44:28.100296+00:00,3.796900000000e+01,-6.808008000000e-05,-6.801206793207e-08
Offset_RevB_Chip_2_wiShield_Gmx_default_OSC_default_Vsup_pm6V_20260909,1,59,2026-09-09T09:44:28.756296+00:00,3.862500000000e+01,-4.384255000000e-05,-4.379875124875e-08
Offset_RevB_Chip_2_wiShield_Gmx_default_OSC_default_Vsup_pm6V_20260909,1,60,2026-09-09T09:44:29.420296+00:00,3.928900000000e+01,-5.260837000000e-05,-5.255581418581e-08
Offset_RevB_Chip_2_wiShield_Gmx_default_OSC_default_Vsup_pm6V_20260909,1,61,2026-09-09T09:44:30.084296+00:00,3.995300000000e+01,-6.439039000000e-05,-6.432606393606e-08
Offset_RevB_Chip_2_wiShield_Gmx_default_OSC_default_Vsup_pm6V_20260909,1,62,2026-09-09T09:44:30.740296+00:00,4.060900000000e+01,-7.410974000000e-05,-7.403570429570e-08
Offset_RevB_Chip_2_wiShield_Gmx_default_OSC_default_Vsup_pm6V_20260909,1,63,2026-09-09T09:44:31.396796+00:00,4.126550000000e+01,-6.879033000000e-05,-6.872160839161e-08
Offset_RevB_Chip_2_wiShield_Gmx_default_OSC_default_Vsup_pm6V_20260909,1,64,2026-09-09T09:44:32.061296+00:00,4.193000000000e+01,-5.190627000000e-05,-5.185441558442e-08
Offset_RevB_Chip_2_wiShield_Gmx_default_OSC_default_Vsup_pm6V_20260909,1,65,2026-09-09T09:44:32.725296+00:00,4.259400000000e+01,-5.015096000000e-05,-5.010085914086e-08
Offset_RevB_Chip_2_wiShield_Gmx_default_OSC_default_Vsup_pm6V_20260909,1,66,2026-09-09T09:44:33.381296+00:00,4.325000000000e+01,-4.733932000000e-05,-4.729202797203e-08
Offset_RevB_Chip_2_wiShield_Gmx_default_OSC_default_Vsup_pm6V_20260909,1,67,2026-09-09T09:44:34.037296+00:00,4.390600000000e+01,-5.207795000000e-05,-5.202592407592e-08
Offset_RevB_Chip_2_wiShield_Gmx_default_OSC_default_Vsup_pm6V_20260909,1,68,2026-09-09T09:44:34.701296+00:00,4.457000000000e+01,-6.326403000000e-05,-6.320082917083e-08
Offset_RevB_Chip_2_wiShield_Gmx_default_OSC_default_Vsup_pm6V_20260909,1,69,2026-09-09T09:44:35.365296+00:00,4.523400000000e+01,-3.228981000000e-05,-3.225755244755e-08
Offset_RevB_Chip_2_wiShield_Gmx_default_OSC_default_Vsup_pm6V_20260909,1,70,2026-09-09T09:44:36.021796+00:00,4.589050000000e+01,-4.646309000000e-05,-4.641667332667e-08
Offset_RevB_Chip_2_wiShield_Gmx_default_OSC_default_Vsup_pm6V_20260909,1,71,2026-09-09T09:44:36.678296+00:00,4.654700000000e+01,-4.637428000000e-05,-4.632795204795e-08
Offset_RevB_Chip_2_wiShield_Gmx_default_OSC_default_Vsup_pm6V_20260909,1,72,2026-09-09T09:44:37.342296+00:00,4.721100000000e+01,-4.297810000000e-05,-4.293516483516e-08
Offset_RevB_Chip_2_wiShield_Gmx_default_OSC_default_Vsup_pm6V_20260909,1,73,2026-09-09T09:44:38.006296+00:00,4.787500000000e+01,-2.816991000000e-05,-2.814176823177e-08
Offset_RevB_Chip_2_wiShield_Gmx_default_OSC_default_Vsup_pm6V_20260909,1,74,2026-09-09T09:44:38.662296+00:00,4.853100000000e+01,-5.947738000000e-05,-5.941796203796e-08
Offset_RevB_Chip_2_wiShield_Gmx_default_OSC_default_Vsup_pm6V_20260909,1,75,2026-09-09T09:44:39.318796+00:00,4.918750000000e+01,-6.533226000000e-05,-6.526699300699e-08
Offset_RevB_Chip_2_wiShield_Gmx_default_OSC_default_Vsup_pm6V_20260909,1,76,2026-09-09T09:44:39.982796+00:00,4.985150000000e+01,-5.382783000000e-05,-5.377405594406e-08
Offset_RevB_Chip_2_wiShield_Gmx_default_OSC_default_Vsup_pm6V_20260909,1,77,2026-09-09T09:44:40.646796+00:00,5.051550000000e+01,-5.917443000000e-05,-5.911531468531e-08
Offset_RevB_Chip_2_wiShield_Gmx_default_OSC_default_Vsup_pm6V_20260909,1,78,2026-09-09T09:44:41.303296+00:00,5.117200000000e+01,-4.297202000000e-05,-4.292909090909e-08
Offset_RevB_Chip_2_wiShield_Gmx_default_OSC_default_Vsup_pm6V_20260909,1,79,2026-09-09T09:44:41.959296+00:00,5.182800000000e+01,-3.044893000000e-05,-3.041851148851e-08
Offset_RevB_Chip_2_wiShield_Gmx_default_OSC_default_Vsup_pm6V_20260909,1,80,2026-09-09T09:44:42.623296+00:00,5.249200000000e+01,-3.431352000000e-05,-3.427924075924e-08
Offset_RevB_Chip_2_wiShield_Gmx_default_OSC_default_Vsup_pm6V_20260909,1,81,2026-09-09T09:44:43.287296+00:00,5.315600000000e+01,-6.365257000000e-05,-6.358898101898e-08
Offset_RevB_Chip_2_wiShield_Gmx_default_OSC_default_Vsup_pm6V_20260909,1,82,2026-09-09T09:44:43.943796+00:00,5.381250000000e+01,-3.563654000000e-05,-3.560093906094e-08
Offset_RevB_Chip_2_wiShield_Gmx_default_OSC_default_Vsup_pm6V_20260909,1,83,2026-09-09T09:44:44.600296+00:00,5.446900000000e+01,-4.929765000000e-05,-4.924840159840e-08
Offset_RevB_Chip_2_wiShield_Gmx_default_OSC_default_Vsup_pm6V_20260909,1,84,2026-09-09T09:44:45.264296+00:00,5.513300000000e+01,-3.476756000000e-05,-3.473282717283e-08
Offset_RevB_Chip_2_wiShield_Gmx_default_OSC_default_Vsup_pm6V_20260909,1,85,2026-09-09T09:44:45.928296+00:00,5.579700000000e+01,-2.448904000000e-05,-2.446457542458e-08
Offset_RevB_Chip_2_wiShield_Gmx_default_OSC_default_Vsup_pm6V_20260909,1,86,2026-09-09T09:44:46.584296+00:00,5.645300000000e+01,-4.930865000000e-05,-4.925939060939e-08
Offset_RevB_Chip_2_wiShield_Gmx_default_OSC_default_Vsup_pm6V_20260909,1,87,2026-09-09T09:44:47.240296+00:00,5.710900000000e+01,-4.080331000000e-05,-4.076254745255e-08
Offset_RevB_Chip_2_wiShield_Gmx_default_OSC_default_Vsup_pm6V_20260909,1,88,2026-09-09T09:44:47.896796+00:00,5.776550000000e+01,-4.120816000000e-05,-4.116699300699e-08
Offset_RevB_Chip_2_wiShield_Gmx_default_OSC_default_Vsup_pm6V_20260909,1,89,2026-09-09T09:44:48.568796+00:00,5.843750000000e+01,-5.074004000000e-05,-5.068935064935e-08
Offset_RevB_Chip_2_wiShield_Gmx_default_OSC_default_Vsup_pm6V_20260909,1,90,2026-09-09T09:44:49.225296+00:00,5.909400000000e+01,-4.734114000000e-05,-4.729384615385e-08
Offset_RevB_Chip_2_wiShield_Gmx_default_OSC_default_Vsup_pm6V_20260909,1,91,2026-09-09T09:44:49.881296+00:00,5.975000000000e+01,-2.987681000000e-05,-2.984696303696e-08
Offset_RevB_Chip_2_wiShield_Gmx_default_OSC_default_Vsup_pm6V_20260909,1,92,2026-09-09T09:44:50.537296+00:00,6.040600000000e+01,-4.188876000000e-05,-4.184691308691e-08
Offset_RevB_Chip_2_wiShield_Gmx_default_OSC_default_Vsup_pm6V_20260909,1,93,2026-09-09T09:44:51.201296+00:00,6.107000000000e+01,-3.382051000000e-05,-3.378672327672e-08
Offset_RevB_Chip_2_wiShield_Gmx_default_OSC_default_Vsup_pm6V_20260909,1,94,2026-09-09T09:44:51.865296+00:00,6.173400000000e+01,-4.382598000000e-05,-4.378219780220e-08
Offset_RevB_Chip_2_wiShield_Gmx_default_OSC_default_Vsup_pm6V_20260909,1,95,2026-09-09T09:44:52.521796+00:00,6.239050000000e+01,-4.384980000000e-05,-4.380599400599e-08
Offset_RevB_Chip_2_wiShield_Gmx_default_OSC_default_Vsup_pm6V_20260909,1,96,2026-09-09T09:44:53.178296+00:00,6.304700000000e+01,-4.203390000000e-05,-4.199190809191e-08
Offset_RevB_Chip_2_wiShield_Gmx_default_OSC_default_Vsup_pm6V_20260909,1,97,2026-09-09T09:44:53.834296+00:00,6.370300000000e+01,-3.771164000000e-05,-3.767396603397e-08
Offset_RevB_Chip_2_wiShield_Gmx_default_OSC_default_Vsup_pm6V_20260909,1,98,2026-09-09T09:44:54.498296+00:00,6.436700000000e+01,-2.853268000000e-05,-2.850417582418e-08
Offset_RevB_Chip_2_wiShield_Gmx_default_OSC_default_Vsup_pm6V_20260909,1,99,2026-09-09T09:44:55.162296+00:00,6.503100000000e+01,-3.631430000000e-05,-3.627802197802e-08
Offset_RevB_Chip_2_wiShield_Gmx_default_OSC_default_Vsup_pm6V_20260909,1,100,2026-09-09T09:44:55.818796+00:00,6.568750000000e+01,-4.508776000000e-05,-4.504271728272e-08
Offset_RevB_Chip_2_wiShield_Gmx_default_OSC_default_Vsup_pm6V_20260909,1,101,2026-09-09T09:44:56.475296+00:00,6.634400000000e+01,-3.867565000000e-05,-3.863701298701e-08
Offset_RevB_Chip_2_wiShield_Gmx_default_OSC_default_Vsup_pm6V_20260909,1,102,2026-09-09T09:44:57.131296+00:00,6.700000000000e+01,-3.872989000000e-05,-3.869119880120e-08
Offset_RevB_Chip_2_wiShield_Gmx_default_OSC_default_Vsup_pm6V_20260909,1,103,2026-09-09T09:44:57.795296+00:00,6.766400000000e+01,-2.180350000000e-05,-2.178171828172e-08
Offset_RevB_Chip_2_wiShield_Gmx_default_OSC_default_Vsup_pm6V_20260909,1,104,2026-09-09T09:44:58.459296+00:00,6.832800000000e+01,-3.902029000000e-05,-3.898130869131e-08
Offset_RevB_Chip_2_wiShield_Gmx_default_OSC_default_Vsup_pm6V_20260909,1,105,2026-09-09T09:44:59.115296+00:00,6.898400000000e+01,-3.346589000000e-05,-3.343245754246e-08
Offset_RevB_Chip_2_wiShield_Gmx_default_OSC_default_Vsup_pm6V_20260909,1,106,2026-09-09T09:44:59.771796+00:00,6.964050000000e+01,-2.939014000000e-05,-2.936077922078e-08
Offset_RevB_Chip_2_wiShield_Gmx_default_OSC_default_Vsup_pm6V_20260909,1,107,2026-09-09T09:45:00.428296+00:00,7.029700000000e+01,-2.091795000000e-05,-2.089705294705e-08
Offset_RevB_Chip_2_wiShield_Gmx_default_OSC_default_Vsup_pm6V_20260909,1,108,2026-09-09T09:45:01.100296+00:00,7.096900000000e+01,-2.464038000000e-05,-2.461576423576e-08
Offset_RevB_Chip_2_wiShield_Gmx_default_OSC_default_Vsup_pm6V_20260909,1,109,2026-09-09T09:45:01.756296+00:00,7.162500000000e+01,-2.800406000000e-05,-2.797608391608e-08
Offset_RevB_Chip_2_wiShield_Gmx_default_OSC_default_Vsup_pm6V_20260909,1,110,2026-09-09T09:45:02.412296+00:00,7.228100000000e+01,-3.926860000000e-05,-3.922937062937e-08
Offset_RevB_Chip_2_wiShield_Gmx_default_OSC_default_Vsup_pm6V_20260909,1,111,2026-09-09T09:45:03.068796+00:00,7.293750000000e+01,-3.557270000000e-05,-3.553716283716e-08
Offset_RevB_Chip_2_wiShield_Gmx_default_OSC_default_Vsup_pm6V_20260909,1,112,2026-09-09T09:45:03.732796+00:00,7.360150000000e+01,-3.258473000000e-05,-3.255217782218e-08
Offset_RevB_Chip_2_wiShield_Gmx_default_OSC_default_Vsup_pm6V_20260909,1,113,2026-09-09T09:45:04.396796+00:00,7.426550000000e+01,-3.173155000000e-05,-3.169985014985e-08
Offset_RevB_Chip_2_wiShield_Gmx_default_OSC_default_Vsup_pm6V_20260909,1,114,2026-09-09T09:45:05.053296+00:00,7.492200000000e+01,-3.464689000000e-05,-3.461227772228e-08
Offset_RevB_Chip_2_wiShield_Gmx_default_OSC_default_Vsup_pm6V_20260909,1,115,2026-09-09T09:45:05.709296+00:00,7.557800000000e+01,-3.427078000000e-05,-3.423654345654e-08
Offset_RevB_Chip_2_wiShield_Gmx_default_OSC_default_Vsup_pm6V_20260909,1,116,2026-09-09T09:45:06.373296+00:00,7.624200000000e+01,-3.045552000000e-05,-3.042509490509e-08
Offset_RevB_Chip_2_wiShield_Gmx_default_OSC_default_Vsup_pm6V_20260909,1,117,2026-09-09T09:45:07.037296+00:00,7.690600000000e+01,-3.736738000000e-05,-3.733004995005e-08
Offset_RevB_Chip_2_wiShield_Gmx_default_OSC_default_Vsup_pm6V_20260909,1,118,2026-09-09T09:45:07.693796+00:00,7.756250000000e+01,-4.502302000000e-05,-4.497804195804e-08
Offset_RevB_Chip_2_wiShield_Gmx_default_OSC_default_Vsup_pm6V_20260909,1,119,2026-09-09T09:45:08.350296+00:00,7.821900000000e+01,-2.598192000000e-05,-2.595596403596e-08
Offset_RevB_Chip_2_wiShield_Gmx_default_OSC_default_Vsup_pm6V_20260909,1,120,2026-09-09T09:45:09.006296+00:00,7.887500000000e+01,-3.647949000000e-05,-3.644304695305e-08
Offset_RevB_Chip_2_wiShield_Gmx_default_OSC_default_Vsup_pm6V_20260909,1,121,2026-09-09T09:45:09.662296+00:00,7.953100000000e+01,-3.426522000000e-05,-3.423098901099e-08
Offset_RevB_Chip_2_wiShield_Gmx_default_OSC_default_Vsup_pm6V_20260909,1,122,2026-09-09T09:45:10.326296+00:00,8.019500000000e+01,-3.755808000000e-05,-3.752055944056e-08
Offset_RevB_Chip_2_wiShield_Gmx_default_OSC_default_Vsup_pm6V_20260909,1,123,2026-09-09T09:45:10.990296+00:00,8.085900000000e+01,-3.711724000000e-05,-3.708015984016e-08
Offset_RevB_Chip_2_wiShield_Gmx_default_OSC_default_Vsup_pm6V_20260909,1,124,2026-09-09T09:45:11.646796+00:00,8.151550000000e+01,-3.343637000000e-05,-3.340296703297e-08
Offset_RevB_Chip_2_wiShield_Gmx_default_OSC_default_Vsup_pm6V_20260909,1,125,2026-09-09T09:45:12.303296+00:00,8.217200000000e+01,-3.781572000000e-05,-3.777794205794e-08
Offset_RevB_Chip_2_wiShield_Gmx_default_OSC_default_Vsup_pm6V_20260909,1,126,2026-09-09T09:45:12.959296+00:00,8.282800000000e+01,-4.327651000000e-05,-4.323327672328e-08
Offset_RevB_Chip_2_wiShield_Gmx_default_OSC_default_Vsup_pm6V_20260909,1,127,2026-09-09T09:45:13.623296+00:00,8.349200000000e+01,-2.349227000000e-05,-2.346880119880e-08
Offset_RevB_Chip_2_wiShield_Gmx_default_OSC_default_Vsup_pm6V_20260909,1,128,2026-09-09T09:45:14.287296+00:00,8.415600000000e+01,-4.080939000000e-05,-4.076862137862e-08
Offset_RevB_Chip_2_wiShield_Gmx_default_OSC_default_Vsup_pm6V_20260909,1,129,2026-09-09T09:45:14.943796+00:00,8.481250000000e+01,-2.663184000000e-05,-2.660523476523e-08
Offset_RevB_Chip_2_wiShield_Gmx_default_OSC_default_Vsup_pm6V_20260909,1,130,2026-09-09T09:45:15.600296+00:00,8.546900000000e+01,-3.833903000000e-05,-3.830072927073e-08
Offset_RevB_Chip_2_wiShield_Gmx_default_OSC_default_Vsup_pm6V_20260909,1,131,2026-09-09T09:45:16.256296+00:00,8.612500000000e+01,-2.980132000000e-05,-2.977154845155e-08
Offset_RevB_Chip_2_wiShield_Gmx_default_OSC_default_Vsup_pm6V_20260909,1,132,2026-09-09T09:45:16.920296+00:00,8.678900000000e+01,-3.195358000000e-05,-3.192165834166e-08
Offset_RevB_Chip_2_wiShield_Gmx_default_OSC_default_Vsup_pm6V_20260909,1,133,2026-09-09T09:45:17.584296+00:00,8.745300000000e+01,-1.184891000000e-05,-1.183707292707e-08
Offset_RevB_Chip_2_wiShield_Gmx_default_OSC_default_Vsup_pm6V_20260909,1,134,2026-09-09T09:45:18.240296+00:00,8.810900000000e+01,-3.795787000000e-05,-3.791995004995e-08
Offset_RevB_Chip_2_wiShield_Gmx_default_OSC_default_Vsup_pm6V_20260909,1,135,2026-09-09T09:45:18.896796+00:00,8.876550000000e+01,-3.734122000000e-05,-3.730391608392e-08
Offset_RevB_Chip_2_wiShield_Gmx_default_OSC_default_Vsup_pm6V_20260909,1,136,2026-09-09T09:45:19.561296+00:00,8.943000000000e+01,-3.583552000000e-05,-3.579972027972e-08
Offset_RevB_Chip_2_wiShield_Gmx_default_OSC_default_Vsup_pm6V_20260909,1,137,2026-09-09T09:45:20.225296+00:00,9.009400000000e+01,-4.040467000000e-05,-4.036430569431e-08
Offset_RevB_Chip_2_wiShield_Gmx_default_OSC_default_Vsup_pm6V_20260909,1,138,2026-09-09T09:45:20.881296+00:00,9.075000000000e+01,-3.543120000000e-05,-3.539580419580e-08
Offset_RevB_Chip_2_wiShield_Gmx_default_OSC_default_Vsup_pm6V_20260909,1,139,2026-09-09T09:45:21.545296+00:00,9.141400000000e+01,-3.756908000000e-05,-3.753154845155e-08
Offset_RevB_Chip_2_wiShield_Gmx_default_OSC_default_Vsup_pm6V_20260909,1,140,2026-09-09T09:45:22.193796+00:00,9.206250000000e+01,-4.027584000000e-05,-4.023560439560e-08
Offset_RevB_Chip_2_wiShield_Gmx_default_OSC_default_Vsup_pm6V_20260909,1,141,2026-09-09T09:45:22.857796+00:00,9.272650000000e+01,-3.610351000000e-05,-3.606744255744e-08
Offset_RevB_Chip_2_wiShield_Gmx_default_OSC_default_Vsup_pm6V_20260909,1,142,2026-09-09T09:45:23.521796+00:00,9.339050000000e+01,-3.864831000000e-05,-3.860970029970e-08
Offset_RevB_Chip_2_wiShield_Gmx_default_OSC_default_Vsup_pm6V_20260909,1,143,2026-09-09T09:45:24.178296+00:00,9.404700000000e+01,-4.725748000000e-05,-4.721026973027e-08
Offset_RevB_Chip_2_wiShield_Gmx_default_OSC_default_Vsup_pm6V_20260909,1,144,2026-09-09T09:45:24.834296+00:00,9.470300000000e+01,-4.906316000000e-05,-4.901414585415e-08
Offset_RevB_Chip_2_wiShield_Gmx_default_OSC_default_Vsup_pm6V_20260909,1,145,2026-09-09T09:45:25.498296+00:00,9.536700000000e+01,-4.427922000000e-05,-4.423498501499e-08
Offset_RevB_Chip_2_wiShield_Gmx_default_OSC_default_Vsup_pm6V_20260909,1,146,2026-09-09T09:45:26.162296+00:00,9.603100000000e+01,-2.808510000000e-05,-2.805704295704e-08
Offset_RevB_Chip_2_wiShield_Gmx_default_OSC_default_Vsup_pm6V_20260909,1,147,2026-09-09T09:45:26.818796+00:00,9.668750000000e+01,-3.676470000000e-05,-3.672797202797e-08
Offset_RevB_Chip_2_wiShield_Gmx_default_OSC_default_Vsup_pm6V_20260909,1,148,2026-09-09T09:45:27.475296+00:00,9.734400000000e+01,-4.274283000000e-05,-4.270012987013e-08
Offset_RevB_Chip_2_wiShield_Gmx_default_OSC_default_Vsup_pm6V_20260909,1,149,2026-09-09T09:45:28.131296+00:00,9.800000000000e+01,-4.918873000000e-05,-4.913959040959e-08
Offset_RevB_Chip_2_wiShield_Gmx_default_OSC_default_Vsup_pm6V_20260909,1,150,2026-09-09T09:45:28.795296+00:00,9.866400000000e+01,-4.281766000000e-05,-4.277488511489e-08
Offset_RevB_Chip_2_wiShield_Gmx_default_OSC_default_Vsup_pm6V_20260909,1,151,2026-09-09T09:45:29.459296+00:00,9.932800000000e+01,-4.593225000000e-05,-4.588636363636e-08
Offset_RevB_Chip_2_wiShield_Gmx_default_OSC_default_Vsup_pm6V_20260909,1,152,2026-09-09T09:45:30.115296+00:00,9.998400000000e+01,-3.779033000000e-05,-3.775257742258e-08
Offset_RevB_Chip_2_wiShield_Gmx_default_OSC_default_Vsup_pm6V_20260909,1,153,2026-09-09T09:45:30.771796+00:00,1.006405000000e+02,-3.096820000000e-05,-3.093726273726e-08
Offset_RevB_Chip_2_wiShield_Gmx_default_OSC_default_Vsup_pm6V_20260909,1,154,2026-09-09T09:45:31.428296+00:00,1.012970000000e+02,-3.690297000000e-05,-3.686610389610e-08
Offset_RevB_Chip_2_wiShield_Gmx_default_OSC_default_Vsup_pm6V_20260909,1,155,2026-09-09T09:45:32.092296+00:00,1.019610000000e+02,-4.916168000000e-05,-4.911256743257e-08
Offset_RevB_Chip_2_wiShield_Gmx_default_OSC_default_Vsup_pm6V_20260909,1,156,2026-09-09T09:45:32.756296+00:00,1.026250000000e+02,-4.285884000000e-05,-4.281602397602e-08
Offset_RevB_Chip_2_wiShield_Gmx_default_OSC_default_Vsup_pm6V_20260909,1,157,2026-09-09T09:45:33.412296+00:00,1.032810000000e+02,-2.751065000000e-05,-2.748316683317e-08
Offset_RevB_Chip_2_wiShield_Gmx_default_OSC_default_Vsup_pm6V_20260909,1,158,2026-09-09T09:45:34.068796+00:00,1.039375000000e+02,-3.252465000000e-05,-3.249215784216e-08
Offset_RevB_Chip_2_wiShield_Gmx_default_OSC_default_Vsup_pm6V_20260909,1,159,2026-09-09T09:45:34.725296+00:00,1.045940000000e+02,-2.451738000000e-05,-2.449288711289e-08
Offset_RevB_Chip_2_wiShield_Gmx_default_OSC_default_Vsup_pm6V_20260909,1,160,2026-09-09T09:45:35.389296+00:00,1.052580000000e+02,-4.093327000000e-05,-4.089237762238e-08
Offset_RevB_Chip_2_wiShield_Gmx_default_OSC_default_Vsup_pm6V_20260909,1,161,2026-09-09T09:45:36.053296+00:00,1.059220000000e+02,-3.822185000000e-05,-3.818366633367e-08
Offset_RevB_Chip_2_wiShield_Gmx_default_OSC_default_Vsup_pm6V_20260909,1,162,2026-09-09T09:45:36.709296+00:00,1.065780000000e+02,-3.796693000000e-05,-3.792900099900e-08
Offset_RevB_Chip_2_wiShield_Gmx_default_OSC_default_Vsup_pm6V_20260909,1,163,2026-09-09T09:45:37.365296+00:00,1.072340000000e+02,-3.399397000000e-05,-3.396000999001e-08
Offset_RevB_Chip_2_wiShield_Gmx_default_OSC_default_Vsup_pm6V_20260909,1,164,2026-09-09T09:45:38.021796+00:00,1.078905000000e+02,-3.571265000000e-05,-3.567697302697e-08
Offset_RevB_Chip_2_wiShield_Gmx_default_OSC_default_Vsup_pm6V_20260909,1,165,2026-09-09T09:45:38.686296+00:00,1.085550000000e+02,-4.651447000000e-05,-4.646800199800e-08
Offset_RevB_Chip_2_wiShield_Gmx_default_OSC_default_Vsup_pm6V_20260909,1,166,2026-09-09T09:45:39.350296+00:00,1.092190000000e+02,-4.208411000000e-05,-4.204206793207e-08
Offset_RevB_Chip_2_wiShield_Gmx_default_OSC_default_Vsup_pm6V_20260909,1,167,2026-09-09T09:45:40.006296+00:00,1.098750000000e+02,-3.336295000000e-05,-3.332962037962e-08
Offset_RevB_Chip_2_wiShield_Gmx_default_OSC_default_Vsup_pm6V_20260909,1,168,2026-09-09T09:45:40.662296+00:00,1.105310000000e+02,-2.870098000000e-05,-2.867230769231e-08
Offset_RevB_Chip_2_wiShield_Gmx_default_OSC_default_Vsup_pm6V_20260909,1,169,2026-09-09T09:45:41.326296+00:00,1.111950000000e+02,-4.457389000000e-05,-4.452936063936e-08
Offset_RevB_Chip_2_wiShield_Gmx_default_OSC_default_Vsup_pm6V_20260909,1,170,2026-09-09T09:45:41.990296+00:00,1.118590000000e+02,-4.027442000000e-05,-4.023418581419e-08
Offset_RevB_Chip_2_wiShield_Gmx_default_OSC_default_Vsup_pm6V_20260909,1,171,2026-09-09T09:45:42.646796+00:00,1.125155000000e+02,-4.424996000000e-05,-4.420575424575e-08
Offset_RevB_Chip_2_wiShield_Gmx_default_OSC_default_Vsup_pm6V_20260909,1,172,2026-09-09T09:45:43.303296+00:00,1.131720000000e+02,-3.483577000000e-05,-3.480096903097e-08
Offset_RevB_Chip_2_wiShield_Gmx_default_OSC_default_Vsup_pm6V_20260909,1,173,2026-09-09T09:45:43.959296+00:00,1.138280000000e+02,-4.006986000000e-05,-4.002983016983e-08
Offset_RevB_Chip_2_wiShield_Gmx_default_OSC_default_Vsup_pm6V_20260909,1,174,2026-09-09T09:45:44.623296+00:00,1.144920000000e+02,-3.721589000000e-05,-3.717871128871e-08
Offset_RevB_Chip_2_wiShield_Gmx_default_OSC_default_Vsup_pm6V_20260909,1,175,2026-09-09T09:45:45.287296+00:00,1.151560000000e+02,-2.640825000000e-05,-2.638186813187e-08
Offset_RevB_Chip_2_wiShield_Gmx_default_OSC_default_Vsup_pm6V_20260909,1,176,2026-09-09T09:45:45.943796+00:00,1.158125000000e+02,-4.473365000000e-05,-4.468896103896e-08
Offset_RevB_Chip_2_wiShield_Gmx_default_OSC_default_Vsup_pm6V_20260909,1,177,2026-09-09T09:45:46.600296+00:00,1.164690000000e+02,-4.910562000000e-05,-4.905656343656e-08
Offset_RevB_Chip_2_wiShield_Gmx_default_OSC_default_Vsup_pm6V_20260909,1,178,2026-09-09T09:45:47.256296+00:00,1.171250000000e+02,-4.048403000000e-05,-4.044358641359e-08
Offset_RevB_Chip_2_wiShield_Gmx_default_OSC_default_Vsup_pm6V_20260909,1,179,2026-09-09T09:45:47.920296+00:00,1.177890000000e+02,-2.925548000000e-05,-2.922625374625e-08
Offset_RevB_Chip_2_wiShield_Gmx_default_OSC_default_Vsup_pm6V_20260909,1,180,2026-09-09T09:45:48.584296+00:00,1.184530000000e+02,-3.536684000000e-05,-3.533150849151e-08
Offset_RevB_Chip_2_wiShield_Gmx_default_OSC_default_Vsup_pm6V_20260909,1,181,2026-09-09T09:45:49.240296+00:00,1.191090000000e+02,-4.627819000000e-05,-4.623195804196e-08
Offset_RevB_Chip_2_wiShield_Gmx_default_OSC_default_Vsup_pm6V_20260909,1,182,2026-09-09T09:45:49.896796+00:00,1.197655000000e+02,-3.798881000000e-05,-3.795085914086e-08
Offset_RevB_Chip_2_wiShield_Gmx_default_OSC_default_Vsup_pm6V_20260909,1,183,2026-09-09T09:45:50.553296+00:00,1.204220000000e+02,-2.865553000000e-05,-2.862690309690e-08
Offset_RevB_Chip_2_wiShield_Gmx_default_OSC_default_Vsup_pm6V_20260909,1,184,2026-09-09T09:45:51.217296+00:00,1.210860000000e+02,-4.861740000000e-05,-4.856883116883e-08
Offset_RevB_Chip_2_wiShield_Gmx_default_OSC_default_Vsup_pm6V_20260909,1,185,2026-09-09T09:45:51.881296+00:00,1.217500000000e+02,-4.073596000000e-05,-4.069526473526e-08
Offset_RevB_Chip_2_wiShield_Gmx_default_OSC_default_Vsup_pm6V_20260909,1,186,2026-09-09T09:45:52.537296+00:00,1.224060000000e+02,-3.572352000000e-05,-3.568783216783e-08
Offset_RevB_Chip_2_wiShield_Gmx_default_OSC_default_Vsup_pm6V_20260909,1,187,2026-09-09T09:45:53.193796+00:00,1.230625000000e+02,-3.924399000000e-05,-3.920478521479e-08
Offset_RevB_Chip_2_wiShield_Gmx_default_OSC_default_Vsup_pm6V_20260909,1,188,2026-09-09T09:45:53.850296+00:00,1.237190000000e+02,-5.850661000000e-05,-5.844816183816e-08
Offset_RevB_Chip_2_wiShield_Gmx_default_OSC_default_Vsup_pm6V_20260909,1,189,2026-09-09T09:45:54.521796+00:00,1.243905000000e+02,-5.290315000000e-05,-5.285029970030e-08
Offset_RevB_Chip_2_wiShield_Gmx_default_OSC_default_Vsup_pm6V_20260909,1,190,2026-09-09T09:45:55.178296+00:00,1.250470000000e+02,-3.954280000000e-05,-3.950329670330e-08
Offset_RevB_Chip_2_wiShield_Gmx_default_OSC_default_Vsup_pm6V_20260909,1,191,2026-09-09T09:45:55.834296+00:00,1.257030000000e+02,-4.010495000000e-05,-4.006488511489e-08
Offset_RevB_Chip_2_wiShield_Gmx_default_OSC_default_Vsup_pm6V_20260909,1,192,2026-09-09T09:45:56.490296+00:00,1.263590000000e+02,-3.397365000000e-05,-3.393971028971e-08
Offset_RevB_Chip_2_wiShield_Gmx_default_OSC_default_Vsup_pm6V_20260909,1,193,2026-09-09T09:45:57.146796+00:00,1.270155000000e+02,-4.380084000000e-05,-4.375708291708e-08
Offset_RevB_Chip_2_wiShield_Gmx_default_OSC_default_Vsup_pm6V_20260909,1,194,2026-09-09T09:45:57.818796+00:00,1.276875000000e+02,-4.303466000000e-05,-4.299166833167e-08
Offset_RevB_Chip_2_wiShield_Gmx_default_OSC_default_Vsup_pm6V_20260909,1,195,2026-09-09T09:45:58.475296+00:00,1.283440000000e+02,-3.225847000000e-05,-3.222624375624e-08
Offset_RevB_Chip_2_wiShield_Gmx_default_OSC_default_Vsup_pm6V_20260909,1,196,2026-09-09T09:45:59.131296+00:00,1.290000000000e+02,-3.470785000000e-05,-3.467317682318e-08
Offset_RevB_Chip_2_wiShield_Gmx_default_OSC_default_Vsup_pm6V_20260909,1,197,2026-09-09T09:45:59.787296+00:00,1.296560000000e+02,-4.267422000000e-05,-4.263158841159e-08
Offset_RevB_Chip_2_wiShield_Gmx_default_OSC_default_Vsup_pm6V_20260909,1,198,2026-09-09T09:46:00.451296+00:00,1.303200000000e+02,-4.179708000000e-05,-4.175532467532e-08
Offset_RevB_Chip_2_wiShield_Gmx_default_OSC_default_Vsup_pm6V_20260909,1,199,2026-09-09T09:46:01.115296+00:00,1.309840000000e+02,-3.871499000000e-05,-3.867631368631e-08
Offset_RevB_Chip_2_wiShield_Gmx_default_OSC_default_Vsup_pm6V_20260909,1,200,2026-09-09T09:46:01.771796+00:00,1.316405000000e+02,-1.780957000000e-05,-1.779177822178e-08
Offset_RevB_Chip_2_wiShield_Gmx_default_OSC_default_Vsup_pm6V_20260909,1,201,2026-09-09T09:46:02.428296+00:00,1.322970000000e+02,-3.681700000000e-05,-3.678021978022e-08
Offset_RevB_Chip_2_wiShield_Gmx_default_OSC_default_Vsup_pm6V_20260909,1,202,2026-09-09T09:46:03.084296+00:00,1.329530000000e+02,-1.443682000000e-05,-1.442239760240e-08
Offset_RevB_Chip_2_wiShield_Gmx_default_OSC_default_Vsup_pm6V_20260909,1,203,2026-09-09T09:46:03.756296+00:00,1.336250000000e+02,-4.469999000000e-05,-4.465533466533e-08
Offset_RevB_Chip_2_wiShield_Gmx_default_OSC_default_Vsup_pm6V_20260909,1,204,2026-09-09T09:46:04.412296+00:00,1.342810000000e+02,-3.720372000000e-05,-3.716655344655e-08
Offset_RevB_Chip_2_wiShield_Gmx_default_OSC_default_Vsup_pm6V_20260909,1,205,2026-09-09T09:46:05.068796+00:00,1.349375000000e+02,-2.206851000000e-05,-2.204646353646e-08
Offset_RevB_Chip_2_wiShield_Gmx_default_OSC_default_Vsup_pm6V_20260909,1,206,2026-09-09T09:46:05.725296+00:00,1.355940000000e+02,-4.228582000000e-05,-4.224357642358e-08
Offset_RevB_Chip_2_wiShield_Gmx_default_OSC_default_Vsup_pm6V_20260909,1,207,2026-09-09T09:46:06.381296+00:00,1.362500000000e+02,-4.258269000000e-05,-4.254014985015e-08
Offset_RevB_Chip_2_wiShield_Gmx_default_OSC_default_Vsup_pm6V_20260909,1,208,2026-09-09T09:46:07.045296+00:00,1.369140000000e+02,-4.725062000000e-05,-4.720341658342e-08
Offset_RevB_Chip_2_wiShield_Gmx_default_OSC_default_Vsup_pm6V_20260909,1,209,2026-09-09T09:46:07.709296+00:00,1.375780000000e+02,-3.280444000000e-05,-3.277166833167e-08
Offset_RevB_Chip_2_wiShield_Gmx_default_OSC_default_Vsup_pm6V_20260909,1,210,2026-09-09T09:46:08.365296+00:00,1.382340000000e+02,-4.982870000000e-05,-4.977892107892e-08
Offset_RevB_Chip_2_wiShield_Gmx_default_OSC_default_Vsup_pm6V_20260909,1,211,2026-09-09T09:46:09.021796+00:00,1.388905000000e+02,-4.821451000000e-05,-4.816634365634e-08
Offset_RevB_Chip_2_wiShield_Gmx_default_OSC_default_Vsup_pm6V_20260909,1,212,2026-09-09T09:46:09.686296+00:00,1.395550000000e+02,-3.691061000000e-05,-3.687373626374e-08
Offset_RevB_Chip_2_wiShield_Gmx_default_OSC_default_Vsup_pm6V_20260909,1,213,2026-09-09T09:46:10.350296+00:00,1.402190000000e+02,-4.258412000000e-05,-4.254157842158e-08
Offset_RevB_Chip_2_wiShield_Gmx_default_OSC_default_Vsup_pm6V_20260909,1,214,2026-09-09T09:46:11.006296+00:00,1.408750000000e+02,-4.118056000000e-05,-4.113942057942e-08
Offset_RevB_Chip_2_wiShield_Gmx_default_OSC_default_Vsup_pm6V_20260909,1,215,2026-09-09T09:46:11.662296+00:00,1.415310000000e+02,-4.096267000000e-05,-4.092174825175e-08
Offset_RevB_Chip_2_wiShield_Gmx_default_OSC_default_Vsup_pm6V_20260909,1,216,2026-09-09T09:46:12.318796+00:00,1.421875000000e+02,-3.718884000000e-05,-3.715168831169e-08
Offset_RevB_Chip_2_wiShield_Gmx_default_OSC_default_Vsup_pm6V_20260909,1,217,2026-09-09T09:46:12.982796+00:00,1.428515000000e+02,-2.583342000000e-05,-2.580761238761e-08
Offset_RevB_Chip_2_wiShield_Gmx_default_OSC_default_Vsup_pm6V_20260909,1,218,2026-09-09T09:46:13.646796+00:00,1.435155000000e+02,-3.590569000000e-05,-3.586982017982e-08
Offset_RevB_Chip_2_wiShield_Gmx_default_OSC_default_Vsup_pm6V_20260909,1,219,2026-09-09T09:46:14.303296+00:00,1.441720000000e+02,-4.224077000000e-05,-4.219857142857e-08
Offset_RevB_Chip_2_wiShield_Gmx_default_OSC_default_Vsup_pm6V_20260909,1,220,2026-09-09T09:46:14.959296+00:00,1.448280000000e+02,-4.623366000000e-05,-4.618747252747e-08
Offset_RevB_Chip_2_wiShield_Gmx_default_OSC_default_Vsup_pm6V_20260909,1,221,2026-09-09T09:46:15.615296+00:00,1.454840000000e+02,-2.463753000000e-05,-2.461291708292e-08
Offset_RevB_Chip_2_wiShield_Gmx_default_OSC_default_Vsup_pm6V_20260909,1,222,2026-09-09T09:46:16.279296+00:00,1.461480000000e+02,-3.461918000000e-05,-3.458459540460e-08
Offset_RevB_Chip_2_wiShield_Gmx_default_OSC_default_Vsup_pm6V_20260909,1,223,2026-09-09T09:46:16.943796+00:00,1.468125000000e+02,-4.153789000000e-05,-4.149639360639e-08
Offset_RevB_Chip_2_wiShield_Gmx_default_OSC_default_Vsup_pm6V_20260909,1,224,2026-09-09T09:46:17.600296+00:00,1.474690000000e+02,-5.101928000000e-05,-5.096831168831e-08
Offset_RevB_Chip_2_wiShield_Gmx_default_OSC_default_Vsup_pm6V_20260909,1,225,2026-09-09T09:46:18.256296+00:00,1.481250000000e+02,-5.759815000000e-05,-5.754060939061e-08
Offset_RevB_Chip_2_wiShield_Gmx_default_OSC_default_Vsup_pm6V_20260909,1,226,2026-09-09T09:46:18.920296+00:00,1.487890000000e+02,-4.335535000000e-05,-4.331203796204e-08
Offset_RevB_Chip_2_wiShield_Gmx_default_OSC_default_Vsup_pm6V_20260909,1,227,2026-09-09T09:46:19.584296+00:00,1.494530000000e+02,-4.463345000000e-05,-4.458886113886e-08
Offset_RevB_Chip_2_wiShield_Gmx_default_OSC_default_Vsup_pm6V_20260909,1,228,2026-09-09T09:46:20.240296+00:00,1.501090000000e+02,-5.963415000000e-05,-5.957457542458e-08
Offset_RevB_Chip_2_wiShield_Gmx_default_OSC_default_Vsup_pm6V_20260909,1,229,2026-09-09T09:46:20.896796+00:00,1.507655000000e+02,-4.017163000000e-05,-4.013149850150e-08
Offset_RevB_Chip_2_wiShield_Gmx_default_OSC_default_Vsup_pm6V_20260909,1,230,2026-09-09T09:46:21.553296+00:00,1.514220000000e+02,-4.393485000000e-05,-4.389095904096e-08
Offset_RevB_Chip_2_wiShield_Gmx_default_OSC_default_Vsup_pm6V_20260909,1,231,2026-09-09T09:46:22.217296+00:00,1.520860000000e+02,-4.238966000000e-05,-4.234731268731e-08
Offset_RevB_Chip_2_wiShield_Gmx_default_OSC_default_Vsup_pm6V_20260909,1,232,2026-09-09T09:46:22.881296+00:00,1.527500000000e+02,-4.587815000000e-05,-4.583231768232e-08
Offset_RevB_Chip_2_wiShield_Gmx_default_OSC_default_Vsup_pm6V_20260909,1,233,2026-09-09T09:46:23.537296+00:00,1.534060000000e+02,-3.224670000000e-05,-3.221448551449e-08
Offset_RevB_Chip_2_wiShield_Gmx_default_OSC_default_Vsup_pm6V_20260909,1,234,2026-09-09T09:46:24.193796+00:00,1.540625000000e+02,-6.159324000000e-05,-6.153170829171e-08
Offset_RevB_Chip_2_wiShield_Gmx_default_OSC_default_Vsup_pm6V_20260909,1,235,2026-09-09T09:46:24.850296+00:00,1.547190000000e+02,-4.094947000000e-05,-4.090856143856e-08
Offset_RevB_Chip_2_wiShield_Gmx_default_OSC_default_Vsup_pm6V_20260909,1,236,2026-09-09T09:46:25.514296+00:00,1.553830000000e+02,-4.053505000000e-05,-4.049455544456e-08
Offset_RevB_Chip_2_wiShield_Gmx_default_OSC_default_Vsup_pm6V_20260909,1,237,2026-09-09T09:46:26.178296+00:00,1.560470000000e+02,-4.181224000000e-05,-4.177046953047e-08
Offset_RevB_Chip_2_wiShield_Gmx_default_OSC_default_Vsup_pm6V_20260909,1,238,2026-09-09T09:46:26.834296+00:00,1.567030000000e+02,-4.082091000000e-05,-4.078012987013e-08
Offset_RevB_Chip_2_wiShield_Gmx_default_OSC_default_Vsup_pm6V_20260909,1,239,2026-09-09T09:46:27.490296+00:00,1.573590000000e+02,-4.069597000000e-05,-4.065531468531e-08
Offset_RevB_Chip_2_wiShield_Gmx_default_OSC_default_Vsup_pm6V_20260909,1,240,2026-09-09T09:46:28.146796+00:00,1.580155000000e+02,-5.073187000000e-05,-5.068118881119e-08
Offset_RevB_Chip_2_wiShield_Gmx_default_OSC_default_Vsup_pm6V_20260909,1,241,2026-09-09T09:46:28.811296+00:00,1.586800000000e+02,-4.863631000000e-05,-4.858772227772e-08
Offset_RevB_Chip_2_wiShield_Gmx_default_OSC_default_Vsup_pm6V_20260909,1,242,2026-09-09T09:46:29.475296+00:00,1.593440000000e+02,-6.060010000000e-05,-6.053956043956e-08
Offset_RevB_Chip_2_wiShield_Gmx_default_OSC_default_Vsup_pm6V_20260909,1,243,2026-09-09T09:46:30.131296+00:00,1.600000000000e+02,-5.548214000000e-05,-5.542671328671e-08
Offset_RevB_Chip_2_wiShield_Gmx_default_OSC_default_Vsup_pm6V_20260909,1,244,2026-09-09T09:46:30.787296+00:00,1.606560000000e+02,-4.838010000000e-05,-4.833176823177e-08
Offset_RevB_Chip_2_wiShield_Gmx_default_OSC_default_Vsup_pm6V_20260909,1,245,2026-09-09T09:46:31.443796+00:00,1.613125000000e+02,-5.155114000000e-05,-5.149964035964e-08
Offset_RevB_Chip_2_wiShield_Gmx_default_OSC_default_Vsup_pm6V_20260909,1,246,2026-09-09T09:46:32.107796+00:00,1.619765000000e+02,-5.427486000000e-05,-5.422063936064e-08
Offset_RevB_Chip_2_wiShield_Gmx_default_OSC_default_Vsup_pm6V_20260909,1,247,2026-09-09T09:46:32.771796+00:00,1.626405000000e+02,-5.110668000000e-05,-5.105562437562e-08
Offset_RevB_Chip_2_wiShield_Gmx_default_OSC_default_Vsup_pm6V_20260909,1,248,2026-09-09T09:46:33.428296+00:00,1.632970000000e+02,-6.121572000000e-05,-6.115456543457e-08
Offset_RevB_Chip_2_wiShield_Gmx_default_OSC_default_Vsup_pm6V_20260909,1,249,2026-09-09T09:46:34.084296+00:00,1.639530000000e+02,-4.507015000000e-05,-4.502512487512e-08
Offset_RevB_Chip_2_wiShield_Gmx_default_OSC_default_Vsup_pm6V_20260909,1,250,2026-09-09T09:46:34.748296+00:00,1.646170000000e+02,-5.165445000000e-05,-5.160284715285e-08
Offset_RevB_Chip_2_wiShield_Gmx_default_OSC_default_Vsup_pm6V_20260909,1,251,2026-09-09T09:46:35.412296+00:00,1.652810000000e+02,-6.942108000000e-05,-6.935172827173e-08
Offset_RevB_Chip_2_wiShield_Gmx_default_OSC_default_Vsup_pm6V_20260909,1,252,2026-09-09T09:46:36.068796+00:00,1.659375000000e+02,-4.983531000000e-05,-4.978552447552e-08
Offset_RevB_Chip_2_wiShield_Gmx_default_OSC_default_Vsup_pm6V_20260909,1,253,2026-09-09T09:46:36.725296+00:00,1.665940000000e+02,-4.488967000000e-05,-4.484482517483e-08
Offset_RevB_Chip_2_wiShield_Gmx_default_OSC_default_Vsup_pm6V_20260909,1,254,2026-09-09T09:46:37.381296+00:00,1.672500000000e+02,-5.378302000000e-05,-5.372929070929e-08
Offset_RevB_Chip_2_wiShield_Gmx_default_OSC_default_Vsup_pm6V_20260909,1,255,2026-09-09T09:46:38.045296+00:00,1.679140000000e+02,-4.541699000000e-05,-4.537161838162e-08
Offset_RevB_Chip_2_wiShield_Gmx_default_OSC_default_Vsup_pm6V_20260909,1,256,2026-09-09T09:46:38.709296+00:00,1.685780000000e+02,-4.200993000000e-05,-4.196796203796e-08
Offset_RevB_Chip_2_wiShield_Gmx_default_OSC_default_Vsup_pm6V_20260909,1,257,2026-09-09T09:46:39.365296+00:00,1.692340000000e+02,-4.835705000000e-05,-4.830874125874e-08
Offset_RevB_Chip_2_wiShield_Gmx_default_OSC_default_Vsup_pm6V_20260909,1,258,2026-09-09T09:46:40.021796+00:00,1.698905000000e+02,-4.479865000000e-05,-4.475389610390e-08
Offset_RevB_Chip_2_wiShield_Gmx_default_OSC_default_Vsup_pm6V_20260909,1,259,2026-09-09T09:46:40.678296+00:00,1.705470000000e+02,-4.209227000000e-05,-4.205021978022e-08
Offset_RevB_Chip_2_wiShield_Gmx_default_OSC_default_Vsup_pm6V_20260909,1,260,2026-09-09T09:46:41.342296+00:00,1.712110000000e+02,-4.457584000000e-05,-4.453130869131e-08
Offset_RevB_Chip_2_wiShield_Gmx_default_OSC_default_Vsup_pm6V_20260909,1,261,2026-09-09T09:46:42.006296+00:00,1.718750000000e+02,-4.919341000000e-05,-4.914426573427e-08
Offset_RevB_Chip_2_wiShield_Gmx_default_OSC_default_Vsup_pm6V_20260909,1,262,2026-09-09T09:46:42.662296+00:00,1.725310000000e+02,-4.670545000000e-05,-4.665879120879e-08
Offset_RevB_Chip_2_wiShield_Gmx_default_OSC_default_Vsup_pm6V_20260909,1,263,2026-09-09T09:46:43.318796+00:00,1.731875000000e+02,-4.249531000000e-05,-4.245285714286e-08
Offset_RevB_Chip_2_wiShield_Gmx_default_OSC_default_Vsup_pm6V_20260909,1,264,2026-09-09T09:46:43.975296+00:00,1.738440000000e+02,-6.004767000000e-05,-5.998768231768e-08
Offset_RevB_Chip_2_wiShield_Gmx_default_OSC_default_Vsup_pm6V_20260909,1,265,2026-09-09T09:46:44.646796+00:00,1.745155000000e+02,-3.921099000000e-05,-3.917181818182e-08
Offset_RevB_Chip_2_wiShield_Gmx_default_OSC_default_Vsup_pm6V_20260909,1,266,2026-09-09T09:46:45.303296+00:00,1.751720000000e+02,-5.956489000000e-05,-5.950538461538e-08
Offset_RevB_Chip_2_wiShield_Gmx_default_OSC_default_Vsup_pm6V_20260909,1,267,2026-09-09T09:46:45.959296+00:00,1.758280000000e+02,-4.890030000000e-05,-4.885144855145e-08
Offset_RevB_Chip_2_wiShield_Gmx_default_OSC_default_Vsup_pm6V_20260909,1,268,2026-09-09T09:46:46.615296+00:00,1.764840000000e+02,-6.305272000000e-05,-6.298973026973e-08
Offset_RevB_Chip_2_wiShield_Gmx_default_OSC_default_Vsup_pm6V_20260909,1,269,2026-09-09T09:46:47.279296+00:00,1.771480000000e+02,-5.285059000000e-05,-5.279779220779e-08
Offset_RevB_Chip_2_wiShield_Gmx_default_OSC_default_Vsup_pm6V_20260909,1,270,2026-09-09T09:46:47.943796+00:00,1.778125000000e+02,-6.996536000000e-05,-6.989546453546e-08
Offset_RevB_Chip_2_wiShield_Gmx_default_OSC_default_Vsup_pm6V_20260909,1,271,2026-09-09T09:46:48.600296+00:00,1.784690000000e+02,-5.195857000000e-05,-5.190666333666e-08
Offset_RevB_Chip_2_wiShield_Gmx_default_OSC_default_Vsup_pm6V_20260909,1,272,2026-09-09T09:46:49.256296+00:00,1.791250000000e+02,-5.728303000000e-05,-5.722580419580e-08
Offset_RevB_Chip_2_wiShield_Gmx_default_OSC_default_Vsup_pm6V_20260909,1,273,2026-09-09T09:46:49.912296+00:00,1.797810000000e+02,-4.784203000000e-05,-4.779423576424e-08
Offset_RevB_Chip_2_wiShield_Gmx_default_OSC_default_Vsup_pm6V_20260909,1,274,2026-09-09T09:46:50.576296+00:00,1.804450000000e+02,-3.839897000000e-05,-3.836060939061e-08
Offset_RevB_Chip_2_wiShield_Gmx_default_OSC_default_Vsup_pm6V_20260909,1,275,2026-09-09T09:46:51.240296+00:00,1.811090000000e+02,-5.597489000000e-05,-5.591897102897e-08
Offset_RevB_Chip_2_wiShield_Gmx_default_OSC_default_Vsup_pm6V_20260909,1,276,2026-09-09T09:46:51.896796+00:00,1.817655000000e+02,-5.186380000000e-05,-5.181198801199e-08
Offset_RevB_Chip_2_wiShield_Gmx_default_OSC_default_Vsup_pm6V_20260909,1,277,2026-09-09T09:46:52.553296+00:00,1.824220000000e+02,-3.918419000000e-05,-3.914504495504e-08
Offset_RevB_Chip_2_wiShield_Gmx_default_OSC_default_Vsup_pm6V_20260909,1,278,2026-09-09T09:46:53.209296+00:00,1.830780000000e+02,-3.339507000000e-05,-3.336170829171e-08
Offset_RevB_Chip_2_wiShield_Gmx_default_OSC_default_Vsup_pm6V_20260909,1,279,2026-09-09T09:46:53.873296+00:00,1.837420000000e+02,-5.426671000000e-05,-5.421249750250e-08
Offset_RevB_Chip_2_wiShield_Gmx_default_OSC_default_Vsup_pm6V_20260909,1,280,2026-09-09T09:46:54.537296+00:00,1.844060000000e+02,-5.631384000000e-05,-5.625758241758e-08
Offset_RevB_Chip_2_wiShield_Gmx_default_OSC_default_Vsup_pm6V_20260909,1,281,2026-09-09T09:46:55.193796+00:00,1.850625000000e+02,-5.608727000000e-05,-5.603123876124e-08
Offset_RevB_Chip_2_wiShield_Gmx_default_OSC_default_Vsup_pm6V_20260909,1,282,2026-09-09T09:46:55.850296+00:00,1.857190000000e+02,-7.355173000000e-05,-7.347825174825e-08
Offset_RevB_Chip_2_wiShield_Gmx_default_OSC_default_Vsup_pm6V_20260909,1,283,2026-09-09T09:46:56.514296+00:00,1.863830000000e+02,-6.043866000000e-05,-6.037828171828e-08
Offset_RevB_Chip_2_wiShield_Gmx_default_OSC_default_Vsup_pm6V_20260909,1,284,2026-09-09T09:46:57.178296+00:00,1.870470000000e+02,-6.357732000000e-05,-6.351380619381e-08
Offset_RevB_Chip_2_wiShield_Gmx_default_OSC_default_Vsup_pm6V_20260909,1,285,2026-09-09T09:46:57.834296+00:00,1.877030000000e+02,-5.854067000000e-05,-5.848218781219e-08
Offset_RevB_Chip_2_wiShield_Gmx_default_OSC_default_Vsup_pm6V_20260909,1,286,2026-09-09T09:46:58.490296+00:00,1.883590000000e+02,-5.072293000000e-05,-5.067225774226e-08
Offset_RevB_Chip_2_wiShield_Gmx_default_OSC_default_Vsup_pm6V_20260909,1,287,2026-09-09T09:46:59.146796+00:00,1.890155000000e+02,-5.794538000000e-05,-5.788749250749e-08
Offset_RevB_Chip_2_wiShield_Gmx_default_OSC_default_Vsup_pm6V_20260909,1,288,2026-09-09T09:46:59.811296+00:00,1.896800000000e+02,-6.153252000000e-05,-6.147104895105e-08
Offset_RevB_Chip_2_wiShield_Gmx_default_OSC_default_Vsup_pm6V_20260909,1,289,2026-09-09T09:47:00.475296+00:00,1.903440000000e+02,-5.212105000000e-05,-5.206898101898e-08
Offset_RevB_Chip_2_wiShield_Gmx_default_OSC_default_Vsup_pm6V_20260909,1,290,2026-09-09T09:47:01.131296+00:00,1.910000000000e+02,-5.147397000000e-05,-5.142254745255e-08
Offset_RevB_Chip_2_wiShield_Gmx_default_OSC_default_Vsup_pm6V_20260909,1,291,2026-09-09T09:47:01.787296+00:00,1.916560000000e+02,-6.104754000000e-05,-6.098655344655e-08
Offset_RevB_Chip_2_wiShield_Gmx_default_OSC_default_Vsup_pm6V_20260909,1,292,2026-09-09T09:47:02.443796+00:00,1.923125000000e+02,-6.573749000000e-05,-6.567181818182e-08
Offset_RevB_Chip_2_wiShield_Gmx_default_OSC_default_Vsup_pm6V_20260909,1,293,2026-09-09T09:47:03.107796+00:00,1.929765000000e+02,-5.807187000000e-05,-5.801385614386e-08
Offset_RevB_Chip_2_wiShield_Gmx_default_OSC_default_Vsup_pm6V_20260909,1,294,2026-09-09T09:47:03.771796+00:00,1.936405000000e+02,-6.433834000000e-05,-6.427406593407e-08
Offset_RevB_Chip_2_wiShield_Gmx_default_OSC_default_Vsup_pm6V_20260909,1,295,2026-09-09T09:47:04.428296+00:00,1.942970000000e+02,-5.284335000000e-05,-5.279055944056e-08
Offset_RevB_Chip_2_wiShield_Gmx_default_OSC_default_Vsup_pm6V_20260909,1,296,2026-09-09T09:47:05.084296+00:00,1.949530000000e+02,-6.781815000000e-05,-6.775039960040e-08
Offset_RevB_Chip_2_wiShield_Gmx_default_OSC_default_Vsup_pm6V_20260909,1,297,2026-09-09T09:47:05.748296+00:00,1.956170000000e+02,-7.638356000000e-05,-7.630725274725e-08
Offset_RevB_Chip_2_wiShield_Gmx_default_OSC_default_Vsup_pm6V_20260909,1,298,2026-09-09T09:47:06.412296+00:00,1.962810000000e+02,-6.737731000000e-05,-6.731000000000e-08
Offset_RevB_Chip_2_wiShield_Gmx_default_OSC_default_Vsup_pm6V_20260909,1,299,2026-09-09T09:47:07.068796+00:00,1.969375000000e+02,-6.517042000000e-05,-6.510531468531e-08
Offset_RevB_Chip_2_wiShield_Gmx_default_OSC_default_Vsup_pm6V_20260909,1,300,2026-09-09T09:47:07.725296+00:00,1.975940000000e+02,-4.346748000000e-05,-4.342405594406e-08
Offset_RevB_Chip_2_wiShield_Gmx_default_OSC_default_Vsup_pm6V_20260909,1,301,2026-09-09T09:47:08.381296+00:00,1.982500000000e+02,-7.537399000000e-05,-7.529869130869e-08
Offset_RevB_Chip_2_wiShield_Gmx_default_OSC_default_Vsup_pm6V_20260909,1,302,2026-09-09T09:47:09.045296+00:00,1.989140000000e+02,-5.168838000000e-05,-5.163674325674e-08
Offset_RevB_Chip_2_wiShield_Gmx_default_OSC_default_Vsup_pm6V_20260909,1,303,2026-09-09T09:47:09.709296+00:00,1.995780000000e+02,-4.623160000000e-05,-4.618541458541e-08
Offset_RevB_Chip_2_wiShield_Gmx_default_OSC_default_Vsup_pm6V_20260909,1,304,2026-09-09T09:47:10.365296+00:00,2.002340000000e+02,-5.653148000000e-05,-5.647500499500e-08
Offset_RevB_Chip_2_wiShield_Gmx_default_OSC_default_Vsup_pm6V_20260909,1,305,2026-09-09T09:47:11.021796+00:00,2.008905000000e+02,-5.515538000000e-05,-5.510027972028e-08
Offset_RevB_Chip_2_wiShield_Gmx_default_OSC_default_Vsup_pm6V_20260909,1,306,2026-09-09T09:47:11.678296+00:00,2.015470000000e+02,-4.394690000000e-05,-4.390299700300e-08
Offset_RevB_Chip_2_wiShield_Gmx_default_OSC_default_Vsup_pm6V_20260909,1,307,2026-09-09T09:47:12.342296+00:00,2.022110000000e+02,-4.629672000000e-05,-4.625046953047e-08
Offset_RevB_Chip_2_wiShield_Gmx_default_OSC_default_Vsup_pm6V_20260909,1,308,2026-09-09T09:47:13.006296+00:00,2.028750000000e+02,-5.371170000000e-05,-5.365804195804e-08
Offset_RevB_Chip_2_wiShield_Gmx_default_OSC_default_Vsup_pm6V_20260909,1,309,2026-09-09T09:47:13.662296+00:00,2.035310000000e+02,-6.299423000000e-05,-6.293129870130e-08
Offset_RevB_Chip_2_wiShield_Gmx_default_OSC_default_Vsup_pm6V_20260909,1,310,2026-09-09T09:47:14.318796+00:00,2.041875000000e+02,-4.077341000000e-05,-4.073267732268e-08
Offset_RevB_Chip_2_wiShield_Gmx_default_OSC_default_Vsup_pm6V_20260909,1,311,2026-09-09T09:47:14.975296+00:00,2.048440000000e+02,-6.160077000000e-05,-6.153923076923e-08
Offset_RevB_Chip_2_wiShield_Gmx_default_OSC_default_Vsup_pm6V_20260909,1,312,2026-09-09T09:47:15.646796+00:00,2.055155000000e+02,-6.894376000000e-05,-6.887488511489e-08
Offset_RevB_Chip_2_wiShield_Gmx_default_OSC_default_Vsup_pm6V_20260909,1,313,2026-09-09T09:47:16.303296+00:00,2.061720000000e+02,-2.448425000000e-05,-2.445979020979e-08
Offset_RevB_Chip_2_wiShield_Gmx_default_OSC_default_Vsup_pm6V_20260909,1,314,2026-09-09T09:47:16.959296+00:00,2.068280000000e+02,-3.576679000000e-05,-3.573105894106e-08
Offset_RevB_Chip_2_wiShield_Gmx_default_OSC_default_Vsup_pm6V_20260909,1,315,2026-09-09T09:47:17.615296+00:00,2.074840000000e+02,-6.627764000000e-05,-6.621142857143e-08
Offset_RevB_Chip_2_wiShield_Gmx_default_OSC_default_Vsup_pm6V_20260909,1,316,2026-09-09T09:47:18.279296+00:00,2.081480000000e+02,-6.109818000000e-05,-6.103714285714e-08
Offset_RevB_Chip_2_wiShield_Gmx_default_OSC_default_Vsup_pm6V_20260909,1,317,2026-09-09T09:47:18.943796+00:00,2.088125000000e+02,-5.464956000000e-05,-5.459496503497e-08
Offset_RevB_Chip_2_wiShield_Gmx_default_OSC_default_Vsup_pm6V_20260909,1,318,2026-09-09T09:47:19.600296+00:00,2.094690000000e+02,-4.721789000000e-05,-4.717071928072e-08
Offset_RevB_Chip_2_wiShield_Gmx_default_OSC_default_Vsup_pm6V_20260909,1,319,2026-09-09T09:47:20.256296+00:00,2.101250000000e+02,-5.993777000000e-05,-5.987789210789e-08
Offset_RevB_Chip_2_wiShield_Gmx_default_OSC_default_Vsup_pm6V_20260909,1,320,2026-09-09T09:47:20.912296+00:00,2.107810000000e+02,-6.369568000000e-05,-6.363204795205e-08
Offset_RevB_Chip_2_wiShield_Gmx_default_OSC_default_Vsup_pm6V_20260909,1,321,2026-09-09T09:47:21.576296+00:00,2.114450000000e+02,-6.421730000000e-05,-6.415314685315e-08
Offset_RevB_Chip_2_wiShield_Gmx_default_OSC_default_Vsup_pm6V_20260909,1,322,2026-09-09T09:47:22.240296+00:00,2.121090000000e+02,-6.652985000000e-05,-6.646338661339e-08
Offset_RevB_Chip_2_wiShield_Gmx_default_OSC_default_Vsup_pm6V_20260909,1,323,2026-09-09T09:47:22.896796+00:00,2.127655000000e+02,-6.821745000000e-05,-6.814930069930e-08
Offset_RevB_Chip_2_wiShield_Gmx_default_OSC_default_Vsup_pm6V_20260909,1,324,2026-09-09T09:47:23.553296+00:00,2.134220000000e+02,-7.212399000000e-05,-7.205193806194e-08
Offset_RevB_Chip_2_wiShield_Gmx_default_OSC_default_Vsup_pm6V_20260909,1,325,2026-09-09T09:47:24.209296+00:00,2.140780000000e+02,-6.247818000000e-05,-6.241576423576e-08
Offset_RevB_Chip_2_wiShield_Gmx_default_OSC_default_Vsup_pm6V_20260909,1,326,2026-09-09T09:47:24.873296+00:00,2.147420000000e+02,-6.745942000000e-05,-6.739202797203e-08
Offset_RevB_Chip_2_wiShield_Gmx_default_OSC_default_Vsup_pm6V_20260909,1,327,2026-09-09T09:47:25.537296+00:00,2.154060000000e+02,-4.594847000000e-05,-4.590256743257e-08
Offset_RevB_Chip_2_wiShield_Gmx_default_OSC_default_Vsup_pm6V_20260909,1,328,2026-09-09T09:47:26.193796+00:00,2.160625000000e+02,-5.541497000000e-05,-5.535961038961e-08
Offset_RevB_Chip_2_wiShield_Gmx_default_OSC_default_Vsup_pm6V_20260909,1,329,2026-09-09T09:47:26.850296+00:00,2.167190000000e+02,-5.175740000000e-05,-5.170569430569e-08
Offset_RevB_Chip_2_wiShield_Gmx_default_OSC_default_Vsup_pm6V_20260909,1,330,2026-09-09T09:47:27.514296+00:00,2.173830000000e+02,-5.717352000000e-05,-5.711640359640e-08
Offset_RevB_Chip_2_wiShield_Gmx_default_OSC_default_Vsup_pm6V_20260909,1,331,2026-09-09T09:47:28.178296+00:00,2.180470000000e+02,-5.958886000000e-05,-5.952933066933e-08
Offset_RevB_Chip_2_wiShield_Gmx_default_OSC_default_Vsup_pm6V_20260909,1,332,2026-09-09T09:47:28.834296+00:00,2.187030000000e+02,-7.325075000000e-05,-7.317757242757e-08
Offset_RevB_Chip_2_wiShield_Gmx_default_OSC_default_Vsup_pm6V_20260909,1,333,2026-09-09T09:47:29.490296+00:00,2.193590000000e+02,-6.957531000000e-05,-6.950580419580e-08
Offset_RevB_Chip_2_wiShield_Gmx_default_OSC_default_Vsup_pm6V_20260909,1,334,2026-09-09T09:47:30.146796+00:00,2.200155000000e+02,-6.893872000000e-05,-6.886985014985e-08
Offset_RevB_Chip_2_wiShield_Gmx_default_OSC_default_Vsup_pm6V_20260909,1,335,2026-09-09T09:47:30.811296+00:00,2.206800000000e+02,-6.725125000000e-05,-6.718406593407e-08
Offset_RevB_Chip_2_wiShield_Gmx_default_OSC_default_Vsup_pm6V_20260909,1,336,2026-09-09T09:47:31.475296+00:00,2.213440000000e+02,-5.763741000000e-05,-5.757983016983e-08
Offset_RevB_Chip_2_wiShield_Gmx_default_OSC_default_Vsup_pm6V_20260909,1,337,2026-09-09T09:47:32.131296+00:00,2.220000000000e+02,-6.151663000000e-05,-6.145517482517e-08
Offset_RevB_Chip_2_wiShield_Gmx_default_OSC_default_Vsup_pm6V_20260909,1,338,2026-09-09T09:47:32.787296+00:00,2.226560000000e+02,-6.292575000000e-05,-6.286288711289e-08
Offset_RevB_Chip_2_wiShield_Gmx_default_OSC_default_Vsup_pm6V_20260909,1,339,2026-09-09T09:47:33.443796+00:00,2.233125000000e+02,-4.522436000000e-05,-4.517918081918e-08
Offset_RevB_Chip_2_wiShield_Gmx_default_OSC_default_Vsup_pm6V_20260909,1,340,2026-09-09T09:47:34.107796+00:00,2.239765000000e+02,-5.996847000000e-05,-5.990856143856e-08
Offset_RevB_Chip_2_wiShield_Gmx_default_OSC_default_Vsup_pm6V_20260909,1,341,2026-09-09T09:47:34.771796+00:00,2.246405000000e+02,-5.858149000000e-05,-5.852296703297e-08
Offset_RevB_Chip_2_wiShield_Gmx_default_OSC_default_Vsup_pm6V_20260909,1,342,2026-09-09T09:47:35.428296+00:00,2.252970000000e+02,-4.590756000000e-05,-4.586169830170e-08
Offset_RevB_Chip_2_wiShield_Gmx_default_OSC_default_Vsup_pm6V_20260909,1,343,2026-09-09T09:47:36.084296+00:00,2.259530000000e+02,-6.957039000000e-05,-6.950088911089e-08
Offset_RevB_Chip_2_wiShield_Gmx_default_OSC_default_Vsup_pm6V_20260909,1,344,2026-09-09T09:47:36.740296+00:00,2.266090000000e+02,-5.804989000000e-05,-5.799189810190e-08
Offset_RevB_Chip_2_wiShield_Gmx_default_OSC_default_Vsup_pm6V_20260909,1,345,2026-09-09T09:47:37.404296+00:00,2.272730000000e+02,-5.055103000000e-05,-5.050052947053e-08
Offset_RevB_Chip_2_wiShield_Gmx_default_OSC_default_Vsup_pm6V_20260909,1,346,2026-09-09T09:47:38.068796+00:00,2.279375000000e+02,-5.102812000000e-05,-5.097714285714e-08
Offset_RevB_Chip_2_wiShield_Gmx_default_OSC_default_Vsup_pm6V_20260909,1,347,2026-09-09T09:47:38.725296+00:00,2.285940000000e+02,-7.208309000000e-05,-7.201107892108e-08
Offset_RevB_Chip_2_wiShield_Gmx_default_OSC_default_Vsup_pm6V_20260909,1,348,2026-09-09T09:47:39.381296+00:00,2.292500000000e+02,-6.449192000000e-05,-6.442749250749e-08
Offset_RevB_Chip_2_wiShield_Gmx_default_OSC_default_Vsup_pm6V_20260909,1,349,2026-09-09T09:47:40.045296+00:00,2.299140000000e+02,-4.453767000000e-05,-4.449317682318e-08
Offset_RevB_Chip_2_wiShield_Gmx_default_OSC_default_Vsup_pm6V_20260909,1,350,2026-09-09T09:47:40.709296+00:00,2.305780000000e+02,-5.261694000000e-05,-5.256437562438e-08
Offset_RevB_Chip_2_wiShield_Gmx_default_OSC_default_Vsup_pm6V_20260909,1,351,2026-09-09T09:47:41.365296+00:00,2.312340000000e+02,-4.916301000000e-05,-4.911389610390e-08
Offset_RevB_Chip_2_wiShield_Gmx_default_OSC_default_Vsup_pm6V_20260909,1,352,2026-09-09T09:47:42.021796+00:00,2.318905000000e+02,-6.077841000000e-05,-6.071769230769e-08
Offset_RevB_Chip_2_wiShield_Gmx_default_OSC_default_Vsup_pm6V_20260909,1,353,2026-09-09T09:47:42.678296+00:00,2.325470000000e+02,-5.096066000000e-05,-5.090975024975e-08
Offset_RevB_Chip_2_wiShield_Gmx_default_OSC_default_Vsup_pm6V_20260909,1,354,2026-09-09T09:47:43.342296+00:00,2.332110000000e+02,-7.154697000000e-05,-7.147549450549e-08
Offset_RevB_Chip_2_wiShield_Gmx_default_OSC_default_Vsup_pm6V_20260909,1,355,2026-09-09T09:47:44.006296+00:00,2.338750000000e+02,-7.058334000000e-05,-7.051282717283e-08
Offset_RevB_Chip_2_wiShield_Gmx_default_OSC_default_Vsup_pm6V_20260909,1,356,2026-09-09T09:47:44.662296+00:00,2.345310000000e+02,-5.977776000000e-05,-5.971804195804e-08
Offset_RevB_Chip_2_wiShield_Gmx_default_OSC_default_Vsup_pm6V_20260909,1,357,2026-09-09T09:47:45.318796+00:00,2.351875000000e+02,-5.550056000000e-05,-5.544511488511e-08
Offset_RevB_Chip_2_wiShield_Gmx_default_OSC_default_Vsup_pm6V_20260909,1,358,2026-09-09T09:47:45.975296+00:00,2.358440000000e+02,-6.798391000000e-05,-6.791599400599e-08
Offset_RevB_Chip_2_wiShield_Gmx_default_OSC_default_Vsup_pm6V_20260909,1,359,2026-09-09T09:47:46.639296+00:00,2.365080000000e+02,-5.713793000000e-05,-5.708084915085e-08
Offset_RevB_Chip_2_wiShield_Gmx_default_OSC_default_Vsup_pm6V_20260909,1,360,2026-09-09T09:47:47.303296+00:00,2.371720000000e+02,-5.158094000000e-05,-5.152941058941e-08
Offset_RevB_Chip_2_wiShield_Gmx_default_OSC_default_Vsup_pm6V_20260909,1,361,2026-09-09T09:47:47.959296+00:00,2.378280000000e+02,-6.038497000000e-05,-6.032464535465e-08
Offset_RevB_Chip_2_wiShield_Gmx_default_OSC_default_Vsup_pm6V_20260909,1,362,2026-09-09T09:47:48.615296+00:00,2.384840000000e+02,-7.698912000000e-05,-7.691220779221e-08
Offset_RevB_Chip_2_wiShield_Gmx_default_OSC_default_Vsup_pm6V_20260909,1,363,2026-09-09T09:47:49.279296+00:00,2.391480000000e+02,-3.836598000000e-05,-3.832765234765e-08
Offset_RevB_Chip_2_wiShield_Gmx_default_OSC_default_Vsup_pm6V_20260909,1,364,2026-09-09T09:47:49.943796+00:00,2.398125000000e+02,-5.898542000000e-05,-5.892649350649e-08
Offset_RevB_Chip_2_wiShield_Gmx_default_OSC_default_Vsup_pm6V_20260909,1,365,2026-09-09T09:47:50.600296+00:00,2.404690000000e+02,-6.830278000000e-05,-6.823454545455e-08
Offset_RevB_Chip_2_wiShield_Gmx_default_OSC_default_Vsup_pm6V_20260909,1,366,2026-09-09T09:47:51.256296+00:00,2.411250000000e+02,-8.666924000000e-05,-8.658265734266e-08
Offset_RevB_Chip_2_wiShield_Gmx_default_OSC_default_Vsup_pm6V_20260909,1,367,2026-09-09T09:47:51.912296+00:00,2.417810000000e+02,-6.683307000000e-05,-6.676630369630e-08
Offset_RevB_Chip_2_wiShield_Gmx_default_OSC_default_Vsup_pm6V_20260909,1,368,2026-09-09T09:47:52.576296+00:00,2.424450000000e+02,-8.086950000000e-05,-8.078871128871e-08
Offset_RevB_Chip_2_wiShield_Gmx_default_OSC_default_Vsup_pm6V_20260909,1,369,2026-09-09T09:47:53.240296+00:00,2.431090000000e+02,-7.327859000000e-05,-7.320538461538e-08
Offset_RevB_Chip_2_wiShield_Gmx_default_OSC_default_Vsup_pm6V_20260909,1,370,2026-09-09T09:47:53.896796+00:00,2.437655000000e+02,-7.769795000000e-05,-7.762032967033e-08
Offset_RevB_Chip_2_wiShield_Gmx_default_OSC_default_Vsup_pm6V_20260909,1,371,2026-09-09T09:47:54.553296+00:00,2.444220000000e+02,-8.164203000000e-05,-8.156046953047e-08
Offset_RevB_Chip_2_wiShield_Gmx_default_OSC_default_Vsup_pm6V_20260909,1,372,2026-09-09T09:47:55.209296+00:00,2.450780000000e+02,-8.158079000000e-05,-8.149929070929e-08
Offset_RevB_Chip_2_wiShield_Gmx_default_OSC_default_Vsup_pm6V_20260909,1,373,2026-09-09T09:47:55.881296+00:00,2.457500000000e+02,-8.458313000000e-05,-8.449863136863e-08
Offset_RevB_Chip_2_wiShield_Gmx_default_OSC_default_Vsup_pm6V_20260909,1,374,2026-09-09T09:47:56.537296+00:00,2.464060000000e+02,-7.665728000000e-05,-7.658069930070e-08
Offset_RevB_Chip_2_wiShield_Gmx_default_OSC_default_Vsup_pm6V_20260909,1,375,2026-09-09T09:47:57.193796+00:00,2.470625000000e+02,-7.408943000000e-05,-7.401541458541e-08
Offset_RevB_Chip_2_wiShield_Gmx_default_OSC_default_Vsup_pm6V_20260909,1,376,2026-09-09T09:47:57.850296+00:00,2.477190000000e+02,-6.176896000000e-05,-6.170725274725e-08
Offset_RevB_Chip_2_wiShield_Gmx_default_OSC_default_Vsup_pm6V_20260909,1,377,2026-09-09T09:47:58.514296+00:00,2.483830000000e+02,-4.655308000000e-05,-4.650657342657e-08
Offset_RevB_Chip_2_wiShield_Gmx_default_OSC_default_Vsup_pm6V_20260909,1,378,2026-09-09T09:47:59.178296+00:00,2.490470000000e+02,-7.612064000000e-05,-7.604459540460e-08
Offset_RevB_Chip_2_wiShield_Gmx_default_OSC_default_Vsup_pm6V_20260909,1,379,2026-09-09T09:47:59.834296+00:00,2.497030000000e+02,-9.086332000000e-05,-9.077254745255e-08
Offset_RevB_Chip_2_wiShield_Gmx_default_OSC_default_Vsup_pm6V_20260909,1,380,2026-09-09T09:48:00.490296+00:00,2.503590000000e+02,-5.663481000000e-05,-5.657823176823e-08
Offset_RevB_Chip_2_wiShield_Gmx_default_OSC_default_Vsup_pm6V_20260909,1,381,2026-09-09T09:48:01.154296+00:00,2.510230000000e+02,-7.035146000000e-05,-7.028117882118e-08
Offset_RevB_Chip_2_wiShield_Gmx_default_OSC_default_Vsup_pm6V_20260909,1,382,2026-09-09T09:48:01.818796+00:00,2.516875000000e+02,-6.275278000000e-05,-6.269008991009e-08
Offset_RevB_Chip_2_wiShield_Gmx_default_OSC_default_Vsup_pm6V_20260909,1,383,2026-09-09T09:48:02.475296+00:00,2.523440000000e+02,-5.441393000000e-05,-5.435957042957e-08
Offset_RevB_Chip_2_wiShield_Gmx_default_OSC_default_Vsup_pm6V_20260909,1,384,2026-09-09T09:48:03.131296+00:00,2.530000000000e+02,-7.301214000000e-05,-7.293920079920e-08
Offset_RevB_Chip_2_wiShield_Gmx_default_OSC_default_Vsup_pm6V_20260909,1,385,2026-09-09T09:48:03.795296+00:00,2.536640000000e+02,-7.118290000000e-05,-7.111178821179e-08
Offset_RevB_Chip_2_wiShield_Gmx_default_OSC_default_Vsup_pm6V_20260909,1,386,2026-09-09T09:48:04.459296+00:00,2.543280000000e+02,-6.311140000000e-05,-6.304835164835e-08
Offset_RevB_Chip_2_wiShield_Gmx_default_OSC_default_Vsup_pm6V_20260909,1,387,2026-09-09T09:48:05.115296+00:00,2.549840000000e+02,-7.727821000000e-05,-7.720100899101e-08
Offset_RevB_Chip_2_wiShield_Gmx_default_OSC_default_Vsup_pm6V_20260909,1,388,2026-09-09T09:48:05.771796+00:00,2.556405000000e+02,-5.529042000000e-05,-5.523518481518e-08
Offset_RevB_Chip_2_wiShield_Gmx_default_OSC_default_Vsup_pm6V_20260909,1,389,2026-09-09T09:48:06.428296+00:00,2.562970000000e+02,-4.644148000000e-05,-4.639508491508e-08
Offset_RevB_Chip_2_wiShield_Gmx_default_OSC_default_Vsup_pm6V_20260909,1,390,2026-09-09T09:48:07.092296+00:00,2.569610000000e+02,-7.845856000000e-05,-7.838017982018e-08
Offset_RevB_Chip_2_wiShield_Gmx_default_OSC_default_Vsup_pm6V_20260909,1,391,2026-09-09T09:48:07.756296+00:00,2.576250000000e+02,-6.589947000000e-05,-6.583363636364e-08
Offset_RevB_Chip_2_wiShield_Gmx_default_OSC_default_Vsup_pm6V_20260909,1,392,2026-09-09T09:48:08.412296+00:00,2.582810000000e+02,-5.949073000000e-05,-5.943129870130e-08
Offset_RevB_Chip_2_wiShield_Gmx_default_OSC_default_Vsup_pm6V_20260909,1,393,2026-09-09T09:48:09.068796+00:00,2.589375000000e+02,-6.506338000000e-05,-6.499838161838e-08
Offset_RevB_Chip_2_wiShield_Gmx_default_OSC_default_Vsup_pm6V_20260909,1,394,2026-09-09T09:48:09.725296+00:00,2.595940000000e+02,-7.756860000000e-05,-7.749110889111e-08
Offset_RevB_Chip_2_wiShield_Gmx_default_OSC_default_Vsup_pm6V_20260909,1,395,2026-09-09T09:48:10.389296+00:00,2.602580000000e+02,-6.933346000000e-05,-6.926419580420e-08
Offset_RevB_Chip_2_wiShield_Gmx_default_OSC_default_Vsup_pm6V_20260909,1,396,2026-09-09T09:48:11.053296+00:00,2.609220000000e+02,-6.643391000000e-05,-6.636754245754e-08
Offset_RevB_Chip_2_wiShield_Gmx_default_OSC_default_Vsup_pm6V_20260909,1,397,2026-09-09T09:48:11.709296+00:00,2.615780000000e+02,-6.363587000000e-05,-6.357229770230e-08
Offset_RevB_Chip_2_wiShield_Gmx_default_OSC_default_Vsup_pm6V_20260909,1,398,2026-09-09T09:48:12.365296+00:00,2.622340000000e+02,-7.259900000000e-05,-7.252647352647e-08
Offset_RevB_Chip_2_wiShield_Gmx_default_OSC_default_Vsup_pm6V_20260909,1,399,2026-09-09T09:48:13.029296+00:00,2.628980000000e+02,-7.779037000000e-05,-7.771265734266e-08
Offset_RevB_Chip_2_wiShield_Gmx_default_OSC_default_Vsup_pm6V_20260909,1,400,2026-09-09T09:48:13.693796+00:00,2.635625000000e+02,-6.562876000000e-05,-6.556319680320e-08
Offset_RevB_Chip_2_wiShield_Gmx_default_OSC_default_Vsup_pm6V_20260909,1,401,2026-09-09T09:48:14.350296+00:00,2.642190000000e+02,-7.412283000000e-05,-7.404878121878e-08
Offset_RevB_Chip_2_wiShield_Gmx_default_OSC_default_Vsup_pm6V_20260909,1,402,2026-09-09T09:48:15.006296+00:00,2.648750000000e+02,-7.366076000000e-05,-7.358717282717e-08
Offset_RevB_Chip_2_wiShield_Gmx_default_OSC_default_Vsup_pm6V_20260909,1,403,2026-09-09T09:48:15.670296+00:00,2.655390000000e+02,-6.562889000000e-05,-6.556332667333e-08
Offset_RevB_Chip_2_wiShield_Gmx_default_OSC_default_Vsup_pm6V_20260909,1,404,2026-09-09T09:48:16.334296+00:00,2.662030000000e+02,-7.758634000000e-05,-7.750883116883e-08
Offset_RevB_Chip_2_wiShield_Gmx_default_OSC_default_Vsup_pm6V_20260909,1,405,2026-09-09T09:48:16.990296+00:00,2.668590000000e+02,-5.518594000000e-05,-5.513080919081e-08
Offset_RevB_Chip_2_wiShield_Gmx_default_OSC_default_Vsup_pm6V_20260909,1,406,2026-09-09T09:48:17.646796+00:00,2.675155000000e+02,-6.610869000000e-05,-6.604264735265e-08
Offset_RevB_Chip_2_wiShield_Gmx_default_OSC_default_Vsup_pm6V_20260909,1,407,2026-09-09T09:48:18.311296+00:00,2.681800000000e+02,-7.505694000000e-05,-7.498195804196e-08
Offset_RevB_Chip_2_wiShield_Gmx_default_OSC_default_Vsup_pm6V_20260909,1,408,2026-09-09T09:48:18.975296+00:00,2.688440000000e+02,-7.634436000000e-05,-7.626809190809e-08
Offset_RevB_Chip_2_wiShield_Gmx_default_OSC_default_Vsup_pm6V_20260909,1,409,2026-09-09T09:48:19.631296+00:00,2.695000000000e+02,-6.294490000000e-05,-6.288201798202e-08
Offset_RevB_Chip_2_wiShield_Gmx_default_OSC_default_Vsup_pm6V_20260909,1,410,2026-09-09T09:48:20.287296+00:00,2.701560000000e+02,-6.933605000000e-05,-6.926678321678e-08
Offset_RevB_Chip_2_wiShield_Gmx_default_OSC_default_Vsup_pm6V_20260909,1,411,2026-09-09T09:48:20.943796+00:00,2.708125000000e+02,-7.099879000000e-05,-7.092786213786e-08
Offset_RevB_Chip_2_wiShield_Gmx_default_OSC_default_Vsup_pm6V_20260909,1,412,2026-09-09T09:48:21.615296+00:00,2.714840000000e+02,-6.474929000000e-05,-6.468460539461e-08
Offset_RevB_Chip_2_wiShield_Gmx_default_OSC_default_Vsup_pm6V_20260909,1,413,2026-09-09T09:48:22.271796+00:00,2.721405000000e+02,-6.040127000000e-05,-6.034092907093e-08
Offset_RevB_Chip_2_wiShield_Gmx_default_OSC_default_Vsup_pm6V_20260909,1,414,2026-09-09T09:48:22.928296+00:00,2.727970000000e+02,-7.243692000000e-05,-7.236455544456e-08
Offset_RevB_Chip_2_wiShield_Gmx_default_OSC_default_Vsup_pm6V_20260909,1,415,2026-09-09T09:48:23.584296+00:00,2.734530000000e+02,-6.659472000000e-05,-6.652819180819e-08
Offset_RevB_Chip_2_wiShield_Gmx_default_OSC_default_Vsup_pm6V_20260909,1,416,2026-09-09T09:48:24.256296+00:00,2.741250000000e+02,-8.027447000000e-05,-8.019427572428e-08
Offset_RevB_Chip_2_wiShield_Gmx_default_OSC_default_Vsup_pm6V_20260909,1,417,2026-09-09T09:48:24.912296+00:00,2.747810000000e+02,-7.355966000000e-05,-7.348617382617e-08
Offset_RevB_Chip_2_wiShield_Gmx_default_OSC_default_Vsup_pm6V_20260909,1,418,2026-09-09T09:48:25.568796+00:00,2.754375000000e+02,-5.806827000000e-05,-5.801025974026e-08
Offset_RevB_Chip_2_wiShield_Gmx_default_OSC_default_Vsup_pm6V_20260909,1,419,2026-09-09T09:48:26.232796+00:00,2.761015000000e+02,-6.536219000000e-05,-6.529689310689e-08
Offset_RevB_Chip_2_wiShield_Gmx_default_OSC_default_Vsup_pm6V_20260909,1,420,2026-09-09T09:48:26.896796+00:00,2.767655000000e+02,-6.112538000000e-05,-6.106431568432e-08
Offset_RevB_Chip_2_wiShield_Gmx_default_OSC_default_Vsup_pm6V_20260909,1,421,2026-09-09T09:48:27.553296+00:00,2.774220000000e+02,-6.247261000000e-05,-6.241019980020e-08
Offset_RevB_Chip_2_wiShield_Gmx_default_OSC_default_Vsup_pm6V_20260909,1,422,2026-09-09T09:48:28.209296+00:00,2.780780000000e+02,-4.901503000000e-05,-4.896606393606e-08
Offset_RevB_Chip_2_wiShield_Gmx_default_OSC_default_Vsup_pm6V_20260909,1,423,2026-09-09T09:48:28.865296+00:00,2.787340000000e+02,-5.889518000000e-05,-5.883634365634e-08
Offset_RevB_Chip_2_wiShield_Gmx_default_OSC_default_Vsup_pm6V_20260909,1,424,2026-09-09T09:48:29.537296+00:00,2.794060000000e+02,-6.906301000000e-05,-6.899401598402e-08
Offset_RevB_Chip_2_wiShield_Gmx_default_OSC_default_Vsup_pm6V_20260909,1,425,2026-09-09T09:48:30.193796+00:00,2.800625000000e+02,-5.921691000000e-05,-5.915775224775e-08
Offset_RevB_Chip_2_wiShield_Gmx_default_OSC_default_Vsup_pm6V_20260909,1,426,2026-09-09T09:48:30.850296+00:00,2.807190000000e+02,-7.075708000000e-05,-7.068639360639e-08
Offset_RevB_Chip_2_wiShield_Gmx_default_OSC_default_Vsup_pm6V_20260909,1,427,2026-09-09T09:48:31.514296+00:00,2.813830000000e+02,-5.111123000000e-05,-5.106016983017e-08
Offset_RevB_Chip_2_wiShield_Gmx_default_OSC_default_Vsup_pm6V_20260909,1,428,2026-09-09T09:48:32.178296+00:00,2.820470000000e+02,-6.505431000000e-05,-6.498932067932e-08
Offset_RevB_Chip_2_wiShield_Gmx_default_OSC_default_Vsup_pm6V_20260909,1,429,2026-09-09T09:48:32.834296+00:00,2.827030000000e+02,-6.268623000000e-05,-6.262360639361e-08
Offset_RevB_Chip_2_wiShield_Gmx_default_OSC_default_Vsup_pm6V_20260909,1,430,2026-09-09T09:48:33.490296+00:00,2.833590000000e+02,-5.559415000000e-05,-5.553861138861e-08
Offset_RevB_Chip_2_wiShield_Gmx_default_OSC_default_Vsup_pm6V_20260909,1,431,2026-09-09T09:48:34.154296+00:00,2.840230000000e+02,-6.437267000000e-05,-6.430836163836e-08
Offset_RevB_Chip_2_wiShield_Gmx_default_OSC_default_Vsup_pm6V_20260909,1,432,2026-09-09T09:48:34.818796+00:00,2.846875000000e+02,-7.433308000000e-05,-7.425882117882e-08
Offset_RevB_Chip_2_wiShield_Gmx_default_OSC_default_Vsup_pm6V_20260909,1,433,2026-09-09T09:48:35.475296+00:00,2.853440000000e+02,-7.357065000000e-05,-7.349715284715e-08
Offset_RevB_Chip_2_wiShield_Gmx_default_OSC_default_Vsup_pm6V_20260909,1,434,2026-09-09T09:48:36.131296+00:00,2.860000000000e+02,-7.583089000000e-05,-7.575513486513e-08
Offset_RevB_Chip_2_wiShield_Gmx_default_OSC_default_Vsup_pm6V_20260909,1,435,2026-09-09T09:48:36.795296+00:00,2.866640000000e+02,-8.356331000000e-05,-8.347983016983e-08
Offset_RevB_Chip_2_wiShield_Gmx_default_OSC_default_Vsup_pm6V_20260909,1,436,2026-09-09T09:48:37.459296+00:00,2.873280000000e+02,-7.782701000000e-05,-7.774926073926e-08
Offset_RevB_Chip_2_wiShield_Gmx_default_OSC_default_Vsup_pm6V_20260909,1,437,2026-09-09T09:48:38.115296+00:00,2.879840000000e+02,-7.605020000000e-05,-7.597422577423e-08
Offset_RevB_Chip_2_wiShield_Gmx_default_OSC_default_Vsup_pm6V_20260909,1,438,2026-09-09T09:48:38.771796+00:00,2.886405000000e+02,-7.289768000000e-05,-7.282485514486e-08
Offset_RevB_Chip_2_wiShield_Gmx_default_OSC_default_Vsup_pm6V_20260909,1,439,2026-09-09T09:48:39.436296+00:00,2.893050000000e+02,-8.424935000000e-05,-8.416518481518e-08
Offset_RevB_Chip_2_wiShield_Gmx_default_OSC_default_Vsup_pm6V_20260909,1,440,2026-09-09T09:48:40.100296+00:00,2.899690000000e+02,-8.531137000000e-05,-8.522614385614e-08
Offset_RevB_Chip_2_wiShield_Gmx_default_OSC_default_Vsup_pm6V_20260909,1,441,2026-09-09T09:48:40.756296+00:00,2.906250000000e+02,-7.740002000000e-05,-7.732269730270e-08
Offset_RevB_Chip_2_wiShield_Gmx_default_OSC_default_Vsup_pm6V_20260909,1,442,2026-09-09T09:48:41.412296+00:00,2.912810000000e+02,-7.351355000000e-05,-7.344010989011e-08
Offset_RevB_Chip_2_wiShield_Gmx_default_OSC_default_Vsup_pm6V_20260909,1,443,2026-09-09T09:48:42.076296+00:00,2.919450000000e+02,-8.570844000000e-05,-8.562281718282e-08
Offset_RevB_Chip_2_wiShield_Gmx_default_OSC_default_Vsup_pm6V_20260909,1,444,2026-09-09T09:48:42.740296+00:00,2.926090000000e+02,-7.181093000000e-05,-7.173919080919e-08
Offset_RevB_Chip_2_wiShield_Gmx_default_OSC_default_Vsup_pm6V_20260909,1,445,2026-09-09T09:48:43.396796+00:00,2.932655000000e+02,-6.241395000000e-05,-6.235159840160e-08
Offset_RevB_Chip_2_wiShield_Gmx_default_OSC_default_Vsup_pm6V_20260909,1,446,2026-09-09T09:48:44.061296+00:00,2.939300000000e+02,-7.620789000000e-05,-7.613175824176e-08
Offset_RevB_Chip_2_wiShield_Gmx_default_OSC_default_Vsup_pm6V_20260909,1,447,2026-09-09T09:48:44.725296+00:00,2.945940000000e+02,-7.708930000000e-05,-7.701228771229e-08
Offset_RevB_Chip_2_wiShield_Gmx_default_OSC_default_Vsup_pm6V_20260909,1,448,2026-09-09T09:48:45.381296+00:00,2.952500000000e+02,-6.406025000000e-05,-6.399625374625e-08
Offset_RevB_Chip_2_wiShield_Gmx_default_OSC_default_Vsup_pm6V_20260909,1,449,2026-09-09T09:48:46.037296+00:00,2.959060000000e+02,-6.736192000000e-05,-6.729462537463e-08
Offset_RevB_Chip_2_wiShield_Gmx_default_OSC_default_Vsup_pm6V_20260909,1,450,2026-09-09T09:48:46.701296+00:00,2.965700000000e+02,-8.224442000000e-05,-8.216225774226e-08
Offset_RevB_Chip_2_wiShield_Gmx_default_OSC_default_Vsup_pm6V_20260909,1,451,2026-09-09T09:48:47.365296+00:00,2.972340000000e+02,-9.633936000000e-05,-9.624311688312e-08
Offset_RevB_Chip_2_wiShield_Gmx_default_OSC_default_Vsup_pm6V_20260909,1,452,2026-09-09T09:48:48.021796+00:00,2.978905000000e+02,-7.103036000000e-05,-7.095940059940e-08
Offset_RevB_Chip_2_wiShield_Gmx_default_OSC_default_Vsup_pm6V_20260909,1,453,2026-09-09T09:48:48.678296+00:00,2.985470000000e+02,-8.912299000000e-05,-8.903395604396e-08
Offset_RevB_Chip_2_wiShield_Gmx_default_OSC_default_Vsup_pm6V_20260909,1,454,2026-09-09T09:48:49.342296+00:00,2.992110000000e+02,-8.398108000000e-05,-8.389718281718e-08
Offset_RevB_Chip_2_wiShield_Gmx_default_OSC_default_Vsup_pm6V_20260909,1,455,2026-09-09T09:48:50.006296+00:00,2.998750000000e+02,-8.159267000000e-05,-8.151115884116e-08
Offset_RevB_Chip_2_wiShield_Gmx_default_OSC_default_Vsup_pm6V_20260909,1,456,2026-09-09T09:48:50.662296+00:00,3.005310000000e+02,-8.789668000000e-05,-8.780887112887e-08
Offset_RevB_Chip_2_wiShield_Gmx_default_OSC_default_Vsup_pm6V_20260909,1,457,2026-09-09T09:48:51.318796+00:00,3.011875000000e+02,-7.905059000000e-05,-7.897161838162e-08
Offset_RevB_Chip_2_wiShield_Gmx_default_OSC_default_Vsup_pm6V_20260909,1,458,2026-09-09T09:48:51.982796+00:00,3.018515000000e+02,-9.660412000000e-05,-9.650761238761e-08
Offset_RevB_Chip_2_wiShield_Gmx_default_OSC_default_Vsup_pm6V_20260909,1,459,2026-09-09T09:48:52.646796+00:00,3.025155000000e+02,-9.506993000000e-05,-9.497495504496e-08
Offset_RevB_Chip_2_wiShield_Gmx_default_OSC_default_Vsup_pm6V_20260909,1,460,2026-09-09T09:48:53.303296+00:00,3.031720000000e+02,-1.016504000000e-04,-1.015488511489e-07
Offset_RevB_Chip_2_wiShield_Gmx_default_OSC_default_Vsup_pm6V_20260909,1,461,2026-09-09T09:48:53.959296+00:00,3.038280000000e+02,-8.223354000000e-05,-8.215138861139e-08
Offset_RevB_Chip_2_wiShield_Gmx_default_OSC_default_Vsup_pm6V_20260909,1,462,2026-09-09T09:48:54.631296+00:00,3.045000000000e+02,-8.855102000000e-05,-8.846255744256e-08
Offset_RevB_Chip_2_wiShield_Gmx_default_OSC_default_Vsup_pm6V_20260909,1,463,2026-09-09T09:48:55.287296+00:00,3.051560000000e+02,-9.376698000000e-05,-9.367330669331e-08
Offset_RevB_Chip_2_wiShield_Gmx_default_OSC_default_Vsup_pm6V_20260909,1,464,2026-09-09T09:48:55.943796+00:00,3.058125000000e+02,-9.294098000000e-05,-9.284813186813e-08
Offset_RevB_Chip_2_wiShield_Gmx_default_OSC_default_Vsup_pm6V_20260909,1,465,2026-09-09T09:48:56.600296+00:00,3.064690000000e+02,-8.762351000000e-05,-8.753597402597e-08
Offset_RevB_Chip_2_wiShield_Gmx_default_OSC_default_Vsup_pm6V_20260909,1,466,2026-09-09T09:48:57.264296+00:00,3.071330000000e+02,-1.025798000000e-04,-1.024773226773e-07
Offset_RevB_Chip_2_wiShield_Gmx_default_OSC_default_Vsup_pm6V_20260909,1,467,2026-09-09T09:48:57.928296+00:00,3.077970000000e+02,-9.091780000000e-05,-9.082697302697e-08
Offset_RevB_Chip_2_wiShield_Gmx_default_OSC_default_Vsup_pm6V_20260909,1,468,2026-09-09T09:48:58.584296+00:00,3.084530000000e+02,-9.239061000000e-05,-9.229831168831e-08
Offset_RevB_Chip_2_wiShield_Gmx_default_OSC_default_Vsup_pm6V_20260909,1,469,2026-09-09T09:48:59.240296+00:00,3.091090000000e+02,-8.008839000000e-05,-8.000838161838e-08
Offset_RevB_Chip_2_wiShield_Gmx_default_OSC_default_Vsup_pm6V_20260909,1,470,2026-09-09T09:48:59.904296+00:00,3.097730000000e+02,-9.470832000000e-05,-9.461370629371e-08
Offset_RevB_Chip_2_wiShield_Gmx_default_OSC_default_Vsup_pm6V_20260909,1,471,2026-09-09T09:49:00.568796+00:00,3.104375000000e+02,-9.877618000000e-05,-9.867750249750e-08
Offset_RevB_Chip_2_wiShield_Gmx_default_OSC_default_Vsup_pm6V_20260909,1,472,2026-09-09T09:49:01.225296+00:00,3.110940000000e+02,-1.076765000000e-04,-1.075689310689e-07
Offset_RevB_Chip_2_wiShield_Gmx_default_OSC_default_Vsup_pm6V_20260909,1,473,2026-09-09T09:49:01.889296+00:00,3.117580000000e+02,-8.879246000000e-05,-8.870375624376e-08
Offset_RevB_Chip_2_wiShield_Gmx_default_OSC_default_Vsup_pm6V_20260909,1,474,2026-09-09T09:49:02.553296+00:00,3.124220000000e+02,-9.276994000000e-05,-9.267726273726e-08
Offset_RevB_Chip_2_wiShield_Gmx_default_OSC_default_Vsup_pm6V_20260909,1,475,2026-09-09T09:49:03.209296+00:00,3.130780000000e+02,-1.027430000000e-04,-1.026403596404e-07
Offset_RevB_Chip_2_wiShield_Gmx_default_OSC_default_Vsup_pm6V_20260909,1,476,2026-09-09T09:49:03.865296+00:00,3.137340000000e+02,-1.086013000000e-04,-1.084928071928e-07
Offset_RevB_Chip_2_wiShield_Gmx_default_OSC_default_Vsup_pm6V_20260909,1,477,2026-09-09T09:49:04.521796+00:00,3.143905000000e+02,-9.604300000000e-05,-9.594705294705e-08
Offset_RevB_Chip_2_wiShield_Gmx_default_OSC_default_Vsup_pm6V_20260909,1,478,2026-09-09T09:49:05.186296+00:00,3.150550000000e+02,-1.051765000000e-04,-1.050714285714e-07
Offset_RevB_Chip_2_wiShield_Gmx_default_OSC_default_Vsup_pm6V_20260909,1,479,2026-09-09T09:49:05.850296+00:00,3.157190000000e+02,-1.159012000000e-04,-1.157854145854e-07
Offset_RevB_Chip_2_wiShield_Gmx_default_OSC_default_Vsup_pm6V_20260909,1,480,2026-09-09T09:49:06.506296+00:00,3.163750000000e+02,-1.111865000000e-04,-1.110754245754e-07
Offset_RevB_Chip_2_wiShield_Gmx_default_OSC_default_Vsup_pm6V_20260909,1,481,2026-09-09T09:49:07.162296+00:00,3.170310000000e+02,-1.074839000000e-04,-1.073765234765e-07
Offset_RevB_Chip_2_wiShield_Gmx_default_OSC_default_Vsup_pm6V_20260909,1,482,2026-09-09T09:49:07.834296+00:00,3.177030000000e+02,-1.143164000000e-04,-1.142021978022e-07
Offset_RevB_Chip_2_wiShield_Gmx_default_OSC_default_Vsup_pm6V_20260909,1,483,2026-09-09T09:49:08.490296+00:00,3.183590000000e+02,-1.052265000000e-04,-1.051213786214e-07
Offset_RevB_Chip_2_wiShield_Gmx_default_OSC_default_Vsup_pm6V_20260909,1,484,2026-09-09T09:49:09.146796+00:00,3.190155000000e+02,-1.058812000000e-04,-1.057754245754e-07
Offset_RevB_Chip_2_wiShield_Gmx_default_OSC_default_Vsup_pm6V_20260909,1,485,2026-09-09T09:49:09.811296+00:00,3.196800000000e+02,-9.055656000000e-05,-9.046609390609e-08
Offset_RevB_Chip_2_wiShield_Gmx_default_OSC_default_Vsup_pm6V_20260909,1,486,2026-09-09T09:49:10.475296+00:00,3.203440000000e+02,-9.376734000000e-05,-9.367366633367e-08
Offset_RevB_Chip_2_wiShield_Gmx_default_OSC_default_Vsup_pm6V_20260909,1,487,2026-09-09T09:49:11.131296+00:00,3.210000000000e+02,-9.851166000000e-05,-9.841324675325e-08
Offset_RevB_Chip_2_wiShield_Gmx_default_OSC_default_Vsup_pm6V_20260909,1,488,2026-09-09T09:49:11.787296+00:00,3.216560000000e+02,-9.027678000000e-05,-9.018659340659e-08
Offset_RevB_Chip_2_wiShield_Gmx_default_OSC_default_Vsup_pm6V_20260909,1,489,2026-09-09T09:49:12.443796+00:00,3.223125000000e+02,-1.034569000000e-04,-1.033535464535e-07
Offset_RevB_Chip_2_wiShield_Gmx_default_OSC_default_Vsup_pm6V_20260909,1,490,2026-09-09T09:49:13.107796+00:00,3.229765000000e+02,-1.090226000000e-04,-1.089136863137e-07
Offset_RevB_Chip_2_wiShield_Gmx_default_OSC_default_Vsup_pm6V_20260909,1,491,2026-09-09T09:49:13.771796+00:00,3.236405000000e+02,-1.008661000000e-04,-1.007653346653e-07
Offset_RevB_Chip_2_wiShield_Gmx_default_OSC_default_Vsup_pm6V_20260909,1,492,2026-09-09T09:49:14.428296+00:00,3.242970000000e+02,-1.132495000000e-04,-1.131363636364e-07
Offset_RevB_Chip_2_wiShield_Gmx_default_OSC_default_Vsup_pm6V_20260909,1,493,2026-09-09T09:49:15.084296+00:00,3.249530000000e+02,-9.381240000000e-05,-9.371868131868e-08
Offset_RevB_Chip_2_wiShield_Gmx_default_OSC_default_Vsup_pm6V_20260909,1,494,2026-09-09T09:49:15.756296+00:00,3.256250000000e+02,-1.080132000000e-04,-1.079052947053e-07
Offset_RevB_Chip_2_wiShield_Gmx_default_OSC_default_Vsup_pm6V_20260909,1,495,2026-09-09T09:49:16.412296+00:00,3.262810000000e+02,-9.856345000000e-05,-9.846498501499e-08
Offset_RevB_Chip_2_wiShield_Gmx_default_OSC_default_Vsup_pm6V_20260909,1,496,2026-09-09T09:49:17.068796+00:00,3.269375000000e+02,-9.241895000000e-05,-9.232662337662e-08
Offset_RevB_Chip_2_wiShield_Gmx_default_OSC_default_Vsup_pm6V_20260909,1,497,2026-09-09T09:49:17.725296+00:00,3.275940000000e+02,-8.968318000000e-05,-8.959358641359e-08
Offset_RevB_Chip_2_wiShield_Gmx_default_OSC_default_Vsup_pm6V_20260909,1,498,2026-09-09T09:49:18.389296+00:00,3.282580000000e+02,-9.183686000000e-05,-9.174511488511e-08
Offset_RevB_Chip_2_wiShield_Gmx_default_OSC_default_Vsup_pm6V_20260909,1,499,2026-09-09T09:49:19.053296+00:00,3.289220000000e+02,-9.848461000000e-05,-9.838622377622e-08
Offset_RevB_Chip_2_wiShield_Gmx_default_OSC_default_Vsup_pm6V_20260909,1,500,2026-09-09T09:49:19.709296+00:00,3.295780000000e+02,-1.067486000000e-04,-1.066419580420e-07
Offset_RevB_Chip_2_wiShield_Gmx_default_OSC_default_Vsup_pm6V_20260909,1,501,2026-09-09T09:49:20.365296+00:00,3.302340000000e+02,-1.001086000000e-04,-1.000085914086e-07
Offset_RevB_Chip_2_wiShield_Gmx_default_OSC_default_Vsup_pm6V_20260909,1,502,2026-09-09T09:49:21.029296+00:00,3.308980000000e+02,-9.856047000000e-05,-9.846200799201e-08
Offset_RevB_Chip_2_wiShield_Gmx_default_OSC_default_Vsup_pm6V_20260909,1,503,2026-09-09T09:49:21.693796+00:00,3.315625000000e+02,-1.054296000000e-04,-1.053242757243e-07
Offset_RevB_Chip_2_wiShield_Gmx_default_OSC_default_Vsup_pm6V_20260909,1,504,2026-09-09T09:49:22.350296+00:00,3.322190000000e+02,-1.068222000000e-04,-1.067154845155e-07
Offset_RevB_Chip_2_wiShield_Gmx_default_OSC_default_Vsup_pm6V_20260909,1,505,2026-09-09T09:49:23.006296+00:00,3.328750000000e+02,-1.061283000000e-04,-1.060222777223e-07
Offset_RevB_Chip_2_wiShield_Gmx_default_OSC_default_Vsup_pm6V_20260909,1,506,2026-09-09T09:49:23.662296+00:00,3.335310000000e+02,-9.781876000000e-05,-9.772103896104e-08
Offset_RevB_Chip_2_wiShield_Gmx_default_OSC_default_Vsup_pm6V_20260909,1,507,2026-09-09T09:49:24.326296+00:00,3.341950000000e+02,-1.033574000000e-04,-1.032541458541e-07
Offset_RevB_Chip_2_wiShield_Gmx_default_OSC_default_Vsup_pm6V_20260909,1,508,2026-09-09T09:49:24.990296+00:00,3.348590000000e+02,-9.839359000000e-05,-9.829529470529e-08
Offset_RevB_Chip_2_wiShield_Gmx_default_OSC_default_Vsup_pm6V_20260909,1,509,2026-09-09T09:49:25.646796+00:00,3.355155000000e+02,-9.955142000000e-05,-9.945196803197e-08
Offset_RevB_Chip_2_wiShield_Gmx_default_OSC_default_Vsup_pm6V_20260909,1,510,2026-09-09T09:49:26.303296+00:00,3.361720000000e+02,-9.752811000000e-05,-9.743067932068e-08
Offset_RevB_Chip_2_wiShield_Gmx_default_OSC_default_Vsup_pm6V_20260909,1,511,2026-09-09T09:49:26.967296+00:00,3.368360000000e+02,-9.328716000000e-05,-9.319396603397e-08
Offset_RevB_Chip_2_wiShield_Gmx_default_OSC_default_Vsup_pm6V_20260909,1,512,2026-09-09T09:49:27.631296+00:00,3.375000000000e+02,-1.131897000000e-04,-1.130766233766e-07
Offset_RevB_Chip_2_wiShield_Gmx_default_OSC_default_Vsup_pm6V_20260909,1,513,2026-09-09T09:49:28.287296+00:00,3.381560000000e+02,-8.803390000000e-05,-8.794595404595e-08
Offset_RevB_Chip_2_wiShield_Gmx_default_OSC_default_Vsup_pm6V_20260909,1,514,2026-09-09T09:49:28.943796+00:00,3.388125000000e+02,-7.225395000000e-05,-7.218176823177e-08
Offset_RevB_Chip_2_wiShield_Gmx_default_OSC_default_Vsup_pm6V_20260909,1,515,2026-09-09T09:49:29.600296+00:00,3.394690000000e+02,-8.808129000000e-05,-8.799329670330e-08
Offset_RevB_Chip_2_wiShield_Gmx_default_OSC_default_Vsup_pm6V_20260909,1,516,2026-09-09T09:49:30.264296+00:00,3.401330000000e+02,-7.899336000000e-05,-7.891444555445e-08
Offset_RevB_Chip_2_wiShield_Gmx_default_OSC_default_Vsup_pm6V_20260909,1,517,2026-09-09T09:49:30.928296+00:00,3.407970000000e+02,-7.756210000000e-05,-7.748461538462e-08
Offset_RevB_Chip_2_wiShield_Gmx_default_OSC_default_Vsup_pm6V_20260909,1,518,2026-09-09T09:49:31.584296+00:00,3.414530000000e+02,-8.086520000000e-05,-8.078441558442e-08
Offset_RevB_Chip_2_wiShield_Gmx_default_OSC_default_Vsup_pm6V_20260909,1,519,2026-09-09T09:49:32.240296+00:00,3.421090000000e+02,-7.909681000000e-05,-7.901779220779e-08
Offset_RevB_Chip_2_wiShield_Gmx_default_OSC_default_Vsup_pm6V_20260909,1,520,2026-09-09T09:49:32.896796+00:00,3.427655000000e+02,-7.614211000000e-05,-7.606604395604e-08
Offset_RevB_Chip_2_wiShield_Gmx_default_OSC_default_Vsup_pm6V_20260909,1,521,2026-09-09T09:49:33.561296+00:00,3.434300000000e+02,-7.800009000000e-05,-7.792216783217e-08
Offset_RevB_Chip_2_wiShield_Gmx_default_OSC_default_Vsup_pm6V_20260909,1,522,2026-09-09T09:49:34.225296+00:00,3.440940000000e+02,-7.075149000000e-05,-7.068080919081e-08
Offset_RevB_Chip_2_wiShield_Gmx_default_OSC_default_Vsup_pm6V_20260909,1,523,2026-09-09T09:49:34.881296+00:00,3.447500000000e+02,-8.209241000000e-05,-8.201039960040e-08
Offset_RevB_Chip_2_wiShield_Gmx_default_OSC_default_Vsup_pm6V_20260909,1,524,2026-09-09T09:49:35.537296+00:00,3.454060000000e+02,-8.385056000000e-05,-8.376679320679e-08
Offset_RevB_Chip_2_wiShield_Gmx_default_OSC_default_Vsup_pm6V_20260909,1,525,2026-09-09T09:49:36.201296+00:00,3.460700000000e+02,-7.895101000000e-05,-7.887213786214e-08
Offset_RevB_Chip_2_wiShield_Gmx_default_OSC_default_Vsup_pm6V_20260909,1,526,2026-09-09T09:49:36.865296+00:00,3.467340000000e+02,-7.927170000000e-05,-7.919250749251e-08
Offset_RevB_Chip_2_wiShield_Gmx_default_OSC_default_Vsup_pm6V_20260909,1,527,2026-09-09T09:49:37.521796+00:00,3.473905000000e+02,-6.959728000000e-05,-6.952775224775e-08
Offset_RevB_Chip_2_wiShield_Gmx_default_OSC_default_Vsup_pm6V_20260909,1,528,2026-09-09T09:49:38.178296+00:00,3.480470000000e+02,-6.930973000000e-05,-6.924048951049e-08
Offset_RevB_Chip_2_wiShield_Gmx_default_OSC_default_Vsup_pm6V_20260909,1,529,2026-09-09T09:49:38.834296+00:00,3.487030000000e+02,-7.587721000000e-05,-7.580140859141e-08
Offset_RevB_Chip_2_wiShield_Gmx_default_OSC_default_Vsup_pm6V_20260909,1,530,2026-09-09T09:49:39.498296+00:00,3.493670000000e+02,-7.993911000000e-05,-7.985925074925e-08
Offset_RevB_Chip_2_wiShield_Gmx_default_OSC_default_Vsup_pm6V_20260909,1,531,2026-09-09T09:49:40.162296+00:00,3.500310000000e+02,-8.480176000000e-05,-8.471704295704e-08
Offset_RevB_Chip_2_wiShield_Gmx_default_OSC_default_Vsup_pm6V_20260909,1,532,2026-09-09T09:49:40.818796+00:00,3.506875000000e+02,-7.000433000000e-05,-6.993439560440e-08
Offset_RevB_Chip_2_wiShield_Gmx_default_OSC_default_Vsup_pm6V_20260909,1,533,2026-09-09T09:49:41.475296+00:00,3.513440000000e+02,-7.965688000000e-05,-7.957730269730e-08
Offset_RevB_Chip_2_wiShield_Gmx_default_OSC_default_Vsup_pm6V_20260909,1,534,2026-09-09T09:49:42.131296+00:00,3.520000000000e+02,-8.823148000000e-05,-8.814333666334e-08
Offset_RevB_Chip_2_wiShield_Gmx_default_OSC_default_Vsup_pm6V_20260909,1,535,2026-09-09T09:49:42.803296+00:00,3.526720000000e+02,-7.270838000000e-05,-7.263574425574e-08
Offset_RevB_Chip_2_wiShield_Gmx_default_OSC_default_Vsup_pm6V_20260909,1,536,2026-09-09T09:49:43.459296+00:00,3.533280000000e+02,-7.571953000000e-05,-7.564388611389e-08
Offset_RevB_Chip_2_wiShield_Gmx_default_OSC_default_Vsup_pm6V_20260909,1,537,2026-09-09T09:49:44.115296+00:00,3.539840000000e+02,-7.984991000000e-05,-7.977013986014e-08
Offset_RevB_Chip_2_wiShield_Gmx_default_OSC_default_Vsup_pm6V_20260909,1,538,2026-09-09T09:49:44.771796+00:00,3.546405000000e+02,-7.174554000000e-05,-7.167386613387e-08
Offset_RevB_Chip_2_wiShield_Gmx_default_OSC_default_Vsup_pm6V_20260909,1,539,2026-09-09T09:49:45.436296+00:00,3.553050000000e+02,-8.339433000000e-05,-8.331101898102e-08
Offset_RevB_Chip_2_wiShield_Gmx_default_OSC_default_Vsup_pm6V_20260909,1,540,2026-09-09T09:49:46.100296+00:00,3.559690000000e+02,-7.610896000000e-05,-7.603292707293e-08
Offset_RevB_Chip_2_wiShield_Gmx_default_OSC_default_Vsup_pm6V_20260909,1,541,2026-09-09T09:49:46.756296+00:00,3.566250000000e+02,-8.724481000000e-05,-8.715765234765e-08
Offset_RevB_Chip_2_wiShield_Gmx_default_OSC_default_Vsup_pm6V_20260909,1,542,2026-09-09T09:49:47.412296+00:00,3.572810000000e+02,-7.562281000000e-05,-7.554726273726e-08
Offset_RevB_Chip_2_wiShield_Gmx_default_OSC_default_Vsup_pm6V_20260909,1,543,2026-09-09T09:49:48.068796+00:00,3.579375000000e+02,-8.641376000000e-05,-8.632743256743e-08
Offset_RevB_Chip_2_wiShield_Gmx_default_OSC_default_Vsup_pm6V_20260909,1,544,2026-09-09T09:49:48.732796+00:00,3.586015000000e+02,-8.262374000000e-05,-8.254119880120e-08
Offset_RevB_Chip_2_wiShield_Gmx_default_OSC_default_Vsup_pm6V_20260909,1,545,2026-09-09T09:49:49.396796+00:00,3.592655000000e+02,-7.517059000000e-05,-7.509549450549e-08
Offset_RevB_Chip_2_wiShield_Gmx_default_OSC_default_Vsup_pm6V_20260909,1,546,2026-09-09T09:49:50.053296+00:00,3.599220000000e+02,-7.797277000000e-05,-7.789487512488e-08
Offset_RevB_Chip_2_wiShield_Gmx_default_OSC_default_Vsup_pm6V_20260909,1,547,2026-09-09T09:49:50.709296+00:00,3.605780000000e+02,-6.022271000000e-05,-6.016254745255e-08
Offset_RevB_Chip_2_wiShield_Gmx_default_OSC_default_Vsup_pm6V_20260909,1,548,2026-09-09T09:49:51.365296+00:00,3.612340000000e+02,-6.926300000000e-05,-6.919380619381e-08
Offset_RevB_Chip_2_wiShield_Gmx_default_OSC_default_Vsup_pm6V_20260909,1,549,2026-09-09T09:49:52.029296+00:00,3.618980000000e+02,-7.629190000000e-05,-7.621568431568e-08
Offset_RevB_Chip_2_wiShield_Gmx_default_OSC_default_Vsup_pm6V_20260909,1,550,2026-09-09T09:49:52.693796+00:00,3.625625000000e+02,-7.267472000000e-05,-7.260211788212e-08
Offset_RevB_Chip_2_wiShield_Gmx_default_OSC_default_Vsup_pm6V_20260909,1,551,2026-09-09T09:49:53.350296+00:00,3.632190000000e+02,-6.452309000000e-05,-6.445863136863e-08
Offset_RevB_Chip_2_wiShield_Gmx_default_OSC_default_Vsup_pm6V_20260909,1,552,2026-09-09T09:49:54.006296+00:00,3.638750000000e+02,-6.593972000000e-05,-6.587384615385e-08
Offset_RevB_Chip_2_wiShield_Gmx_default_OSC_default_Vsup_pm6V_20260909,1,553,2026-09-09T09:49:54.670296+00:00,3.645390000000e+02,-7.765169000000e-05,-7.757411588412e-08
Offset_RevB_Chip_2_wiShield_Gmx_default_OSC_default_Vsup_pm6V_20260909,1,554,2026-09-09T09:49:55.334296+00:00,3.652030000000e+02,-5.746273000000e-05,-5.740532467532e-08
Offset_RevB_Chip_2_wiShield_Gmx_default_OSC_default_Vsup_pm6V_20260909,1,555,2026-09-09T09:49:55.990296+00:00,3.658590000000e+02,-7.968562000000e-05,-7.960601398601e-08
Offset_RevB_Chip_2_wiShield_Gmx_default_OSC_default_Vsup_pm6V_20260909,1,556,2026-09-09T09:49:56.646796+00:00,3.665155000000e+02,-5.885788000000e-05,-5.879908091908e-08
Offset_RevB_Chip_2_wiShield_Gmx_default_OSC_default_Vsup_pm6V_20260909,1,557,2026-09-09T09:49:57.303296+00:00,3.671720000000e+02,-6.254303000000e-05,-6.248054945055e-08
Offset_RevB_Chip_2_wiShield_Gmx_default_OSC_default_Vsup_pm6V_20260909,1,558,2026-09-09T09:49:57.967296+00:00,3.678360000000e+02,-6.205429000000e-05,-6.199229770230e-08
Offset_RevB_Chip_2_wiShield_Gmx_default_OSC_default_Vsup_pm6V_20260909,1,559,2026-09-09T09:49:58.631296+00:00,3.685000000000e+02,-6.251325000000e-05,-6.245079920080e-08
Offset_RevB_Chip_2_wiShield_Gmx_default_OSC_default_Vsup_pm6V_20260909,1,560,2026-09-09T09:49:59.287296+00:00,3.691560000000e+02,-6.044812000000e-05,-6.038773226773e-08
Offset_RevB_Chip_2_wiShield_Gmx_default_OSC_default_Vsup_pm6V_20260909,1,561,2026-09-09T09:49:59.943796+00:00,3.698125000000e+02,-6.623232000000e-05,-6.616615384615e-08
Offset_RevB_Chip_2_wiShield_Gmx_default_OSC_default_Vsup_pm6V_20260909,1,562,2026-09-09T09:50:00.600296+00:00,3.704690000000e+02,-7.704644000000e-05,-7.696947052947e-08
Offset_RevB_Chip_2_wiShield_Gmx_default_OSC_default_Vsup_pm6V_20260909,1,563,2026-09-09T09:50:01.264296+00:00,3.711330000000e+02,-7.498830000000e-05,-7.491338661339e-08
Offset_RevB_Chip_2_wiShield_Gmx_default_OSC_default_Vsup_pm6V_20260909,1,564,2026-09-09T09:50:01.928296+00:00,3.717970000000e+02,-6.470281000000e-05,-6.463817182817e-08
Offset_RevB_Chip_2_wiShield_Gmx_default_OSC_default_Vsup_pm6V_20260909,1,565,2026-09-09T09:50:02.584296+00:00,3.724530000000e+02,-6.527246000000e-05,-6.520725274725e-08
Offset_RevB_Chip_2_wiShield_Gmx_default_OSC_default_Vsup_pm6V_20260909,1,566,2026-09-09T09:50:03.240296+00:00,3.731090000000e+02,-6.042832000000e-05,-6.036795204795e-08
Offset_RevB_Chip_2_wiShield_Gmx_default_OSC_default_Vsup_pm6V_20260909,1,567,2026-09-09T09:50:03.904296+00:00,3.737730000000e+02,-6.542679000000e-05,-6.536142857143e-08
Offset_RevB_Chip_2_wiShield_Gmx_default_OSC_default_Vsup_pm6V_20260909,1,568,2026-09-09T09:50:04.568796+00:00,3.744375000000e+02,-6.133627000000e-05,-6.127499500500e-08
Offset_RevB_Chip_2_wiShield_Gmx_default_OSC_default_Vsup_pm6V_20260909,1,569,2026-09-09T09:50:05.225296+00:00,3.750940000000e+02,-6.146678000000e-05,-6.140537462537e-08
Offset_RevB_Chip_2_wiShield_Gmx_default_OSC_default_Vsup_pm6V_20260909,1,570,2026-09-09T09:50:05.881296+00:00,3.757500000000e+02,-5.755312000000e-05,-5.749562437562e-08
Offset_RevB_Chip_2_wiShield_Gmx_default_OSC_default_Vsup_pm6V_20260909,1,571,2026-09-09T09:50:06.537296+00:00,3.764060000000e+02,-8.777720000000e-05,-8.768951048951e-08
Offset_RevB_Chip_2_wiShield_Gmx_default_OSC_default_Vsup_pm6V_20260909,1,572,2026-09-09T09:50:07.201296+00:00,3.770700000000e+02,-7.619817000000e-05,-7.612204795205e-08
Offset_RevB_Chip_2_wiShield_Gmx_default_OSC_default_Vsup_pm6V_20260909,1,573,2026-09-09T09:50:07.865296+00:00,3.777340000000e+02,-7.396383000000e-05,-7.388994005994e-08
Offset_RevB_Chip_2_wiShield_Gmx_default_OSC_default_Vsup_pm6V_20260909,1,574,2026-09-09T09:50:08.521796+00:00,3.783905000000e+02,-6.762875000000e-05,-6.756118881119e-08
Offset_RevB_Chip_2_wiShield_Gmx_default_OSC_default_Vsup_pm6V_20260909,1,575,2026-09-09T09:50:09.178296+00:00,3.790470000000e+02,-6.794905000000e-05,-6.788116883117e-08
Offset_RevB_Chip_2_wiShield_Gmx_default_OSC_default_Vsup_pm6V_20260909,1,576,2026-09-09T09:50:09.834296+00:00,3.797030000000e+02,-5.649925000000e-05,-5.644280719281e-08
Offset_RevB_Chip_2_wiShield_Gmx_default_OSC_default_Vsup_pm6V_20260909,1,577,2026-09-09T09:50:10.498296+00:00,3.803670000000e+02,-4.786871000000e-05,-4.782088911089e-08
Offset_RevB_Chip_2_wiShield_Gmx_default_OSC_default_Vsup_pm6V_20260909,1,578,2026-09-09T09:50:11.162296+00:00,3.810310000000e+02,-5.875417000000e-05,-5.869547452547e-08
Offset_RevB_Chip_2_wiShield_Gmx_default_OSC_default_Vsup_pm6V_20260909,1,579,2026-09-09T09:50:11.818796+00:00,3.816875000000e+02,-5.639761000000e-05,-5.634126873127e-08
Offset_RevB_Chip_2_wiShield_Gmx_default_OSC_default_Vsup_pm6V_20260909,1,580,2026-09-09T09:50:12.475296+00:00,3.823440000000e+02,-6.297311000000e-05,-6.291019980020e-08
Offset_RevB_Chip_2_wiShield_Gmx_default_OSC_default_Vsup_pm6V_20260909,1,581,2026-09-09T09:50:13.139296+00:00,3.830080000000e+02,-4.489485000000e-05,-4.485000000000e-08
Offset_RevB_Chip_2_wiShield_Gmx_default_OSC_default_Vsup_pm6V_20260909,1,582,2026-09-09T09:50:13.803296+00:00,3.836720000000e+02,-7.855045000000e-05,-7.847197802198e-08
Offset_RevB_Chip_2_wiShield_Gmx_default_OSC_default_Vsup_pm6V_20260909,1,583,2026-09-09T09:50:14.459296+00:00,3.843280000000e+02,-5.690887000000e-05,-5.685201798202e-08
Offset_RevB_Chip_2_wiShield_Gmx_default_OSC_default_Vsup_pm6V_20260909,1,584,2026-09-09T09:50:15.115296+00:00,3.849840000000e+02,-7.246278000000e-05,-7.239038961039e-08
Offset_RevB_Chip_2_wiShield_Gmx_default_OSC_default_Vsup_pm6V_20260909,1,585,2026-09-09T09:50:15.771796+00:00,3.856405000000e+02,-5.151903000000e-05,-5.146756243756e-08
Offset_RevB_Chip_2_wiShield_Gmx_default_OSC_default_Vsup_pm6V_20260909,1,586,2026-09-09T09:50:16.436296+00:00,3.863050000000e+02,-6.218854000000e-05,-6.212641358641e-08
Offset_RevB_Chip_2_wiShield_Gmx_default_OSC_default_Vsup_pm6V_20260909,1,587,2026-09-09T09:50:17.100296+00:00,3.869690000000e+02,-6.637253000000e-05,-6.630622377622e-08
Offset_RevB_Chip_2_wiShield_Gmx_default_OSC_default_Vsup_pm6V_20260909,1,588,2026-09-09T09:50:17.756296+00:00,3.876250000000e+02,-5.855453000000e-05,-5.849603396603e-08
Offset_RevB_Chip_2_wiShield_Gmx_default_OSC_default_Vsup_pm6V_20260909,1,589,2026-09-09T09:50:18.412296+00:00,3.882810000000e+02,-6.494451000000e-05,-6.487963036963e-08
Offset_RevB_Chip_2_wiShield_Gmx_default_OSC_default_Vsup_pm6V_20260909,1,590,2026-09-09T09:50:19.068796+00:00,3.889375000000e+02,-5.901842000000e-05,-5.895946053946e-08
Offset_RevB_Chip_2_wiShield_Gmx_default_OSC_default_Vsup_pm6V_20260909,1,591,2026-09-09T09:50:19.732796+00:00,3.896015000000e+02,-7.081649000000e-05,-7.074574425574e-08
Offset_RevB_Chip_2_wiShield_Gmx_default_OSC_default_Vsup_pm6V_20260909,1,592,2026-09-09T09:50:20.396796+00:00,3.902655000000e+02,-6.923013000000e-05,-6.916096903097e-08
Offset_RevB_Chip_2_wiShield_Gmx_default_OSC_default_Vsup_pm6V_20260909,1,593,2026-09-09T09:50:21.053296+00:00,3.909220000000e+02,-7.381598000000e-05,-7.374223776224e-08
Offset_RevB_Chip_2_wiShield_Gmx_default_OSC_default_Vsup_pm6V_20260909,1,594,2026-09-09T09:50:21.709296+00:00,3.915780000000e+02,-7.864562000000e-05,-7.856705294705e-08
Offset_RevB_Chip_2_wiShield_Gmx_default_OSC_default_Vsup_pm6V_20260909,1,595,2026-09-09T09:50:22.365296+00:00,3.922340000000e+02,-7.305860000000e-05,-7.298561438561e-08
Offset_RevB_Chip_2_wiShield_Gmx_default_OSC_default_Vsup_pm6V_20260909,1,596,2026-09-09T09:50:23.029296+00:00,3.928980000000e+02,-6.197816000000e-05,-6.191624375624e-08
Offset_RevB_Chip_2_wiShield_Gmx_default_OSC_default_Vsup_pm6V_20260909,1,597,2026-09-09T09:50:23.693796+00:00,3.935625000000e+02,-6.267547000000e-05,-6.261285714286e-08
Offset_RevB_Chip_2_wiShield_Gmx_default_OSC_default_Vsup_pm6V_20260909,1,598,2026-09-09T09:50:24.350296+00:00,3.942190000000e+02,-8.258465000000e-05,-8.250214785215e-08
Offset_RevB_Chip_2_wiShield_Gmx_default_OSC_default_Vsup_pm6V_20260909,1,599,2026-09-09T09:50:25.006296+00:00,3.948750000000e+02,-7.225499000000e-05,-7.218280719281e-08
Offset_RevB_Chip_2_wiShield_Gmx_default_OSC_default_Vsup_pm6V_20260909,1,600,2026-09-09T09:50:25.662296+00:00,3.955310000000e+02,-7.197612000000e-05,-7.190421578422e-08
Offset_RevB_Chip_2_wiShield_Gmx_default_OSC_default_Vsup_pm6V_20260909,1,601,2026-09-09T09:50:26.326296+00:00,3.961950000000e+02,-6.691409000000e-05,-6.684724275724e-08
Offset_RevB_Chip_2_wiShield_Gmx_default_OSC_default_Vsup_pm6V_20260909,1,602,2026-09-09T09:50:26.990296+00:00,3.968590000000e+02,-7.677676000000e-05,-7.670005994006e-08
Offset_RevB_Chip_2_wiShield_Gmx_default_OSC_default_Vsup_pm6V_20260909,1,603,2026-09-09T09:50:27.646796+00:00,3.975155000000e+02,-7.759111000000e-05,-7.751359640360e-08
Offset_RevB_Chip_2_wiShield_Gmx_default_OSC_default_Vsup_pm6V_20260909,1,604,2026-09-09T09:50:28.303296+00:00,3.981720000000e+02,-7.079732000000e-05,-7.072659340659e-08
Offset_RevB_Chip_2_wiShield_Gmx_default_OSC_default_Vsup_pm6V_20260909,1,605,2026-09-09T09:50:28.967296+00:00,3.988360000000e+02,-6.145692000000e-05,-6.139552447552e-08
Offset_RevB_Chip_2_wiShield_Gmx_default_OSC_default_Vsup_pm6V_20260909,1,606,2026-09-09T09:50:29.631296+00:00,3.995000000000e+02,-8.300049000000e-05,-8.291757242757e-08
Offset_RevB_Chip_2_wiShield_Gmx_default_OSC_default_Vsup_pm6V_20260909,1,607,2026-09-09T09:50:30.287296+00:00,4.001560000000e+02,-8.018873000000e-05,-8.010862137862e-08
Offset_RevB_Chip_2_wiShield_Gmx_default_OSC_default_Vsup_pm6V_20260909,1,608,2026-09-09T09:50:30.943796+00:00,4.008125000000e+02,-8.651384000000e-05,-8.642741258741e-08
Offset_RevB_Chip_2_wiShield_Gmx_default_OSC_default_Vsup_pm6V_20260909,1,609,2026-09-09T09:50:31.600296+00:00,4.014690000000e+02,-7.012707000000e-05,-7.005701298701e-08
Offset_RevB_Chip_2_wiShield_Gmx_default_OSC_default_Vsup_pm6V_20260909,1,610,2026-09-09T09:50:32.264296+00:00,4.021330000000e+02,-8.020206000000e-05,-8.012193806194e-08
Offset_RevB_Chip_2_wiShield_Gmx_default_OSC_default_Vsup_pm6V_20260909,1,611,2026-09-09T09:50:32.928296+00:00,4.027970000000e+02,-7.460326000000e-05,-7.452873126873e-08
Offset_RevB_Chip_2_wiShield_Gmx_default_OSC_default_Vsup_pm6V_20260909,1,612,2026-09-09T09:50:33.584296+00:00,4.034530000000e+02,-7.874323000000e-05,-7.866456543457e-08
Offset_RevB_Chip_2_wiShield_Gmx_default_OSC_default_Vsup_pm6V_20260909,1,613,2026-09-09T09:50:34.240296+00:00,4.041090000000e+02,-8.099117000000e-05,-8.091025974026e-08
Offset_RevB_Chip_2_wiShield_Gmx_default_OSC_default_Vsup_pm6V_20260909,1,614,2026-09-09T09:50:34.896796+00:00,4.047655000000e+02,-7.253800000000e-05,-7.246553446553e-08
Offset_RevB_Chip_2_wiShield_Gmx_default_OSC_default_Vsup_pm6V_20260909,1,615,2026-09-09T09:50:35.561296+00:00,4.054300000000e+02,-6.092468000000e-05,-6.086381618382e-08
Offset_RevB_Chip_2_wiShield_Gmx_default_OSC_default_Vsup_pm6V_20260909,1,616,2026-09-09T09:50:36.225296+00:00,4.060940000000e+02,-7.072560000000e-05,-7.065494505495e-08
Offset_RevB_Chip_2_wiShield_Gmx_default_OSC_default_Vsup_pm6V_20260909,1,617,2026-09-09T09:50:36.881296+00:00,4.067500000000e+02,-8.602963000000e-05,-8.594368631369e-08
Offset_RevB_Chip_2_wiShield_Gmx_default_OSC_default_Vsup_pm6V_20260909,1,618,2026-09-09T09:50:37.537296+00:00,4.074060000000e+02,-6.644736000000e-05,-6.638097902098e-08
Offset_RevB_Chip_2_wiShield_Gmx_default_OSC_default_Vsup_pm6V_20260909,1,619,2026-09-09T09:50:38.193796+00:00,4.080625000000e+02,-8.684800000000e-05,-8.676123876124e-08
Offset_RevB_Chip_2_wiShield_Gmx_default_OSC_default_Vsup_pm6V_20260909,1,620,2026-09-09T09:50:38.865296+00:00,4.087340000000e+02,-8.190417000000e-05,-8.182234765235e-08
Offset_RevB_Chip_2_wiShield_Gmx_default_OSC_default_Vsup_pm6V_20260909,1,621,2026-09-09T09:50:39.521796+00:00,4.093905000000e+02,-8.876294000000e-05,-8.867426573427e-08
Offset_RevB_Chip_2_wiShield_Gmx_default_OSC_default_Vsup_pm6V_20260909,1,622,2026-09-09T09:50:40.178296+00:00,4.100470000000e+02,-9.228885000000e-05,-9.219665334665e-08
Offset_RevB_Chip_2_wiShield_Gmx_default_OSC_default_Vsup_pm6V_20260909,1,623,2026-09-09T09:50:40.834296+00:00,4.107030000000e+02,-8.015222000000e-05,-8.007214785215e-08
Offset_RevB_Chip_2_wiShield_Gmx_default_OSC_default_Vsup_pm6V_20260909,1,624,2026-09-09T09:50:41.498296+00:00,4.113670000000e+02,-7.307283000000e-05,-7.299983016983e-08
Offset_RevB_Chip_2_wiShield_Gmx_default_OSC_default_Vsup_pm6V_20260909,1,625,2026-09-09T09:50:42.162296+00:00,4.120310000000e+02,-8.094326000000e-05,-8.086239760240e-08
Offset_RevB_Chip_2_wiShield_Gmx_default_OSC_default_Vsup_pm6V_20260909,1,626,2026-09-09T09:50:42.818796+00:00,4.126875000000e+02,-8.173301000000e-05,-8.165135864136e-08
Offset_RevB_Chip_2_wiShield_Gmx_default_OSC_default_Vsup_pm6V_20260909,1,627,2026-09-09T09:50:43.475296+00:00,4.133440000000e+02,-8.547655000000e-05,-8.539115884116e-08
Offset_RevB_Chip_2_wiShield_Gmx_default_OSC_default_Vsup_pm6V_20260909,1,628,2026-09-09T09:50:44.131296+00:00,4.140000000000e+02,-8.852575000000e-05,-8.843731268731e-08
Offset_RevB_Chip_2_wiShield_Gmx_default_OSC_default_Vsup_pm6V_20260909,1,629,2026-09-09T09:50:44.795296+00:00,4.146640000000e+02,-7.594570000000e-05,-7.586983016983e-08
Offset_RevB_Chip_2_wiShield_Gmx_default_OSC_default_Vsup_pm6V_20260909,1,630,2026-09-09T09:50:45.459296+00:00,4.153280000000e+02,-6.981181000000e-05,-6.974206793207e-08
Offset_RevB_Chip_2_wiShield_Gmx_default_OSC_default_Vsup_pm6V_20260909,1,631,2026-09-09T09:50:46.115296+00:00,4.159840000000e+02,-7.764353000000e-05,-7.756596403596e-08
Offset_RevB_Chip_2_wiShield_Gmx_default_OSC_default_Vsup_pm6V_20260909,1,632,2026-09-09T09:50:46.771796+00:00,4.166405000000e+02,-7.680109000000e-05,-7.672436563437e-08
Offset_RevB_Chip_2_wiShield_Gmx_default_OSC_default_Vsup_pm6V_20260909,1,633,2026-09-09T09:50:47.428296+00:00,4.172970000000e+02,-8.295414000000e-05,-8.287126873127e-08
Offset_RevB_Chip_2_wiShield_Gmx_default_OSC_default_Vsup_pm6V_20260909,1,634,2026-09-09T09:50:48.100296+00:00,4.179690000000e+02,-8.596606000000e-05,-8.588017982018e-08
Offset_RevB_Chip_2_wiShield_Gmx_default_OSC_default_Vsup_pm6V_20260909,1,635,2026-09-09T09:50:48.756296+00:00,4.186250000000e+02,-7.635766000000e-05,-7.628137862138e-08
Offset_RevB_Chip_2_wiShield_Gmx_default_OSC_default_Vsup_pm6V_20260909,1,636,2026-09-09T09:50:49.412296+00:00,4.192810000000e+02,-7.468885000000e-05,-7.461423576424e-08
Offset_RevB_Chip_2_wiShield_Gmx_default_OSC_default_Vsup_pm6V_20260909,1,637,2026-09-09T09:50:50.068796+00:00,4.199375000000e+02,-6.952894000000e-05,-6.945948051948e-08
Offset_RevB_Chip_2_wiShield_Gmx_default_OSC_default_Vsup_pm6V_20260909,1,638,2026-09-09T09:50:50.732796+00:00,4.206015000000e+02,-7.046447000000e-05,-7.039407592408e-08
Offset_RevB_Chip_2_wiShield_Gmx_default_OSC_default_Vsup_pm6V_20260909,1,639,2026-09-09T09:50:51.396796+00:00,4.212655000000e+02,-7.134536000000e-05,-7.127408591409e-08
Offset_RevB_Chip_2_wiShield_Gmx_default_OSC_default_Vsup_pm6V_20260909,1,640,2026-09-09T09:50:52.053296+00:00,4.219220000000e+02,-9.188880000000e-05,-9.179700299700e-08
Offset_RevB_Chip_2_wiShield_Gmx_default_OSC_default_Vsup_pm6V_20260909,1,641,2026-09-09T09:50:52.709296+00:00,4.225780000000e+02,-8.287388000000e-05,-8.279108891109e-08
Offset_RevB_Chip_2_wiShield_Gmx_default_OSC_default_Vsup_pm6V_20260909,1,642,2026-09-09T09:50:53.373296+00:00,4.232420000000e+02,-8.521219000000e-05,-8.512706293706e-08
Offset_RevB_Chip_2_wiShield_Gmx_default_OSC_default_Vsup_pm6V_20260909,1,643,2026-09-09T09:50:54.037296+00:00,4.239060000000e+02,-9.293645000000e-05,-9.284360639361e-08
Offset_RevB_Chip_2_wiShield_Gmx_default_OSC_default_Vsup_pm6V_20260909,1,644,2026-09-09T09:50:54.693796+00:00,4.245625000000e+02,-5.844785000000e-05,-5.838946053946e-08
Offset_RevB_Chip_2_wiShield_Gmx_default_OSC_default_Vsup_pm6V_20260909,1,645,2026-09-09T09:50:55.350296+00:00,4.252190000000e+02,-6.530909000000e-05,-6.524384615385e-08
Offset_RevB_Chip_2_wiShield_Gmx_default_OSC_default_Vsup_pm6V_20260909,1,646,2026-09-09T09:50:56.006296+00:00,4.258750000000e+02,-6.498244000000e-05,-6.491752247752e-08
Offset_RevB_Chip_2_wiShield_Gmx_default_OSC_default_Vsup_pm6V_20260909,1,647,2026-09-09T09:50:56.670296+00:00,4.265390000000e+02,-7.931975000000e-05,-7.924050949051e-08
Offset_RevB_Chip_2_wiShield_Gmx_default_OSC_default_Vsup_pm6V_20260909,1,648,2026-09-09T09:50:57.334296+00:00,4.272030000000e+02,-8.621659000000e-05,-8.613045954046e-08
Offset_RevB_Chip_2_wiShield_Gmx_default_OSC_default_Vsup_pm6V_20260909,1,649,2026-09-09T09:50:57.990296+00:00,4.278590000000e+02,-5.957163000000e-05,-5.951211788212e-08
Offset_RevB_Chip_2_wiShield_Gmx_default_OSC_default_Vsup_pm6V_20260909,1,650,2026-09-09T09:50:58.646796+00:00,4.285155000000e+02,-7.532841000000e-05,-7.525315684316e-08
Offset_RevB_Chip_2_wiShield_Gmx_default_OSC_default_Vsup_pm6V_20260909,1,651,2026-09-09T09:50:59.311296+00:00,4.291800000000e+02,-7.511609000000e-05,-7.504104895105e-08
Offset_RevB_Chip_2_wiShield_Gmx_default_OSC_default_Vsup_pm6V_20260909,1,652,2026-09-09T09:50:59.975296+00:00,4.298440000000e+02,-6.199939000000e-05,-6.193745254745e-08
Offset_RevB_Chip_2_wiShield_Gmx_default_OSC_default_Vsup_pm6V_20260909,1,653,2026-09-09T09:51:00.631296+00:00,4.305000000000e+02,-6.499927000000e-05,-6.493433566434e-08
Offset_RevB_Chip_2_wiShield_Gmx_default_OSC_default_Vsup_pm6V_20260909,1,654,2026-09-09T09:51:01.287296+00:00,4.311560000000e+02,-6.343894000000e-05,-6.337556443556e-08
Offset_RevB_Chip_2_wiShield_Gmx_default_OSC_default_Vsup_pm6V_20260909,1,655,2026-09-09T09:51:01.951296+00:00,4.318200000000e+02,-7.463848000000e-05,-7.456391608392e-08
Offset_RevB_Chip_2_wiShield_Gmx_default_OSC_default_Vsup_pm6V_20260909,1,656,2026-09-09T09:51:02.615296+00:00,4.324840000000e+02,-6.078629000000e-05,-6.072556443556e-08
Offset_RevB_Chip_2_wiShield_Gmx_default_OSC_default_Vsup_pm6V_20260909,1,657,2026-09-09T09:51:03.271796+00:00,4.331405000000e+02,-6.801430000000e-05,-6.794635364635e-08
Offset_RevB_Chip_2_wiShield_Gmx_default_OSC_default_Vsup_pm6V_20260909,1,658,2026-09-09T09:51:03.928296+00:00,4.337970000000e+02,-5.523591000000e-05,-5.518072927073e-08
Offset_RevB_Chip_2_wiShield_Gmx_default_OSC_default_Vsup_pm6V_20260909,1,659,2026-09-09T09:51:04.592296+00:00,4.344610000000e+02,-6.654032000000e-05,-6.647384615385e-08
Offset_RevB_Chip_2_wiShield_Gmx_default_OSC_default_Vsup_pm6V_20260909,1,660,2026-09-09T09:51:05.256296+00:00,4.351250000000e+02,-6.897521000000e-05,-6.890630369630e-08
Offset_RevB_Chip_2_wiShield_Gmx_default_OSC_default_Vsup_pm6V_20260909,1,661,2026-09-09T09:51:05.912296+00:00,4.357810000000e+02,-6.504355000000e-05,-6.497857142857e-08
Offset_RevB_Chip_2_wiShield_Gmx_default_OSC_default_Vsup_pm6V_20260909,1,662,2026-09-09T09:51:06.568796+00:00,4.364375000000e+02,-6.398464000000e-05,-6.392071928072e-08
Offset_RevB_Chip_2_wiShield_Gmx_default_OSC_default_Vsup_pm6V_20260909,1,663,2026-09-09T09:51:07.232796+00:00,4.371015000000e+02,-7.193754000000e-05,-7.186567432567e-08
Offset_RevB_Chip_2_wiShield_Gmx_default_OSC_default_Vsup_pm6V_20260909,1,664,2026-09-09T09:51:07.896796+00:00,4.377655000000e+02,-8.052897000000e-05,-8.044852147852e-08
Offset_RevB_Chip_2_wiShield_Gmx_default_OSC_default_Vsup_pm6V_20260909,1,665,2026-09-09T09:51:08.553296+00:00,4.384220000000e+02,-6.419502000000e-05,-6.413088911089e-08
Offset_RevB_Chip_2_wiShield_Gmx_default_OSC_default_Vsup_pm6V_20260909,1,666,2026-09-09T09:51:09.209296+00:00,4.390780000000e+02,-6.349901000000e-05,-6.343557442557e-08
Offset_RevB_Chip_2_wiShield_Gmx_default_OSC_default_Vsup_pm6V_20260909,1,667,2026-09-09T09:51:09.881296+00:00,4.397500000000e+02,-7.449516000000e-05,-7.442073926074e-08
Offset_RevB_Chip_2_wiShield_Gmx_default_OSC_default_Vsup_pm6V_20260909,1,668,2026-09-09T09:51:10.537296+00:00,4.404060000000e+02,-5.745187000000e-05,-5.739447552448e-08
Offset_RevB_Chip_2_wiShield_Gmx_default_OSC_default_Vsup_pm6V_20260909,1,669,2026-09-09T09:51:11.193796+00:00,4.410625000000e+02,-5.839025000000e-05,-5.833191808192e-08
Offset_RevB_Chip_2_wiShield_Gmx_default_OSC_default_Vsup_pm6V_20260909,1,670,2026-09-09T09:51:11.857796+00:00,4.417265000000e+02,-6.550964000000e-05,-6.544419580420e-08
Offset_RevB_Chip_2_wiShield_Gmx_default_OSC_default_Vsup_pm6V_20260909,1,671,2026-09-09T09:51:12.521796+00:00,4.423905000000e+02,-6.172377000000e-05,-6.166210789211e-08
Offset_RevB_Chip_2_wiShield_Gmx_default_OSC_default_Vsup_pm6V_20260909,1,672,2026-09-09T09:51:13.178296+00:00,4.430470000000e+02,-6.317367000000e-05,-6.311055944056e-08
Offset_RevB_Chip_2_wiShield_Gmx_default_OSC_default_Vsup_pm6V_20260909,1,673,2026-09-09T09:51:13.834296+00:00,4.437030000000e+02,-4.774676000000e-05,-4.769906093906e-08
Offset_RevB_Chip_2_wiShield_Gmx_default_OSC_default_Vsup_pm6V_20260909,1,674,2026-09-09T09:51:14.498296+00:00,4.443670000000e+02,-6.181595000000e-05,-6.175419580420e-08
Offset_RevB_Chip_2_wiShield_Gmx_default_OSC_default_Vsup_pm6V_20260909,1,675,2026-09-09T09:51:15.162296+00:00,4.450310000000e+02,-5.411538000000e-05,-5.406131868132e-08
Offset_RevB_Chip_2_wiShield_Gmx_default_OSC_default_Vsup_pm6V_20260909,1,676,2026-09-09T09:51:15.818796+00:00,4.456875000000e+02,-7.109601000000e-05,-7.102498501499e-08
Offset_RevB_Chip_2_wiShield_Gmx_default_OSC_default_Vsup_pm6V_20260909,1,677,2026-09-09T09:51:16.475296+00:00,4.463440000000e+02,-4.658855000000e-05,-4.654200799201e-08
Offset_RevB_Chip_2_wiShield_Gmx_default_OSC_default_Vsup_pm6V_20260909,1,678,2026-09-09T09:51:17.139296+00:00,4.470080000000e+02,-4.647125000000e-05,-4.642482517483e-08
Offset_RevB_Chip_2_wiShield_Gmx_default_OSC_default_Vsup_pm6V_20260909,1,679,2026-09-09T09:51:17.803296+00:00,4.476720000000e+02,-5.528071000000e-05,-5.522548451548e-08
Offset_RevB_Chip_2_wiShield_Gmx_default_OSC_default_Vsup_pm6V_20260909,1,680,2026-09-09T09:51:18.459296+00:00,4.483280000000e+02,-5.447943000000e-05,-5.442500499500e-08
Offset_RevB_Chip_2_wiShield_Gmx_default_OSC_default_Vsup_pm6V_20260909,1,681,2026-09-09T09:51:19.115296+00:00,4.489840000000e+02,-4.076913000000e-05,-4.072840159840e-08
Offset_RevB_Chip_2_wiShield_Gmx_default_OSC_default_Vsup_pm6V_20260909,1,682,2026-09-09T09:51:19.779296+00:00,4.496480000000e+02,-6.826522000000e-05,-6.819702297702e-08
Offset_RevB_Chip_2_wiShield_Gmx_default_OSC_default_Vsup_pm6V_20260909,1,683,2026-09-09T09:51:20.443796+00:00,4.503125000000e+02,-7.539820000000e-05,-7.532287712288e-08
Offset_RevB_Chip_2_wiShield_Gmx_default_OSC_default_Vsup_pm6V_20260909,1,684,2026-09-09T09:51:21.100296+00:00,4.509690000000e+02,-5.576543000000e-05,-5.570972027972e-08
Offset_RevB_Chip_2_wiShield_Gmx_default_OSC_default_Vsup_pm6V_20260909,1,685,2026-09-09T09:51:21.764296+00:00,4.516330000000e+02,-4.518680000000e-05,-4.514165834166e-08
Offset_RevB_Chip_2_wiShield_Gmx_default_OSC_default_Vsup_pm6V_20260909,1,686,2026-09-09T09:51:22.428296+00:00,4.522970000000e+02,-8.246127000000e-05,-8.237889110889e-08
Offset_RevB_Chip_2_wiShield_Gmx_default_OSC_default_Vsup_pm6V_20260909,1,687,2026-09-09T09:51:23.084296+00:00,4.529530000000e+02,-7.204332000000e-05,-7.197134865135e-08
Offset_RevB_Chip_2_wiShield_Gmx_default_OSC_default_Vsup_pm6V_20260909,1,688,2026-09-09T09:51:23.740296+00:00,4.536090000000e+02,-6.916306000000e-05,-6.909396603397e-08
Offset_RevB_Chip_2_wiShield_Gmx_default_OSC_default_Vsup_pm6V_20260909,1,689,2026-09-09T09:51:24.404296+00:00,4.542730000000e+02,-5.900379000000e-05,-5.894484515485e-08
Offset_RevB_Chip_2_wiShield_Gmx_default_OSC_default_Vsup_pm6V_20260909,1,690,2026-09-09T09:51:25.068796+00:00,4.549375000000e+02,-3.196110000000e-05,-3.192917082917e-08
Offset_RevB_Chip_2_wiShield_Gmx_default_OSC_default_Vsup_pm6V_20260909,1,691,2026-09-09T09:51:25.725296+00:00,4.555940000000e+02,-6.381724000000e-05,-6.375348651349e-08
Offset_RevB_Chip_2_wiShield_Gmx_default_OSC_default_Vsup_pm6V_20260909,1,692,2026-09-09T09:51:26.381296+00:00,4.562500000000e+02,-5.206604000000e-05,-5.201402597403e-08
Offset_RevB_Chip_2_wiShield_Gmx_default_OSC_default_Vsup_pm6V_20260909,1,693,2026-09-09T09:51:27.045296+00:00,4.569140000000e+02,-8.142062000000e-05,-8.133928071928e-08
Offset_RevB_Chip_2_wiShield_Gmx_default_OSC_default_Vsup_pm6V_20260909,1,694,2026-09-09T09:51:27.709296+00:00,4.575780000000e+02,-6.637798000000e-05,-6.631166833167e-08
Offset_RevB_Chip_2_wiShield_Gmx_default_OSC_default_Vsup_pm6V_20260909,1,695,2026-09-09T09:51:28.365296+00:00,4.582340000000e+02,-7.528673000000e-05,-7.521151848152e-08
Offset_RevB_Chip_2_wiShield_Gmx_default_OSC_default_Vsup_pm6V_20260909,1,696,2026-09-09T09:51:29.021796+00:00,4.588905000000e+02,-7.123869000000e-05,-7.116752247752e-08
Offset_RevB_Chip_2_wiShield_Gmx_default_OSC_default_Vsup_pm6V_20260909,1,697,2026-09-09T09:51:29.693796+00:00,4.595625000000e+02,-6.081633000000e-05,-6.075557442557e-08
Offset_RevB_Chip_2_wiShield_Gmx_default_OSC_default_Vsup_pm6V_20260909,1,698,2026-09-09T09:51:30.350296+00:00,4.602190000000e+02,-4.848977000000e-05,-4.844132867133e-08
Offset_RevB_Chip_2_wiShield_Gmx_default_OSC_default_Vsup_pm6V_20260909,1,699,2026-09-09T09:51:31.006296+00:00,4.608750000000e+02,-6.420552000000e-05,-6.414137862138e-08
Offset_RevB_Chip_2_wiShield_Gmx_default_OSC_default_Vsup_pm6V_20260909,1,700,2026-09-09T09:51:31.670296+00:00,4.615390000000e+02,-7.485911000000e-05,-7.478432567433e-08
Offset_RevB_Chip_2_wiShield_Gmx_default_OSC_default_Vsup_pm6V_20260909,1,701,2026-09-09T09:51:32.334296+00:00,4.622030000000e+02,-6.260880000000e-05,-6.254625374625e-08
Offset_RevB_Chip_2_wiShield_Gmx_default_OSC_default_Vsup_pm6V_20260909,1,702,2026-09-09T09:51:32.990296+00:00,4.628590000000e+02,-4.564422000000e-05,-4.559862137862e-08
Offset_RevB_Chip_2_wiShield_Gmx_default_OSC_default_Vsup_pm6V_20260909,1,703,2026-09-09T09:51:33.646796+00:00,4.635155000000e+02,-5.221143000000e-05,-5.215927072927e-08
Offset_RevB_Chip_2_wiShield_Gmx_default_OSC_default_Vsup_pm6V_20260909,1,704,2026-09-09T09:51:34.311296+00:00,4.641800000000e+02,-6.871447000000e-05,-6.864582417582e-08
Offset_RevB_Chip_2_wiShield_Gmx_default_OSC_default_Vsup_pm6V_20260909,1,705,2026-09-09T09:51:34.975296+00:00,4.648440000000e+02,-6.434081000000e-05,-6.427653346653e-08
Offset_RevB_Chip_2_wiShield_Gmx_default_OSC_default_Vsup_pm6V_20260909,1,706,2026-09-09T09:51:35.631296+00:00,4.655000000000e+02,-5.920602000000e-05,-5.914687312687e-08
Offset_RevB_Chip_2_wiShield_Gmx_default_OSC_default_Vsup_pm6V_20260909,1,707,2026-09-09T09:51:36.287296+00:00,4.661560000000e+02,-4.105176000000e-05,-4.101074925075e-08
Offset_RevB_Chip_2_wiShield_Gmx_default_OSC_default_Vsup_pm6V_20260909,1,708,2026-09-09T09:51:36.951296+00:00,4.668200000000e+02,-6.078449000000e-05,-6.072376623377e-08
Offset_RevB_Chip_2_wiShield_Gmx_default_OSC_default_Vsup_pm6V_20260909,1,709,2026-09-09T09:51:37.615296+00:00,4.674840000000e+02,-5.692974000000e-05,-5.687286713287e-08
Offset_RevB_Chip_2_wiShield_Gmx_default_OSC_default_Vsup_pm6V_20260909,1,710,2026-09-09T09:51:38.271796+00:00,4.681405000000e+02,-5.265732000000e-05,-5.260471528472e-08
Offset_RevB_Chip_2_wiShield_Gmx_default_OSC_default_Vsup_pm6V_20260909,1,711,2026-09-09T09:51:38.928296+00:00,4.687970000000e+02,-6.045202000000e-05,-6.039162837163e-08
Offset_RevB_Chip_2_wiShield_Gmx_default_OSC_default_Vsup_pm6V_20260909,1,712,2026-09-09T09:51:39.592296+00:00,4.694610000000e+02,-6.175226000000e-05,-6.169056943057e-08
Offset_RevB_Chip_2_wiShield_Gmx_default_OSC_default_Vsup_pm6V_20260909,1,713,2026-09-09T09:51:40.256296+00:00,4.701250000000e+02,-5.773839000000e-05,-5.768070929071e-08
Offset_RevB_Chip_2_wiShield_Gmx_default_OSC_default_Vsup_pm6V_20260909,1,714,2026-09-09T09:51:40.912296+00:00,4.707810000000e+02,-5.310580000000e-05,-5.305274725275e-08
Offset_RevB_Chip_2_wiShield_Gmx_default_OSC_default_Vsup_pm6V_20260909,1,715,2026-09-09T09:51:41.568796+00:00,4.714375000000e+02,-5.483315000000e-05,-5.477837162837e-08
Offset_RevB_Chip_2_wiShield_Gmx_default_OSC_default_Vsup_pm6V_20260909,1,716,2026-09-09T09:51:42.232796+00:00,4.721015000000e+02,-6.319568000000e-05,-6.313254745255e-08
Offset_RevB_Chip_2_wiShield_Gmx_default_OSC_default_Vsup_pm6V_20260909,1,717,2026-09-09T09:51:42.896796+00:00,4.727655000000e+02,-4.245389000000e-05,-4.241147852148e-08
Offset_RevB_Chip_2_wiShield_Gmx_default_OSC_default_Vsup_pm6V_20260909,1,718,2026-09-09T09:51:43.553296+00:00,4.734220000000e+02,-4.964501000000e-05,-4.959541458541e-08
Offset_RevB_Chip_2_wiShield_Gmx_default_OSC_default_Vsup_pm6V_20260909,1,719,2026-09-09T09:51:44.209296+00:00,4.740780000000e+02,-7.003970000000e-05,-6.996973026973e-08
Offset_RevB_Chip_2_wiShield_Gmx_default_OSC_default_Vsup_pm6V_20260909,1,720,2026-09-09T09:51:44.873296+00:00,4.747420000000e+02,-3.759033000000e-05,-3.755277722278e-08
Offset_RevB_Chip_2_wiShield_Gmx_default_OSC_default_Vsup_pm6V_20260909,1,721,2026-09-09T09:51:45.537296+00:00,4.754060000000e+02,-5.333612000000e-05,-5.328283716284e-08
Offset_RevB_Chip_2_wiShield_Gmx_default_OSC_default_Vsup_pm6V_20260909,1,722,2026-09-09T09:51:46.193796+00:00,4.760625000000e+02,-3.926615000000e-05,-3.922692307692e-08
Offset_RevB_Chip_2_wiShield_Gmx_default_OSC_default_Vsup_pm6V_20260909,1,723,2026-09-09T09:51:46.857796+00:00,4.767265000000e+02,-5.281514000000e-05,-5.276237762238e-08
Offset_RevB_Chip_2_wiShield_Gmx_default_OSC_default_Vsup_pm6V_20260909,1,724,2026-09-09T09:51:47.521796+00:00,4.773905000000e+02,-4.225827000000e-05,-4.221605394605e-08
Offset_RevB_Chip_2_wiShield_Gmx_default_OSC_default_Vsup_pm6V_20260909,1,725,2026-09-09T09:51:48.178296+00:00,4.780470000000e+02,-3.811856000000e-05,-3.808047952048e-08
Offset_RevB_Chip_2_wiShield_Gmx_default_OSC_default_Vsup_pm6V_20260909,1,726,2026-09-09T09:51:48.834296+00:00,4.787030000000e+02,-5.788624000000e-05,-5.782841158841e-08
Offset_RevB_Chip_2_wiShield_Gmx_default_OSC_default_Vsup_pm6V_20260909,1,727,2026-09-09T09:51:49.498296+00:00,4.793670000000e+02,-5.468568000000e-05,-5.463104895105e-08
Offset_RevB_Chip_2_wiShield_Gmx_default_OSC_default_Vsup_pm6V_20260909,1,728,2026-09-09T09:51:50.162296+00:00,4.800310000000e+02,-7.805397000000e-05,-7.797599400599e-08
Offset_RevB_Chip_2_wiShield_Gmx_default_OSC_default_Vsup_pm6V_20260909,1,729,2026-09-09T09:51:50.818796+00:00,4.806875000000e+02,-4.883157000000e-05,-4.878278721279e-08
Offset_RevB_Chip_2_wiShield_Gmx_default_OSC_default_Vsup_pm6V_20260909,1,730,2026-09-09T09:51:51.475296+00:00,4.813440000000e+02,-6.054847000000e-05,-6.048798201798e-08
Offset_RevB_Chip_2_wiShield_Gmx_default_OSC_default_Vsup_pm6V_20260909,1,731,2026-09-09T09:51:52.139296+00:00,4.820080000000e+02,-4.940615000000e-05,-4.935679320679e-08
Offset_RevB_Chip_2_wiShield_Gmx_default_OSC_default_Vsup_pm6V_20260909,1,732,2026-09-09T09:51:52.803296+00:00,4.826720000000e+02,-5.239114000000e-05,-5.233880119880e-08
Offset_RevB_Chip_2_wiShield_Gmx_default_OSC_default_Vsup_pm6V_20260909,1,733,2026-09-09T09:51:53.459296+00:00,4.833280000000e+02,-5.847713000000e-05,-5.841871128871e-08
Offset_RevB_Chip_2_wiShield_Gmx_default_OSC_default_Vsup_pm6V_20260909,1,734,2026-09-09T09:51:54.115296+00:00,4.839840000000e+02,-5.146092000000e-05,-5.140951048951e-08
Offset_RevB_Chip_2_wiShield_Gmx_default_OSC_default_Vsup_pm6V_20260909,1,735,2026-09-09T09:51:54.779296+00:00,4.846480000000e+02,-4.144237000000e-05,-4.140096903097e-08
Offset_RevB_Chip_2_wiShield_Gmx_default_OSC_default_Vsup_pm6V_20260909,1,736,2026-09-09T09:51:55.443796+00:00,4.853125000000e+02,-6.616178000000e-05,-6.609568431568e-08
Offset_RevB_Chip_2_wiShield_Gmx_default_OSC_default_Vsup_pm6V_20260909,1,737,2026-09-09T09:51:56.100296+00:00,4.859690000000e+02,-4.589513000000e-05,-4.584928071928e-08
Offset_RevB_Chip_2_wiShield_Gmx_default_OSC_default_Vsup_pm6V_20260909,1,738,2026-09-09T09:51:56.756296+00:00,4.866250000000e+02,-6.883721000000e-05,-6.876844155844e-08
Offset_RevB_Chip_2_wiShield_Gmx_default_OSC_default_Vsup_pm6V_20260909,1,739,2026-09-09T09:51:57.420296+00:00,4.872890000000e+02,-3.483553000000e-05,-3.480072927073e-08
Offset_RevB_Chip_2_wiShield_Gmx_default_OSC_default_Vsup_pm6V_20260909,1,740,2026-09-09T09:51:58.084296+00:00,4.879530000000e+02,-6.055716000000e-05,-6.049666333666e-08
Offset_RevB_Chip_2_wiShield_Gmx_default_OSC_default_Vsup_pm6V_20260909,1,741,2026-09-09T09:51:58.740296+00:00,4.886090000000e+02,-5.409765000000e-05,-5.404360639361e-08
Offset_RevB_Chip_2_wiShield_Gmx_default_OSC_default_Vsup_pm6V_20260909,1,742,2026-09-09T09:51:59.396796+00:00,4.892655000000e+02,-4.415354000000e-05,-4.410943056943e-08
Offset_RevB_Chip_2_wiShield_Gmx_default_OSC_default_Vsup_pm6V_20260909,1,743,2026-09-09T09:52:00.061296+00:00,4.899300000000e+02,-6.470774000000e-05,-6.464309690310e-08
Offset_RevB_Chip_2_wiShield_Gmx_default_OSC_default_Vsup_pm6V_20260909,1,744,2026-09-09T09:52:00.725296+00:00,4.905940000000e+02,-5.226751000000e-05,-5.221529470529e-08
Offset_RevB_Chip_2_wiShield_Gmx_default_OSC_default_Vsup_pm6V_20260909,1,745,2026-09-09T09:52:01.381296+00:00,4.912500000000e+02,-5.337639000000e-05,-5.332306693307e-08
Offset_RevB_Chip_2_wiShield_Gmx_default_OSC_default_Vsup_pm6V_20260909,1,746,2026-09-09T09:52:02.037296+00:00,4.919060000000e+02,-5.665955000000e-05,-5.660294705295e-08
Offset_RevB_Chip_2_wiShield_Gmx_default_OSC_default_Vsup_pm6V_20260909,1,747,2026-09-09T09:52:02.701296+00:00,4.925700000000e+02,-5.786579000000e-05,-5.780798201798e-08
Offset_RevB_Chip_2_wiShield_Gmx_default_OSC_default_Vsup_pm6V_20260909,1,748,2026-09-09T09:52:03.365296+00:00,4.932340000000e+02,-5.280324000000e-05,-5.275048951049e-08
Offset_RevB_Chip_2_wiShield_Gmx_default_OSC_default_Vsup_pm6V_20260909,1,749,2026-09-09T09:52:04.021796+00:00,4.938905000000e+02,-5.478137000000e-05,-5.472664335664e-08
Offset_RevB_Chip_2_wiShield_Gmx_default_OSC_default_Vsup_pm6V_20260909,1,750,2026-09-09T09:52:04.678296+00:00,4.945470000000e+02,-5.724241000000e-05,-5.718522477522e-08
Offset_RevB_Chip_2_wiShield_Gmx_default_OSC_default_Vsup_pm6V_20260909,1,751,2026-09-09T09:52:05.342296+00:00,4.952110000000e+02,-6.661958000000e-05,-6.655302697303e-08
Offset_RevB_Chip_2_wiShield_Gmx_default_OSC_default_Vsup_pm6V_20260909,1,752,2026-09-09T09:52:06.006296+00:00,4.958750000000e+02,-5.731672000000e-05,-5.725946053946e-08
Offset_RevB_Chip_2_wiShield_Gmx_default_OSC_default_Vsup_pm6V_20260909,1,753,2026-09-09T09:52:06.662296+00:00,4.965310000000e+02,-5.092649000000e-05,-5.087561438561e-08
Offset_RevB_Chip_2_wiShield_Gmx_default_OSC_default_Vsup_pm6V_20260909,1,754,2026-09-09T09:52:07.318796+00:00,4.971875000000e+02,-6.730899000000e-05,-6.724174825175e-08
Offset_RevB_Chip_2_wiShield_Gmx_default_OSC_default_Vsup_pm6V_20260909,1,755,2026-09-09T09:52:07.982796+00:00,4.978515000000e+02,-6.125563000000e-05,-6.119443556444e-08
Offset_RevB_Chip_2_wiShield_Gmx_default_OSC_default_Vsup_pm6V_20260909,1,756,2026-09-09T09:52:08.646796+00:00,4.985155000000e+02,-6.462708000000e-05,-6.456251748252e-08
Offset_RevB_Chip_2_wiShield_Gmx_default_OSC_default_Vsup_pm6V_20260909,1,757,2026-09-09T09:52:09.303296+00:00,4.991720000000e+02,-4.648214000000e-05,-4.643570429570e-08
Offset_RevB_Chip_2_wiShield_Gmx_default_OSC_default_Vsup_pm6V_20260909,1,758,2026-09-09T09:52:09.959296+00:00,4.998280000000e+02,-5.268219000000e-05,-5.262956043956e-08
Offset_RevB_Chip_2_wiShield_Gmx_default_OSC_default_Vsup_pm6V_20260909,1,759,2026-09-09T09:52:10.623296+00:00,5.004920000000e+02,-5.695227000000e-05,-5.689537462537e-08
Offset_RevB_Chip_2_wiShield_Gmx_default_OSC_default_Vsup_pm6V_20260909,1,760,2026-09-09T09:52:11.287296+00:00,5.011560000000e+02,-4.773732000000e-05,-4.768963036963e-08
Offset_RevB_Chip_2_wiShield_Gmx_default_OSC_default_Vsup_pm6V_20260909,1,761,2026-09-09T09:52:11.943796+00:00,5.018125000000e+02,-6.330703000000e-05,-6.324378621379e-08
Offset_RevB_Chip_2_wiShield_Gmx_default_OSC_default_Vsup_pm6V_20260909,1,762,2026-09-09T09:52:12.600296+00:00,5.024690000000e+02,-6.064661000000e-05,-6.058602397602e-08
Offset_RevB_Chip_2_wiShield_Gmx_default_OSC_default_Vsup_pm6V_20260909,1,763,2026-09-09T09:52:13.264296+00:00,5.031330000000e+02,-5.542132000000e-05,-5.536595404595e-08
Offset_RevB_Chip_2_wiShield_Gmx_default_OSC_default_Vsup_pm6V_20260909,1,764,2026-09-09T09:52:13.928296+00:00,5.037970000000e+02,-5.795667000000e-05,-5.789877122877e-08
Offset_RevB_Chip_2_wiShield_Gmx_default_OSC_default_Vsup_pm6V_20260909,1,765,2026-09-09T09:52:14.584296+00:00,5.044530000000e+02,-5.218050000000e-05,-5.212837162837e-08
Offset_RevB_Chip_2_wiShield_Gmx_default_OSC_default_Vsup_pm6V_20260909,1,766,2026-09-09T09:52:15.240296+00:00,5.051090000000e+02,-4.546439000000e-05,-4.541897102897e-08
Offset_RevB_Chip_2_wiShield_Gmx_default_OSC_default_Vsup_pm6V_20260909,1,767,2026-09-09T09:52:15.904296+00:00,5.057730000000e+02,-5.485373000000e-05,-5.479893106893e-08
Offset_RevB_Chip_2_wiShield_Gmx_default_OSC_default_Vsup_pm6V_20260909,1,768,2026-09-09T09:52:16.568796+00:00,5.064375000000e+02,-5.354016000000e-05,-5.348667332667e-08
Offset_RevB_Chip_2_wiShield_Gmx_default_OSC_default_Vsup_pm6V_20260909,1,769,2026-09-09T09:52:17.225296+00:00,5.070940000000e+02,-5.746806000000e-05,-5.741064935065e-08
Offset_RevB_Chip_2_wiShield_Gmx_default_OSC_default_Vsup_pm6V_20260909,1,770,2026-09-09T09:52:17.881296+00:00,5.077500000000e+02,-6.967629000000e-05,-6.960668331668e-08
Offset_RevB_Chip_2_wiShield_Gmx_default_OSC_default_Vsup_pm6V_20260909,1,771,2026-09-09T09:52:18.545296+00:00,5.084140000000e+02,-4.516092000000e-05,-4.511580419580e-08
Offset_RevB_Chip_2_wiShield_Gmx_default_OSC_default_Vsup_pm6V_20260909,1,772,2026-09-09T09:52:19.209296+00:00,5.090780000000e+02,-5.207355000000e-05,-5.202152847153e-08
Offset_RevB_Chip_2_wiShield_Gmx_default_OSC_default_Vsup_pm6V_20260909,1,773,2026-09-09T09:52:19.865296+00:00,5.097340000000e+02,-4.281199000000e-05,-4.276922077922e-08
Offset_RevB_Chip_2_wiShield_Gmx_default_OSC_default_Vsup_pm6V_20260909,1,774,2026-09-09T09:52:20.521796+00:00,5.103905000000e+02,-5.775482000000e-05,-5.769712287712e-08
Offset_RevB_Chip_2_wiShield_Gmx_default_OSC_default_Vsup_pm6V_20260909,1,775,2026-09-09T09:52:21.186296+00:00,5.110550000000e+02,-5.994100000000e-05,-5.988111888112e-08
Offset_RevB_Chip_2_wiShield_Gmx_default_OSC_default_Vsup_pm6V_20260909,1,776,2026-09-09T09:52:21.850296+00:00,5.117190000000e+02,-5.041430000000e-05,-5.036393606394e-08
Offset_RevB_Chip_2_wiShield_Gmx_default_OSC_default_Vsup_pm6V_20260909,1,777,2026-09-09T09:52:22.506296+00:00,5.123750000000e+02,-5.044084000000e-05,-5.039044955045e-08
Offset_RevB_Chip_2_wiShield_Gmx_default_OSC_default_Vsup_pm6V_20260909,1,778,2026-09-09T09:52:23.162296+00:00,5.130310000000e+02,-5.056332000000e-05,-5.051280719281e-08
Offset_RevB_Chip_2_wiShield_Gmx_default_OSC_default_Vsup_pm6V_20260909,1,779,2026-09-09T09:52:23.826296+00:00,5.136950000000e+02,-4.834710000000e-05,-4.829880119880e-08
Offset_RevB_Chip_2_wiShield_Gmx_default_OSC_default_Vsup_pm6V_20260909,1,780,2026-09-09T09:52:24.490296+00:00,5.143590000000e+02,-5.898127000000e-05,-5.892234765235e-08
Offset_RevB_Chip_2_wiShield_Gmx_default_OSC_default_Vsup_pm6V_20260909,1,781,2026-09-09T09:52:25.146796+00:00,5.150155000000e+02,-7.891816000000e-05,-7.883932067932e-08
Offset_RevB_Chip_2_wiShield_Gmx_default_OSC_default_Vsup_pm6V_20260909,1,782,2026-09-09T09:52:25.803296+00:00,5.156720000000e+02,-5.891356000000e-05,-5.885470529471e-08
Offset_RevB_Chip_2_wiShield_Gmx_default_OSC_default_Vsup_pm6V_20260909,1,783,2026-09-09T09:52:26.467296+00:00,5.163360000000e+02,-6.157579000000e-05,-6.151427572428e-08
Offset_RevB_Chip_2_wiShield_Gmx_default_OSC_default_Vsup_pm6V_20260909,1,784,2026-09-09T09:52:27.131296+00:00,5.170000000000e+02,-3.367097000000e-05,-3.363733266733e-08
Offset_RevB_Chip_2_wiShield_Gmx_default_OSC_default_Vsup_pm6V_20260909,1,785,2026-09-09T09:52:27.787296+00:00,5.176560000000e+02,-4.983727000000e-05,-4.978748251748e-08
Offset_RevB_Chip_2_wiShield_Gmx_default_OSC_default_Vsup_pm6V_20260909,1,786,2026-09-09T09:52:28.443796+00:00,5.183125000000e+02,-3.912115000000e-05,-3.908206793207e-08
Offset_RevB_Chip_2_wiShield_Gmx_default_OSC_default_Vsup_pm6V_20260909,1,787,2026-09-09T09:52:29.115296+00:00,5.189840000000e+02,-3.434874000000e-05,-3.431442557443e-08
Offset_RevB_Chip_2_wiShield_Gmx_default_OSC_default_Vsup_pm6V_20260909,1,788,2026-09-09T09:52:29.771796+00:00,5.196405000000e+02,-7.229282000000e-05,-7.222059940060e-08
Offset_RevB_Chip_2_wiShield_Gmx_default_OSC_default_Vsup_pm6V_20260909,1,789,2026-09-09T09:52:30.428296+00:00,5.202970000000e+02,-6.509458000000e-05,-6.502955044955e-08
Offset_RevB_Chip_2_wiShield_Gmx_default_OSC_default_Vsup_pm6V_20260909,1,790,2026-09-09T09:52:31.084296+00:00,5.209530000000e+02,-6.092121000000e-05,-6.086034965035e-08
Offset_RevB_Chip_2_wiShield_Gmx_default_OSC_default_Vsup_pm6V_20260909,1,791,2026-09-09T09:52:31.748296+00:00,5.216170000000e+02,-4.514538000000e-05,-4.510027972028e-08
Offset_RevB_Chip_2_wiShield_Gmx_default_OSC_default_Vsup_pm6V_20260909,1,792,2026-09-09T09:52:32.412296+00:00,5.222810000000e+02,-4.235123000000e-05,-4.230892107892e-08
Offset_RevB_Chip_2_wiShield_Gmx_default_OSC_default_Vsup_pm6V_20260909,1,793,2026-09-09T09:52:33.068796+00:00,5.229375000000e+02,-6.295733000000e-05,-6.289443556444e-08
Offset_RevB_Chip_2_wiShield_Gmx_default_OSC_default_Vsup_pm6V_20260909,1,794,2026-09-09T09:52:33.725296+00:00,5.235940000000e+02,-4.256899000000e-05,-4.252646353646e-08
Offset_RevB_Chip_2_wiShield_Gmx_default_OSC_default_Vsup_pm6V_20260909,1,795,2026-09-09T09:52:34.389296+00:00,5.242580000000e+02,-5.174225000000e-05,-5.169055944056e-08
Offset_RevB_Chip_2_wiShield_Gmx_default_OSC_default_Vsup_pm6V_20260909,1,796,2026-09-09T09:52:35.053296+00:00,5.249220000000e+02,-6.662358000000e-05,-6.655702297702e-08
Offset_RevB_Chip_2_wiShield_Gmx_default_OSC_default_Vsup_pm6V_20260909,1,797,2026-09-09T09:52:35.709296+00:00,5.255780000000e+02,-4.860254000000e-05,-4.855398601399e-08
Offset_RevB_Chip_2_wiShield_Gmx_default_OSC_default_Vsup_pm6V_20260909,1,798,2026-09-09T09:52:36.365296+00:00,5.262340000000e+02,-5.509622000000e-05,-5.504117882118e-08
Offset_RevB_Chip_2_wiShield_Gmx_default_OSC_default_Vsup_pm6V_20260909,1,799,2026-09-09T09:52:37.029296+00:00,5.268980000000e+02,-4.933739000000e-05,-4.928810189810e-08
Offset_RevB_Chip_2_wiShield_Gmx_default_OSC_default_Vsup_pm6V_20260909,1,800,2026-09-09T09:52:37.693796+00:00,5.275625000000e+02,-6.782024000000e-05,-6.775248751249e-08
Offset_RevB_Chip_2_wiShield_Gmx_default_OSC_default_Vsup_pm6V_20260909,1,801,2026-09-09T09:52:38.350296+00:00,5.282190000000e+02,-6.368157000000e-05,-6.361795204795e-08
Offset_RevB_Chip_2_wiShield_Gmx_default_OSC_default_Vsup_pm6V_20260909,1,802,2026-09-09T09:52:39.006296+00:00,5.288750000000e+02,-5.174108000000e-05,-5.168939060939e-08
Offset_RevB_Chip_2_wiShield_Gmx_default_OSC_default_Vsup_pm6V_20260909,1,803,2026-09-09T09:52:39.670296+00:00,5.295390000000e+02,-5.454728000000e-05,-5.449278721279e-08
Offset_RevB_Chip_2_wiShield_Gmx_default_OSC_default_Vsup_pm6V_20260909,1,804,2026-09-09T09:52:40.334296+00:00,5.302030000000e+02,-6.794388000000e-05,-6.787600399600e-08
Offset_RevB_Chip_2_wiShield_Gmx_default_OSC_default_Vsup_pm6V_20260909,1,805,2026-09-09T09:52:40.990296+00:00,5.308590000000e+02,-6.916604000000e-05,-6.909694305694e-08
Offset_RevB_Chip_2_wiShield_Gmx_default_OSC_default_Vsup_pm6V_20260909,1,806,2026-09-09T09:52:41.654796+00:00,5.315235000000e+02,-6.736762000000e-05,-6.730031968032e-08
Offset_RevB_Chip_2_wiShield_Gmx_default_OSC_default_Vsup_pm6V_20260909,1,807,2026-09-09T09:52:42.311296+00:00,5.321800000000e+02,-6.774165000000e-05,-6.767397602398e-08
Offset_RevB_Chip_2_wiShield_Gmx_default_OSC_default_Vsup_pm6V_20260909,1,808,2026-09-09T09:52:42.975296+00:00,5.328440000000e+02,-6.785157000000e-05,-6.778378621379e-08
Offset_RevB_Chip_2_wiShield_Gmx_default_OSC_default_Vsup_pm6V_20260909,1,809,2026-09-09T09:52:43.631296+00:00,5.335000000000e+02,-6.418687000000e-05,-6.412274725275e-08
Offset_RevB_Chip_2_wiShield_Gmx_default_OSC_default_Vsup_pm6V_20260909,1,810,2026-09-09T09:52:44.287296+00:00,5.341560000000e+02,-5.120599000000e-05,-5.115483516484e-08
Offset_RevB_Chip_2_wiShield_Gmx_default_OSC_default_Vsup_pm6V_20260909,1,811,2026-09-09T09:52:44.951296+00:00,5.348200000000e+02,-6.771329000000e-05,-6.764564435564e-08
Offset_RevB_Chip_2_wiShield_Gmx_default_OSC_default_Vsup_pm6V_20260909,1,812,2026-09-09T09:52:45.615296+00:00,5.354840000000e+02,-5.156759000000e-05,-5.151607392607e-08
Offset_RevB_Chip_2_wiShield_Gmx_default_OSC_default_Vsup_pm6V_20260909,1,813,2026-09-09T09:52:46.271796+00:00,5.361405000000e+02,-6.118039000000e-05,-6.111927072927e-08
Offset_RevB_Chip_2_wiShield_Gmx_default_OSC_default_Vsup_pm6V_20260909,1,814,2026-09-09T09:52:46.928296+00:00,5.367970000000e+02,-5.226361000000e-05,-5.221139860140e-08
Offset_RevB_Chip_2_wiShield_Gmx_default_OSC_default_Vsup_pm6V_20260909,1,815,2026-09-09T09:52:47.584296+00:00,5.374530000000e+02,-3.876654000000e-05,-3.872781218781e-08
Offset_RevB_Chip_2_wiShield_Gmx_default_OSC_default_Vsup_pm6V_20260909,1,816,2026-09-09T09:52:48.248296+00:00,5.381170000000e+02,-5.959170000000e-05,-5.953216783217e-08
Offset_RevB_Chip_2_wiShield_Gmx_default_OSC_default_Vsup_pm6V_20260909,1,817,2026-09-09T09:52:48.912296+00:00,5.387810000000e+02,-6.703774000000e-05,-6.697076923077e-08
Offset_RevB_Chip_2_wiShield_Gmx_default_OSC_default_Vsup_pm6V_20260909,1,818,2026-09-09T09:52:49.568796+00:00,5.394375000000e+02,-3.889419000000e-05,-3.885533466533e-08
Offset_RevB_Chip_2_wiShield_Gmx_default_OSC_default_Vsup_pm6V_20260909,1,819,2026-09-09T09:52:50.225296+00:00,5.400940000000e+02,-5.100247000000e-05,-5.095151848152e-08
Offset_RevB_Chip_2_wiShield_Gmx_default_OSC_default_Vsup_pm6V_20260909,1,820,2026-09-09T09:52:50.889296+00:00,5.407580000000e+02,-5.396934000000e-05,-5.391542457542e-08
Offset_RevB_Chip_2_wiShield_Gmx_default_OSC_default_Vsup_pm6V_20260909,1,821,2026-09-09T09:52:51.553296+00:00,5.414220000000e+02,-6.229200000000e-05,-6.222977022977e-08
Offset_RevB_Chip_2_wiShield_Gmx_default_OSC_default_Vsup_pm6V_20260909,1,822,2026-09-09T09:52:52.209296+00:00,5.420780000000e+02,-7.043146000000e-05,-7.036109890110e-08
Offset_RevB_Chip_2_wiShield_Gmx_default_OSC_default_Vsup_pm6V_20260909,1,823,2026-09-09T09:52:52.865296+00:00,5.427340000000e+02,-6.505198000000e-05,-6.498699300699e-08
Offset_RevB_Chip_2_wiShield_Gmx_default_OSC_default_Vsup_pm6V_20260909,1,824,2026-09-09T09:52:53.529296+00:00,5.433980000000e+02,-7.718990000000e-05,-7.711278721279e-08
Offset_RevB_Chip_2_wiShield_Gmx_default_OSC_default_Vsup_pm6V_20260909,1,825,2026-09-09T09:52:54.193796+00:00,5.440625000000e+02,-7.429256000000e-05,-7.421834165834e-08
Offset_RevB_Chip_2_wiShield_Gmx_default_OSC_default_Vsup_pm6V_20260909,1,826,2026-09-09T09:52:54.850296+00:00,5.447190000000e+02,-8.410279000000e-05,-8.401877122877e-08
Offset_RevB_Chip_2_wiShield_Gmx_default_OSC_default_Vsup_pm6V_20260909,1,827,2026-09-09T09:52:55.506296+00:00,5.453750000000e+02,-6.318454000000e-05,-6.312141858142e-08
Offset_RevB_Chip_2_wiShield_Gmx_default_OSC_default_Vsup_pm6V_20260909,1,828,2026-09-09T09:52:56.170296+00:00,5.460390000000e+02,-6.870308000000e-05,-6.863444555445e-08
Offset_RevB_Chip_2_wiShield_Gmx_default_OSC_default_Vsup_pm6V_20260909,1,829,2026-09-09T09:52:56.834296+00:00,5.467030000000e+02,-7.788229000000e-05,-7.780448551449e-08
Offset_RevB_Chip_2_wiShield_Gmx_default_OSC_default_Vsup_pm6V_20260909,1,830,2026-09-09T09:52:57.490296+00:00,5.473590000000e+02,-7.212347000000e-05,-7.205141858142e-08
Offset_RevB_Chip_2_wiShield_Gmx_default_OSC_default_Vsup_pm6V_20260909,1,831,2026-09-09T09:52:58.146796+00:00,5.480155000000e+02,-5.004389000000e-05,-4.999389610390e-08
Offset_RevB_Chip_2_wiShield_Gmx_default_OSC_default_Vsup_pm6V_20260909,1,832,2026-09-09T09:52:58.803296+00:00,5.486720000000e+02,-8.583882000000e-05,-8.575306693307e-08
Offset_RevB_Chip_2_wiShield_Gmx_default_OSC_default_Vsup_pm6V_20260909,1,833,2026-09-09T09:52:59.475296+00:00,5.493440000000e+02,-7.108566000000e-05,-7.101464535465e-08
Offset_RevB_Chip_2_wiShield_Gmx_default_OSC_default_Vsup_pm6V_20260909,1,834,2026-09-09T09:53:00.131296+00:00,5.500000000000e+02,-6.750797000000e-05,-6.744052947053e-08
Offset_RevB_Chip_2_wiShield_Gmx_default_OSC_default_Vsup_pm6V_20260909,1,835,2026-09-09T09:53:00.787296+00:00,5.506560000000e+02,-6.721731000000e-05,-6.715015984016e-08
Offset_RevB_Chip_2_wiShield_Gmx_default_OSC_default_Vsup_pm6V_20260909,1,836,2026-09-09T09:53:01.451296+00:00,5.513200000000e+02,-6.381505000000e-05,-6.375129870130e-08
Offset_RevB_Chip_2_wiShield_Gmx_default_OSC_default_Vsup_pm6V_20260909,1,837,2026-09-09T09:53:02.115296+00:00,5.519840000000e+02,-5.377449000000e-05,-5.372076923077e-08
Offset_RevB_Chip_2_wiShield_Gmx_default_OSC_default_Vsup_pm6V_20260909,1,838,2026-09-09T09:53:02.771796+00:00,5.526405000000e+02,-6.210582000000e-05,-6.204377622378e-08
Offset_RevB_Chip_2_wiShield_Gmx_default_OSC_default_Vsup_pm6V_20260909,1,839,2026-09-09T09:53:03.428296+00:00,5.532970000000e+02,-5.877787000000e-05,-5.871915084915e-08
Offset_RevB_Chip_2_wiShield_Gmx_default_OSC_default_Vsup_pm6V_20260909,1,840,2026-09-09T09:53:04.084296+00:00,5.539530000000e+02,-7.283411000000e-05,-7.276134865135e-08
Offset_RevB_Chip_2_wiShield_Gmx_default_OSC_default_Vsup_pm6V_20260909,1,841,2026-09-09T09:53:04.748296+00:00,5.546170000000e+02,-6.780315000000e-05,-6.773541458541e-08
Offset_RevB_Chip_2_wiShield_Gmx_default_OSC_default_Vsup_pm6V_20260909,1,842,2026-09-09T09:53:05.412296+00:00,5.552810000000e+02,-7.691841000000e-05,-7.684156843157e-08
Offset_RevB_Chip_2_wiShield_Gmx_default_OSC_default_Vsup_pm6V_20260909,1,843,2026-09-09T09:53:06.068796+00:00,5.559375000000e+02,-8.400776000000e-05,-8.392383616384e-08
Offset_RevB_Chip_2_wiShield_Gmx_default_OSC_default_Vsup_pm6V_20260909,1,844,2026-09-09T09:53:06.725296+00:00,5.565940000000e+02,-8.589733000000e-05,-8.581151848152e-08
Offset_RevB_Chip_2_wiShield_Gmx_default_OSC_default_Vsup_pm6V_20260909,1,845,2026-09-09T09:53:07.389296+00:00,5.572580000000e+02,-7.920026000000e-05,-7.912113886114e-08
Offset_RevB_Chip_2_wiShield_Gmx_default_OSC_default_Vsup_pm6V_20260909,1,846,2026-09-09T09:53:08.053296+00:00,5.579220000000e+02,-7.412424000000e-05,-7.405018981019e-08
Offset_RevB_Chip_2_wiShield_Gmx_default_OSC_default_Vsup_pm6V_20260909,1,847,2026-09-09T09:53:08.709296+00:00,5.585780000000e+02,-9.784261000000e-05,-9.774486513487e-08
Offset_RevB_Chip_2_wiShield_Gmx_default_OSC_default_Vsup_pm6V_20260909,1,848,2026-09-09T09:53:09.365296+00:00,5.592340000000e+02,-8.189667000000e-05,-8.181485514486e-08
Offset_RevB_Chip_2_wiShield_Gmx_default_OSC_default_Vsup_pm6V_20260909,1,849,2026-09-09T09:53:10.029296+00:00,5.598980000000e+02,-6.858526000000e-05,-6.851674325674e-08
Offset_RevB_Chip_2_wiShield_Gmx_default_OSC_default_Vsup_pm6V_20260909,1,850,2026-09-09T09:53:10.693796+00:00,5.605625000000e+02,-7.474258000000e-05,-7.466791208791e-08
Offset_RevB_Chip_2_wiShield_Gmx_default_OSC_default_Vsup_pm6V_20260909,1,851,2026-09-09T09:53:11.350296+00:00,5.612190000000e+02,-7.689121000000e-05,-7.681439560440e-08
Offset_RevB_Chip_2_wiShield_Gmx_default_OSC_default_Vsup_pm6V_20260909,1,852,2026-09-09T09:53:12.006296+00:00,5.618750000000e+02,-7.418729000000e-05,-7.411317682318e-08
Offset_RevB_Chip_2_wiShield_Gmx_default_OSC_default_Vsup_pm6V_20260909,1,853,2026-09-09T09:53:12.670296+00:00,5.625390000000e+02,-6.376468000000e-05,-6.370097902098e-08
Offset_RevB_Chip_2_wiShield_Gmx_default_OSC_default_Vsup_pm6V_20260909,1,854,2026-09-09T09:53:13.334296+00:00,5.632030000000e+02,-6.723349000000e-05,-6.716632367632e-08
Offset_RevB_Chip_2_wiShield_Gmx_default_OSC_default_Vsup_pm6V_20260909,1,855,2026-09-09T09:53:13.990296+00:00,5.638590000000e+02,-6.861309000000e-05,-6.854454545455e-08
Offset_RevB_Chip_2_wiShield_Gmx_default_OSC_default_Vsup_pm6V_20260909,1,856,2026-09-09T09:53:14.646796+00:00,5.645155000000e+02,-7.949881000000e-05,-7.941939060939e-08
Offset_RevB_Chip_2_wiShield_Gmx_default_OSC_default_Vsup_pm6V_20260909,1,857,2026-09-09T09:53:15.311296+00:00,5.651800000000e+02,-7.013459000000e-05,-7.006452547453e-08
Offset_RevB_Chip_2_wiShield_Gmx_default_OSC_default_Vsup_pm6V_20260909,1,858,2026-09-09T09:53:15.975296+00:00,5.658440000000e+02,-8.174532000000e-05,-8.166365634366e-08
Offset_RevB_Chip_2_wiShield_Gmx_default_OSC_default_Vsup_pm6V_20260909,1,859,2026-09-09T09:53:16.631296+00:00,5.665000000000e+02,-7.336880000000e-05,-7.329550449550e-08
Offset_RevB_Chip_2_wiShield_Gmx_default_OSC_default_Vsup_pm6V_20260909,1,860,2026-09-09T09:53:17.287296+00:00,5.671560000000e+02,-5.795446000000e-05,-5.789656343656e-08
Offset_RevB_Chip_2_wiShield_Gmx_default_OSC_default_Vsup_pm6V_20260909,1,861,2026-09-09T09:53:17.951296+00:00,5.678200000000e+02,-5.609544000000e-05,-5.603940059940e-08
Offset_RevB_Chip_2_wiShield_Gmx_default_OSC_default_Vsup_pm6V_20260909,1,862,2026-09-09T09:53:18.615296+00:00,5.684840000000e+02,-6.437745000000e-05,-6.431313686314e-08
Offset_RevB_Chip_2_wiShield_Gmx_default_OSC_default_Vsup_pm6V_20260909,1,863,2026-09-09T09:53:19.271796+00:00,5.691405000000e+02,-6.383084000000e-05,-6.376707292707e-08
Offset_RevB_Chip_2_wiShield_Gmx_default_OSC_default_Vsup_pm6V_20260909,1,864,2026-09-09T09:53:19.928296+00:00,5.697970000000e+02,-7.192551000000e-05,-7.185365634366e-08
Offset_RevB_Chip_2_wiShield_Gmx_default_OSC_default_Vsup_pm6V_20260909,1,865,2026-09-09T09:53:20.592296+00:00,5.704610000000e+02,-6.539532000000e-05,-6.532999000999e-08
Offset_RevB_Chip_2_wiShield_Gmx_default_OSC_default_Vsup_pm6V_20260909,1,866,2026-09-09T09:53:21.256296+00:00,5.711250000000e+02,-6.560324000000e-05,-6.553770229770e-08
Offset_RevB_Chip_2_wiShield_Gmx_default_OSC_default_Vsup_pm6V_20260909,1,867,2026-09-09T09:53:21.912296+00:00,5.717810000000e+02,-6.851612000000e-05,-6.844767232767e-08
Offset_RevB_Chip_2_wiShield_Gmx_default_OSC_default_Vsup_pm6V_20260909,1,868,2026-09-09T09:53:22.568796+00:00,5.724375000000e+02,-6.207346000000e-05,-6.201144855145e-08
Offset_RevB_Chip_2_wiShield_Gmx_default_OSC_default_Vsup_pm6V_20260909,1,869,2026-09-09T09:53:23.240296+00:00,5.731090000000e+02,-5.333430000000e-05,-5.328101898102e-08
Offset_RevB_Chip_2_wiShield_Gmx_default_OSC_default_Vsup_pm6V_20260909,1,870,2026-09-09T09:53:23.896796+00:00,5.737655000000e+02,-7.621954000000e-05,-7.614339660340e-08
Offset_RevB_Chip_2_wiShield_Gmx_default_OSC_default_Vsup_pm6V_20260909,1,871,2026-09-09T09:53:24.553296+00:00,5.744220000000e+02,-6.479434000000e-05,-6.472961038961e-08
Offset_RevB_Chip_2_wiShield_Gmx_default_OSC_default_Vsup_pm6V_20260909,1,872,2026-09-09T09:53:25.217296+00:00,5.750860000000e+02,-7.050021000000e-05,-7.042978021978e-08
Offset_RevB_Chip_2_wiShield_Gmx_default_OSC_default_Vsup_pm6V_20260909,1,873,2026-09-09T09:53:25.881296+00:00,5.757500000000e+02,-8.189357000000e-05,-8.181175824176e-08
Offset_RevB_Chip_2_wiShield_Gmx_default_OSC_default_Vsup_pm6V_20260909,1,874,2026-09-09T09:53:26.537296+00:00,5.764060000000e+02,-6.710869000000e-05,-6.704164835165e-08
Offset_RevB_Chip_2_wiShield_Gmx_default_OSC_default_Vsup_pm6V_20260909,1,875,2026-09-09T09:53:27.193796+00:00,5.770625000000e+02,-5.827722000000e-05,-5.821900099900e-08
Offset_RevB_Chip_2_wiShield_Gmx_default_OSC_default_Vsup_pm6V_20260909,1,876,2026-09-09T09:53:27.857796+00:00,5.777265000000e+02,-7.535250000000e-05,-7.527722277722e-08
Offset_RevB_Chip_2_wiShield_Gmx_default_OSC_default_Vsup_pm6V_20260909,1,877,2026-09-09T09:53:28.521796+00:00,5.783905000000e+02,-7.172561000000e-05,-7.165395604396e-08
Offset_RevB_Chip_2_wiShield_Gmx_default_OSC_default_Vsup_pm6V_20260909,1,878,2026-09-09T09:53:29.178296+00:00,5.790470000000e+02,-6.866941000000e-05,-6.860080919081e-08
Offset_RevB_Chip_2_wiShield_Gmx_default_OSC_default_Vsup_pm6V_20260909,1,879,2026-09-09T09:53:29.834296+00:00,5.797030000000e+02,-5.994385000000e-05,-5.988396603397e-08
Offset_RevB_Chip_2_wiShield_Gmx_default_OSC_default_Vsup_pm6V_20260909,1,880,2026-09-09T09:53:30.498296+00:00,5.803670000000e+02,-6.334961000000e-05,-6.328632367632e-08
Offset_RevB_Chip_2_wiShield_Gmx_default_OSC_default_Vsup_pm6V_20260909,1,881,2026-09-09T09:53:31.162296+00:00,5.810310000000e+02,-6.562525000000e-05,-6.555969030969e-08
Offset_RevB_Chip_2_wiShield_Gmx_default_OSC_default_Vsup_pm6V_20260909,1,882,2026-09-09T09:53:31.818796+00:00,5.816875000000e+02,-6.874010000000e-05,-6.867142857143e-08
Offset_RevB_Chip_2_wiShield_Gmx_default_OSC_default_Vsup_pm6V_20260909,1,883,2026-09-09T09:53:32.482796+00:00,5.823515000000e+02,-6.282113000000e-05,-6.275837162837e-08
Offset_RevB_Chip_2_wiShield_Gmx_default_OSC_default_Vsup_pm6V_20260909,1,884,2026-09-09T09:53:33.146796+00:00,5.830155000000e+02,-6.929319000000e-05,-6.922396603397e-08
Offset_RevB_Chip_2_wiShield_Gmx_default_OSC_default_Vsup_pm6V_20260909,1,885,2026-09-09T09:53:33.803296+00:00,5.836720000000e+02,-5.533185000000e-05,-5.527657342657e-08
Offset_RevB_Chip_2_wiShield_Gmx_default_OSC_default_Vsup_pm6V_20260909,1,886,2026-09-09T09:53:34.459296+00:00,5.843280000000e+02,-4.697929000000e-05,-4.693235764236e-08
Offset_RevB_Chip_2_wiShield_Gmx_default_OSC_default_Vsup_pm6V_20260909,1,887,2026-09-09T09:53:35.123296+00:00,5.849920000000e+02,-5.324951000000e-05,-5.319631368631e-08
Offset_RevB_Chip_2_wiShield_Gmx_default_OSC_default_Vsup_pm6V_20260909,1,888,2026-09-09T09:53:35.787296+00:00,5.856560000000e+02,-5.144758000000e-05,-5.139618381618e-08
Offset_RevB_Chip_2_wiShield_Gmx_default_OSC_default_Vsup_pm6V_20260909,1,889,2026-09-09T09:53:36.443796+00:00,5.863125000000e+02,-7.277392000000e-05,-7.270121878122e-08
Offset_RevB_Chip_2_wiShield_Gmx_default_OSC_default_Vsup_pm6V_20260909,1,890,2026-09-09T09:53:37.100296+00:00,5.869690000000e+02,-6.846681000000e-05,-6.839841158841e-08
Offset_RevB_Chip_2_wiShield_Gmx_default_OSC_default_Vsup_pm6V_20260909,1,891,2026-09-09T09:53:37.764296+00:00,5.876330000000e+02,-6.576224000000e-05,-6.569654345654e-08
Offset_RevB_Chip_2_wiShield_Gmx_default_OSC_default_Vsup_pm6V_20260909,1,892,2026-09-09T09:53:38.428296+00:00,5.882970000000e+02,-7.535044000000e-05,-7.527516483516e-08
Offset_RevB_Chip_2_wiShield_Gmx_default_OSC_default_Vsup_pm6V_20260909,1,893,2026-09-09T09:53:39.084296+00:00,5.889530000000e+02,-8.115458000000e-05,-8.107350649351e-08
Offset_RevB_Chip_2_wiShield_Gmx_default_OSC_default_Vsup_pm6V_20260909,1,894,2026-09-09T09:53:39.740296+00:00,5.896090000000e+02,-6.442692000000e-05,-6.436255744256e-08
Offset_RevB_Chip_2_wiShield_Gmx_default_OSC_default_Vsup_pm6V_20260909,1,895,2026-09-09T09:53:40.404296+00:00,5.902730000000e+02,-6.097740000000e-05,-6.091648351648e-08
Offset_RevB_Chip_2_wiShield_Gmx_default_OSC_default_Vsup_pm6V_20260909,1,896,2026-09-09T09:53:41.068796+00:00,5.909375000000e+02,-7.187904000000e-05,-7.180723276723e-08
Offset_RevB_Chip_2_wiShield_Gmx_default_OSC_default_Vsup_pm6V_20260909,1,897,2026-09-09T09:53:41.725296+00:00,5.915940000000e+02,-7.229826000000e-05,-7.222603396603e-08
Offset_RevB_Chip_2_wiShield_Gmx_default_OSC_default_Vsup_pm6V_20260909,1,898,2026-09-09T09:53:42.381296+00:00,5.922500000000e+02,-6.463730000000e-05,-6.457272727273e-08
Offset_RevB_Chip_2_wiShield_Gmx_default_OSC_default_Vsup_pm6V_20260909,1,899,2026-09-09T09:53:43.045296+00:00,5.929140000000e+02,-6.682361000000e-05,-6.675685314685e-08
Offset_RevB_Chip_2_wiShield_Gmx_default_OSC_default_Vsup_pm6V_20260909,1,900,2026-09-09T09:53:43.709296+00:00,5.935780000000e+02,-6.750876000000e-05,-6.744131868132e-08
Offset_RevB_Chip_2_wiShield_Gmx_default_OSC_default_Vsup_pm6V_20260909,1,901,2026-09-09T09:53:44.365296+00:00,5.942340000000e+02,-7.766014000000e-05,-7.758255744256e-08
Offset_RevB_Chip_2_wiShield_Gmx_default_OSC_default_Vsup_pm6V_20260909,1,902,2026-09-09T09:53:45.021796+00:00,5.948905000000e+02,-6.159496000000e-05,-6.153342657343e-08
Offset_RevB_Chip_2_wiShield_Gmx_default_OSC_default_Vsup_pm6V_20260909,1,903,2026-09-09T09:53:45.693796+00:00,5.955625000000e+02,-6.121458000000e-05,-6.115342657343e-08
Offset_RevB_Chip_2_wiShield_Gmx_default_OSC_default_Vsup_pm6V_20260909,1,904,2026-09-09T09:53:46.350296+00:00,5.962190000000e+02,-6.198284000000e-05,-6.192091908092e-08
Offset_RevB_Chip_2_wiShield_Gmx_default_OSC_default_Vsup_pm6V_20260909,1,905,2026-09-09T09:53:47.006296+00:00,5.968750000000e+02,-5.878358000000e-05,-5.872485514486e-08
Offset_RevB_Chip_2_wiShield_Gmx_default_OSC_default_Vsup_pm6V_20260909,1,906,2026-09-09T09:53:47.670296+00:00,5.975390000000e+02,-6.938227000000e-05,-6.931295704296e-08
Offset_RevB_Chip_2_wiShield_Gmx_default_OSC_default_Vsup_pm6V_20260909,1,907,2026-09-09T09:53:48.334296+00:00,5.982030000000e+02,-7.149984000000e-05,-7.142841158841e-08
Offset_RevB_Chip_2_wiShield_Gmx_default_OSC_default_Vsup_pm6V_20260909,1,908,2026-09-09T09:53:48.990296+00:00,5.988590000000e+02,-5.205595000000e-05,-5.200394605395e-08
Offset_RevB_Chip_2_wiShield_Gmx_default_OSC_default_Vsup_pm6V_20260909,1,909,2026-09-09T09:53:49.646796+00:00,5.995155000000e+02,-7.335665000000e-05,-7.328336663337e-08
Offset_RevB_Chip_2_wiShield_Gmx_default_OSC_default_Vsup_pm6V_20260909,1,910,2026-09-09T09:53:50.311296+00:00,6.001800000000e+02,-6.950268000000e-05,-6.943324675325e-08
Offset_RevB_Chip_2_wiShield_Gmx_default_OSC_default_Vsup_pm6V_20260909,1,911,2026-09-09T09:53:50.975296+00:00,6.008440000000e+02,-6.557685000000e-05,-6.551133866134e-08
Offset_RevB_Chip_2_wiShield_Gmx_default_OSC_default_Vsup_pm6V_20260909,1,912,2026-09-09T09:53:51.631296+00:00,6.015000000000e+02,-4.653638000000e-05,-4.648989010989e-08
Offset_RevB_Chip_2_wiShield_Gmx_default_OSC_default_Vsup_pm6V_20260909,1,913,2026-09-09T09:53:52.287296+00:00,6.021560000000e+02,-5.520330000000e-05,-5.514815184815e-08
Offset_RevB_Chip_2_wiShield_Gmx_default_OSC_default_Vsup_pm6V_20260909,1,914,2026-09-09T09:53:52.951296+00:00,6.028200000000e+02,-5.802969000000e-05,-5.797171828172e-08
Offset_RevB_Chip_2_wiShield_Gmx_default_OSC_default_Vsup_pm6V_20260909,1,915,2026-09-09T09:53:53.615296+00:00,6.034840000000e+02,-5.682720000000e-05,-5.677042957043e-08
Offset_RevB_Chip_2_wiShield_Gmx_default_OSC_default_Vsup_pm6V_20260909,1,916,2026-09-09T09:53:54.271796+00:00,6.041405000000e+02,-4.705541000000e-05,-4.700840159840e-08
Offset_RevB_Chip_2_wiShield_Gmx_default_OSC_default_Vsup_pm6V_20260909,1,917,2026-09-09T09:53:54.928296+00:00,6.047970000000e+02,-5.909986000000e-05,-5.904081918082e-08
Offset_RevB_Chip_2_wiShield_Gmx_default_OSC_default_Vsup_pm6V_20260909,1,918,2026-09-09T09:53:55.592296+00:00,6.054610000000e+02,-5.412276000000e-05,-5.406869130869e-08
Offset_RevB_Chip_2_wiShield_Gmx_default_OSC_default_Vsup_pm6V_20260909,1,919,2026-09-09T09:53:56.256296+00:00,6.061250000000e+02,-4.604648000000e-05,-4.600047952048e-08
Offset_RevB_Chip_2_wiShield_Gmx_default_OSC_default_Vsup_pm6V_20260909,1,920,2026-09-09T09:53:56.912296+00:00,6.067810000000e+02,-4.831280000000e-05,-4.826453546454e-08
Offset_RevB_Chip_2_wiShield_Gmx_default_OSC_default_Vsup_pm6V_20260909,1,921,2026-09-09T09:53:57.568796+00:00,6.074375000000e+02,-7.429826000000e-05,-7.422403596404e-08
Offset_RevB_Chip_2_wiShield_Gmx_default_OSC_default_Vsup_pm6V_20260909,1,922,2026-09-09T09:53:58.225296+00:00,6.080940000000e+02,-4.369743000000e-05,-4.365377622378e-08
Offset_RevB_Chip_2_wiShield_Gmx_default_OSC_default_Vsup_pm6V_20260909,1,923,2026-09-09T09:53:58.889296+00:00,6.087580000000e+02,-4.611289000000e-05,-4.606682317682e-08
Offset_RevB_Chip_2_wiShield_Gmx_default_OSC_default_Vsup_pm6V_20260909,1,924,2026-09-09T09:53:59.553296+00:00,6.094220000000e+02,-5.130258000000e-05,-5.125132867133e-08
Offset_RevB_Chip_2_wiShield_Gmx_default_OSC_default_Vsup_pm6V_20260909,1,925,2026-09-09T09:54:00.209296+00:00,6.100780000000e+02,-5.957721000000e-05,-5.951769230769e-08
Offset_RevB_Chip_2_wiShield_Gmx_default_OSC_default_Vsup_pm6V_20260909,1,926,2026-09-09T09:54:00.865296+00:00,6.107340000000e+02,-4.093460000000e-05,-4.089370629371e-08
Offset_RevB_Chip_2_wiShield_Gmx_default_OSC_default_Vsup_pm6V_20260909,1,927,2026-09-09T09:54:01.529296+00:00,6.113980000000e+02,-4.973745000000e-05,-4.968776223776e-08
Offset_RevB_Chip_2_wiShield_Gmx_default_OSC_default_Vsup_pm6V_20260909,1,928,2026-09-09T09:54:02.193796+00:00,6.120625000000e+02,-5.138505000000e-05,-5.133371628372e-08
Offset_RevB_Chip_2_wiShield_Gmx_default_OSC_default_Vsup_pm6V_20260909,1,929,2026-09-09T09:54:02.850296+00:00,6.127190000000e+02,-4.538050000000e-05,-4.533516483516e-08
Offset_RevB_Chip_2_wiShield_Gmx_default_OSC_default_Vsup_pm6V_20260909,1,930,2026-09-09T09:54:03.506296+00:00,6.133750000000e+02,-6.240943000000e-05,-6.234708291708e-08
Offset_RevB_Chip_2_wiShield_Gmx_default_OSC_default_Vsup_pm6V_20260909,1,931,2026-09-09T09:54:04.162296+00:00,6.140310000000e+02,-4.373808000000e-05,-4.369438561439e-08
Offset_RevB_Chip_2_wiShield_Gmx_default_OSC_default_Vsup_pm6V_20260909,1,932,2026-09-09T09:54:04.826296+00:00,6.146950000000e+02,-5.313130000000e-05,-5.307822177822e-08
Offset_RevB_Chip_2_wiShield_Gmx_default_OSC_default_Vsup_pm6V_20260909,1,933,2026-09-09T09:54:05.490296+00:00,6.153590000000e+02,-4.435564000000e-05,-4.431132867133e-08
Offset_RevB_Chip_2_wiShield_Gmx_default_OSC_default_Vsup_pm6V_20260909,1,934,2026-09-09T09:54:06.146796+00:00,6.160155000000e+02,-6.468365000000e-05,-6.461903096903e-08
Offset_RevB_Chip_2_wiShield_Gmx_default_OSC_default_Vsup_pm6V_20260909,1,935,2026-09-09T09:54:06.803296+00:00,6.166720000000e+02,-6.259638000000e-05,-6.253384615385e-08
Offset_RevB_Chip_2_wiShield_Gmx_default_OSC_default_Vsup_pm6V_20260909,1,936,2026-09-09T09:54:07.467296+00:00,6.173360000000e+02,-4.691675000000e-05,-4.686988011988e-08
Offset_RevB_Chip_2_wiShield_Gmx_default_OSC_default_Vsup_pm6V_20260909,1,937,2026-09-09T09:54:08.131296+00:00,6.180000000000e+02,-6.729863000000e-05,-6.723139860140e-08
Offset_RevB_Chip_2_wiShield_Gmx_default_OSC_default_Vsup_pm6V_20260909,1,938,2026-09-09T09:54:08.787296+00:00,6.186560000000e+02,-5.320769000000e-05,-5.315453546454e-08
Offset_RevB_Chip_2_wiShield_Gmx_default_OSC_default_Vsup_pm6V_20260909,1,939,2026-09-09T09:54:09.443796+00:00,6.193125000000e+02,-6.839780000000e-05,-6.832947052947e-08
Offset_RevB_Chip_2_wiShield_Gmx_default_OSC_default_Vsup_pm6V_20260909,1,940,2026-09-09T09:54:10.100296+00:00,6.199690000000e+02,-6.926730000000e-05,-6.919810189810e-08
Offset_RevB_Chip_2_wiShield_Gmx_default_OSC_default_Vsup_pm6V_20260909,1,941,2026-09-09T09:54:10.764296+00:00,6.206330000000e+02,-5.576712000000e-05,-5.571140859141e-08
Offset_RevB_Chip_2_wiShield_Gmx_default_OSC_default_Vsup_pm6V_20260909,1,942,2026-09-09T09:54:11.428296+00:00,6.212970000000e+02,-6.236943000000e-05,-6.230712287712e-08
Offset_RevB_Chip_2_wiShield_Gmx_default_OSC_default_Vsup_pm6V_20260909,1,943,2026-09-09T09:54:12.084296+00:00,6.219530000000e+02,-8.206486000000e-05,-8.198287712288e-08
Offset_RevB_Chip_2_wiShield_Gmx_default_OSC_default_Vsup_pm6V_20260909,1,944,2026-09-09T09:54:12.740296+00:00,6.226090000000e+02,-7.530215000000e-05,-7.522692307692e-08
Offset_RevB_Chip_2_wiShield_Gmx_default_OSC_default_Vsup_pm6V_20260909,1,945,2026-09-09T09:54:13.396796+00:00,6.232655000000e+02,-5.250896000000e-05,-5.245650349650e-08
Offset_RevB_Chip_2_wiShield_Gmx_default_OSC_default_Vsup_pm6V_20260909,1,946,2026-09-09T09:54:14.061296+00:00,6.239300000000e+02,-6.791618000000e-05,-6.784833166833e-08
Offset_RevB_Chip_2_wiShield_Gmx_default_OSC_default_Vsup_pm6V_20260909,1,947,2026-09-09T09:54:14.725296+00:00,6.245940000000e+02,-6.758229000000e-05,-6.751477522478e-08
Offset_RevB_Chip_2_wiShield_Gmx_default_OSC_default_Vsup_pm6V_20260909,1,948,2026-09-09T09:54:15.381296+00:00,6.252500000000e+02,-5.552605000000e-05,-5.547057942058e-08
Offset_RevB_Chip_2_wiShield_Gmx_default_OSC_default_Vsup_pm6V_20260909,1,949,2026-09-09T09:54:16.037296+00:00,6.259060000000e+02,-5.505285000000e-05,-5.499785214785e-08
Offset_RevB_Chip_2_wiShield_Gmx_default_OSC_default_Vsup_pm6V_20260909,1,950,2026-09-09T09:54:16.693796+00:00,6.265625000000e+02,-8.217103000000e-05,-8.208894105894e-08
Offset_RevB_Chip_2_wiShield_Gmx_default_OSC_default_Vsup_pm6V_20260909,1,951,2026-09-09T09:54:17.365296+00:00,6.272340000000e+02,-5.830571000000e-05,-5.824746253746e-08
Offset_RevB_Chip_2_wiShield_Gmx_default_OSC_default_Vsup_pm6V_20260909,1,952,2026-09-09T09:54:18.021796+00:00,6.278905000000e+02,-6.087978000000e-05,-6.081896103896e-08
Offset_RevB_Chip_2_wiShield_Gmx_default_OSC_default_Vsup_pm6V_20260909,1,953,2026-09-09T09:54:18.678296+00:00,6.285470000000e+02,-5.112223000000e-05,-5.107115884116e-08
Offset_RevB_Chip_2_wiShield_Gmx_default_OSC_default_Vsup_pm6V_20260909,1,954,2026-09-09T09:54:19.334296+00:00,6.292030000000e+02,-5.531826000000e-05,-5.526299700300e-08
Offset_RevB_Chip_2_wiShield_Gmx_default_OSC_default_Vsup_pm6V_20260909,1,955,2026-09-09T09:54:19.998296+00:00,6.298670000000e+02,-6.091370000000e-05,-6.085284715285e-08
Offset_RevB_Chip_2_wiShield_Gmx_default_OSC_default_Vsup_pm6V_20260909,1,956,2026-09-09T09:54:20.662296+00:00,6.305310000000e+02,-4.840446000000e-05,-4.835610389610e-08
Offset_RevB_Chip_2_wiShield_Gmx_default_OSC_default_Vsup_pm6V_20260909,1,957,2026-09-09T09:54:21.318796+00:00,6.311875000000e+02,-4.048237000000e-05,-4.044192807193e-08
Offset_RevB_Chip_2_wiShield_Gmx_default_OSC_default_Vsup_pm6V_20260909,1,958,2026-09-09T09:54:21.975296+00:00,6.318440000000e+02,-6.310014000000e-05,-6.303710289710e-08
Offset_RevB_Chip_2_wiShield_Gmx_default_OSC_default_Vsup_pm6V_20260909,1,959,2026-09-09T09:54:22.631296+00:00,6.325000000000e+02,-6.329162000000e-05,-6.322839160839e-08
Offset_RevB_Chip_2_wiShield_Gmx_default_OSC_default_Vsup_pm6V_20260909,1,960,2026-09-09T09:54:23.295296+00:00,6.331640000000e+02,-6.417290000000e-05,-6.410879120879e-08
Offset_RevB_Chip_2_wiShield_Gmx_default_OSC_default_Vsup_pm6V_20260909,1,961,2026-09-09T09:54:23.959296+00:00,6.338280000000e+02,-3.902522000000e-05,-3.898623376623e-08
Offset_RevB_Chip_2_wiShield_Gmx_default_OSC_default_Vsup_pm6V_20260909,1,962,2026-09-09T09:54:24.615296+00:00,6.344840000000e+02,-5.093049000000e-05,-5.087961038961e-08
Offset_RevB_Chip_2_wiShield_Gmx_default_OSC_default_Vsup_pm6V_20260909,1,963,2026-09-09T09:54:25.271796+00:00,6.351405000000e+02,-6.115697000000e-05,-6.109587412587e-08
Offset_RevB_Chip_2_wiShield_Gmx_default_OSC_default_Vsup_pm6V_20260909,1,964,2026-09-09T09:54:25.936296+00:00,6.358050000000e+02,-5.265927000000e-05,-5.260666333666e-08
Offset_RevB_Chip_2_wiShield_Gmx_default_OSC_default_Vsup_pm6V_20260909,1,965,2026-09-09T09:54:26.600296+00:00,6.364690000000e+02,-4.775479000000e-05,-4.770708291708e-08
Offset_RevB_Chip_2_wiShield_Gmx_default_OSC_default_Vsup_pm6V_20260909,1,966,2026-09-09T09:54:27.256296+00:00,6.371250000000e+02,-6.011243000000e-05,-6.005237762238e-08
Offset_RevB_Chip_2_wiShield_Gmx_default_OSC_default_Vsup_pm6V_20260909,1,967,2026-09-09T09:54:27.912296+00:00,6.377810000000e+02,-4.779597000000e-05,-4.774822177822e-08
Offset_RevB_Chip_2_wiShield_Gmx_default_OSC_default_Vsup_pm6V_20260909,1,968,2026-09-09T09:54:28.568796+00:00,6.384375000000e+02,-3.640998000000e-05,-3.637360639361e-08
Offset_RevB_Chip_2_wiShield_Gmx_default_OSC_default_Vsup_pm6V_20260909,1,969,2026-09-09T09:54:29.232796+00:00,6.391015000000e+02,-5.419060000000e-05,-5.413646353646e-08
Offset_RevB_Chip_2_wiShield_Gmx_default_OSC_default_Vsup_pm6V_20260909,1,970,2026-09-09T09:54:29.896796+00:00,6.397655000000e+02,-4.639772000000e-05,-4.635136863137e-08
Offset_RevB_Chip_2_wiShield_Gmx_default_OSC_default_Vsup_pm6V_20260909,1,971,2026-09-09T09:54:30.553296+00:00,6.404220000000e+02,-5.410723000000e-05,-5.405317682318e-08
Offset_RevB_Chip_2_wiShield_Gmx_default_OSC_default_Vsup_pm6V_20260909,1,972,2026-09-09T09:54:31.209296+00:00,6.410780000000e+02,-6.595670000000e-05,-6.589080919081e-08
Offset_RevB_Chip_2_wiShield_Gmx_default_OSC_default_Vsup_pm6V_20260909,1,973,2026-09-09T09:54:31.873296+00:00,6.417420000000e+02,-4.940006000000e-05,-4.935070929071e-08
Offset_RevB_Chip_2_wiShield_Gmx_default_OSC_default_Vsup_pm6V_20260909,1,974,2026-09-09T09:54:32.537296+00:00,6.424060000000e+02,-5.709170000000e-05,-5.703466533467e-08
Offset_RevB_Chip_2_wiShield_Gmx_default_OSC_default_Vsup_pm6V_20260909,1,975,2026-09-09T09:54:33.193796+00:00,6.430625000000e+02,-4.239706000000e-05,-4.235470529471e-08
Offset_RevB_Chip_2_wiShield_Gmx_default_OSC_default_Vsup_pm6V_20260909,1,976,2026-09-09T09:54:33.850296+00:00,6.437190000000e+02,-4.866715000000e-05,-4.861853146853e-08
Offset_RevB_Chip_2_wiShield_Gmx_default_OSC_default_Vsup_pm6V_20260909,1,977,2026-09-09T09:54:34.514296+00:00,6.443830000000e+02,-7.177185000000e-05,-7.170014985015e-08
Offset_RevB_Chip_2_wiShield_Gmx_default_OSC_default_Vsup_pm6V_20260909,1,978,2026-09-09T09:54:35.178296+00:00,6.450470000000e+02,-5.504302000000e-05,-5.498803196803e-08
Offset_RevB_Chip_2_wiShield_Gmx_default_OSC_default_Vsup_pm6V_20260909,1,979,2026-09-09T09:54:35.834296+00:00,6.457030000000e+02,-7.837247000000e-05,-7.829417582418e-08
Offset_RevB_Chip_2_wiShield_Gmx_default_OSC_default_Vsup_pm6V_20260909,1,980,2026-09-09T09:54:36.490296+00:00,6.463590000000e+02,-8.041597000000e-05,-8.033563436563e-08
Offset_RevB_Chip_2_wiShield_Gmx_default_OSC_default_Vsup_pm6V_20260909,1,981,2026-09-09T09:54:37.154296+00:00,6.470230000000e+02,-6.915648000000e-05,-6.908739260739e-08
Offset_RevB_Chip_2_wiShield_Gmx_default_OSC_default_Vsup_pm6V_20260909,1,982,2026-09-09T09:54:37.818796+00:00,6.476875000000e+02,-6.018597000000e-05,-6.012584415584e-08
Offset_RevB_Chip_2_wiShield_Gmx_default_OSC_default_Vsup_pm6V_20260909,1,983,2026-09-09T09:54:38.475296+00:00,6.483440000000e+02,-6.495838000000e-05,-6.489348651349e-08
Offset_RevB_Chip_2_wiShield_Gmx_default_OSC_default_Vsup_pm6V_20260909,1,984,2026-09-09T09:54:39.131296+00:00,6.490000000000e+02,-6.045616000000e-05,-6.039576423576e-08
Offset_RevB_Chip_2_wiShield_Gmx_default_OSC_default_Vsup_pm6V_20260909,1,985,2026-09-09T09:54:39.795296+00:00,6.496640000000e+02,-5.992509000000e-05,-5.986522477522e-08
Offset_RevB_Chip_2_wiShield_Gmx_default_OSC_default_Vsup_pm6V_20260909,1,986,2026-09-09T09:54:40.459296+00:00,6.503280000000e+02,-7.200981000000e-05,-7.193787212787e-08
Offset_RevB_Chip_2_wiShield_Gmx_default_OSC_default_Vsup_pm6V_20260909,1,987,2026-09-09T09:54:41.115296+00:00,6.509840000000e+02,-7.289510000000e-05,-7.282227772228e-08
Offset_RevB_Chip_2_wiShield_Gmx_default_OSC_default_Vsup_pm6V_20260909,1,988,2026-09-09T09:54:41.771796+00:00,6.516405000000e+02,-7.789603000000e-05,-7.781821178821e-08
Offset_RevB_Chip_2_wiShield_Gmx_default_OSC_default_Vsup_pm6V_20260909,1,989,2026-09-09T09:54:42.436296+00:00,6.523050000000e+02,-5.552230000000e-05,-5.546683316683e-08
Offset_RevB_Chip_2_wiShield_Gmx_default_OSC_default_Vsup_pm6V_20260909,1,990,2026-09-09T09:54:43.100296+00:00,6.529690000000e+02,-5.979523000000e-05,-5.973549450549e-08
Offset_RevB_Chip_2_wiShield_Gmx_default_OSC_default_Vsup_pm6V_20260909,1,991,2026-09-09T09:54:43.756296+00:00,6.536250000000e+02,-5.828927000000e-05,-5.823103896104e-08
Offset_RevB_Chip_2_wiShield_Gmx_default_OSC_default_Vsup_pm6V_20260909,1,992,2026-09-09T09:54:44.412296+00:00,6.542810000000e+02,-7.065429000000e-05,-7.058370629371e-08
Offset_RevB_Chip_2_wiShield_Gmx_default_OSC_default_Vsup_pm6V_20260909,1,993,2026-09-09T09:54:45.076296+00:00,6.549450000000e+02,-6.333888000000e-05,-6.327560439560e-08
Offset_RevB_Chip_2_wiShield_Gmx_default_OSC_default_Vsup_pm6V_20260909,1,994,2026-09-09T09:54:45.740296+00:00,6.556090000000e+02,-7.431795000000e-05,-7.424370629371e-08
Offset_RevB_Chip_2_wiShield_Gmx_default_OSC_default_Vsup_pm6V_20260909,1,995,2026-09-09T09:54:46.396796+00:00,6.562655000000e+02,-6.012084000000e-05,-6.006077922078e-08
Offset_RevB_Chip_2_wiShield_Gmx_default_OSC_default_Vsup_pm6V_20260909,1,996,2026-09-09T09:54:47.053296+00:00,6.569220000000e+02,-7.560226000000e-05,-7.552673326673e-08
Offset_RevB_Chip_2_wiShield_Gmx_default_OSC_default_Vsup_pm6V_20260909,1,997,2026-09-09T09:54:47.717296+00:00,6.575860000000e+02,-7.502238000000e-05,-7.494743256743e-08
Offset_RevB_Chip_2_wiShield_Gmx_default_OSC_default_Vsup_pm6V_20260909,1,998,2026-09-09T09:54:48.381296+00:00,6.582500000000e+02,-5.743130000000e-05,-5.737392607393e-08
Offset_RevB_Chip_2_wiShield_Gmx_default_OSC_default_Vsup_pm6V_20260909,1,999,2026-09-09T09:54:49.037296+00:00,6.589060000000e+02,-6.485869000000e-05,-6.479389610390e-08
Offset_RevB_Chip_2_wiShield_Gmx_default_OSC_default_Vsup_pm6V_20260909,1,1000,2026-09-09T09:54:49.693796+00:00,6.595625000000e+02,-6.540038000000e-05,-6.533504495504e-08
