task_id,run_number,reading_index,acquisition_time_utc,elapsed_s,output_voltage_v,equivalent_input_offset_v
Offset_RevB_Chip_3_wiShield_Gmx_default_OSC_default_Vsup_pm6V_20260909,1,1,2026-09-09T09:58:18.397811+00:00,3.284999999996e-01,-6.875910000000e-04,-6.869040959041e-07
Offset_RevB_Chip_3_wiShield_Gmx_default_OSC_default_Vsup_pm6V_20260909,1,2,2026-09-09T09:58:19.054311+00:00,9.850000000006e-01,-6.811853000000e-04,-6.805047952048e-07
Offset_RevB_Chip_3_wiShield_Gmx_default_OSC_default_Vsup_pm6V_20260909,1,3,2026-09-09T09:58:19.710311+00:00,1.641000000000e+00,-6.909583000000e-04,-6.902680319680e-07
Offset_RevB_Chip_3_wiShield_Gmx_default_OSC_default_Vsup_pm6V_20260909,1,4,2026-09-09T09:58:20.374311+00:00,2.305000000000e+00,-6.855742000000e-04,-6.848893106893e-07
Offset_RevB_Chip_3_wiShield_Gmx_default_OSC_default_Vsup_pm6V_20260909,1,5,2026-09-09T09:58:21.038311+00:00,2.968999999999e+00,-6.777996000000e-04,-6.771224775225e-07
Offset_RevB_Chip_3_wiShield_Gmx_default_OSC_default_Vsup_pm6V_20260909,1,6,2026-09-09T09:58:21.694811+00:00,3.625500000000e+00,-6.727345000000e-04,-6.720624375624e-07
Offset_RevB_Chip_3_wiShield_Gmx_default_OSC_default_Vsup_pm6V_20260909,1,7,2026-09-09T09:58:22.351311+00:00,4.281999999999e+00,-6.851796000000e-04,-6.844951048951e-07
Offset_RevB_Chip_3_wiShield_Gmx_default_OSC_default_Vsup_pm6V_20260909,1,8,2026-09-09T09:58:23.015311+00:00,4.946000000000e+00,-6.763532000000e-04,-6.756775224775e-07
Offset_RevB_Chip_3_wiShield_Gmx_default_OSC_default_Vsup_pm6V_20260909,1,9,2026-09-09T09:58:23.679311+00:00,5.610000000001e+00,-6.807140000000e-04,-6.800339660340e-07
Offset_RevB_Chip_3_wiShield_Gmx_default_OSC_default_Vsup_pm6V_20260909,1,10,2026-09-09T09:58:24.335311+00:00,6.266000000000e+00,-6.745882000000e-04,-6.739142857143e-07
Offset_RevB_Chip_3_wiShield_Gmx_default_OSC_default_Vsup_pm6V_20260909,1,11,2026-09-09T09:58:24.999311+00:00,6.930000000000e+00,-6.846193000000e-04,-6.839353646354e-07
Offset_RevB_Chip_3_wiShield_Gmx_default_OSC_default_Vsup_pm6V_20260909,1,12,2026-09-09T09:58:25.663311+00:00,7.593999999999e+00,-6.794569000000e-04,-6.787781218781e-07
Offset_RevB_Chip_3_wiShield_Gmx_default_OSC_default_Vsup_pm6V_20260909,1,13,2026-09-09T09:58:26.319811+00:00,8.250500000000e+00,-6.833003000000e-04,-6.826176823177e-07
Offset_RevB_Chip_3_wiShield_Gmx_default_OSC_default_Vsup_pm6V_20260909,1,14,2026-09-09T09:58:26.976311+00:00,8.906999999999e+00,-6.725322000000e-04,-6.718603396603e-07
Offset_RevB_Chip_3_wiShield_Gmx_default_OSC_default_Vsup_pm6V_20260909,1,15,2026-09-09T09:58:27.640311+00:00,9.571000000000e+00,-6.800587000000e-04,-6.793793206793e-07
Offset_RevB_Chip_3_wiShield_Gmx_default_OSC_default_Vsup_pm6V_20260909,1,16,2026-09-09T09:58:28.304311+00:00,1.023500000000e+01,-6.639703000000e-04,-6.633069930070e-07
Offset_RevB_Chip_3_wiShield_Gmx_default_OSC_default_Vsup_pm6V_20260909,1,17,2026-09-09T09:58:28.960311+00:00,1.089100000000e+01,-6.843214000000e-04,-6.836377622378e-07
Offset_RevB_Chip_3_wiShield_Gmx_default_OSC_default_Vsup_pm6V_20260909,1,18,2026-09-09T09:58:29.616311+00:00,1.154700000000e+01,-6.704765000000e-04,-6.698066933067e-07
Offset_RevB_Chip_3_wiShield_Gmx_default_OSC_default_Vsup_pm6V_20260909,1,19,2026-09-09T09:58:30.280311+00:00,1.221100000000e+01,-6.688115000000e-04,-6.681433566434e-07
Offset_RevB_Chip_3_wiShield_Gmx_default_OSC_default_Vsup_pm6V_20260909,1,20,2026-09-09T09:58:30.944811+00:00,1.287550000000e+01,-6.790196000000e-04,-6.783412587413e-07
Offset_RevB_Chip_3_wiShield_Gmx_default_OSC_default_Vsup_pm6V_20260909,1,21,2026-09-09T09:58:31.601311+00:00,1.353200000000e+01,-6.757785000000e-04,-6.751033966034e-07
Offset_RevB_Chip_3_wiShield_Gmx_default_OSC_default_Vsup_pm6V_20260909,1,22,2026-09-09T09:58:32.257311+00:00,1.418800000000e+01,-6.755019000000e-04,-6.748270729271e-07
Offset_RevB_Chip_3_wiShield_Gmx_default_OSC_default_Vsup_pm6V_20260909,1,23,2026-09-09T09:58:32.929311+00:00,1.486000000000e+01,-6.795085000000e-04,-6.788296703297e-07
Offset_RevB_Chip_3_wiShield_Gmx_default_OSC_default_Vsup_pm6V_20260909,1,24,2026-09-09T09:58:33.585311+00:00,1.551600000000e+01,-6.639319000000e-04,-6.632686313686e-07
Offset_RevB_Chip_3_wiShield_Gmx_default_OSC_default_Vsup_pm6V_20260909,1,25,2026-09-09T09:58:34.241311+00:00,1.617200000000e+01,-6.773877000000e-04,-6.767109890110e-07
Offset_RevB_Chip_3_wiShield_Gmx_default_OSC_default_Vsup_pm6V_20260909,1,26,2026-09-09T09:58:34.905311+00:00,1.683600000000e+01,-6.683952000000e-04,-6.677274725275e-07
Offset_RevB_Chip_3_wiShield_Gmx_default_OSC_default_Vsup_pm6V_20260909,1,27,2026-09-09T09:58:35.569811+00:00,1.750050000000e+01,-6.947544000000e-04,-6.940603396603e-07
Offset_RevB_Chip_3_wiShield_Gmx_default_OSC_default_Vsup_pm6V_20260909,1,28,2026-09-09T09:58:36.226311+00:00,1.815700000000e+01,-6.953726000000e-04,-6.946779220779e-07
Offset_RevB_Chip_3_wiShield_Gmx_default_OSC_default_Vsup_pm6V_20260909,1,29,2026-09-09T09:58:36.882311+00:00,1.881300000000e+01,-6.645707000000e-04,-6.639067932068e-07
Offset_RevB_Chip_3_wiShield_Gmx_default_OSC_default_Vsup_pm6V_20260909,1,30,2026-09-09T09:58:37.546311+00:00,1.947700000000e+01,-6.818392000000e-04,-6.811580419580e-07
Offset_RevB_Chip_3_wiShield_Gmx_default_OSC_default_Vsup_pm6V_20260909,1,31,2026-09-09T09:58:38.210311+00:00,2.014100000000e+01,-6.644351000000e-04,-6.637713286713e-07
Offset_RevB_Chip_3_wiShield_Gmx_default_OSC_default_Vsup_pm6V_20260909,1,32,2026-09-09T09:58:38.866311+00:00,2.079700000000e+01,-6.718849000000e-04,-6.712136863137e-07
Offset_RevB_Chip_3_wiShield_Gmx_default_OSC_default_Vsup_pm6V_20260909,1,33,2026-09-09T09:58:39.522811+00:00,2.145350000000e+01,-6.716868000000e-04,-6.710157842158e-07
Offset_RevB_Chip_3_wiShield_Gmx_default_OSC_default_Vsup_pm6V_20260909,1,34,2026-09-09T09:58:40.187311+00:00,2.211800000000e+01,-6.531163000000e-04,-6.524638361638e-07
Offset_RevB_Chip_3_wiShield_Gmx_default_OSC_default_Vsup_pm6V_20260909,1,35,2026-09-09T09:58:40.851311+00:00,2.278200000000e+01,-6.712094000000e-04,-6.705388611389e-07
Offset_RevB_Chip_3_wiShield_Gmx_default_OSC_default_Vsup_pm6V_20260909,1,36,2026-09-09T09:58:41.507311+00:00,2.343800000000e+01,-6.522815000000e-04,-6.516298701299e-07
Offset_RevB_Chip_3_wiShield_Gmx_default_OSC_default_Vsup_pm6V_20260909,1,37,2026-09-09T09:58:42.163311+00:00,2.409400000000e+01,-6.726552000000e-04,-6.719832167832e-07
Offset_RevB_Chip_3_wiShield_Gmx_default_OSC_default_Vsup_pm6V_20260909,1,38,2026-09-09T09:58:42.827311+00:00,2.475800000000e+01,-6.476725000000e-04,-6.470254745255e-07
Offset_RevB_Chip_3_wiShield_Gmx_default_OSC_default_Vsup_pm6V_20260909,1,39,2026-09-09T09:58:43.491311+00:00,2.542200000000e+01,-6.576324000000e-04,-6.569754245754e-07
Offset_RevB_Chip_3_wiShield_Gmx_default_OSC_default_Vsup_pm6V_20260909,1,40,2026-09-09T09:58:44.147811+00:00,2.607850000000e+01,-6.642900000000e-04,-6.636263736264e-07
Offset_RevB_Chip_3_wiShield_Gmx_default_OSC_default_Vsup_pm6V_20260909,1,41,2026-09-09T09:58:44.812311+00:00,2.674300000000e+01,-6.605284000000e-04,-6.598685314685e-07
Offset_RevB_Chip_3_wiShield_Gmx_default_OSC_default_Vsup_pm6V_20260909,1,42,2026-09-09T09:58:45.476311+00:00,2.740700000000e+01,-6.629704000000e-04,-6.623080919081e-07
Offset_RevB_Chip_3_wiShield_Gmx_default_OSC_default_Vsup_pm6V_20260909,1,43,2026-09-09T09:58:46.132311+00:00,2.806300000000e+01,-6.638336000000e-04,-6.631704295704e-07
Offset_RevB_Chip_3_wiShield_Gmx_default_OSC_default_Vsup_pm6V_20260909,1,44,2026-09-09T09:58:46.788311+00:00,2.871900000000e+01,-6.600384000000e-04,-6.593790209790e-07
Offset_RevB_Chip_3_wiShield_Gmx_default_OSC_default_Vsup_pm6V_20260909,1,45,2026-09-09T09:58:47.444811+00:00,2.937550000000e+01,-6.547144000000e-04,-6.540603396603e-07
Offset_RevB_Chip_3_wiShield_Gmx_default_OSC_default_Vsup_pm6V_20260909,1,46,2026-09-09T09:58:48.108811+00:00,3.003950000000e+01,-6.510921000000e-04,-6.504416583417e-07
Offset_RevB_Chip_3_wiShield_Gmx_default_OSC_default_Vsup_pm6V_20260909,1,47,2026-09-09T09:58:48.772811+00:00,3.070350000000e+01,-6.634890000000e-04,-6.628261738262e-07
Offset_RevB_Chip_3_wiShield_Gmx_default_OSC_default_Vsup_pm6V_20260909,1,48,2026-09-09T09:58:49.429311+00:00,3.136000000000e+01,-6.664337000000e-04,-6.657679320679e-07
Offset_RevB_Chip_3_wiShield_Gmx_default_OSC_default_Vsup_pm6V_20260909,1,49,2026-09-09T09:58:50.085311+00:00,3.201600000000e+01,-6.664908000000e-04,-6.658249750250e-07
Offset_RevB_Chip_3_wiShield_Gmx_default_OSC_default_Vsup_pm6V_20260909,1,50,2026-09-09T09:58:50.749311+00:00,3.268000000000e+01,-6.742293000000e-04,-6.735557442557e-07
Offset_RevB_Chip_3_wiShield_Gmx_default_OSC_default_Vsup_pm6V_20260909,1,51,2026-09-09T09:58:51.413311+00:00,3.334400000000e+01,-6.577813000000e-04,-6.571241758242e-07
Offset_RevB_Chip_3_wiShield_Gmx_default_OSC_default_Vsup_pm6V_20260909,1,52,2026-09-09T09:58:52.069811+00:00,3.400050000000e+01,-6.586837000000e-04,-6.580256743257e-07
Offset_RevB_Chip_3_wiShield_Gmx_default_OSC_default_Vsup_pm6V_20260909,1,53,2026-09-09T09:58:52.726311+00:00,3.465700000000e+01,-6.575958000000e-04,-6.569388611389e-07
Offset_RevB_Chip_3_wiShield_Gmx_default_OSC_default_Vsup_pm6V_20260909,1,54,2026-09-09T09:58:53.390311+00:00,3.532100000000e+01,-6.762052000000e-04,-6.755296703297e-07
Offset_RevB_Chip_3_wiShield_Gmx_default_OSC_default_Vsup_pm6V_20260909,1,55,2026-09-09T09:58:54.054311+00:00,3.598500000000e+01,-6.729177000000e-04,-6.722454545455e-07
Offset_RevB_Chip_3_wiShield_Gmx_default_OSC_default_Vsup_pm6V_20260909,1,56,2026-09-09T09:58:54.710311+00:00,3.664100000000e+01,-6.587334000000e-04,-6.580753246753e-07
Offset_RevB_Chip_3_wiShield_Gmx_default_OSC_default_Vsup_pm6V_20260909,1,57,2026-09-09T09:58:55.366311+00:00,3.729700000000e+01,-6.473770000000e-04,-6.467302697303e-07
Offset_RevB_Chip_3_wiShield_Gmx_default_OSC_default_Vsup_pm6V_20260909,1,58,2026-09-09T09:58:56.030311+00:00,3.796100000000e+01,-6.682521000000e-04,-6.675845154845e-07
Offset_RevB_Chip_3_wiShield_Gmx_default_OSC_default_Vsup_pm6V_20260909,1,59,2026-09-09T09:58:56.694811+00:00,3.862550000000e+01,-6.712209000000e-04,-6.705503496503e-07
Offset_RevB_Chip_3_wiShield_Gmx_default_OSC_default_Vsup_pm6V_20260909,1,60,2026-09-09T09:58:57.351311+00:00,3.928200000000e+01,-6.569709000000e-04,-6.563145854146e-07
Offset_RevB_Chip_3_wiShield_Gmx_default_OSC_default_Vsup_pm6V_20260909,1,61,2026-09-09T09:58:58.007311+00:00,3.993800000000e+01,-6.766629000000e-04,-6.759869130869e-07
Offset_RevB_Chip_3_wiShield_Gmx_default_OSC_default_Vsup_pm6V_20260909,1,62,2026-09-09T09:58:58.663311+00:00,4.059400000000e+01,-6.550753000000e-04,-6.544208791209e-07
Offset_RevB_Chip_3_wiShield_Gmx_default_OSC_default_Vsup_pm6V_20260909,1,63,2026-09-09T09:58:59.327311+00:00,4.125800000000e+01,-6.642533000000e-04,-6.635897102897e-07
Offset_RevB_Chip_3_wiShield_Gmx_default_OSC_default_Vsup_pm6V_20260909,1,64,2026-09-09T09:58:59.991311+00:00,4.192200000000e+01,-6.685103000000e-04,-6.678424575425e-07
Offset_RevB_Chip_3_wiShield_Gmx_default_OSC_default_Vsup_pm6V_20260909,1,65,2026-09-09T09:59:00.647811+00:00,4.257850000000e+01,-6.737897000000e-04,-6.731165834166e-07
Offset_RevB_Chip_3_wiShield_Gmx_default_OSC_default_Vsup_pm6V_20260909,1,66,2026-09-09T09:59:01.304311+00:00,4.323500000000e+01,-6.703336000000e-04,-6.696639360639e-07
Offset_RevB_Chip_3_wiShield_Gmx_default_OSC_default_Vsup_pm6V_20260909,1,67,2026-09-09T09:59:01.976311+00:00,4.390700000000e+01,-6.505883000000e-04,-6.499383616384e-07
Offset_RevB_Chip_3_wiShield_Gmx_default_OSC_default_Vsup_pm6V_20260909,1,68,2026-09-09T09:59:02.632311+00:00,4.456300000000e+01,-6.429820000000e-04,-6.423396603397e-07
Offset_RevB_Chip_3_wiShield_Gmx_default_OSC_default_Vsup_pm6V_20260909,1,69,2026-09-09T09:59:03.288311+00:00,4.521900000000e+01,-6.595175000000e-04,-6.588586413586e-07
Offset_RevB_Chip_3_wiShield_Gmx_default_OSC_default_Vsup_pm6V_20260909,1,70,2026-09-09T09:59:03.944811+00:00,4.587550000000e+01,-6.443538000000e-04,-6.437100899101e-07
Offset_RevB_Chip_3_wiShield_Gmx_default_OSC_default_Vsup_pm6V_20260909,1,71,2026-09-09T09:59:04.601311+00:00,4.653200000000e+01,-6.696891000000e-04,-6.690200799201e-07
Offset_RevB_Chip_3_wiShield_Gmx_default_OSC_default_Vsup_pm6V_20260909,1,72,2026-09-09T09:59:05.265311+00:00,4.719600000000e+01,-6.394925000000e-04,-6.388536463536e-07
Offset_RevB_Chip_3_wiShield_Gmx_default_OSC_default_Vsup_pm6V_20260909,1,73,2026-09-09T09:59:05.929311+00:00,4.786000000000e+01,-6.569925000000e-04,-6.563361638362e-07
Offset_RevB_Chip_3_wiShield_Gmx_default_OSC_default_Vsup_pm6V_20260909,1,74,2026-09-09T09:59:06.585311+00:00,4.851600000000e+01,-6.687113000000e-04,-6.680432567433e-07
Offset_RevB_Chip_3_wiShield_Gmx_default_OSC_default_Vsup_pm6V_20260909,1,75,2026-09-09T09:59:07.241311+00:00,4.917200000000e+01,-6.467514000000e-04,-6.461052947053e-07
Offset_RevB_Chip_3_wiShield_Gmx_default_OSC_default_Vsup_pm6V_20260909,1,76,2026-09-09T09:59:07.905311+00:00,4.983600000000e+01,-6.502513000000e-04,-6.496016983017e-07
Offset_RevB_Chip_3_wiShield_Gmx_default_OSC_default_Vsup_pm6V_20260909,1,77,2026-09-09T09:59:08.569811+00:00,5.050050000000e+01,-6.442855000000e-04,-6.436418581419e-07
Offset_RevB_Chip_3_wiShield_Gmx_default_OSC_default_Vsup_pm6V_20260909,1,78,2026-09-09T09:59:09.226311+00:00,5.115700000000e+01,-6.565916000000e-04,-6.559356643357e-07
Offset_RevB_Chip_3_wiShield_Gmx_default_OSC_default_Vsup_pm6V_20260909,1,79,2026-09-09T09:59:09.882311+00:00,5.181300000000e+01,-6.618393000000e-04,-6.611781218781e-07
Offset_RevB_Chip_3_wiShield_Gmx_default_OSC_default_Vsup_pm6V_20260909,1,80,2026-09-09T09:59:10.538311+00:00,5.246900000000e+01,-6.488206000000e-04,-6.481724275724e-07
Offset_RevB_Chip_3_wiShield_Gmx_default_OSC_default_Vsup_pm6V_20260909,1,81,2026-09-09T09:59:11.202311+00:00,5.313300000000e+01,-6.393389000000e-04,-6.387001998002e-07
Offset_RevB_Chip_3_wiShield_Gmx_default_OSC_default_Vsup_pm6V_20260909,1,82,2026-09-09T09:59:11.866311+00:00,5.379700000000e+01,-6.688870000000e-04,-6.682187812188e-07
Offset_RevB_Chip_3_wiShield_Gmx_default_OSC_default_Vsup_pm6V_20260909,1,83,2026-09-09T09:59:12.522811+00:00,5.445350000000e+01,-6.543532000000e-04,-6.536995004995e-07
Offset_RevB_Chip_3_wiShield_Gmx_default_OSC_default_Vsup_pm6V_20260909,1,84,2026-09-09T09:59:13.179311+00:00,5.511000000000e+01,-6.487264000000e-04,-6.480783216783e-07
Offset_RevB_Chip_3_wiShield_Gmx_default_OSC_default_Vsup_pm6V_20260909,1,85,2026-09-09T09:59:13.843311+00:00,5.577400000000e+01,-6.494953000000e-04,-6.488464535465e-07
Offset_RevB_Chip_3_wiShield_Gmx_default_OSC_default_Vsup_pm6V_20260909,1,86,2026-09-09T09:59:14.507311+00:00,5.643800000000e+01,-6.587843000000e-04,-6.581261738262e-07
Offset_RevB_Chip_3_wiShield_Gmx_default_OSC_default_Vsup_pm6V_20260909,1,87,2026-09-09T09:59:15.163311+00:00,5.709400000000e+01,-6.535252000000e-04,-6.528723276723e-07
Offset_RevB_Chip_3_wiShield_Gmx_default_OSC_default_Vsup_pm6V_20260909,1,88,2026-09-09T09:59:15.819811+00:00,5.775050000000e+01,-6.574094000000e-04,-6.567526473526e-07
Offset_RevB_Chip_3_wiShield_Gmx_default_OSC_default_Vsup_pm6V_20260909,1,89,2026-09-09T09:59:16.483811+00:00,5.841450000000e+01,-6.553455000000e-04,-6.546908091908e-07
Offset_RevB_Chip_3_wiShield_Gmx_default_OSC_default_Vsup_pm6V_20260909,1,90,2026-09-09T09:59:17.147811+00:00,5.907850000000e+01,-6.571242000000e-04,-6.564677322677e-07
Offset_RevB_Chip_3_wiShield_Gmx_default_OSC_default_Vsup_pm6V_20260909,1,91,2026-09-09T09:59:17.804311+00:00,5.973500000000e+01,-6.525151000000e-04,-6.518632367632e-07
Offset_RevB_Chip_3_wiShield_Gmx_default_OSC_default_Vsup_pm6V_20260909,1,92,2026-09-09T09:59:18.460311+00:00,6.039100000000e+01,-6.601641000000e-04,-6.595045954046e-07
Offset_RevB_Chip_3_wiShield_Gmx_default_OSC_default_Vsup_pm6V_20260909,1,93,2026-09-09T09:59:19.116311+00:00,6.104700000000e+01,-6.647366000000e-04,-6.640725274725e-07
Offset_RevB_Chip_3_wiShield_Gmx_default_OSC_default_Vsup_pm6V_20260909,1,94,2026-09-09T09:59:19.780311+00:00,6.171100000000e+01,-6.498081000000e-04,-6.491589410589e-07
Offset_RevB_Chip_3_wiShield_Gmx_default_OSC_default_Vsup_pm6V_20260909,1,95,2026-09-09T09:59:20.444811+00:00,6.237550000000e+01,-6.693031000000e-04,-6.686344655345e-07
Offset_RevB_Chip_3_wiShield_Gmx_default_OSC_default_Vsup_pm6V_20260909,1,96,2026-09-09T09:59:21.101311+00:00,6.303200000000e+01,-6.596822000000e-04,-6.590231768232e-07
Offset_RevB_Chip_3_wiShield_Gmx_default_OSC_default_Vsup_pm6V_20260909,1,97,2026-09-09T09:59:21.757311+00:00,6.368800000000e+01,-6.430265000000e-04,-6.423841158841e-07
Offset_RevB_Chip_3_wiShield_Gmx_default_OSC_default_Vsup_pm6V_20260909,1,98,2026-09-09T09:59:22.421311+00:00,6.435200000000e+01,-6.504226000000e-04,-6.497728271728e-07
Offset_RevB_Chip_3_wiShield_Gmx_default_OSC_default_Vsup_pm6V_20260909,1,99,2026-09-09T09:59:23.085311+00:00,6.501600000000e+01,-6.633479000000e-04,-6.626852147852e-07
Offset_RevB_Chip_3_wiShield_Gmx_default_OSC_default_Vsup_pm6V_20260909,1,100,2026-09-09T09:59:23.741311+00:00,6.567200000000e+01,-6.564927000000e-04,-6.558368631369e-07
Offset_RevB_Chip_3_wiShield_Gmx_default_OSC_default_Vsup_pm6V_20260909,1,101,2026-09-09T09:59:24.397811+00:00,6.632850000000e+01,-6.494757000000e-04,-6.488268731269e-07
Offset_RevB_Chip_3_wiShield_Gmx_default_OSC_default_Vsup_pm6V_20260909,1,102,2026-09-09T09:59:25.062311+00:00,6.699300000000e+01,-6.576126000000e-04,-6.569556443556e-07
Offset_RevB_Chip_3_wiShield_Gmx_default_OSC_default_Vsup_pm6V_20260909,1,103,2026-09-09T09:59:25.726311+00:00,6.765700000000e+01,-6.612135000000e-04,-6.605529470529e-07
Offset_RevB_Chip_3_wiShield_Gmx_default_OSC_default_Vsup_pm6V_20260909,1,104,2026-09-09T09:59:26.382311+00:00,6.831300000000e+01,-6.585531000000e-04,-6.578952047952e-07
Offset_RevB_Chip_3_wiShield_Gmx_default_OSC_default_Vsup_pm6V_20260909,1,105,2026-09-09T09:59:27.038311+00:00,6.896900000000e+01,-6.360356000000e-04,-6.354001998002e-07
Offset_RevB_Chip_3_wiShield_Gmx_default_OSC_default_Vsup_pm6V_20260909,1,106,2026-09-09T09:59:27.702311+00:00,6.963300000000e+01,-6.586298000000e-04,-6.579718281718e-07
Offset_RevB_Chip_3_wiShield_Gmx_default_OSC_default_Vsup_pm6V_20260909,1,107,2026-09-09T09:59:28.366311+00:00,7.029700000000e+01,-6.578442000000e-04,-6.571870129870e-07
Offset_RevB_Chip_3_wiShield_Gmx_default_OSC_default_Vsup_pm6V_20260909,1,108,2026-09-09T09:59:29.022811+00:00,7.095350000000e+01,-6.450587000000e-04,-6.444142857143e-07
Offset_RevB_Chip_3_wiShield_Gmx_default_OSC_default_Vsup_pm6V_20260909,1,109,2026-09-09T09:59:29.679311+00:00,7.161000000000e+01,-6.435101000000e-04,-6.428672327672e-07
Offset_RevB_Chip_3_wiShield_Gmx_default_OSC_default_Vsup_pm6V_20260909,1,110,2026-09-09T09:59:30.335311+00:00,7.226600000000e+01,-6.611455000000e-04,-6.604850149850e-07
Offset_RevB_Chip_3_wiShield_Gmx_default_OSC_default_Vsup_pm6V_20260909,1,111,2026-09-09T09:59:30.999311+00:00,7.293000000000e+01,-6.460105000000e-04,-6.453651348651e-07
Offset_RevB_Chip_3_wiShield_Gmx_default_OSC_default_Vsup_pm6V_20260909,1,112,2026-09-09T09:59:31.663311+00:00,7.359400000000e+01,-6.509658000000e-04,-6.503154845155e-07
Offset_RevB_Chip_3_wiShield_Gmx_default_OSC_default_Vsup_pm6V_20260909,1,113,2026-09-09T09:59:32.319811+00:00,7.425050000000e+01,-6.485042000000e-04,-6.478563436563e-07
Offset_RevB_Chip_3_wiShield_Gmx_default_OSC_default_Vsup_pm6V_20260909,1,114,2026-09-09T09:59:32.976311+00:00,7.490700000000e+01,-6.538660000000e-04,-6.532127872128e-07
Offset_RevB_Chip_3_wiShield_Gmx_default_OSC_default_Vsup_pm6V_20260909,1,115,2026-09-09T09:59:33.640311+00:00,7.557100000000e+01,-6.431555000000e-04,-6.425129870130e-07
Offset_RevB_Chip_3_wiShield_Gmx_default_OSC_default_Vsup_pm6V_20260909,1,116,2026-09-09T09:59:34.304311+00:00,7.623500000000e+01,-6.381829000000e-04,-6.375453546454e-07
Offset_RevB_Chip_3_wiShield_Gmx_default_OSC_default_Vsup_pm6V_20260909,1,117,2026-09-09T09:59:34.960311+00:00,7.689100000000e+01,-6.463596000000e-04,-6.457138861139e-07
Offset_RevB_Chip_3_wiShield_Gmx_default_OSC_default_Vsup_pm6V_20260909,1,118,2026-09-09T09:59:35.616311+00:00,7.754700000000e+01,-6.626987000000e-04,-6.620366633367e-07
Offset_RevB_Chip_3_wiShield_Gmx_default_OSC_default_Vsup_pm6V_20260909,1,119,2026-09-09T09:59:36.288311+00:00,7.821900000000e+01,-6.474219000000e-04,-6.467751248751e-07
Offset_RevB_Chip_3_wiShield_Gmx_default_OSC_default_Vsup_pm6V_20260909,1,120,2026-09-09T09:59:36.944811+00:00,7.887550000000e+01,-6.422398000000e-04,-6.415982017982e-07
Offset_RevB_Chip_3_wiShield_Gmx_default_OSC_default_Vsup_pm6V_20260909,1,121,2026-09-09T09:59:37.601311+00:00,7.953200000000e+01,-6.521649000000e-04,-6.515133866134e-07
Offset_RevB_Chip_3_wiShield_Gmx_default_OSC_default_Vsup_pm6V_20260909,1,122,2026-09-09T09:59:38.257311+00:00,8.018800000000e+01,-6.336638000000e-04,-6.330307692308e-07
Offset_RevB_Chip_3_wiShield_Gmx_default_OSC_default_Vsup_pm6V_20260909,1,123,2026-09-09T09:59:38.921311+00:00,8.085200000000e+01,-6.401058000000e-04,-6.394663336663e-07
Offset_RevB_Chip_3_wiShield_Gmx_default_OSC_default_Vsup_pm6V_20260909,1,124,2026-09-09T09:59:39.585311+00:00,8.151600000000e+01,-6.338097000000e-04,-6.331765234765e-07
Offset_RevB_Chip_3_wiShield_Gmx_default_OSC_default_Vsup_pm6V_20260909,1,125,2026-09-09T09:59:40.241311+00:00,8.217200000000e+01,-6.392098000000e-04,-6.385712287712e-07
Offset_RevB_Chip_3_wiShield_Gmx_default_OSC_default_Vsup_pm6V_20260909,1,126,2026-09-09T09:59:40.897811+00:00,8.282850000000e+01,-6.497352000000e-04,-6.490861138861e-07
Offset_RevB_Chip_3_wiShield_Gmx_default_OSC_default_Vsup_pm6V_20260909,1,127,2026-09-09T09:59:41.562311+00:00,8.349300000000e+01,-6.645570000000e-04,-6.638931068931e-07
Offset_RevB_Chip_3_wiShield_Gmx_default_OSC_default_Vsup_pm6V_20260909,1,128,2026-09-09T09:59:42.226311+00:00,8.415700000000e+01,-6.496544000000e-04,-6.490053946054e-07
Offset_RevB_Chip_3_wiShield_Gmx_default_OSC_default_Vsup_pm6V_20260909,1,129,2026-09-09T09:59:42.882311+00:00,8.481300000000e+01,-6.551912000000e-04,-6.545366633367e-07
Offset_RevB_Chip_3_wiShield_Gmx_default_OSC_default_Vsup_pm6V_20260909,1,130,2026-09-09T09:59:43.538311+00:00,8.546900000000e+01,-6.502790000000e-04,-6.496293706294e-07
Offset_RevB_Chip_3_wiShield_Gmx_default_OSC_default_Vsup_pm6V_20260909,1,131,2026-09-09T09:59:44.210311+00:00,8.614100000000e+01,-6.445472000000e-04,-6.439032967033e-07
Offset_RevB_Chip_3_wiShield_Gmx_default_OSC_default_Vsup_pm6V_20260909,1,132,2026-09-09T09:59:44.866311+00:00,8.679700000000e+01,-6.475214000000e-04,-6.468745254745e-07
Offset_RevB_Chip_3_wiShield_Gmx_default_OSC_default_Vsup_pm6V_20260909,1,133,2026-09-09T09:59:45.522811+00:00,8.745350000000e+01,-6.359727000000e-04,-6.353373626374e-07
Offset_RevB_Chip_3_wiShield_Gmx_default_OSC_default_Vsup_pm6V_20260909,1,134,2026-09-09T09:59:46.179311+00:00,8.811000000000e+01,-6.702394000000e-04,-6.695698301698e-07
Offset_RevB_Chip_3_wiShield_Gmx_default_OSC_default_Vsup_pm6V_20260909,1,135,2026-09-09T09:59:46.843311+00:00,8.877400000000e+01,-6.469555000000e-04,-6.463091908092e-07
Offset_RevB_Chip_3_wiShield_Gmx_default_OSC_default_Vsup_pm6V_20260909,1,136,2026-09-09T09:59:47.507311+00:00,8.943800000000e+01,-6.615110000000e-04,-6.608501498501e-07
Offset_RevB_Chip_3_wiShield_Gmx_default_OSC_default_Vsup_pm6V_20260909,1,137,2026-09-09T09:59:48.163311+00:00,9.009400000000e+01,-6.656880000000e-04,-6.650229770230e-07
Offset_RevB_Chip_3_wiShield_Gmx_default_OSC_default_Vsup_pm6V_20260909,1,138,2026-09-09T09:59:48.827311+00:00,9.075800000000e+01,-6.445404000000e-04,-6.438965034965e-07
Offset_RevB_Chip_3_wiShield_Gmx_default_OSC_default_Vsup_pm6V_20260909,1,139,2026-09-09T09:59:49.491311+00:00,9.142200000000e+01,-6.360997000000e-04,-6.354642357642e-07
Offset_RevB_Chip_3_wiShield_Gmx_default_OSC_default_Vsup_pm6V_20260909,1,140,2026-09-09T09:59:50.147811+00:00,9.207850000000e+01,-6.606441000000e-04,-6.599841158841e-07
Offset_RevB_Chip_3_wiShield_Gmx_default_OSC_default_Vsup_pm6V_20260909,1,141,2026-09-09T09:59:50.804311+00:00,9.273500000000e+01,-6.502712000000e-04,-6.496215784216e-07
Offset_RevB_Chip_3_wiShield_Gmx_default_OSC_default_Vsup_pm6V_20260909,1,142,2026-09-09T09:59:51.468311+00:00,9.339900000000e+01,-6.580415000000e-04,-6.573841158841e-07
Offset_RevB_Chip_3_wiShield_Gmx_default_OSC_default_Vsup_pm6V_20260909,1,143,2026-09-09T09:59:52.132311+00:00,9.406300000000e+01,-6.553170000000e-04,-6.546623376623e-07
Offset_RevB_Chip_3_wiShield_Gmx_default_OSC_default_Vsup_pm6V_20260909,1,144,2026-09-09T09:59:52.788311+00:00,9.471900000000e+01,-6.416002000000e-04,-6.409592407592e-07
Offset_RevB_Chip_3_wiShield_Gmx_default_OSC_default_Vsup_pm6V_20260909,1,145,2026-09-09T09:59:53.444811+00:00,9.537550000000e+01,-6.518541000000e-04,-6.512028971029e-07
Offset_RevB_Chip_3_wiShield_Gmx_default_OSC_default_Vsup_pm6V_20260909,1,146,2026-09-09T09:59:54.108811+00:00,9.603950000000e+01,-6.734316000000e-04,-6.727588411588e-07
Offset_RevB_Chip_3_wiShield_Gmx_default_OSC_default_Vsup_pm6V_20260909,1,147,2026-09-09T09:59:54.772811+00:00,9.670350000000e+01,-6.767873000000e-04,-6.761111888112e-07
Offset_RevB_Chip_3_wiShield_Gmx_default_OSC_default_Vsup_pm6V_20260909,1,148,2026-09-09T09:59:55.429311+00:00,9.736000000000e+01,-6.670998000000e-04,-6.664333666334e-07
Offset_RevB_Chip_3_wiShield_Gmx_default_OSC_default_Vsup_pm6V_20260909,1,149,2026-09-09T09:59:56.085311+00:00,9.801600000000e+01,-6.509571000000e-04,-6.503067932068e-07
Offset_RevB_Chip_3_wiShield_Gmx_default_OSC_default_Vsup_pm6V_20260909,1,150,2026-09-09T09:59:56.749311+00:00,9.868000000000e+01,-6.511386000000e-04,-6.504881118881e-07
Offset_RevB_Chip_3_wiShield_Gmx_default_OSC_default_Vsup_pm6V_20260909,1,151,2026-09-09T09:59:57.413311+00:00,9.934400000000e+01,-6.376965000000e-04,-6.370594405594e-07
Offset_RevB_Chip_3_wiShield_Gmx_default_OSC_default_Vsup_pm6V_20260909,1,152,2026-09-09T09:59:58.069811+00:00,1.000005000000e+02,-6.488113000000e-04,-6.481631368631e-07
Offset_RevB_Chip_3_wiShield_Gmx_default_OSC_default_Vsup_pm6V_20260909,1,153,2026-09-09T09:59:58.726311+00:00,1.006570000000e+02,-6.581288000000e-04,-6.574713286713e-07
Offset_RevB_Chip_3_wiShield_Gmx_default_OSC_default_Vsup_pm6V_20260909,1,154,2026-09-09T09:59:59.397811+00:00,1.013285000000e+02,-6.513368000000e-04,-6.506861138861e-07
Offset_RevB_Chip_3_wiShield_Gmx_default_OSC_default_Vsup_pm6V_20260909,1,155,2026-09-09T10:00:00.054311+00:00,1.019850000000e+02,-6.519364000000e-04,-6.512851148851e-07
Offset_RevB_Chip_3_wiShield_Gmx_default_OSC_default_Vsup_pm6V_20260909,1,156,2026-09-09T10:00:00.710311+00:00,1.026410000000e+02,-6.512019000000e-04,-6.505513486513e-07
Offset_RevB_Chip_3_wiShield_Gmx_default_OSC_default_Vsup_pm6V_20260909,1,157,2026-09-09T10:00:01.374311+00:00,1.033050000000e+02,-6.531138000000e-04,-6.524613386613e-07
Offset_RevB_Chip_3_wiShield_Gmx_default_OSC_default_Vsup_pm6V_20260909,1,158,2026-09-09T10:00:02.038311+00:00,1.039690000000e+02,-6.328654000000e-04,-6.322331668332e-07
Offset_RevB_Chip_3_wiShield_Gmx_default_OSC_default_Vsup_pm6V_20260909,1,159,2026-09-09T10:00:02.694811+00:00,1.046255000000e+02,-6.461671000000e-04,-6.455215784216e-07
Offset_RevB_Chip_3_wiShield_Gmx_default_OSC_default_Vsup_pm6V_20260909,1,160,2026-09-09T10:00:03.351311+00:00,1.052820000000e+02,-6.476165000000e-04,-6.469695304695e-07
Offset_RevB_Chip_3_wiShield_Gmx_default_OSC_default_Vsup_pm6V_20260909,1,161,2026-09-09T10:00:04.015311+00:00,1.059460000000e+02,-6.737633000000e-04,-6.730902097902e-07
Offset_RevB_Chip_3_wiShield_Gmx_default_OSC_default_Vsup_pm6V_20260909,1,162,2026-09-09T10:00:04.679311+00:00,1.066100000000e+02,-6.502387000000e-04,-6.495891108891e-07
Offset_RevB_Chip_3_wiShield_Gmx_default_OSC_default_Vsup_pm6V_20260909,1,163,2026-09-09T10:00:05.335311+00:00,1.072660000000e+02,-6.539992000000e-04,-6.533458541459e-07
Offset_RevB_Chip_3_wiShield_Gmx_default_OSC_default_Vsup_pm6V_20260909,1,164,2026-09-09T10:00:05.991311+00:00,1.079220000000e+02,-6.619491000000e-04,-6.612878121878e-07
Offset_RevB_Chip_3_wiShield_Gmx_default_OSC_default_Vsup_pm6V_20260909,1,165,2026-09-09T10:00:06.655311+00:00,1.085860000000e+02,-6.607410000000e-04,-6.600809190809e-07
Offset_RevB_Chip_3_wiShield_Gmx_default_OSC_default_Vsup_pm6V_20260909,1,166,2026-09-09T10:00:07.319811+00:00,1.092505000000e+02,-6.617117000000e-04,-6.610506493506e-07
Offset_RevB_Chip_3_wiShield_Gmx_default_OSC_default_Vsup_pm6V_20260909,1,167,2026-09-09T10:00:07.976311+00:00,1.099070000000e+02,-6.557263000000e-04,-6.550712287712e-07
Offset_RevB_Chip_3_wiShield_Gmx_default_OSC_default_Vsup_pm6V_20260909,1,168,2026-09-09T10:00:08.640311+00:00,1.105710000000e+02,-6.618945000000e-04,-6.612332667333e-07
Offset_RevB_Chip_3_wiShield_Gmx_default_OSC_default_Vsup_pm6V_20260909,1,169,2026-09-09T10:00:09.304311+00:00,1.112350000000e+02,-6.664450000000e-04,-6.657792207792e-07
Offset_RevB_Chip_3_wiShield_Gmx_default_OSC_default_Vsup_pm6V_20260909,1,170,2026-09-09T10:00:09.960311+00:00,1.118910000000e+02,-6.596278000000e-04,-6.589688311688e-07
Offset_RevB_Chip_3_wiShield_Gmx_default_OSC_default_Vsup_pm6V_20260909,1,171,2026-09-09T10:00:10.616311+00:00,1.125470000000e+02,-6.687569000000e-04,-6.680888111888e-07
Offset_RevB_Chip_3_wiShield_Gmx_default_OSC_default_Vsup_pm6V_20260909,1,172,2026-09-09T10:00:11.280311+00:00,1.132110000000e+02,-6.561168000000e-04,-6.554613386613e-07
Offset_RevB_Chip_3_wiShield_Gmx_default_OSC_default_Vsup_pm6V_20260909,1,173,2026-09-09T10:00:11.944811+00:00,1.138755000000e+02,-6.628625000000e-04,-6.622002997003e-07
Offset_RevB_Chip_3_wiShield_Gmx_default_OSC_default_Vsup_pm6V_20260909,1,174,2026-09-09T10:00:12.601311+00:00,1.145320000000e+02,-6.607782000000e-04,-6.601180819181e-07
Offset_RevB_Chip_3_wiShield_Gmx_default_OSC_default_Vsup_pm6V_20260909,1,175,2026-09-09T10:00:13.257311+00:00,1.151880000000e+02,-6.436934000000e-04,-6.430503496503e-07
Offset_RevB_Chip_3_wiShield_Gmx_default_OSC_default_Vsup_pm6V_20260909,1,176,2026-09-09T10:00:13.921311+00:00,1.158520000000e+02,-6.528837000000e-04,-6.522314685315e-07
Offset_RevB_Chip_3_wiShield_Gmx_default_OSC_default_Vsup_pm6V_20260909,1,177,2026-09-09T10:00:14.585311+00:00,1.165160000000e+02,-6.501817000000e-04,-6.495321678322e-07
Offset_RevB_Chip_3_wiShield_Gmx_default_OSC_default_Vsup_pm6V_20260909,1,178,2026-09-09T10:00:15.241311+00:00,1.171720000000e+02,-6.607966000000e-04,-6.601364635365e-07
Offset_RevB_Chip_3_wiShield_Gmx_default_OSC_default_Vsup_pm6V_20260909,1,179,2026-09-09T10:00:15.897811+00:00,1.178285000000e+02,-6.737517000000e-04,-6.730786213786e-07
Offset_RevB_Chip_3_wiShield_Gmx_default_OSC_default_Vsup_pm6V_20260909,1,180,2026-09-09T10:00:16.562311+00:00,1.184930000000e+02,-6.767425000000e-04,-6.760664335664e-07
Offset_RevB_Chip_3_wiShield_Gmx_default_OSC_default_Vsup_pm6V_20260909,1,181,2026-09-09T10:00:17.226311+00:00,1.191570000000e+02,-6.552668000000e-04,-6.546121878122e-07
Offset_RevB_Chip_3_wiShield_Gmx_default_OSC_default_Vsup_pm6V_20260909,1,182,2026-09-09T10:00:17.882311+00:00,1.198130000000e+02,-6.643815000000e-04,-6.637177822178e-07
Offset_RevB_Chip_3_wiShield_Gmx_default_OSC_default_Vsup_pm6V_20260909,1,183,2026-09-09T10:00:18.538311+00:00,1.204690000000e+02,-6.575745000000e-04,-6.569175824176e-07
Offset_RevB_Chip_3_wiShield_Gmx_default_OSC_default_Vsup_pm6V_20260909,1,184,2026-09-09T10:00:19.202311+00:00,1.211330000000e+02,-6.511747000000e-04,-6.505241758242e-07
Offset_RevB_Chip_3_wiShield_Gmx_default_OSC_default_Vsup_pm6V_20260909,1,185,2026-09-09T10:00:19.866311+00:00,1.217970000000e+02,-6.597383000000e-04,-6.590792207792e-07
Offset_RevB_Chip_3_wiShield_Gmx_default_OSC_default_Vsup_pm6V_20260909,1,186,2026-09-09T10:00:20.522811+00:00,1.224535000000e+02,-6.570092000000e-04,-6.563528471528e-07
Offset_RevB_Chip_3_wiShield_Gmx_default_OSC_default_Vsup_pm6V_20260909,1,187,2026-09-09T10:00:21.179311+00:00,1.231100000000e+02,-6.598200000000e-04,-6.591608391608e-07
Offset_RevB_Chip_3_wiShield_Gmx_default_OSC_default_Vsup_pm6V_20260909,1,188,2026-09-09T10:00:21.843311+00:00,1.237740000000e+02,-6.556140000000e-04,-6.549590409590e-07
Offset_RevB_Chip_3_wiShield_Gmx_default_OSC_default_Vsup_pm6V_20260909,1,189,2026-09-09T10:00:22.507311+00:00,1.244380000000e+02,-6.549059000000e-04,-6.542516483516e-07
Offset_RevB_Chip_3_wiShield_Gmx_default_OSC_default_Vsup_pm6V_20260909,1,190,2026-09-09T10:00:23.163311+00:00,1.250940000000e+02,-6.471474000000e-04,-6.465008991009e-07
Offset_RevB_Chip_3_wiShield_Gmx_default_OSC_default_Vsup_pm6V_20260909,1,191,2026-09-09T10:00:23.819811+00:00,1.257505000000e+02,-6.552857000000e-04,-6.546310689311e-07
Offset_RevB_Chip_3_wiShield_Gmx_default_OSC_default_Vsup_pm6V_20260909,1,192,2026-09-09T10:00:24.483811+00:00,1.264145000000e+02,-6.609702000000e-04,-6.603098901099e-07
Offset_RevB_Chip_3_wiShield_Gmx_default_OSC_default_Vsup_pm6V_20260909,1,193,2026-09-09T10:00:25.147811+00:00,1.270785000000e+02,-6.670281000000e-04,-6.663617382617e-07
Offset_RevB_Chip_3_wiShield_Gmx_default_OSC_default_Vsup_pm6V_20260909,1,194,2026-09-09T10:00:25.804311+00:00,1.277350000000e+02,-6.528641000000e-04,-6.522118881119e-07
Offset_RevB_Chip_3_wiShield_Gmx_default_OSC_default_Vsup_pm6V_20260909,1,195,2026-09-09T10:00:26.460311+00:00,1.283910000000e+02,-6.443751000000e-04,-6.437313686314e-07
Offset_RevB_Chip_3_wiShield_Gmx_default_OSC_default_Vsup_pm6V_20260909,1,196,2026-09-09T10:00:27.124311+00:00,1.290550000000e+02,-6.518259000000e-04,-6.511747252747e-07
Offset_RevB_Chip_3_wiShield_Gmx_default_OSC_default_Vsup_pm6V_20260909,1,197,2026-09-09T10:00:27.788311+00:00,1.297190000000e+02,-6.732726000000e-04,-6.726000000000e-07
Offset_RevB_Chip_3_wiShield_Gmx_default_OSC_default_Vsup_pm6V_20260909,1,198,2026-09-09T10:00:28.444811+00:00,1.303755000000e+02,-6.549728000000e-04,-6.543184815185e-07
Offset_RevB_Chip_3_wiShield_Gmx_default_OSC_default_Vsup_pm6V_20260909,1,199,2026-09-09T10:00:29.101311+00:00,1.310320000000e+02,-6.739776000000e-04,-6.733042957043e-07
Offset_RevB_Chip_3_wiShield_Gmx_default_OSC_default_Vsup_pm6V_20260909,1,200,2026-09-09T10:00:29.765311+00:00,1.316960000000e+02,-6.512172000000e-04,-6.505666333666e-07
Offset_RevB_Chip_3_wiShield_Gmx_default_OSC_default_Vsup_pm6V_20260909,1,201,2026-09-09T10:00:30.429311+00:00,1.323600000000e+02,-6.591902000000e-04,-6.585316683317e-07
Offset_RevB_Chip_3_wiShield_Gmx_default_OSC_default_Vsup_pm6V_20260909,1,202,2026-09-09T10:00:31.085311+00:00,1.330160000000e+02,-6.560937000000e-04,-6.554382617383e-07
Offset_RevB_Chip_3_wiShield_Gmx_default_OSC_default_Vsup_pm6V_20260909,1,203,2026-09-09T10:00:31.741311+00:00,1.336720000000e+02,-6.554941000000e-04,-6.548392607393e-07
Offset_RevB_Chip_3_wiShield_Gmx_default_OSC_default_Vsup_pm6V_20260909,1,204,2026-09-09T10:00:32.405311+00:00,1.343360000000e+02,-6.635792000000e-04,-6.629162837163e-07
Offset_RevB_Chip_3_wiShield_Gmx_default_OSC_default_Vsup_pm6V_20260909,1,205,2026-09-09T10:00:33.069811+00:00,1.350005000000e+02,-6.581635000000e-04,-6.575059940060e-07
Offset_RevB_Chip_3_wiShield_Gmx_default_OSC_default_Vsup_pm6V_20260909,1,206,2026-09-09T10:00:33.726311+00:00,1.356570000000e+02,-6.568950000000e-04,-6.562387612388e-07
Offset_RevB_Chip_3_wiShield_Gmx_default_OSC_default_Vsup_pm6V_20260909,1,207,2026-09-09T10:00:34.382311+00:00,1.363130000000e+02,-6.750142000000e-04,-6.743398601399e-07
Offset_RevB_Chip_3_wiShield_Gmx_default_OSC_default_Vsup_pm6V_20260909,1,208,2026-09-09T10:00:35.038311+00:00,1.369690000000e+02,-6.647191000000e-04,-6.640550449550e-07
Offset_RevB_Chip_3_wiShield_Gmx_default_OSC_default_Vsup_pm6V_20260909,1,209,2026-09-09T10:00:35.702311+00:00,1.376330000000e+02,-6.545222000000e-04,-6.538683316683e-07
Offset_RevB_Chip_3_wiShield_Gmx_default_OSC_default_Vsup_pm6V_20260909,1,210,2026-09-09T10:00:36.366311+00:00,1.382970000000e+02,-6.470047000000e-04,-6.463583416583e-07
Offset_RevB_Chip_3_wiShield_Gmx_default_OSC_default_Vsup_pm6V_20260909,1,211,2026-09-09T10:00:37.022811+00:00,1.389535000000e+02,-6.720223000000e-04,-6.713509490509e-07
Offset_RevB_Chip_3_wiShield_Gmx_default_OSC_default_Vsup_pm6V_20260909,1,212,2026-09-09T10:00:37.679311+00:00,1.396100000000e+02,-6.618611000000e-04,-6.611999000999e-07
Offset_RevB_Chip_3_wiShield_Gmx_default_OSC_default_Vsup_pm6V_20260909,1,213,2026-09-09T10:00:38.335311+00:00,1.402660000000e+02,-6.377081000000e-04,-6.370710289710e-07
Offset_RevB_Chip_3_wiShield_Gmx_default_OSC_default_Vsup_pm6V_20260909,1,214,2026-09-09T10:00:39.007311+00:00,1.409380000000e+02,-6.565785000000e-04,-6.559225774226e-07
Offset_RevB_Chip_3_wiShield_Gmx_default_OSC_default_Vsup_pm6V_20260909,1,215,2026-09-09T10:00:39.663311+00:00,1.415940000000e+02,-6.571454000000e-04,-6.564889110889e-07
Offset_RevB_Chip_3_wiShield_Gmx_default_OSC_default_Vsup_pm6V_20260909,1,216,2026-09-09T10:00:40.319811+00:00,1.422505000000e+02,-6.780566000000e-04,-6.773792207792e-07
Offset_RevB_Chip_3_wiShield_Gmx_default_OSC_default_Vsup_pm6V_20260909,1,217,2026-09-09T10:00:40.976311+00:00,1.429070000000e+02,-6.469848000000e-04,-6.463384615385e-07
Offset_RevB_Chip_3_wiShield_Gmx_default_OSC_default_Vsup_pm6V_20260909,1,218,2026-09-09T10:00:41.632311+00:00,1.435630000000e+02,-6.418656000000e-04,-6.412243756244e-07
Offset_RevB_Chip_3_wiShield_Gmx_default_OSC_default_Vsup_pm6V_20260909,1,219,2026-09-09T10:00:42.296311+00:00,1.442270000000e+02,-6.599715000000e-04,-6.593121878122e-07
Offset_RevB_Chip_3_wiShield_Gmx_default_OSC_default_Vsup_pm6V_20260909,1,220,2026-09-09T10:00:42.960311+00:00,1.448910000000e+02,-6.290313000000e-04,-6.284028971029e-07
Offset_RevB_Chip_3_wiShield_Gmx_default_OSC_default_Vsup_pm6V_20260909,1,221,2026-09-09T10:00:43.616311+00:00,1.455470000000e+02,-6.583118000000e-04,-6.576541458541e-07
Offset_RevB_Chip_3_wiShield_Gmx_default_OSC_default_Vsup_pm6V_20260909,1,222,2026-09-09T10:00:44.272811+00:00,1.462035000000e+02,-6.388048000000e-04,-6.381666333666e-07
Offset_RevB_Chip_3_wiShield_Gmx_default_OSC_default_Vsup_pm6V_20260909,1,223,2026-09-09T10:00:44.937311+00:00,1.468680000000e+02,-6.454057000000e-04,-6.447609390609e-07
Offset_RevB_Chip_3_wiShield_Gmx_default_OSC_default_Vsup_pm6V_20260909,1,224,2026-09-09T10:00:45.601311+00:00,1.475320000000e+02,-6.398232000000e-04,-6.391840159840e-07
Offset_RevB_Chip_3_wiShield_Gmx_default_OSC_default_Vsup_pm6V_20260909,1,225,2026-09-09T10:00:46.257311+00:00,1.481880000000e+02,-6.456340000000e-04,-6.449890109890e-07
Offset_RevB_Chip_3_wiShield_Gmx_default_OSC_default_Vsup_pm6V_20260909,1,226,2026-09-09T10:00:46.913311+00:00,1.488440000000e+02,-6.686630000000e-04,-6.679950049950e-07
Offset_RevB_Chip_3_wiShield_Gmx_default_OSC_default_Vsup_pm6V_20260909,1,227,2026-09-09T10:00:47.569811+00:00,1.495005000000e+02,-6.457911000000e-04,-6.451459540460e-07
Offset_RevB_Chip_3_wiShield_Gmx_default_OSC_default_Vsup_pm6V_20260909,1,228,2026-09-09T10:00:48.233811+00:00,1.501645000000e+02,-6.422848000000e-04,-6.416431568432e-07
Offset_RevB_Chip_3_wiShield_Gmx_default_OSC_default_Vsup_pm6V_20260909,1,229,2026-09-09T10:00:48.897811+00:00,1.508285000000e+02,-6.246125000000e-04,-6.239885114885e-07
Offset_RevB_Chip_3_wiShield_Gmx_default_OSC_default_Vsup_pm6V_20260909,1,230,2026-09-09T10:00:49.554311+00:00,1.514850000000e+02,-6.495452000000e-04,-6.488963036963e-07
Offset_RevB_Chip_3_wiShield_Gmx_default_OSC_default_Vsup_pm6V_20260909,1,231,2026-09-09T10:00:50.210311+00:00,1.521410000000e+02,-6.329462000000e-04,-6.323138861139e-07
Offset_RevB_Chip_3_wiShield_Gmx_default_OSC_default_Vsup_pm6V_20260909,1,232,2026-09-09T10:00:50.866311+00:00,1.527970000000e+02,-6.511986000000e-04,-6.505480519481e-07
Offset_RevB_Chip_3_wiShield_Gmx_default_OSC_default_Vsup_pm6V_20260909,1,233,2026-09-09T10:00:51.530311+00:00,1.534610000000e+02,-6.347382000000e-04,-6.341040959041e-07
Offset_RevB_Chip_3_wiShield_Gmx_default_OSC_default_Vsup_pm6V_20260909,1,234,2026-09-09T10:00:52.194811+00:00,1.541255000000e+02,-6.562353000000e-04,-6.555797202797e-07
Offset_RevB_Chip_3_wiShield_Gmx_default_OSC_default_Vsup_pm6V_20260909,1,235,2026-09-09T10:00:52.851311+00:00,1.547820000000e+02,-6.501596000000e-04,-6.495100899101e-07
Offset_RevB_Chip_3_wiShield_Gmx_default_OSC_default_Vsup_pm6V_20260909,1,236,2026-09-09T10:00:53.507311+00:00,1.554380000000e+02,-6.624761000000e-04,-6.618142857143e-07
Offset_RevB_Chip_3_wiShield_Gmx_default_OSC_default_Vsup_pm6V_20260909,1,237,2026-09-09T10:00:54.171311+00:00,1.561020000000e+02,-6.330554000000e-04,-6.324229770230e-07
Offset_RevB_Chip_3_wiShield_Gmx_default_OSC_default_Vsup_pm6V_20260909,1,238,2026-09-09T10:00:54.835311+00:00,1.567660000000e+02,-6.442092000000e-04,-6.435656343656e-07
Offset_RevB_Chip_3_wiShield_Gmx_default_OSC_default_Vsup_pm6V_20260909,1,239,2026-09-09T10:00:55.491311+00:00,1.574220000000e+02,-6.434631000000e-04,-6.428202797203e-07
Offset_RevB_Chip_3_wiShield_Gmx_default_OSC_default_Vsup_pm6V_20260909,1,240,2026-09-09T10:00:56.147811+00:00,1.580785000000e+02,-6.236090000000e-04,-6.229860139860e-07
Offset_RevB_Chip_3_wiShield_Gmx_default_OSC_default_Vsup_pm6V_20260909,1,241,2026-09-09T10:00:56.804311+00:00,1.587350000000e+02,-6.444538000000e-04,-6.438099900100e-07
Offset_RevB_Chip_3_wiShield_Gmx_default_OSC_default_Vsup_pm6V_20260909,1,242,2026-09-09T10:00:57.468311+00:00,1.593990000000e+02,-6.403611000000e-04,-6.397213786214e-07
Offset_RevB_Chip_3_wiShield_Gmx_default_OSC_default_Vsup_pm6V_20260909,1,243,2026-09-09T10:00:58.132311+00:00,1.600630000000e+02,-6.394802000000e-04,-6.388413586414e-07
Offset_RevB_Chip_3_wiShield_Gmx_default_OSC_default_Vsup_pm6V_20260909,1,244,2026-09-09T10:00:58.788311+00:00,1.607190000000e+02,-6.466771000000e-04,-6.460310689311e-07
Offset_RevB_Chip_3_wiShield_Gmx_default_OSC_default_Vsup_pm6V_20260909,1,245,2026-09-09T10:00:59.444811+00:00,1.613755000000e+02,-6.357536000000e-04,-6.351184815185e-07
Offset_RevB_Chip_3_wiShield_Gmx_default_OSC_default_Vsup_pm6V_20260909,1,246,2026-09-09T10:01:00.101311+00:00,1.620320000000e+02,-6.471081000000e-04,-6.464616383616e-07
Offset_RevB_Chip_3_wiShield_Gmx_default_OSC_default_Vsup_pm6V_20260909,1,247,2026-09-09T10:01:00.765311+00:00,1.626960000000e+02,-6.434766000000e-04,-6.428337662338e-07
Offset_RevB_Chip_3_wiShield_Gmx_default_OSC_default_Vsup_pm6V_20260909,1,248,2026-09-09T10:01:01.429311+00:00,1.633600000000e+02,-6.437932000000e-04,-6.431500499500e-07
Offset_RevB_Chip_3_wiShield_Gmx_default_OSC_default_Vsup_pm6V_20260909,1,249,2026-09-09T10:01:02.085311+00:00,1.640160000000e+02,-6.265308000000e-04,-6.259048951049e-07
Offset_RevB_Chip_3_wiShield_Gmx_default_OSC_default_Vsup_pm6V_20260909,1,250,2026-09-09T10:01:02.741311+00:00,1.646720000000e+02,-6.288696000000e-04,-6.282413586414e-07
Offset_RevB_Chip_3_wiShield_Gmx_default_OSC_default_Vsup_pm6V_20260909,1,251,2026-09-09T10:01:03.397811+00:00,1.653285000000e+02,-6.432003000000e-04,-6.425577422577e-07
Offset_RevB_Chip_3_wiShield_Gmx_default_OSC_default_Vsup_pm6V_20260909,1,252,2026-09-09T10:01:04.062311+00:00,1.659930000000e+02,-6.401853000000e-04,-6.395457542458e-07
Offset_RevB_Chip_3_wiShield_Gmx_default_OSC_default_Vsup_pm6V_20260909,1,253,2026-09-09T10:01:04.726311+00:00,1.666570000000e+02,-6.320388000000e-04,-6.314073926074e-07
Offset_RevB_Chip_3_wiShield_Gmx_default_OSC_default_Vsup_pm6V_20260909,1,254,2026-09-09T10:01:05.382311+00:00,1.673130000000e+02,-6.411160000000e-04,-6.404755244755e-07
Offset_RevB_Chip_3_wiShield_Gmx_default_OSC_default_Vsup_pm6V_20260909,1,255,2026-09-09T10:01:06.038311+00:00,1.679690000000e+02,-6.469297000000e-04,-6.462834165834e-07
Offset_RevB_Chip_3_wiShield_Gmx_default_OSC_default_Vsup_pm6V_20260909,1,256,2026-09-09T10:01:06.702311+00:00,1.686330000000e+02,-6.332511000000e-04,-6.326184815185e-07
Offset_RevB_Chip_3_wiShield_Gmx_default_OSC_default_Vsup_pm6V_20260909,1,257,2026-09-09T10:01:07.366311+00:00,1.692970000000e+02,-6.283896000000e-04,-6.277618381618e-07
Offset_RevB_Chip_3_wiShield_Gmx_default_OSC_default_Vsup_pm6V_20260909,1,258,2026-09-09T10:01:08.022811+00:00,1.699535000000e+02,-6.348766000000e-04,-6.342423576424e-07
Offset_RevB_Chip_3_wiShield_Gmx_default_OSC_default_Vsup_pm6V_20260909,1,259,2026-09-09T10:01:08.679311+00:00,1.706100000000e+02,-6.332271000000e-04,-6.325945054945e-07
Offset_RevB_Chip_3_wiShield_Gmx_default_OSC_default_Vsup_pm6V_20260909,1,260,2026-09-09T10:01:09.335311+00:00,1.712660000000e+02,-6.281691000000e-04,-6.275415584416e-07
Offset_RevB_Chip_3_wiShield_Gmx_default_OSC_default_Vsup_pm6V_20260909,1,261,2026-09-09T10:01:09.999311+00:00,1.719300000000e+02,-6.604268000000e-04,-6.597670329670e-07
Offset_RevB_Chip_3_wiShield_Gmx_default_OSC_default_Vsup_pm6V_20260909,1,262,2026-09-09T10:01:10.663311+00:00,1.725940000000e+02,-6.378620000000e-04,-6.372247752248e-07
Offset_RevB_Chip_3_wiShield_Gmx_default_OSC_default_Vsup_pm6V_20260909,1,263,2026-09-09T10:01:11.319811+00:00,1.732505000000e+02,-6.239465000000e-04,-6.233231768232e-07
Offset_RevB_Chip_3_wiShield_Gmx_default_OSC_default_Vsup_pm6V_20260909,1,264,2026-09-09T10:01:11.976311+00:00,1.739070000000e+02,-6.418207000000e-04,-6.411795204795e-07
Offset_RevB_Chip_3_wiShield_Gmx_default_OSC_default_Vsup_pm6V_20260909,1,265,2026-09-09T10:01:12.632311+00:00,1.745630000000e+02,-6.321163000000e-04,-6.314848151848e-07
Offset_RevB_Chip_3_wiShield_Gmx_default_OSC_default_Vsup_pm6V_20260909,1,266,2026-09-09T10:01:13.296311+00:00,1.752270000000e+02,-6.454120000000e-04,-6.447672327672e-07
Offset_RevB_Chip_3_wiShield_Gmx_default_OSC_default_Vsup_pm6V_20260909,1,267,2026-09-09T10:01:13.960311+00:00,1.758910000000e+02,-6.343209000000e-04,-6.336872127872e-07
Offset_RevB_Chip_3_wiShield_Gmx_default_OSC_default_Vsup_pm6V_20260909,1,268,2026-09-09T10:01:14.616311+00:00,1.765470000000e+02,-6.367911000000e-04,-6.361549450549e-07
Offset_RevB_Chip_3_wiShield_Gmx_default_OSC_default_Vsup_pm6V_20260909,1,269,2026-09-09T10:01:15.272811+00:00,1.772035000000e+02,-6.409232000000e-04,-6.402829170829e-07
Offset_RevB_Chip_3_wiShield_Gmx_default_OSC_default_Vsup_pm6V_20260909,1,270,2026-09-09T10:01:15.937311+00:00,1.778680000000e+02,-6.301251000000e-04,-6.294956043956e-07
Offset_RevB_Chip_3_wiShield_Gmx_default_OSC_default_Vsup_pm6V_20260909,1,271,2026-09-09T10:01:16.601311+00:00,1.785320000000e+02,-6.444750000000e-04,-6.438311688312e-07
Offset_RevB_Chip_3_wiShield_Gmx_default_OSC_default_Vsup_pm6V_20260909,1,272,2026-09-09T10:01:17.257311+00:00,1.791880000000e+02,-6.333731000000e-04,-6.327403596404e-07
Offset_RevB_Chip_3_wiShield_Gmx_default_OSC_default_Vsup_pm6V_20260909,1,273,2026-09-09T10:01:17.913311+00:00,1.798440000000e+02,-6.362013000000e-04,-6.355657342657e-07
Offset_RevB_Chip_3_wiShield_Gmx_default_OSC_default_Vsup_pm6V_20260909,1,274,2026-09-09T10:01:18.569811+00:00,1.805005000000e+02,-6.451864000000e-04,-6.445418581419e-07
Offset_RevB_Chip_3_wiShield_Gmx_default_OSC_default_Vsup_pm6V_20260909,1,275,2026-09-09T10:01:19.233811+00:00,1.811645000000e+02,-6.468874000000e-04,-6.462411588412e-07
Offset_RevB_Chip_3_wiShield_Gmx_default_OSC_default_Vsup_pm6V_20260909,1,276,2026-09-09T10:01:19.897811+00:00,1.818285000000e+02,-6.243869000000e-04,-6.237631368631e-07
Offset_RevB_Chip_3_wiShield_Gmx_default_OSC_default_Vsup_pm6V_20260909,1,277,2026-09-09T10:01:20.554311+00:00,1.824850000000e+02,-6.320653000000e-04,-6.314338661339e-07
Offset_RevB_Chip_3_wiShield_Gmx_default_OSC_default_Vsup_pm6V_20260909,1,278,2026-09-09T10:01:21.210311+00:00,1.831410000000e+02,-6.357647000000e-04,-6.351295704296e-07
Offset_RevB_Chip_3_wiShield_Gmx_default_OSC_default_Vsup_pm6V_20260909,1,279,2026-09-09T10:01:21.866311+00:00,1.837970000000e+02,-6.412531000000e-04,-6.406124875125e-07
Offset_RevB_Chip_3_wiShield_Gmx_default_OSC_default_Vsup_pm6V_20260909,1,280,2026-09-09T10:01:22.538311+00:00,1.844690000000e+02,-6.377298000000e-04,-6.370927072927e-07
Offset_RevB_Chip_3_wiShield_Gmx_default_OSC_default_Vsup_pm6V_20260909,1,281,2026-09-09T10:01:23.194811+00:00,1.851255000000e+02,-6.512723000000e-04,-6.506216783217e-07
Offset_RevB_Chip_3_wiShield_Gmx_default_OSC_default_Vsup_pm6V_20260909,1,282,2026-09-09T10:01:23.851311+00:00,1.857820000000e+02,-6.292871000000e-04,-6.286584415584e-07
Offset_RevB_Chip_3_wiShield_Gmx_default_OSC_default_Vsup_pm6V_20260909,1,283,2026-09-09T10:01:24.507311+00:00,1.864380000000e+02,-6.416520000000e-04,-6.410109890110e-07
Offset_RevB_Chip_3_wiShield_Gmx_default_OSC_default_Vsup_pm6V_20260909,1,284,2026-09-09T10:01:25.171311+00:00,1.871020000000e+02,-6.278266000000e-04,-6.271994005994e-07
Offset_RevB_Chip_3_wiShield_Gmx_default_OSC_default_Vsup_pm6V_20260909,1,285,2026-09-09T10:01:25.835311+00:00,1.877660000000e+02,-6.461203000000e-04,-6.454748251748e-07
Offset_RevB_Chip_3_wiShield_Gmx_default_OSC_default_Vsup_pm6V_20260909,1,286,2026-09-09T10:01:26.491311+00:00,1.884220000000e+02,-6.214068000000e-04,-6.207860139860e-07
Offset_RevB_Chip_3_wiShield_Gmx_default_OSC_default_Vsup_pm6V_20260909,1,287,2026-09-09T10:01:27.147811+00:00,1.890785000000e+02,-6.371048000000e-04,-6.364683316683e-07
Offset_RevB_Chip_3_wiShield_Gmx_default_OSC_default_Vsup_pm6V_20260909,1,288,2026-09-09T10:01:27.804311+00:00,1.897350000000e+02,-6.366284000000e-04,-6.359924075924e-07
Offset_RevB_Chip_3_wiShield_Gmx_default_OSC_default_Vsup_pm6V_20260909,1,289,2026-09-09T10:01:28.476311+00:00,1.904070000000e+02,-6.330021000000e-04,-6.323697302697e-07
Offset_RevB_Chip_3_wiShield_Gmx_default_OSC_default_Vsup_pm6V_20260909,1,290,2026-09-09T10:01:29.132311+00:00,1.910630000000e+02,-6.550030000000e-04,-6.543486513487e-07
Offset_RevB_Chip_3_wiShield_Gmx_default_OSC_default_Vsup_pm6V_20260909,1,291,2026-09-09T10:01:29.788311+00:00,1.917190000000e+02,-6.314718000000e-04,-6.308409590410e-07
Offset_RevB_Chip_3_wiShield_Gmx_default_OSC_default_Vsup_pm6V_20260909,1,292,2026-09-09T10:01:30.444811+00:00,1.923755000000e+02,-6.396850000000e-04,-6.390459540460e-07
Offset_RevB_Chip_3_wiShield_Gmx_default_OSC_default_Vsup_pm6V_20260909,1,293,2026-09-09T10:01:31.108811+00:00,1.930395000000e+02,-6.466738000000e-04,-6.460277722278e-07
Offset_RevB_Chip_3_wiShield_Gmx_default_OSC_default_Vsup_pm6V_20260909,1,294,2026-09-09T10:01:31.772811+00:00,1.937035000000e+02,-6.390060000000e-04,-6.383676323676e-07
Offset_RevB_Chip_3_wiShield_Gmx_default_OSC_default_Vsup_pm6V_20260909,1,295,2026-09-09T10:01:32.429311+00:00,1.943600000000e+02,-6.431264000000e-04,-6.424839160839e-07
Offset_RevB_Chip_3_wiShield_Gmx_default_OSC_default_Vsup_pm6V_20260909,1,296,2026-09-09T10:01:33.085311+00:00,1.950160000000e+02,-6.301133000000e-04,-6.294838161838e-07
Offset_RevB_Chip_3_wiShield_Gmx_default_OSC_default_Vsup_pm6V_20260909,1,297,2026-09-09T10:01:33.749311+00:00,1.956800000000e+02,-6.117336000000e-04,-6.111224775225e-07
Offset_RevB_Chip_3_wiShield_Gmx_default_OSC_default_Vsup_pm6V_20260909,1,298,2026-09-09T10:01:34.413311+00:00,1.963440000000e+02,-6.417069000000e-04,-6.410658341658e-07
Offset_RevB_Chip_3_wiShield_Gmx_default_OSC_default_Vsup_pm6V_20260909,1,299,2026-09-09T10:01:35.069811+00:00,1.970005000000e+02,-6.328945000000e-04,-6.322622377622e-07
Offset_RevB_Chip_3_wiShield_Gmx_default_OSC_default_Vsup_pm6V_20260909,1,300,2026-09-09T10:01:35.726311+00:00,1.976570000000e+02,-6.379221000000e-04,-6.372848151848e-07
Offset_RevB_Chip_3_wiShield_Gmx_default_OSC_default_Vsup_pm6V_20260909,1,301,2026-09-09T10:01:36.382311+00:00,1.983130000000e+02,-6.356193000000e-04,-6.349843156843e-07
Offset_RevB_Chip_3_wiShield_Gmx_default_OSC_default_Vsup_pm6V_20260909,1,302,2026-09-09T10:01:37.046311+00:00,1.989770000000e+02,-6.603293000000e-04,-6.596696303696e-07
Offset_RevB_Chip_3_wiShield_Gmx_default_OSC_default_Vsup_pm6V_20260909,1,303,2026-09-09T10:01:37.710311+00:00,1.996410000000e+02,-6.362310000000e-04,-6.355954045954e-07
Offset_RevB_Chip_3_wiShield_Gmx_default_OSC_default_Vsup_pm6V_20260909,1,304,2026-09-09T10:01:38.366311+00:00,2.002970000000e+02,-6.465799000000e-04,-6.459339660340e-07
Offset_RevB_Chip_3_wiShield_Gmx_default_OSC_default_Vsup_pm6V_20260909,1,305,2026-09-09T10:01:39.022811+00:00,2.009535000000e+02,-6.546202000000e-04,-6.539662337662e-07
Offset_RevB_Chip_3_wiShield_Gmx_default_OSC_default_Vsup_pm6V_20260909,1,306,2026-09-09T10:01:39.687311+00:00,2.016180000000e+02,-6.304074000000e-04,-6.297776223776e-07
Offset_RevB_Chip_3_wiShield_Gmx_default_OSC_default_Vsup_pm6V_20260909,1,307,2026-09-09T10:01:40.351311+00:00,2.022820000000e+02,-6.400511000000e-04,-6.394116883117e-07
Offset_RevB_Chip_3_wiShield_Gmx_default_OSC_default_Vsup_pm6V_20260909,1,308,2026-09-09T10:01:41.007311+00:00,2.029380000000e+02,-6.356978000000e-04,-6.350627372627e-07
Offset_RevB_Chip_3_wiShield_Gmx_default_OSC_default_Vsup_pm6V_20260909,1,309,2026-09-09T10:01:41.663311+00:00,2.035940000000e+02,-6.530939000000e-04,-6.524414585415e-07
Offset_RevB_Chip_3_wiShield_Gmx_default_OSC_default_Vsup_pm6V_20260909,1,310,2026-09-09T10:01:42.319811+00:00,2.042505000000e+02,-6.427293000000e-04,-6.420872127872e-07
Offset_RevB_Chip_3_wiShield_Gmx_default_OSC_default_Vsup_pm6V_20260909,1,311,2026-09-09T10:01:42.991311+00:00,2.049220000000e+02,-6.450700000000e-04,-6.444255744256e-07
Offset_RevB_Chip_3_wiShield_Gmx_default_OSC_default_Vsup_pm6V_20260909,1,312,2026-09-09T10:01:43.647811+00:00,2.055785000000e+02,-6.403278000000e-04,-6.396881118881e-07
Offset_RevB_Chip_3_wiShield_Gmx_default_OSC_default_Vsup_pm6V_20260909,1,313,2026-09-09T10:01:44.304311+00:00,2.062350000000e+02,-6.486759000000e-04,-6.480278721279e-07
Offset_RevB_Chip_3_wiShield_Gmx_default_OSC_default_Vsup_pm6V_20260909,1,314,2026-09-09T10:01:44.960311+00:00,2.068910000000e+02,-6.480138000000e-04,-6.473664335664e-07
Offset_RevB_Chip_3_wiShield_Gmx_default_OSC_default_Vsup_pm6V_20260909,1,315,2026-09-09T10:01:45.624311+00:00,2.075550000000e+02,-6.372087000000e-04,-6.365721278721e-07
Offset_RevB_Chip_3_wiShield_Gmx_default_OSC_default_Vsup_pm6V_20260909,1,316,2026-09-09T10:01:46.288311+00:00,2.082190000000e+02,-6.365192000000e-04,-6.358833166833e-07
Offset_RevB_Chip_3_wiShield_Gmx_default_OSC_default_Vsup_pm6V_20260909,1,317,2026-09-09T10:01:46.944811+00:00,2.088755000000e+02,-6.366822000000e-04,-6.360461538462e-07
Offset_RevB_Chip_3_wiShield_Gmx_default_OSC_default_Vsup_pm6V_20260909,1,318,2026-09-09T10:01:47.601311+00:00,2.095320000000e+02,-6.372937000000e-04,-6.366570429570e-07
Offset_RevB_Chip_3_wiShield_Gmx_default_OSC_default_Vsup_pm6V_20260909,1,319,2026-09-09T10:01:48.257311+00:00,2.101880000000e+02,-6.601373000000e-04,-6.594778221778e-07
Offset_RevB_Chip_3_wiShield_Gmx_default_OSC_default_Vsup_pm6V_20260909,1,320,2026-09-09T10:01:48.921311+00:00,2.108520000000e+02,-6.411130000000e-04,-6.404725274725e-07
Offset_RevB_Chip_3_wiShield_Gmx_default_OSC_default_Vsup_pm6V_20260909,1,321,2026-09-09T10:01:49.585311+00:00,2.115160000000e+02,-6.588183000000e-04,-6.581601398601e-07
Offset_RevB_Chip_3_wiShield_Gmx_default_OSC_default_Vsup_pm6V_20260909,1,322,2026-09-09T10:01:50.241311+00:00,2.121720000000e+02,-6.381251000000e-04,-6.374876123876e-07
Offset_RevB_Chip_3_wiShield_Gmx_default_OSC_default_Vsup_pm6V_20260909,1,323,2026-09-09T10:01:50.897811+00:00,2.128285000000e+02,-6.406459000000e-04,-6.400058941059e-07
Offset_RevB_Chip_3_wiShield_Gmx_default_OSC_default_Vsup_pm6V_20260909,1,324,2026-09-09T10:01:51.554311+00:00,2.134850000000e+02,-6.474384000000e-04,-6.467916083916e-07
Offset_RevB_Chip_3_wiShield_Gmx_default_OSC_default_Vsup_pm6V_20260909,1,325,2026-09-09T10:01:52.218311+00:00,2.141490000000e+02,-6.382692000000e-04,-6.376315684316e-07
Offset_RevB_Chip_3_wiShield_Gmx_default_OSC_default_Vsup_pm6V_20260909,1,326,2026-09-09T10:01:52.882311+00:00,2.148130000000e+02,-6.474542000000e-04,-6.468073926074e-07
Offset_RevB_Chip_3_wiShield_Gmx_default_OSC_default_Vsup_pm6V_20260909,1,327,2026-09-09T10:01:53.538311+00:00,2.154690000000e+02,-6.276329000000e-04,-6.270058941059e-07
Offset_RevB_Chip_3_wiShield_Gmx_default_OSC_default_Vsup_pm6V_20260909,1,328,2026-09-09T10:01:54.194811+00:00,2.161255000000e+02,-6.313396000000e-04,-6.307088911089e-07
Offset_RevB_Chip_3_wiShield_Gmx_default_OSC_default_Vsup_pm6V_20260909,1,329,2026-09-09T10:01:54.858811+00:00,2.167895000000e+02,-6.465720000000e-04,-6.459260739261e-07
Offset_RevB_Chip_3_wiShield_Gmx_default_OSC_default_Vsup_pm6V_20260909,1,330,2026-09-09T10:01:55.522811+00:00,2.174535000000e+02,-6.411234000000e-04,-6.404829170829e-07
Offset_RevB_Chip_3_wiShield_Gmx_default_OSC_default_Vsup_pm6V_20260909,1,331,2026-09-09T10:01:56.179311+00:00,2.181100000000e+02,-6.445989000000e-04,-6.439549450549e-07
Offset_RevB_Chip_3_wiShield_Gmx_default_OSC_default_Vsup_pm6V_20260909,1,332,2026-09-09T10:01:56.835311+00:00,2.187660000000e+02,-6.559562000000e-04,-6.553008991009e-07
Offset_RevB_Chip_3_wiShield_Gmx_default_OSC_default_Vsup_pm6V_20260909,1,333,2026-09-09T10:01:57.491311+00:00,2.194220000000e+02,-6.462637000000e-04,-6.456180819181e-07
Offset_RevB_Chip_3_wiShield_Gmx_default_OSC_default_Vsup_pm6V_20260909,1,334,2026-09-09T10:01:58.155311+00:00,2.200860000000e+02,-6.385676000000e-04,-6.379296703297e-07
Offset_RevB_Chip_3_wiShield_Gmx_default_OSC_default_Vsup_pm6V_20260909,1,335,2026-09-09T10:01:58.819811+00:00,2.207505000000e+02,-6.360710000000e-04,-6.354355644356e-07
Offset_RevB_Chip_3_wiShield_Gmx_default_OSC_default_Vsup_pm6V_20260909,1,336,2026-09-09T10:01:59.476311+00:00,2.214070000000e+02,-6.381810000000e-04,-6.375434565435e-07
Offset_RevB_Chip_3_wiShield_Gmx_default_OSC_default_Vsup_pm6V_20260909,1,337,2026-09-09T10:02:00.132311+00:00,2.220630000000e+02,-6.457298000000e-04,-6.450847152847e-07
Offset_RevB_Chip_3_wiShield_Gmx_default_OSC_default_Vsup_pm6V_20260909,1,338,2026-09-09T10:02:00.788311+00:00,2.227190000000e+02,-6.444480000000e-04,-6.438041958042e-07
Offset_RevB_Chip_3_wiShield_Gmx_default_OSC_default_Vsup_pm6V_20260909,1,339,2026-09-09T10:02:01.452311+00:00,2.233830000000e+02,-6.485448000000e-04,-6.478969030969e-07
Offset_RevB_Chip_3_wiShield_Gmx_default_OSC_default_Vsup_pm6V_20260909,1,340,2026-09-09T10:02:02.116311+00:00,2.240470000000e+02,-6.461015000000e-04,-6.454560439560e-07
Offset_RevB_Chip_3_wiShield_Gmx_default_OSC_default_Vsup_pm6V_20260909,1,341,2026-09-09T10:02:02.772811+00:00,2.247035000000e+02,-6.498043000000e-04,-6.491551448551e-07
Offset_RevB_Chip_3_wiShield_Gmx_default_OSC_default_Vsup_pm6V_20260909,1,342,2026-09-09T10:02:03.429311+00:00,2.253600000000e+02,-6.555963000000e-04,-6.549413586414e-07
Offset_RevB_Chip_3_wiShield_Gmx_default_OSC_default_Vsup_pm6V_20260909,1,343,2026-09-09T10:02:04.085311+00:00,2.260160000000e+02,-6.313263000000e-04,-6.306956043956e-07
Offset_RevB_Chip_3_wiShield_Gmx_default_OSC_default_Vsup_pm6V_20260909,1,344,2026-09-09T10:02:04.749311+00:00,2.266800000000e+02,-6.401251000000e-04,-6.394856143856e-07
Offset_RevB_Chip_3_wiShield_Gmx_default_OSC_default_Vsup_pm6V_20260909,1,345,2026-09-09T10:02:05.413311+00:00,2.273440000000e+02,-6.511514000000e-04,-6.505008991009e-07
Offset_RevB_Chip_3_wiShield_Gmx_default_OSC_default_Vsup_pm6V_20260909,1,346,2026-09-09T10:02:06.069811+00:00,2.280005000000e+02,-6.251849000000e-04,-6.245603396603e-07
Offset_RevB_Chip_3_wiShield_Gmx_default_OSC_default_Vsup_pm6V_20260909,1,347,2026-09-09T10:02:06.726311+00:00,2.286570000000e+02,-6.286485000000e-04,-6.280204795205e-07
Offset_RevB_Chip_3_wiShield_Gmx_default_OSC_default_Vsup_pm6V_20260909,1,348,2026-09-09T10:02:07.390311+00:00,2.293210000000e+02,-6.390773000000e-04,-6.384388611389e-07
Offset_RevB_Chip_3_wiShield_Gmx_default_OSC_default_Vsup_pm6V_20260909,1,349,2026-09-09T10:02:08.054311+00:00,2.299850000000e+02,-6.373493000000e-04,-6.367125874126e-07
Offset_RevB_Chip_3_wiShield_Gmx_default_OSC_default_Vsup_pm6V_20260909,1,350,2026-09-09T10:02:08.710311+00:00,2.306410000000e+02,-6.467250000000e-04,-6.460789210789e-07
Offset_RevB_Chip_3_wiShield_Gmx_default_OSC_default_Vsup_pm6V_20260909,1,351,2026-09-09T10:02:09.366311+00:00,2.312970000000e+02,-6.414233000000e-04,-6.407825174825e-07
Offset_RevB_Chip_3_wiShield_Gmx_default_OSC_default_Vsup_pm6V_20260909,1,352,2026-09-09T10:02:10.022811+00:00,2.319535000000e+02,-6.331279000000e-04,-6.324954045954e-07
Offset_RevB_Chip_3_wiShield_Gmx_default_OSC_default_Vsup_pm6V_20260909,1,353,2026-09-09T10:02:10.687311+00:00,2.326180000000e+02,-6.206762000000e-04,-6.200561438561e-07
Offset_RevB_Chip_3_wiShield_Gmx_default_OSC_default_Vsup_pm6V_20260909,1,354,2026-09-09T10:02:11.351311+00:00,2.332820000000e+02,-6.327230000000e-04,-6.320909090909e-07
Offset_RevB_Chip_3_wiShield_Gmx_default_OSC_default_Vsup_pm6V_20260909,1,355,2026-09-09T10:02:12.007311+00:00,2.339380000000e+02,-6.200362000000e-04,-6.194167832168e-07
Offset_RevB_Chip_3_wiShield_Gmx_default_OSC_default_Vsup_pm6V_20260909,1,356,2026-09-09T10:02:12.663311+00:00,2.345940000000e+02,-6.318094000000e-04,-6.311782217782e-07
Offset_RevB_Chip_3_wiShield_Gmx_default_OSC_default_Vsup_pm6V_20260909,1,357,2026-09-09T10:02:13.327311+00:00,2.352580000000e+02,-6.322409000000e-04,-6.316092907093e-07
Offset_RevB_Chip_3_wiShield_Gmx_default_OSC_default_Vsup_pm6V_20260909,1,358,2026-09-09T10:02:13.991311+00:00,2.359220000000e+02,-6.171785000000e-04,-6.165619380619e-07
Offset_RevB_Chip_3_wiShield_Gmx_default_OSC_default_Vsup_pm6V_20260909,1,359,2026-09-09T10:02:14.647811+00:00,2.365785000000e+02,-6.359185000000e-04,-6.352832167832e-07
Offset_RevB_Chip_3_wiShield_Gmx_default_OSC_default_Vsup_pm6V_20260909,1,360,2026-09-09T10:02:15.304311+00:00,2.372350000000e+02,-6.310849000000e-04,-6.304544455544e-07
Offset_RevB_Chip_3_wiShield_Gmx_default_OSC_default_Vsup_pm6V_20260909,1,361,2026-09-09T10:02:15.960311+00:00,2.378910000000e+02,-6.406505000000e-04,-6.400104895105e-07
Offset_RevB_Chip_3_wiShield_Gmx_default_OSC_default_Vsup_pm6V_20260909,1,362,2026-09-09T10:02:16.624311+00:00,2.385550000000e+02,-6.131358000000e-04,-6.125232767233e-07
Offset_RevB_Chip_3_wiShield_Gmx_default_OSC_default_Vsup_pm6V_20260909,1,363,2026-09-09T10:02:17.288311+00:00,2.392190000000e+02,-6.287797000000e-04,-6.281515484515e-07
Offset_RevB_Chip_3_wiShield_Gmx_default_OSC_default_Vsup_pm6V_20260909,1,364,2026-09-09T10:02:17.944811+00:00,2.398755000000e+02,-6.135637000000e-04,-6.129507492507e-07
Offset_RevB_Chip_3_wiShield_Gmx_default_OSC_default_Vsup_pm6V_20260909,1,365,2026-09-09T10:02:18.601311+00:00,2.405320000000e+02,-6.368566000000e-04,-6.362203796204e-07
Offset_RevB_Chip_3_wiShield_Gmx_default_OSC_default_Vsup_pm6V_20260909,1,366,2026-09-09T10:02:19.265311+00:00,2.411960000000e+02,-6.206718000000e-04,-6.200517482517e-07
Offset_RevB_Chip_3_wiShield_Gmx_default_OSC_default_Vsup_pm6V_20260909,1,367,2026-09-09T10:02:19.929311+00:00,2.418600000000e+02,-6.353992000000e-04,-6.347644355644e-07
Offset_RevB_Chip_3_wiShield_Gmx_default_OSC_default_Vsup_pm6V_20260909,1,368,2026-09-09T10:02:20.585311+00:00,2.425160000000e+02,-6.097063000000e-04,-6.090972027972e-07
Offset_RevB_Chip_3_wiShield_Gmx_default_OSC_default_Vsup_pm6V_20260909,1,369,2026-09-09T10:02:21.241311+00:00,2.431720000000e+02,-6.295606000000e-04,-6.289316683317e-07
Offset_RevB_Chip_3_wiShield_Gmx_default_OSC_default_Vsup_pm6V_20260909,1,370,2026-09-09T10:02:21.897811+00:00,2.438285000000e+02,-6.260448000000e-04,-6.254193806194e-07
Offset_RevB_Chip_3_wiShield_Gmx_default_OSC_default_Vsup_pm6V_20260909,1,371,2026-09-09T10:02:22.562311+00:00,2.444930000000e+02,-6.160298000000e-04,-6.154143856144e-07
Offset_RevB_Chip_3_wiShield_Gmx_default_OSC_default_Vsup_pm6V_20260909,1,372,2026-09-09T10:02:23.226311+00:00,2.451570000000e+02,-6.354331000000e-04,-6.347983016983e-07
Offset_RevB_Chip_3_wiShield_Gmx_default_OSC_default_Vsup_pm6V_20260909,1,373,2026-09-09T10:02:23.882311+00:00,2.458130000000e+02,-6.271739000000e-04,-6.265473526474e-07
Offset_RevB_Chip_3_wiShield_Gmx_default_OSC_default_Vsup_pm6V_20260909,1,374,2026-09-09T10:02:24.569811+00:00,2.465005000000e+02,-6.299474000000e-04,-6.293180819181e-07
Offset_RevB_Chip_3_wiShield_Gmx_default_OSC_default_Vsup_pm6V_20260909,1,375,2026-09-09T10:02:25.226311+00:00,2.471570000000e+02,-6.205474000000e-04,-6.199274725275e-07
Offset_RevB_Chip_3_wiShield_Gmx_default_OSC_default_Vsup_pm6V_20260909,1,376,2026-09-09T10:02:25.882311+00:00,2.478130000000e+02,-6.342576000000e-04,-6.336239760240e-07
Offset_RevB_Chip_3_wiShield_Gmx_default_OSC_default_Vsup_pm6V_20260909,1,377,2026-09-09T10:02:26.538311+00:00,2.484690000000e+02,-6.332798000000e-04,-6.326471528472e-07
Offset_RevB_Chip_3_wiShield_Gmx_default_OSC_default_Vsup_pm6V_20260909,1,378,2026-09-09T10:02:27.202311+00:00,2.491330000000e+02,-6.251791000000e-04,-6.245545454545e-07
Offset_RevB_Chip_3_wiShield_Gmx_default_OSC_default_Vsup_pm6V_20260909,1,379,2026-09-09T10:02:27.866311+00:00,2.497970000000e+02,-6.303775000000e-04,-6.297477522478e-07
Offset_RevB_Chip_3_wiShield_Gmx_default_OSC_default_Vsup_pm6V_20260909,1,380,2026-09-09T10:02:28.522811+00:00,2.504535000000e+02,-6.228813000000e-04,-6.222590409590e-07
Offset_RevB_Chip_3_wiShield_Gmx_default_OSC_default_Vsup_pm6V_20260909,1,381,2026-09-09T10:02:29.179311+00:00,2.511100000000e+02,-6.338562000000e-04,-6.332229770230e-07
Offset_RevB_Chip_3_wiShield_Gmx_default_OSC_default_Vsup_pm6V_20260909,1,382,2026-09-09T10:02:29.843311+00:00,2.517740000000e+02,-6.362383000000e-04,-6.356026973027e-07
Offset_RevB_Chip_3_wiShield_Gmx_default_OSC_default_Vsup_pm6V_20260909,1,383,2026-09-09T10:02:30.507311+00:00,2.524380000000e+02,-6.146467000000e-04,-6.140326673327e-07
Offset_RevB_Chip_3_wiShield_Gmx_default_OSC_default_Vsup_pm6V_20260909,1,384,2026-09-09T10:02:31.163311+00:00,2.530940000000e+02,-6.130821000000e-04,-6.124696303696e-07
Offset_RevB_Chip_3_wiShield_Gmx_default_OSC_default_Vsup_pm6V_20260909,1,385,2026-09-09T10:02:31.819811+00:00,2.537505000000e+02,-6.174866000000e-04,-6.168697302697e-07
Offset_RevB_Chip_3_wiShield_Gmx_default_OSC_default_Vsup_pm6V_20260909,1,386,2026-09-09T10:02:32.483811+00:00,2.544145000000e+02,-6.178637000000e-04,-6.172464535465e-07
Offset_RevB_Chip_3_wiShield_Gmx_default_OSC_default_Vsup_pm6V_20260909,1,387,2026-09-09T10:02:33.147811+00:00,2.550785000000e+02,-6.308911000000e-04,-6.302608391608e-07
Offset_RevB_Chip_3_wiShield_Gmx_default_OSC_default_Vsup_pm6V_20260909,1,388,2026-09-09T10:02:33.804311+00:00,2.557350000000e+02,-6.374920000000e-04,-6.368551448551e-07
Offset_RevB_Chip_3_wiShield_Gmx_default_OSC_default_Vsup_pm6V_20260909,1,389,2026-09-09T10:02:34.460311+00:00,2.563910000000e+02,-6.297047000000e-04,-6.290756243756e-07
Offset_RevB_Chip_3_wiShield_Gmx_default_OSC_default_Vsup_pm6V_20260909,1,390,2026-09-09T10:02:35.116311+00:00,2.570470000000e+02,-6.109348000000e-04,-6.103244755245e-07
Offset_RevB_Chip_3_wiShield_Gmx_default_OSC_default_Vsup_pm6V_20260909,1,391,2026-09-09T10:02:35.780311+00:00,2.577110000000e+02,-6.288426000000e-04,-6.282143856144e-07
Offset_RevB_Chip_3_wiShield_Gmx_default_OSC_default_Vsup_pm6V_20260909,1,392,2026-09-09T10:02:36.444811+00:00,2.583755000000e+02,-6.107032000000e-04,-6.100931068931e-07
Offset_RevB_Chip_3_wiShield_Gmx_default_OSC_default_Vsup_pm6V_20260909,1,393,2026-09-09T10:02:37.101311+00:00,2.590320000000e+02,-6.247712000000e-04,-6.241470529471e-07
Offset_RevB_Chip_3_wiShield_Gmx_default_OSC_default_Vsup_pm6V_20260909,1,394,2026-09-09T10:02:37.765311+00:00,2.596960000000e+02,-6.262180000000e-04,-6.255924075924e-07
Offset_RevB_Chip_3_wiShield_Gmx_default_OSC_default_Vsup_pm6V_20260909,1,395,2026-09-09T10:02:38.429311+00:00,2.603600000000e+02,-6.162845000000e-04,-6.156688311688e-07
Offset_RevB_Chip_3_wiShield_Gmx_default_OSC_default_Vsup_pm6V_20260909,1,396,2026-09-09T10:02:39.085311+00:00,2.610160000000e+02,-6.259015000000e-04,-6.252762237762e-07
Offset_RevB_Chip_3_wiShield_Gmx_default_OSC_default_Vsup_pm6V_20260909,1,397,2026-09-09T10:02:39.741311+00:00,2.616720000000e+02,-6.246275000000e-04,-6.240034965035e-07
Offset_RevB_Chip_3_wiShield_Gmx_default_OSC_default_Vsup_pm6V_20260909,1,398,2026-09-09T10:02:40.397811+00:00,2.623285000000e+02,-6.192131000000e-04,-6.185945054945e-07
Offset_RevB_Chip_3_wiShield_Gmx_default_OSC_default_Vsup_pm6V_20260909,1,399,2026-09-09T10:02:41.062311+00:00,2.629930000000e+02,-6.154287000000e-04,-6.148138861139e-07
Offset_RevB_Chip_3_wiShield_Gmx_default_OSC_default_Vsup_pm6V_20260909,1,400,2026-09-09T10:02:41.726311+00:00,2.636570000000e+02,-6.206438000000e-04,-6.200237762238e-07
Offset_RevB_Chip_3_wiShield_Gmx_default_OSC_default_Vsup_pm6V_20260909,1,401,2026-09-09T10:02:42.382311+00:00,2.643130000000e+02,-6.044371000000e-04,-6.038332667333e-07
Offset_RevB_Chip_3_wiShield_Gmx_default_OSC_default_Vsup_pm6V_20260909,1,402,2026-09-09T10:02:43.046311+00:00,2.649770000000e+02,-6.247119000000e-04,-6.240878121878e-07
Offset_RevB_Chip_3_wiShield_Gmx_default_OSC_default_Vsup_pm6V_20260909,1,403,2026-09-09T10:02:43.710311+00:00,2.656410000000e+02,-6.101282000000e-04,-6.095186813187e-07
Offset_RevB_Chip_3_wiShield_Gmx_default_OSC_default_Vsup_pm6V_20260909,1,404,2026-09-09T10:02:44.366311+00:00,2.662970000000e+02,-6.007419000000e-04,-6.001417582418e-07
Offset_RevB_Chip_3_wiShield_Gmx_default_OSC_default_Vsup_pm6V_20260909,1,405,2026-09-09T10:02:45.022811+00:00,2.669535000000e+02,-6.138775000000e-04,-6.132642357642e-07
Offset_RevB_Chip_3_wiShield_Gmx_default_OSC_default_Vsup_pm6V_20260909,1,406,2026-09-09T10:02:45.687311+00:00,2.676180000000e+02,-6.142887000000e-04,-6.136750249750e-07
Offset_RevB_Chip_3_wiShield_Gmx_default_OSC_default_Vsup_pm6V_20260909,1,407,2026-09-09T10:02:46.351311+00:00,2.682820000000e+02,-6.242263000000e-04,-6.236026973027e-07
Offset_RevB_Chip_3_wiShield_Gmx_default_OSC_default_Vsup_pm6V_20260909,1,408,2026-09-09T10:02:47.007311+00:00,2.689380000000e+02,-6.176160000000e-04,-6.169990009990e-07
Offset_RevB_Chip_3_wiShield_Gmx_default_OSC_default_Vsup_pm6V_20260909,1,409,2026-09-09T10:02:47.663311+00:00,2.695940000000e+02,-6.027929000000e-04,-6.021907092907e-07
Offset_RevB_Chip_3_wiShield_Gmx_default_OSC_default_Vsup_pm6V_20260909,1,410,2026-09-09T10:02:48.327311+00:00,2.702580000000e+02,-6.129346000000e-04,-6.123222777223e-07
Offset_RevB_Chip_3_wiShield_Gmx_default_OSC_default_Vsup_pm6V_20260909,1,411,2026-09-09T10:02:48.991311+00:00,2.709220000000e+02,-6.115252000000e-04,-6.109142857143e-07
Offset_RevB_Chip_3_wiShield_Gmx_default_OSC_default_Vsup_pm6V_20260909,1,412,2026-09-09T10:02:49.647811+00:00,2.715785000000e+02,-5.895332000000e-04,-5.889442557443e-07
Offset_RevB_Chip_3_wiShield_Gmx_default_OSC_default_Vsup_pm6V_20260909,1,413,2026-09-09T10:02:50.304311+00:00,2.722350000000e+02,-6.080635000000e-04,-6.074560439560e-07
Offset_RevB_Chip_3_wiShield_Gmx_default_OSC_default_Vsup_pm6V_20260909,1,414,2026-09-09T10:02:50.968311+00:00,2.728990000000e+02,-6.127657000000e-04,-6.121535464535e-07
Offset_RevB_Chip_3_wiShield_Gmx_default_OSC_default_Vsup_pm6V_20260909,1,415,2026-09-09T10:02:51.632311+00:00,2.735630000000e+02,-6.062888000000e-04,-6.056831168831e-07
Offset_RevB_Chip_3_wiShield_Gmx_default_OSC_default_Vsup_pm6V_20260909,1,416,2026-09-09T10:02:52.288311+00:00,2.742190000000e+02,-6.149956000000e-04,-6.143812187812e-07
Offset_RevB_Chip_3_wiShield_Gmx_default_OSC_default_Vsup_pm6V_20260909,1,417,2026-09-09T10:02:52.944811+00:00,2.748755000000e+02,-5.966502000000e-04,-5.960541458541e-07
Offset_RevB_Chip_3_wiShield_Gmx_default_OSC_default_Vsup_pm6V_20260909,1,418,2026-09-09T10:02:53.616311+00:00,2.755470000000e+02,-6.161295000000e-04,-6.155139860140e-07
Offset_RevB_Chip_3_wiShield_Gmx_default_OSC_default_Vsup_pm6V_20260909,1,419,2026-09-09T10:02:54.272811+00:00,2.762035000000e+02,-6.074785000000e-04,-6.068716283716e-07
Offset_RevB_Chip_3_wiShield_Gmx_default_OSC_default_Vsup_pm6V_20260909,1,420,2026-09-09T10:02:54.929311+00:00,2.768600000000e+02,-6.033645000000e-04,-6.027617382617e-07
Offset_RevB_Chip_3_wiShield_Gmx_default_OSC_default_Vsup_pm6V_20260909,1,421,2026-09-09T10:02:55.593311+00:00,2.775240000000e+02,-6.108790000000e-04,-6.102687312687e-07
Offset_RevB_Chip_3_wiShield_Gmx_default_OSC_default_Vsup_pm6V_20260909,1,422,2026-09-09T10:02:56.257311+00:00,2.781880000000e+02,-6.095380000000e-04,-6.089290709291e-07
Offset_RevB_Chip_3_wiShield_Gmx_default_OSC_default_Vsup_pm6V_20260909,1,423,2026-09-09T10:02:56.913311+00:00,2.788440000000e+02,-6.023063000000e-04,-6.017045954046e-07
Offset_RevB_Chip_3_wiShield_Gmx_default_OSC_default_Vsup_pm6V_20260909,1,424,2026-09-09T10:02:57.569811+00:00,2.795005000000e+02,-6.028114000000e-04,-6.022091908092e-07
Offset_RevB_Chip_3_wiShield_Gmx_default_OSC_default_Vsup_pm6V_20260909,1,425,2026-09-09T10:02:58.233811+00:00,2.801645000000e+02,-6.194860000000e-04,-6.188671328671e-07
Offset_RevB_Chip_3_wiShield_Gmx_default_OSC_default_Vsup_pm6V_20260909,1,426,2026-09-09T10:02:58.897811+00:00,2.808285000000e+02,-6.199525000000e-04,-6.193331668332e-07
Offset_RevB_Chip_3_wiShield_Gmx_default_OSC_default_Vsup_pm6V_20260909,1,427,2026-09-09T10:02:59.554311+00:00,2.814850000000e+02,-6.017801000000e-04,-6.011789210789e-07
Offset_RevB_Chip_3_wiShield_Gmx_default_OSC_default_Vsup_pm6V_20260909,1,428,2026-09-09T10:03:00.210311+00:00,2.821410000000e+02,-5.977427000000e-04,-5.971455544456e-07
Offset_RevB_Chip_3_wiShield_Gmx_default_OSC_default_Vsup_pm6V_20260909,1,429,2026-09-09T10:03:00.874311+00:00,2.828050000000e+02,-6.034922000000e-04,-6.028893106893e-07
Offset_RevB_Chip_3_wiShield_Gmx_default_OSC_default_Vsup_pm6V_20260909,1,430,2026-09-09T10:03:01.538311+00:00,2.834690000000e+02,-5.903250000000e-04,-5.897352647353e-07
Offset_RevB_Chip_3_wiShield_Gmx_default_OSC_default_Vsup_pm6V_20260909,1,431,2026-09-09T10:03:02.194811+00:00,2.841255000000e+02,-5.946116000000e-04,-5.940175824176e-07
Offset_RevB_Chip_3_wiShield_Gmx_default_OSC_default_Vsup_pm6V_20260909,1,432,2026-09-09T10:03:02.858811+00:00,2.847895000000e+02,-6.077927000000e-04,-6.071855144855e-07
Offset_RevB_Chip_3_wiShield_Gmx_default_OSC_default_Vsup_pm6V_20260909,1,433,2026-09-09T10:03:03.522811+00:00,2.854535000000e+02,-5.907663000000e-04,-5.901761238761e-07
Offset_RevB_Chip_3_wiShield_Gmx_default_OSC_default_Vsup_pm6V_20260909,1,434,2026-09-09T10:03:04.179311+00:00,2.861100000000e+02,-6.027906000000e-04,-6.021884115884e-07
Offset_RevB_Chip_3_wiShield_Gmx_default_OSC_default_Vsup_pm6V_20260909,1,435,2026-09-09T10:03:04.835311+00:00,2.867660000000e+02,-5.938381000000e-04,-5.932448551449e-07
Offset_RevB_Chip_3_wiShield_Gmx_default_OSC_default_Vsup_pm6V_20260909,1,436,2026-09-09T10:03:05.499311+00:00,2.874300000000e+02,-6.032798000000e-04,-6.026771228771e-07
Offset_RevB_Chip_3_wiShield_Gmx_default_OSC_default_Vsup_pm6V_20260909,1,437,2026-09-09T10:03:06.163311+00:00,2.880940000000e+02,-6.002599000000e-04,-5.996602397602e-07
Offset_RevB_Chip_3_wiShield_Gmx_default_OSC_default_Vsup_pm6V_20260909,1,438,2026-09-09T10:03:06.819811+00:00,2.887505000000e+02,-5.820323000000e-04,-5.814508491508e-07
Offset_RevB_Chip_3_wiShield_Gmx_default_OSC_default_Vsup_pm6V_20260909,1,439,2026-09-09T10:03:07.476311+00:00,2.894070000000e+02,-6.097748000000e-04,-6.091656343656e-07
Offset_RevB_Chip_3_wiShield_Gmx_default_OSC_default_Vsup_pm6V_20260909,1,440,2026-09-09T10:03:08.140311+00:00,2.900710000000e+02,-5.902677000000e-04,-5.896780219780e-07
Offset_RevB_Chip_3_wiShield_Gmx_default_OSC_default_Vsup_pm6V_20260909,1,441,2026-09-09T10:03:08.804311+00:00,2.907350000000e+02,-5.917157000000e-04,-5.911245754246e-07
Offset_RevB_Chip_3_wiShield_Gmx_default_OSC_default_Vsup_pm6V_20260909,1,442,2026-09-09T10:03:09.460311+00:00,2.913910000000e+02,-5.927958000000e-04,-5.922035964036e-07
Offset_RevB_Chip_3_wiShield_Gmx_default_OSC_default_Vsup_pm6V_20260909,1,443,2026-09-09T10:03:10.116311+00:00,2.920470000000e+02,-5.994568000000e-04,-5.988579420579e-07
Offset_RevB_Chip_3_wiShield_Gmx_default_OSC_default_Vsup_pm6V_20260909,1,444,2026-09-09T10:03:10.780311+00:00,2.927110000000e+02,-5.950751000000e-04,-5.944806193806e-07
Offset_RevB_Chip_3_wiShield_Gmx_default_OSC_default_Vsup_pm6V_20260909,1,445,2026-09-09T10:03:11.444811+00:00,2.933755000000e+02,-5.922775000000e-04,-5.916858141858e-07
Offset_RevB_Chip_3_wiShield_Gmx_default_OSC_default_Vsup_pm6V_20260909,1,446,2026-09-09T10:03:12.101311+00:00,2.940320000000e+02,-5.962652000000e-04,-5.956695304695e-07
Offset_RevB_Chip_3_wiShield_Gmx_default_OSC_default_Vsup_pm6V_20260909,1,447,2026-09-09T10:03:12.757311+00:00,2.946880000000e+02,-5.927976000000e-04,-5.922053946054e-07
Offset_RevB_Chip_3_wiShield_Gmx_default_OSC_default_Vsup_pm6V_20260909,1,448,2026-09-09T10:03:13.421311+00:00,2.953520000000e+02,-5.915665000000e-04,-5.909755244755e-07
Offset_RevB_Chip_3_wiShield_Gmx_default_OSC_default_Vsup_pm6V_20260909,1,449,2026-09-09T10:03:14.085311+00:00,2.960160000000e+02,-5.923189000000e-04,-5.917271728272e-07
Offset_RevB_Chip_3_wiShield_Gmx_default_OSC_default_Vsup_pm6V_20260909,1,450,2026-09-09T10:03:14.741311+00:00,2.966720000000e+02,-5.935731000000e-04,-5.929801198801e-07
Offset_RevB_Chip_3_wiShield_Gmx_default_OSC_default_Vsup_pm6V_20260909,1,451,2026-09-09T10:03:15.397811+00:00,2.973285000000e+02,-5.746593000000e-04,-5.740852147852e-07
Offset_RevB_Chip_3_wiShield_Gmx_default_OSC_default_Vsup_pm6V_20260909,1,452,2026-09-09T10:03:16.069811+00:00,2.980005000000e+02,-5.858305000000e-04,-5.852452547453e-07
Offset_RevB_Chip_3_wiShield_Gmx_default_OSC_default_Vsup_pm6V_20260909,1,453,2026-09-09T10:03:16.726311+00:00,2.986570000000e+02,-5.882939000000e-04,-5.877061938062e-07
Offset_RevB_Chip_3_wiShield_Gmx_default_OSC_default_Vsup_pm6V_20260909,1,454,2026-09-09T10:03:17.382311+00:00,2.993130000000e+02,-5.857212000000e-04,-5.851360639361e-07
Offset_RevB_Chip_3_wiShield_Gmx_default_OSC_default_Vsup_pm6V_20260909,1,455,2026-09-09T10:03:18.046311+00:00,2.999770000000e+02,-5.897058000000e-04,-5.891166833167e-07
Offset_RevB_Chip_3_wiShield_Gmx_default_OSC_default_Vsup_pm6V_20260909,1,456,2026-09-09T10:03:18.710311+00:00,3.006410000000e+02,-5.762812000000e-04,-5.757054945055e-07
Offset_RevB_Chip_3_wiShield_Gmx_default_OSC_default_Vsup_pm6V_20260909,1,457,2026-09-09T10:03:19.366311+00:00,3.012970000000e+02,-5.887341000000e-04,-5.881459540460e-07
Offset_RevB_Chip_3_wiShield_Gmx_default_OSC_default_Vsup_pm6V_20260909,1,458,2026-09-09T10:03:20.030811+00:00,3.019615000000e+02,-5.912142000000e-04,-5.906235764236e-07
Offset_RevB_Chip_3_wiShield_Gmx_default_OSC_default_Vsup_pm6V_20260909,1,459,2026-09-09T10:03:20.679311+00:00,3.026100000000e+02,-5.910673000000e-04,-5.904768231768e-07
Offset_RevB_Chip_3_wiShield_Gmx_default_OSC_default_Vsup_pm6V_20260909,1,460,2026-09-09T10:03:21.351311+00:00,3.032820000000e+02,-5.856427000000e-04,-5.850576423576e-07
Offset_RevB_Chip_3_wiShield_Gmx_default_OSC_default_Vsup_pm6V_20260909,1,461,2026-09-09T10:03:22.014811+00:00,3.039455000000e+02,-5.946396000000e-04,-5.940455544456e-07
Offset_RevB_Chip_3_wiShield_Gmx_default_OSC_default_Vsup_pm6V_20260909,1,462,2026-09-09T10:03:22.663311+00:00,3.045940000000e+02,-5.705578000000e-04,-5.699878121878e-07
Offset_RevB_Chip_3_wiShield_Gmx_default_OSC_default_Vsup_pm6V_20260909,1,463,2026-09-09T10:03:23.319811+00:00,3.052505000000e+02,-5.901671000000e-04,-5.895775224775e-07
Offset_RevB_Chip_3_wiShield_Gmx_default_OSC_default_Vsup_pm6V_20260909,1,464,2026-09-09T10:03:23.991311+00:00,3.059220000000e+02,-5.874936000000e-04,-5.869066933067e-07
Offset_RevB_Chip_3_wiShield_Gmx_default_OSC_default_Vsup_pm6V_20260909,1,465,2026-09-09T10:03:24.647811+00:00,3.065785000000e+02,-5.972321000000e-04,-5.966354645355e-07
Offset_RevB_Chip_3_wiShield_Gmx_default_OSC_default_Vsup_pm6V_20260909,1,466,2026-09-09T10:03:25.304311+00:00,3.072350000000e+02,-5.995291000000e-04,-5.989301698302e-07
Offset_RevB_Chip_3_wiShield_Gmx_default_OSC_default_Vsup_pm6V_20260909,1,467,2026-09-09T10:03:25.960311+00:00,3.078910000000e+02,-6.055176000000e-04,-6.049126873127e-07
Offset_RevB_Chip_3_wiShield_Gmx_default_OSC_default_Vsup_pm6V_20260909,1,468,2026-09-09T10:03:26.624311+00:00,3.085550000000e+02,-5.945341000000e-04,-5.939401598402e-07
Offset_RevB_Chip_3_wiShield_Gmx_default_OSC_default_Vsup_pm6V_20260909,1,469,2026-09-09T10:03:27.288311+00:00,3.092190000000e+02,-6.048623000000e-04,-6.042580419580e-07
Offset_RevB_Chip_3_wiShield_Gmx_default_OSC_default_Vsup_pm6V_20260909,1,470,2026-09-09T10:03:27.944811+00:00,3.098755000000e+02,-6.116289000000e-04,-6.110178821179e-07
Offset_RevB_Chip_3_wiShield_Gmx_default_OSC_default_Vsup_pm6V_20260909,1,471,2026-09-09T10:03:28.601311+00:00,3.105320000000e+02,-6.009556000000e-04,-6.003552447552e-07
Offset_RevB_Chip_3_wiShield_Gmx_default_OSC_default_Vsup_pm6V_20260909,1,472,2026-09-09T10:03:29.265311+00:00,3.111960000000e+02,-5.971982000000e-04,-5.966015984016e-07
Offset_RevB_Chip_3_wiShield_Gmx_default_OSC_default_Vsup_pm6V_20260909,1,473,2026-09-09T10:03:29.929311+00:00,3.118600000000e+02,-6.102987000000e-04,-6.096890109890e-07
Offset_RevB_Chip_3_wiShield_Gmx_default_OSC_default_Vsup_pm6V_20260909,1,474,2026-09-09T10:03:30.585311+00:00,3.125160000000e+02,-5.832207000000e-04,-5.826380619381e-07
Offset_RevB_Chip_3_wiShield_Gmx_default_OSC_default_Vsup_pm6V_20260909,1,475,2026-09-09T10:03:31.241311+00:00,3.131720000000e+02,-6.075028000000e-04,-6.068959040959e-07
Offset_RevB_Chip_3_wiShield_Gmx_default_OSC_default_Vsup_pm6V_20260909,1,476,2026-09-09T10:03:31.897811+00:00,3.138285000000e+02,-6.041619000000e-04,-6.035583416583e-07
Offset_RevB_Chip_3_wiShield_Gmx_default_OSC_default_Vsup_pm6V_20260909,1,477,2026-09-09T10:03:32.562311+00:00,3.144930000000e+02,-5.939889000000e-04,-5.933955044955e-07
Offset_RevB_Chip_3_wiShield_Gmx_default_OSC_default_Vsup_pm6V_20260909,1,478,2026-09-09T10:03:33.226311+00:00,3.151570000000e+02,-5.849233000000e-04,-5.843389610390e-07
Offset_RevB_Chip_3_wiShield_Gmx_default_OSC_default_Vsup_pm6V_20260909,1,479,2026-09-09T10:03:33.882311+00:00,3.158130000000e+02,-6.006419000000e-04,-6.000418581419e-07
Offset_RevB_Chip_3_wiShield_Gmx_default_OSC_default_Vsup_pm6V_20260909,1,480,2026-09-09T10:03:34.538311+00:00,3.164690000000e+02,-5.895455000000e-04,-5.889565434565e-07
Offset_RevB_Chip_3_wiShield_Gmx_default_OSC_default_Vsup_pm6V_20260909,1,481,2026-09-09T10:03:35.202311+00:00,3.171330000000e+02,-5.968569000000e-04,-5.962606393606e-07
Offset_RevB_Chip_3_wiShield_Gmx_default_OSC_default_Vsup_pm6V_20260909,1,482,2026-09-09T10:03:35.866311+00:00,3.177970000000e+02,-5.868882000000e-04,-5.863018981019e-07
Offset_RevB_Chip_3_wiShield_Gmx_default_OSC_default_Vsup_pm6V_20260909,1,483,2026-09-09T10:03:36.522811+00:00,3.184535000000e+02,-5.708103000000e-04,-5.702400599401e-07
Offset_RevB_Chip_3_wiShield_Gmx_default_OSC_default_Vsup_pm6V_20260909,1,484,2026-09-09T10:03:37.179311+00:00,3.191100000000e+02,-5.862836000000e-04,-5.856979020979e-07
Offset_RevB_Chip_3_wiShield_Gmx_default_OSC_default_Vsup_pm6V_20260909,1,485,2026-09-09T10:03:37.835311+00:00,3.197660000000e+02,-5.920290000000e-04,-5.914375624376e-07
Offset_RevB_Chip_3_wiShield_Gmx_default_OSC_default_Vsup_pm6V_20260909,1,486,2026-09-09T10:03:38.499311+00:00,3.204300000000e+02,-5.962092000000e-04,-5.956135864136e-07
Offset_RevB_Chip_3_wiShield_Gmx_default_OSC_default_Vsup_pm6V_20260909,1,487,2026-09-09T10:03:39.163311+00:00,3.210940000000e+02,-5.786614000000e-04,-5.780833166833e-07
Offset_RevB_Chip_3_wiShield_Gmx_default_OSC_default_Vsup_pm6V_20260909,1,488,2026-09-09T10:03:39.819811+00:00,3.217505000000e+02,-5.990345000000e-04,-5.984360639361e-07
Offset_RevB_Chip_3_wiShield_Gmx_default_OSC_default_Vsup_pm6V_20260909,1,489,2026-09-09T10:03:40.476311+00:00,3.224070000000e+02,-5.921631000000e-04,-5.915715284715e-07
Offset_RevB_Chip_3_wiShield_Gmx_default_OSC_default_Vsup_pm6V_20260909,1,490,2026-09-09T10:03:41.132311+00:00,3.230630000000e+02,-5.979166000000e-04,-5.973192807193e-07
Offset_RevB_Chip_3_wiShield_Gmx_default_OSC_default_Vsup_pm6V_20260909,1,491,2026-09-09T10:03:41.796311+00:00,3.237270000000e+02,-5.965808000000e-04,-5.959848151848e-07
Offset_RevB_Chip_3_wiShield_Gmx_default_OSC_default_Vsup_pm6V_20260909,1,492,2026-09-09T10:03:42.460311+00:00,3.243910000000e+02,-6.017473000000e-04,-6.011461538462e-07
Offset_RevB_Chip_3_wiShield_Gmx_default_OSC_default_Vsup_pm6V_20260909,1,493,2026-09-09T10:03:43.116311+00:00,3.250470000000e+02,-5.828958000000e-04,-5.823134865135e-07
Offset_RevB_Chip_3_wiShield_Gmx_default_OSC_default_Vsup_pm6V_20260909,1,494,2026-09-09T10:03:43.772811+00:00,3.257035000000e+02,-5.899656000000e-04,-5.893762237762e-07
Offset_RevB_Chip_3_wiShield_Gmx_default_OSC_default_Vsup_pm6V_20260909,1,495,2026-09-09T10:03:44.429311+00:00,3.263600000000e+02,-5.980442000000e-04,-5.974467532468e-07
Offset_RevB_Chip_3_wiShield_Gmx_default_OSC_default_Vsup_pm6V_20260909,1,496,2026-09-09T10:03:45.093311+00:00,3.270240000000e+02,-5.977605000000e-04,-5.971633366633e-07
Offset_RevB_Chip_3_wiShield_Gmx_default_OSC_default_Vsup_pm6V_20260909,1,497,2026-09-09T10:03:45.757311+00:00,3.276880000000e+02,-6.017726000000e-04,-6.011714285714e-07
Offset_RevB_Chip_3_wiShield_Gmx_default_OSC_default_Vsup_pm6V_20260909,1,498,2026-09-09T10:03:46.413311+00:00,3.283440000000e+02,-5.956319000000e-04,-5.950368631369e-07
Offset_RevB_Chip_3_wiShield_Gmx_default_OSC_default_Vsup_pm6V_20260909,1,499,2026-09-09T10:03:47.069811+00:00,3.290005000000e+02,-5.903264000000e-04,-5.897366633367e-07
Offset_RevB_Chip_3_wiShield_Gmx_default_OSC_default_Vsup_pm6V_20260909,1,500,2026-09-09T10:03:47.733811+00:00,3.296645000000e+02,-5.907122000000e-04,-5.901220779221e-07
Offset_RevB_Chip_3_wiShield_Gmx_default_OSC_default_Vsup_pm6V_20260909,1,501,2026-09-09T10:03:48.397811+00:00,3.303285000000e+02,-5.970452000000e-04,-5.964487512488e-07
Offset_RevB_Chip_3_wiShield_Gmx_default_OSC_default_Vsup_pm6V_20260909,1,502,2026-09-09T10:03:49.054311+00:00,3.309850000000e+02,-6.030551000000e-04,-6.024526473526e-07
Offset_RevB_Chip_3_wiShield_Gmx_default_OSC_default_Vsup_pm6V_20260909,1,503,2026-09-09T10:03:49.710311+00:00,3.316410000000e+02,-5.987320000000e-04,-5.981338661339e-07
Offset_RevB_Chip_3_wiShield_Gmx_default_OSC_default_Vsup_pm6V_20260909,1,504,2026-09-09T10:03:50.366311+00:00,3.322970000000e+02,-5.930618000000e-04,-5.924693306693e-07
Offset_RevB_Chip_3_wiShield_Gmx_default_OSC_default_Vsup_pm6V_20260909,1,505,2026-09-09T10:03:51.030311+00:00,3.329610000000e+02,-5.994794000000e-04,-5.988805194805e-07
Offset_RevB_Chip_3_wiShield_Gmx_default_OSC_default_Vsup_pm6V_20260909,1,506,2026-09-09T10:03:51.694811+00:00,3.336255000000e+02,-6.034468000000e-04,-6.028439560440e-07
Offset_RevB_Chip_3_wiShield_Gmx_default_OSC_default_Vsup_pm6V_20260909,1,507,2026-09-09T10:03:52.351311+00:00,3.342820000000e+02,-5.934104000000e-04,-5.928175824176e-07
Offset_RevB_Chip_3_wiShield_Gmx_default_OSC_default_Vsup_pm6V_20260909,1,508,2026-09-09T10:03:53.007311+00:00,3.349380000000e+02,-6.075262000000e-04,-6.069192807193e-07
Offset_RevB_Chip_3_wiShield_Gmx_default_OSC_default_Vsup_pm6V_20260909,1,509,2026-09-09T10:03:53.663311+00:00,3.355940000000e+02,-6.042615000000e-04,-6.036578421578e-07
Offset_RevB_Chip_3_wiShield_Gmx_default_OSC_default_Vsup_pm6V_20260909,1,510,2026-09-09T10:03:54.327311+00:00,3.362580000000e+02,-5.959200000000e-04,-5.953246753247e-07
Offset_RevB_Chip_3_wiShield_Gmx_default_OSC_default_Vsup_pm6V_20260909,1,511,2026-09-09T10:03:54.991311+00:00,3.369220000000e+02,-5.953027000000e-04,-5.947079920080e-07
Offset_RevB_Chip_3_wiShield_Gmx_default_OSC_default_Vsup_pm6V_20260909,1,512,2026-09-09T10:03:55.647811+00:00,3.375785000000e+02,-5.984005000000e-04,-5.978026973027e-07
Offset_RevB_Chip_3_wiShield_Gmx_default_OSC_default_Vsup_pm6V_20260909,1,513,2026-09-09T10:03:56.304311+00:00,3.382350000000e+02,-6.060481000000e-04,-6.054426573427e-07
Offset_RevB_Chip_3_wiShield_Gmx_default_OSC_default_Vsup_pm6V_20260909,1,514,2026-09-09T10:03:56.960311+00:00,3.388910000000e+02,-6.107629000000e-04,-6.101527472527e-07
Offset_RevB_Chip_3_wiShield_Gmx_default_OSC_default_Vsup_pm6V_20260909,1,515,2026-09-09T10:03:57.632311+00:00,3.395630000000e+02,-6.104824000000e-04,-6.098725274725e-07
Offset_RevB_Chip_3_wiShield_Gmx_default_OSC_default_Vsup_pm6V_20260909,1,516,2026-09-09T10:03:58.288311+00:00,3.402190000000e+02,-6.018944000000e-04,-6.012931068931e-07
Offset_RevB_Chip_3_wiShield_Gmx_default_OSC_default_Vsup_pm6V_20260909,1,517,2026-09-09T10:03:58.944811+00:00,3.408755000000e+02,-6.099737000000e-04,-6.093643356643e-07
Offset_RevB_Chip_3_wiShield_Gmx_default_OSC_default_Vsup_pm6V_20260909,1,518,2026-09-09T10:03:59.601311+00:00,3.415320000000e+02,-6.198360000000e-04,-6.192167832168e-07
Offset_RevB_Chip_3_wiShield_Gmx_default_OSC_default_Vsup_pm6V_20260909,1,519,2026-09-09T10:04:00.265311+00:00,3.421960000000e+02,-6.169407000000e-04,-6.163243756244e-07
Offset_RevB_Chip_3_wiShield_Gmx_default_OSC_default_Vsup_pm6V_20260909,1,520,2026-09-09T10:04:00.929311+00:00,3.428600000000e+02,-6.070836000000e-04,-6.064771228771e-07
Offset_RevB_Chip_3_wiShield_Gmx_default_OSC_default_Vsup_pm6V_20260909,1,521,2026-09-09T10:04:01.585311+00:00,3.435160000000e+02,-6.175709000000e-04,-6.169539460539e-07
Offset_RevB_Chip_3_wiShield_Gmx_default_OSC_default_Vsup_pm6V_20260909,1,522,2026-09-09T10:04:02.241311+00:00,3.441720000000e+02,-5.990990000000e-04,-5.985004995005e-07
Offset_RevB_Chip_3_wiShield_Gmx_default_OSC_default_Vsup_pm6V_20260909,1,523,2026-09-09T10:04:02.905311+00:00,3.448360000000e+02,-6.143635000000e-04,-6.137497502498e-07
Offset_RevB_Chip_3_wiShield_Gmx_default_OSC_default_Vsup_pm6V_20260909,1,524,2026-09-09T10:04:03.569811+00:00,3.455005000000e+02,-5.875496000000e-04,-5.869626373626e-07
Offset_RevB_Chip_3_wiShield_Gmx_default_OSC_default_Vsup_pm6V_20260909,1,525,2026-09-09T10:04:04.226311+00:00,3.461570000000e+02,-6.065508000000e-04,-6.059448551449e-07
Offset_RevB_Chip_3_wiShield_Gmx_default_OSC_default_Vsup_pm6V_20260909,1,526,2026-09-09T10:04:04.882311+00:00,3.468130000000e+02,-6.034884000000e-04,-6.028855144855e-07
Offset_RevB_Chip_3_wiShield_Gmx_default_OSC_default_Vsup_pm6V_20260909,1,527,2026-09-09T10:04:05.538311+00:00,3.474690000000e+02,-5.989046000000e-04,-5.983062937063e-07
Offset_RevB_Chip_3_wiShield_Gmx_default_OSC_default_Vsup_pm6V_20260909,1,528,2026-09-09T10:04:06.202311+00:00,3.481330000000e+02,-6.126139000000e-04,-6.120018981019e-07
Offset_RevB_Chip_3_wiShield_Gmx_default_OSC_default_Vsup_pm6V_20260909,1,529,2026-09-09T10:04:06.866311+00:00,3.487970000000e+02,-6.028951000000e-04,-6.022928071928e-07
Offset_RevB_Chip_3_wiShield_Gmx_default_OSC_default_Vsup_pm6V_20260909,1,530,2026-09-09T10:04:07.522811+00:00,3.494535000000e+02,-6.115767000000e-04,-6.109657342657e-07
Offset_RevB_Chip_3_wiShield_Gmx_default_OSC_default_Vsup_pm6V_20260909,1,531,2026-09-09T10:04:08.179311+00:00,3.501100000000e+02,-6.095902000000e-04,-6.089812187812e-07
Offset_RevB_Chip_3_wiShield_Gmx_default_OSC_default_Vsup_pm6V_20260909,1,532,2026-09-09T10:04:08.843311+00:00,3.507740000000e+02,-6.182047000000e-04,-6.175871128871e-07
Offset_RevB_Chip_3_wiShield_Gmx_default_OSC_default_Vsup_pm6V_20260909,1,533,2026-09-09T10:04:09.507311+00:00,3.514380000000e+02,-6.055867000000e-04,-6.049817182817e-07
Offset_RevB_Chip_3_wiShield_Gmx_default_OSC_default_Vsup_pm6V_20260909,1,534,2026-09-09T10:04:10.163311+00:00,3.520940000000e+02,-6.073441000000e-04,-6.067373626374e-07
Offset_RevB_Chip_3_wiShield_Gmx_default_OSC_default_Vsup_pm6V_20260909,1,535,2026-09-09T10:04:10.819811+00:00,3.527505000000e+02,-6.153761000000e-04,-6.147613386613e-07
Offset_RevB_Chip_3_wiShield_Gmx_default_OSC_default_Vsup_pm6V_20260909,1,536,2026-09-09T10:04:11.483811+00:00,3.534145000000e+02,-6.086007000000e-04,-6.079927072927e-07
Offset_RevB_Chip_3_wiShield_Gmx_default_OSC_default_Vsup_pm6V_20260909,1,537,2026-09-09T10:04:12.147811+00:00,3.540785000000e+02,-6.043832000000e-04,-6.037794205794e-07
Offset_RevB_Chip_3_wiShield_Gmx_default_OSC_default_Vsup_pm6V_20260909,1,538,2026-09-09T10:04:12.804311+00:00,3.547350000000e+02,-6.196830000000e-04,-6.190639360639e-07
Offset_RevB_Chip_3_wiShield_Gmx_default_OSC_default_Vsup_pm6V_20260909,1,539,2026-09-09T10:04:13.460311+00:00,3.553910000000e+02,-6.145280000000e-04,-6.139140859141e-07
Offset_RevB_Chip_3_wiShield_Gmx_default_OSC_default_Vsup_pm6V_20260909,1,540,2026-09-09T10:04:14.124311+00:00,3.560550000000e+02,-6.170938000000e-04,-6.164773226773e-07
Offset_RevB_Chip_3_wiShield_Gmx_default_OSC_default_Vsup_pm6V_20260909,1,541,2026-09-09T10:04:14.788311+00:00,3.567190000000e+02,-6.132197000000e-04,-6.126070929071e-07
Offset_RevB_Chip_3_wiShield_Gmx_default_OSC_default_Vsup_pm6V_20260909,1,542,2026-09-09T10:04:15.444811+00:00,3.573755000000e+02,-6.113878000000e-04,-6.107770229770e-07
Offset_RevB_Chip_3_wiShield_Gmx_default_OSC_default_Vsup_pm6V_20260909,1,543,2026-09-09T10:04:16.108811+00:00,3.580395000000e+02,-6.205253000000e-04,-6.199053946054e-07
Offset_RevB_Chip_3_wiShield_Gmx_default_OSC_default_Vsup_pm6V_20260909,1,544,2026-09-09T10:04:16.772811+00:00,3.587035000000e+02,-6.097020000000e-04,-6.090929070929e-07
Offset_RevB_Chip_3_wiShield_Gmx_default_OSC_default_Vsup_pm6V_20260909,1,545,2026-09-09T10:04:17.429311+00:00,3.593600000000e+02,-6.215792000000e-04,-6.209582417582e-07
Offset_RevB_Chip_3_wiShield_Gmx_default_OSC_default_Vsup_pm6V_20260909,1,546,2026-09-09T10:04:18.085311+00:00,3.600160000000e+02,-6.295704000000e-04,-6.289414585415e-07
Offset_RevB_Chip_3_wiShield_Gmx_default_OSC_default_Vsup_pm6V_20260909,1,547,2026-09-09T10:04:18.749311+00:00,3.606800000000e+02,-6.092925000000e-04,-6.086838161838e-07
Offset_RevB_Chip_3_wiShield_Gmx_default_OSC_default_Vsup_pm6V_20260909,1,548,2026-09-09T10:04:19.413311+00:00,3.613440000000e+02,-6.320628000000e-04,-6.314313686314e-07
Offset_RevB_Chip_3_wiShield_Gmx_default_OSC_default_Vsup_pm6V_20260909,1,549,2026-09-09T10:04:20.069811+00:00,3.620005000000e+02,-6.243871000000e-04,-6.237633366633e-07
Offset_RevB_Chip_3_wiShield_Gmx_default_OSC_default_Vsup_pm6V_20260909,1,550,2026-09-09T10:04:20.726311+00:00,3.626570000000e+02,-6.167558000000e-04,-6.161396603397e-07
Offset_RevB_Chip_3_wiShield_Gmx_default_OSC_default_Vsup_pm6V_20260909,1,551,2026-09-09T10:04:21.390311+00:00,3.633210000000e+02,-6.174019000000e-04,-6.167851148851e-07
Offset_RevB_Chip_3_wiShield_Gmx_default_OSC_default_Vsup_pm6V_20260909,1,552,2026-09-09T10:04:22.054311+00:00,3.639850000000e+02,-6.127173000000e-04,-6.121051948052e-07
Offset_RevB_Chip_3_wiShield_Gmx_default_OSC_default_Vsup_pm6V_20260909,1,553,2026-09-09T10:04:22.710311+00:00,3.646410000000e+02,-6.178851000000e-04,-6.172678321678e-07
Offset_RevB_Chip_3_wiShield_Gmx_default_OSC_default_Vsup_pm6V_20260909,1,554,2026-09-09T10:04:23.366311+00:00,3.652970000000e+02,-6.076058000000e-04,-6.069988011988e-07
Offset_RevB_Chip_3_wiShield_Gmx_default_OSC_default_Vsup_pm6V_20260909,1,555,2026-09-09T10:04:24.030311+00:00,3.659610000000e+02,-6.226066000000e-04,-6.219846153846e-07
Offset_RevB_Chip_3_wiShield_Gmx_default_OSC_default_Vsup_pm6V_20260909,1,556,2026-09-09T10:04:24.694811+00:00,3.666255000000e+02,-6.337263000000e-04,-6.330932067932e-07
Offset_RevB_Chip_3_wiShield_Gmx_default_OSC_default_Vsup_pm6V_20260909,1,557,2026-09-09T10:04:25.351311+00:00,3.672820000000e+02,-6.135112000000e-04,-6.128983016983e-07
Offset_RevB_Chip_3_wiShield_Gmx_default_OSC_default_Vsup_pm6V_20260909,1,558,2026-09-09T10:04:26.007311+00:00,3.679380000000e+02,-6.274677000000e-04,-6.268408591409e-07
Offset_RevB_Chip_3_wiShield_Gmx_default_OSC_default_Vsup_pm6V_20260909,1,559,2026-09-09T10:04:26.679311+00:00,3.686100000000e+02,-6.140759000000e-04,-6.134624375624e-07
Offset_RevB_Chip_3_wiShield_Gmx_default_OSC_default_Vsup_pm6V_20260909,1,560,2026-09-09T10:04:27.335311+00:00,3.692660000000e+02,-6.060902000000e-04,-6.054847152847e-07
Offset_RevB_Chip_3_wiShield_Gmx_default_OSC_default_Vsup_pm6V_20260909,1,561,2026-09-09T10:04:27.991311+00:00,3.699220000000e+02,-6.203061000000e-04,-6.196864135864e-07
Offset_RevB_Chip_3_wiShield_Gmx_default_OSC_default_Vsup_pm6V_20260909,1,562,2026-09-09T10:04:28.655311+00:00,3.705860000000e+02,-6.424011000000e-04,-6.417593406593e-07
Offset_RevB_Chip_3_wiShield_Gmx_default_OSC_default_Vsup_pm6V_20260909,1,563,2026-09-09T10:04:29.319811+00:00,3.712505000000e+02,-6.232537000000e-04,-6.226310689311e-07
Offset_RevB_Chip_3_wiShield_Gmx_default_OSC_default_Vsup_pm6V_20260909,1,564,2026-09-09T10:04:29.976311+00:00,3.719070000000e+02,-6.276043000000e-04,-6.269773226773e-07
Offset_RevB_Chip_3_wiShield_Gmx_default_OSC_default_Vsup_pm6V_20260909,1,565,2026-09-09T10:04:30.632311+00:00,3.725630000000e+02,-6.342853000000e-04,-6.336516483516e-07
Offset_RevB_Chip_3_wiShield_Gmx_default_OSC_default_Vsup_pm6V_20260909,1,566,2026-09-09T10:04:31.296311+00:00,3.732270000000e+02,-6.187420000000e-04,-6.181238761239e-07
Offset_RevB_Chip_3_wiShield_Gmx_default_OSC_default_Vsup_pm6V_20260909,1,567,2026-09-09T10:04:31.960311+00:00,3.738910000000e+02,-6.199990000000e-04,-6.193796203796e-07
Offset_RevB_Chip_3_wiShield_Gmx_default_OSC_default_Vsup_pm6V_20260909,1,568,2026-09-09T10:04:32.616311+00:00,3.745470000000e+02,-6.242385000000e-04,-6.236148851149e-07
Offset_RevB_Chip_3_wiShield_Gmx_default_OSC_default_Vsup_pm6V_20260909,1,569,2026-09-09T10:04:33.272811+00:00,3.752035000000e+02,-6.147077000000e-04,-6.140936063936e-07
Offset_RevB_Chip_3_wiShield_Gmx_default_OSC_default_Vsup_pm6V_20260909,1,570,2026-09-09T10:04:33.937311+00:00,3.758680000000e+02,-6.378716000000e-04,-6.372343656344e-07
Offset_RevB_Chip_3_wiShield_Gmx_default_OSC_default_Vsup_pm6V_20260909,1,571,2026-09-09T10:04:34.601311+00:00,3.765320000000e+02,-6.348542000000e-04,-6.342199800200e-07
Offset_RevB_Chip_3_wiShield_Gmx_default_OSC_default_Vsup_pm6V_20260909,1,572,2026-09-09T10:04:35.257311+00:00,3.771880000000e+02,-6.247865000000e-04,-6.241623376623e-07
Offset_RevB_Chip_3_wiShield_Gmx_default_OSC_default_Vsup_pm6V_20260909,1,573,2026-09-09T10:04:35.913311+00:00,3.778440000000e+02,-6.255295000000e-04,-6.249045954046e-07
Offset_RevB_Chip_3_wiShield_Gmx_default_OSC_default_Vsup_pm6V_20260909,1,574,2026-09-09T10:04:36.577311+00:00,3.785080000000e+02,-6.395489000000e-04,-6.389099900100e-07
Offset_RevB_Chip_3_wiShield_Gmx_default_OSC_default_Vsup_pm6V_20260909,1,575,2026-09-09T10:04:37.241311+00:00,3.791720000000e+02,-6.225535000000e-04,-6.219315684316e-07
Offset_RevB_Chip_3_wiShield_Gmx_default_OSC_default_Vsup_pm6V_20260909,1,576,2026-09-09T10:04:37.897811+00:00,3.798285000000e+02,-6.378040000000e-04,-6.371668331668e-07
Offset_RevB_Chip_3_wiShield_Gmx_default_OSC_default_Vsup_pm6V_20260909,1,577,2026-09-09T10:04:38.554311+00:00,3.804850000000e+02,-6.320969000000e-04,-6.314654345654e-07
Offset_RevB_Chip_3_wiShield_Gmx_default_OSC_default_Vsup_pm6V_20260909,1,578,2026-09-09T10:04:39.218311+00:00,3.811490000000e+02,-6.250427000000e-04,-6.244182817183e-07
Offset_RevB_Chip_3_wiShield_Gmx_default_OSC_default_Vsup_pm6V_20260909,1,579,2026-09-09T10:04:39.882311+00:00,3.818130000000e+02,-6.312695000000e-04,-6.306388611389e-07
Offset_RevB_Chip_3_wiShield_Gmx_default_OSC_default_Vsup_pm6V_20260909,1,580,2026-09-09T10:04:40.538311+00:00,3.824690000000e+02,-6.373713000000e-04,-6.367345654346e-07
Offset_RevB_Chip_3_wiShield_Gmx_default_OSC_default_Vsup_pm6V_20260909,1,581,2026-09-09T10:04:41.194811+00:00,3.831255000000e+02,-6.327871000000e-04,-6.321549450549e-07
Offset_RevB_Chip_3_wiShield_Gmx_default_OSC_default_Vsup_pm6V_20260909,1,582,2026-09-09T10:04:41.858811+00:00,3.837895000000e+02,-6.235456000000e-04,-6.229226773227e-07
Offset_RevB_Chip_3_wiShield_Gmx_default_OSC_default_Vsup_pm6V_20260909,1,583,2026-09-09T10:04:42.522811+00:00,3.844535000000e+02,-6.215931000000e-04,-6.209721278721e-07
Offset_RevB_Chip_3_wiShield_Gmx_default_OSC_default_Vsup_pm6V_20260909,1,584,2026-09-09T10:04:43.179311+00:00,3.851100000000e+02,-6.335614000000e-04,-6.329284715285e-07
Offset_RevB_Chip_3_wiShield_Gmx_default_OSC_default_Vsup_pm6V_20260909,1,585,2026-09-09T10:04:43.835311+00:00,3.857660000000e+02,-6.321101000000e-04,-6.314786213786e-07
Offset_RevB_Chip_3_wiShield_Gmx_default_OSC_default_Vsup_pm6V_20260909,1,586,2026-09-09T10:04:44.499311+00:00,3.864300000000e+02,-6.310673000000e-04,-6.304368631369e-07
Offset_RevB_Chip_3_wiShield_Gmx_default_OSC_default_Vsup_pm6V_20260909,1,587,2026-09-09T10:04:45.163311+00:00,3.870940000000e+02,-6.234571000000e-04,-6.228342657343e-07
Offset_RevB_Chip_3_wiShield_Gmx_default_OSC_default_Vsup_pm6V_20260909,1,588,2026-09-09T10:04:45.819811+00:00,3.877505000000e+02,-6.474482000000e-04,-6.468013986014e-07
Offset_RevB_Chip_3_wiShield_Gmx_default_OSC_default_Vsup_pm6V_20260909,1,589,2026-09-09T10:04:46.476311+00:00,3.884070000000e+02,-6.544028000000e-04,-6.537490509491e-07
Offset_RevB_Chip_3_wiShield_Gmx_default_OSC_default_Vsup_pm6V_20260909,1,590,2026-09-09T10:04:47.140311+00:00,3.890710000000e+02,-6.337597000000e-04,-6.331265734266e-07
Offset_RevB_Chip_3_wiShield_Gmx_default_OSC_default_Vsup_pm6V_20260909,1,591,2026-09-09T10:04:47.804311+00:00,3.897350000000e+02,-6.493998000000e-04,-6.487510489510e-07
Offset_RevB_Chip_3_wiShield_Gmx_default_OSC_default_Vsup_pm6V_20260909,1,592,2026-09-09T10:04:48.460311+00:00,3.903910000000e+02,-6.559956000000e-04,-6.553402597403e-07
Offset_RevB_Chip_3_wiShield_Gmx_default_OSC_default_Vsup_pm6V_20260909,1,593,2026-09-09T10:04:49.116311+00:00,3.910470000000e+02,-6.373201000000e-04,-6.366834165834e-07
Offset_RevB_Chip_3_wiShield_Gmx_default_OSC_default_Vsup_pm6V_20260909,1,594,2026-09-09T10:04:49.772811+00:00,3.917035000000e+02,-6.331341000000e-04,-6.325015984016e-07
Offset_RevB_Chip_3_wiShield_Gmx_default_OSC_default_Vsup_pm6V_20260909,1,595,2026-09-09T10:04:50.437311+00:00,3.923680000000e+02,-6.553977000000e-04,-6.547429570430e-07
Offset_RevB_Chip_3_wiShield_Gmx_default_OSC_default_Vsup_pm6V_20260909,1,596,2026-09-09T10:04:51.101311+00:00,3.930320000000e+02,-6.312484000000e-04,-6.306177822178e-07
Offset_RevB_Chip_3_wiShield_Gmx_default_OSC_default_Vsup_pm6V_20260909,1,597,2026-09-09T10:04:51.757311+00:00,3.936880000000e+02,-6.312142000000e-04,-6.305836163836e-07
Offset_RevB_Chip_3_wiShield_Gmx_default_OSC_default_Vsup_pm6V_20260909,1,598,2026-09-09T10:04:52.413311+00:00,3.943440000000e+02,-6.299123000000e-04,-6.292830169830e-07
Offset_RevB_Chip_3_wiShield_Gmx_default_OSC_default_Vsup_pm6V_20260909,1,599,2026-09-09T10:04:53.077311+00:00,3.950080000000e+02,-6.333103000000e-04,-6.326776223776e-07
Offset_RevB_Chip_3_wiShield_Gmx_default_OSC_default_Vsup_pm6V_20260909,1,600,2026-09-09T10:04:53.741311+00:00,3.956720000000e+02,-6.354223000000e-04,-6.347875124875e-07
Offset_RevB_Chip_3_wiShield_Gmx_default_OSC_default_Vsup_pm6V_20260909,1,601,2026-09-09T10:04:54.397811+00:00,3.963285000000e+02,-6.136955000000e-04,-6.130824175824e-07
Offset_RevB_Chip_3_wiShield_Gmx_default_OSC_default_Vsup_pm6V_20260909,1,602,2026-09-09T10:04:55.054311+00:00,3.969850000000e+02,-6.302123000000e-04,-6.295827172827e-07
Offset_RevB_Chip_3_wiShield_Gmx_default_OSC_default_Vsup_pm6V_20260909,1,603,2026-09-09T10:04:55.710311+00:00,3.976410000000e+02,-6.357593000000e-04,-6.351241758242e-07
Offset_RevB_Chip_3_wiShield_Gmx_default_OSC_default_Vsup_pm6V_20260909,1,604,2026-09-09T10:04:56.374311+00:00,3.983050000000e+02,-6.169393000000e-04,-6.163229770230e-07
Offset_RevB_Chip_3_wiShield_Gmx_default_OSC_default_Vsup_pm6V_20260909,1,605,2026-09-09T10:04:57.038311+00:00,3.989690000000e+02,-6.271986000000e-04,-6.265720279720e-07
Offset_RevB_Chip_3_wiShield_Gmx_default_OSC_default_Vsup_pm6V_20260909,1,606,2026-09-09T10:04:57.694811+00:00,3.996255000000e+02,-6.312099000000e-04,-6.305793206793e-07
Offset_RevB_Chip_3_wiShield_Gmx_default_OSC_default_Vsup_pm6V_20260909,1,607,2026-09-09T10:04:58.351311+00:00,4.002820000000e+02,-6.380591000000e-04,-6.374216783217e-07
Offset_RevB_Chip_3_wiShield_Gmx_default_OSC_default_Vsup_pm6V_20260909,1,608,2026-09-09T10:04:59.007311+00:00,4.009380000000e+02,-6.278243000000e-04,-6.271971028971e-07
Offset_RevB_Chip_3_wiShield_Gmx_default_OSC_default_Vsup_pm6V_20260909,1,609,2026-09-09T10:04:59.671311+00:00,4.016020000000e+02,-6.347755000000e-04,-6.341413586414e-07
Offset_RevB_Chip_3_wiShield_Gmx_default_OSC_default_Vsup_pm6V_20260909,1,610,2026-09-09T10:05:00.335311+00:00,4.022660000000e+02,-6.432089000000e-04,-6.425663336663e-07
Offset_RevB_Chip_3_wiShield_Gmx_default_OSC_default_Vsup_pm6V_20260909,1,611,2026-09-09T10:05:00.991311+00:00,4.029220000000e+02,-6.322182000000e-04,-6.315866133866e-07
Offset_RevB_Chip_3_wiShield_Gmx_default_OSC_default_Vsup_pm6V_20260909,1,612,2026-09-09T10:05:01.647811+00:00,4.035785000000e+02,-6.370854000000e-04,-6.364489510490e-07
Offset_RevB_Chip_3_wiShield_Gmx_default_OSC_default_Vsup_pm6V_20260909,1,613,2026-09-09T10:05:02.304311+00:00,4.042350000000e+02,-6.324578000000e-04,-6.318259740260e-07
Offset_RevB_Chip_3_wiShield_Gmx_default_OSC_default_Vsup_pm6V_20260909,1,614,2026-09-09T10:05:02.976311+00:00,4.049070000000e+02,-6.355597000000e-04,-6.349247752248e-07
Offset_RevB_Chip_3_wiShield_Gmx_default_OSC_default_Vsup_pm6V_20260909,1,615,2026-09-09T10:05:03.632311+00:00,4.055630000000e+02,-6.343446000000e-04,-6.337108891109e-07
Offset_RevB_Chip_3_wiShield_Gmx_default_OSC_default_Vsup_pm6V_20260909,1,616,2026-09-09T10:05:04.288311+00:00,4.062190000000e+02,-6.225186000000e-04,-6.218967032967e-07
Offset_RevB_Chip_3_wiShield_Gmx_default_OSC_default_Vsup_pm6V_20260909,1,617,2026-09-09T10:05:04.944811+00:00,4.068755000000e+02,-6.422088000000e-04,-6.415672327672e-07
Offset_RevB_Chip_3_wiShield_Gmx_default_OSC_default_Vsup_pm6V_20260909,1,618,2026-09-09T10:05:05.601311+00:00,4.075320000000e+02,-6.409960000000e-04,-6.403556443556e-07
Offset_RevB_Chip_3_wiShield_Gmx_default_OSC_default_Vsup_pm6V_20260909,1,619,2026-09-09T10:05:06.265311+00:00,4.081960000000e+02,-6.340668000000e-04,-6.334333666334e-07
Offset_RevB_Chip_3_wiShield_Gmx_default_OSC_default_Vsup_pm6V_20260909,1,620,2026-09-09T10:05:06.929311+00:00,4.088600000000e+02,-6.261419000000e-04,-6.255163836164e-07
Offset_RevB_Chip_3_wiShield_Gmx_default_OSC_default_Vsup_pm6V_20260909,1,621,2026-09-09T10:05:07.585311+00:00,4.095160000000e+02,-6.310009000000e-04,-6.303705294705e-07
Offset_RevB_Chip_3_wiShield_Gmx_default_OSC_default_Vsup_pm6V_20260909,1,622,2026-09-09T10:05:08.241311+00:00,4.101720000000e+02,-6.452750000000e-04,-6.446303696304e-07
Offset_RevB_Chip_3_wiShield_Gmx_default_OSC_default_Vsup_pm6V_20260909,1,623,2026-09-09T10:05:08.905311+00:00,4.108360000000e+02,-6.531944000000e-04,-6.525418581419e-07
Offset_RevB_Chip_3_wiShield_Gmx_default_OSC_default_Vsup_pm6V_20260909,1,624,2026-09-09T10:05:09.569811+00:00,4.115005000000e+02,-6.449958000000e-04,-6.443514485514e-07
Offset_RevB_Chip_3_wiShield_Gmx_default_OSC_default_Vsup_pm6V_20260909,1,625,2026-09-09T10:05:10.226311+00:00,4.121570000000e+02,-6.263995000000e-04,-6.257737262737e-07
Offset_RevB_Chip_3_wiShield_Gmx_default_OSC_default_Vsup_pm6V_20260909,1,626,2026-09-09T10:05:10.882311+00:00,4.128130000000e+02,-6.304653000000e-04,-6.298354645355e-07
Offset_RevB_Chip_3_wiShield_Gmx_default_OSC_default_Vsup_pm6V_20260909,1,627,2026-09-09T10:05:11.538311+00:00,4.134690000000e+02,-6.413702000000e-04,-6.407294705295e-07
Offset_RevB_Chip_3_wiShield_Gmx_default_OSC_default_Vsup_pm6V_20260909,1,628,2026-09-09T10:05:12.202311+00:00,4.141330000000e+02,-6.338543000000e-04,-6.332210789211e-07
Offset_RevB_Chip_3_wiShield_Gmx_default_OSC_default_Vsup_pm6V_20260909,1,629,2026-09-09T10:05:12.866311+00:00,4.147970000000e+02,-6.443648000000e-04,-6.437210789211e-07
Offset_RevB_Chip_3_wiShield_Gmx_default_OSC_default_Vsup_pm6V_20260909,1,630,2026-09-09T10:05:13.522811+00:00,4.154535000000e+02,-6.276473000000e-04,-6.270202797203e-07
Offset_RevB_Chip_3_wiShield_Gmx_default_OSC_default_Vsup_pm6V_20260909,1,631,2026-09-09T10:05:14.179311+00:00,4.161100000000e+02,-6.376414000000e-04,-6.370043956044e-07
Offset_RevB_Chip_3_wiShield_Gmx_default_OSC_default_Vsup_pm6V_20260909,1,632,2026-09-09T10:05:14.835311+00:00,4.167660000000e+02,-6.175293000000e-04,-6.169123876124e-07
Offset_RevB_Chip_3_wiShield_Gmx_default_OSC_default_Vsup_pm6V_20260909,1,633,2026-09-09T10:05:15.499311+00:00,4.174300000000e+02,-6.518171000000e-04,-6.511659340659e-07
Offset_RevB_Chip_3_wiShield_Gmx_default_OSC_default_Vsup_pm6V_20260909,1,634,2026-09-09T10:05:16.163311+00:00,4.180940000000e+02,-6.491575000000e-04,-6.485089910090e-07
Offset_RevB_Chip_3_wiShield_Gmx_default_OSC_default_Vsup_pm6V_20260909,1,635,2026-09-09T10:05:16.819811+00:00,4.187505000000e+02,-6.446410000000e-04,-6.439970029970e-07
Offset_RevB_Chip_3_wiShield_Gmx_default_OSC_default_Vsup_pm6V_20260909,1,636,2026-09-09T10:05:17.476311+00:00,4.194070000000e+02,-6.406313000000e-04,-6.399913086913e-07
Offset_RevB_Chip_3_wiShield_Gmx_default_OSC_default_Vsup_pm6V_20260909,1,637,2026-09-09T10:05:18.132311+00:00,4.200630000000e+02,-6.381191000000e-04,-6.374816183816e-07
Offset_RevB_Chip_3_wiShield_Gmx_default_OSC_default_Vsup_pm6V_20260909,1,638,2026-09-09T10:05:18.796311+00:00,4.207270000000e+02,-6.447385000000e-04,-6.440944055944e-07
Offset_RevB_Chip_3_wiShield_Gmx_default_OSC_default_Vsup_pm6V_20260909,1,639,2026-09-09T10:05:19.460311+00:00,4.213910000000e+02,-6.582102000000e-04,-6.575526473526e-07
Offset_RevB_Chip_3_wiShield_Gmx_default_OSC_default_Vsup_pm6V_20260909,1,640,2026-09-09T10:05:20.116311+00:00,4.220470000000e+02,-6.365680000000e-04,-6.359320679321e-07
Offset_RevB_Chip_3_wiShield_Gmx_default_OSC_default_Vsup_pm6V_20260909,1,641,2026-09-09T10:05:20.772811+00:00,4.227035000000e+02,-6.493718000000e-04,-6.487230769231e-07
Offset_RevB_Chip_3_wiShield_Gmx_default_OSC_default_Vsup_pm6V_20260909,1,642,2026-09-09T10:05:21.429311+00:00,4.233600000000e+02,-6.543740000000e-04,-6.537202797203e-07
Offset_RevB_Chip_3_wiShield_Gmx_default_OSC_default_Vsup_pm6V_20260909,1,643,2026-09-09T10:05:22.093311+00:00,4.240240000000e+02,-6.216174000000e-04,-6.209964035964e-07
Offset_RevB_Chip_3_wiShield_Gmx_default_OSC_default_Vsup_pm6V_20260909,1,644,2026-09-09T10:05:22.757311+00:00,4.246880000000e+02,-6.418524000000e-04,-6.412111888112e-07
Offset_RevB_Chip_3_wiShield_Gmx_default_OSC_default_Vsup_pm6V_20260909,1,645,2026-09-09T10:05:23.413311+00:00,4.253440000000e+02,-6.338153000000e-04,-6.331821178821e-07
Offset_RevB_Chip_3_wiShield_Gmx_default_OSC_default_Vsup_pm6V_20260909,1,646,2026-09-09T10:05:24.069811+00:00,4.260005000000e+02,-6.398254000000e-04,-6.391862137862e-07
Offset_RevB_Chip_3_wiShield_Gmx_default_OSC_default_Vsup_pm6V_20260909,1,647,2026-09-09T10:05:24.733811+00:00,4.266645000000e+02,-6.290333000000e-04,-6.284048951049e-07
Offset_RevB_Chip_3_wiShield_Gmx_default_OSC_default_Vsup_pm6V_20260909,1,648,2026-09-09T10:05:25.397811+00:00,4.273285000000e+02,-6.399850000000e-04,-6.393456543457e-07
Offset_RevB_Chip_3_wiShield_Gmx_default_OSC_default_Vsup_pm6V_20260909,1,649,2026-09-09T10:05:26.054311+00:00,4.279850000000e+02,-6.416375000000e-04,-6.409965034965e-07
Offset_RevB_Chip_3_wiShield_Gmx_default_OSC_default_Vsup_pm6V_20260909,1,650,2026-09-09T10:05:26.710311+00:00,4.286410000000e+02,-6.352354000000e-04,-6.346007992008e-07
Offset_RevB_Chip_3_wiShield_Gmx_default_OSC_default_Vsup_pm6V_20260909,1,651,2026-09-09T10:05:27.366311+00:00,4.292970000000e+02,-6.319471000000e-04,-6.313157842158e-07
Offset_RevB_Chip_3_wiShield_Gmx_default_OSC_default_Vsup_pm6V_20260909,1,652,2026-09-09T10:05:28.030311+00:00,4.299610000000e+02,-6.259074000000e-04,-6.252821178821e-07
Offset_RevB_Chip_3_wiShield_Gmx_default_OSC_default_Vsup_pm6V_20260909,1,653,2026-09-09T10:05:28.694811+00:00,4.306255000000e+02,-6.310716000000e-04,-6.304411588412e-07
Offset_RevB_Chip_3_wiShield_Gmx_default_OSC_default_Vsup_pm6V_20260909,1,654,2026-09-09T10:05:29.351311+00:00,4.312820000000e+02,-6.361407000000e-04,-6.355051948052e-07
Offset_RevB_Chip_3_wiShield_Gmx_default_OSC_default_Vsup_pm6V_20260909,1,655,2026-09-09T10:05:30.007311+00:00,4.319380000000e+02,-6.290918000000e-04,-6.284633366633e-07
Offset_RevB_Chip_3_wiShield_Gmx_default_OSC_default_Vsup_pm6V_20260909,1,656,2026-09-09T10:05:30.663311+00:00,4.325940000000e+02,-6.273633000000e-04,-6.267365634366e-07
Offset_RevB_Chip_3_wiShield_Gmx_default_OSC_default_Vsup_pm6V_20260909,1,657,2026-09-09T10:05:31.327311+00:00,4.332580000000e+02,-6.267047000000e-04,-6.260786213786e-07
Offset_RevB_Chip_3_wiShield_Gmx_default_OSC_default_Vsup_pm6V_20260909,1,658,2026-09-09T10:05:31.991311+00:00,4.339220000000e+02,-6.479449000000e-04,-6.472976023976e-07
Offset_RevB_Chip_3_wiShield_Gmx_default_OSC_default_Vsup_pm6V_20260909,1,659,2026-09-09T10:05:32.647811+00:00,4.345785000000e+02,-6.255809000000e-04,-6.249559440559e-07
Offset_RevB_Chip_3_wiShield_Gmx_default_OSC_default_Vsup_pm6V_20260909,1,660,2026-09-09T10:05:33.304311+00:00,4.352350000000e+02,-6.159196000000e-04,-6.153042957043e-07
Offset_RevB_Chip_3_wiShield_Gmx_default_OSC_default_Vsup_pm6V_20260909,1,661,2026-09-09T10:05:33.960311+00:00,4.358910000000e+02,-6.238779000000e-04,-6.232546453546e-07
Offset_RevB_Chip_3_wiShield_Gmx_default_OSC_default_Vsup_pm6V_20260909,1,662,2026-09-09T10:05:34.624311+00:00,4.365550000000e+02,-6.206997000000e-04,-6.200796203796e-07
Offset_RevB_Chip_3_wiShield_Gmx_default_OSC_default_Vsup_pm6V_20260909,1,663,2026-09-09T10:05:35.288311+00:00,4.372190000000e+02,-6.234460000000e-04,-6.228231768232e-07
Offset_RevB_Chip_3_wiShield_Gmx_default_OSC_default_Vsup_pm6V_20260909,1,664,2026-09-09T10:05:35.944811+00:00,4.378755000000e+02,-6.318195000000e-04,-6.311883116883e-07
Offset_RevB_Chip_3_wiShield_Gmx_default_OSC_default_Vsup_pm6V_20260909,1,665,2026-09-09T10:05:36.601311+00:00,4.385320000000e+02,-6.410502000000e-04,-6.404097902098e-07
Offset_RevB_Chip_3_wiShield_Gmx_default_OSC_default_Vsup_pm6V_20260909,1,666,2026-09-09T10:05:37.265311+00:00,4.391960000000e+02,-6.324690000000e-04,-6.318371628372e-07
Offset_RevB_Chip_3_wiShield_Gmx_default_OSC_default_Vsup_pm6V_20260909,1,667,2026-09-09T10:05:37.929311+00:00,4.398600000000e+02,-6.347524000000e-04,-6.341182817183e-07
Offset_RevB_Chip_3_wiShield_Gmx_default_OSC_default_Vsup_pm6V_20260909,1,668,2026-09-09T10:05:38.585311+00:00,4.405160000000e+02,-6.377642000000e-04,-6.371270729271e-07
Offset_RevB_Chip_3_wiShield_Gmx_default_OSC_default_Vsup_pm6V_20260909,1,669,2026-09-09T10:05:39.241311+00:00,4.411720000000e+02,-6.362477000000e-04,-6.356120879121e-07
Offset_RevB_Chip_3_wiShield_Gmx_default_OSC_default_Vsup_pm6V_20260909,1,670,2026-09-09T10:05:39.897811+00:00,4.418285000000e+02,-6.292078000000e-04,-6.285792207792e-07
Offset_RevB_Chip_3_wiShield_Gmx_default_OSC_default_Vsup_pm6V_20260909,1,671,2026-09-09T10:05:40.562311+00:00,4.424930000000e+02,-6.167152000000e-04,-6.160991008991e-07
Offset_RevB_Chip_3_wiShield_Gmx_default_OSC_default_Vsup_pm6V_20260909,1,672,2026-09-09T10:05:41.226311+00:00,4.431570000000e+02,-6.278823000000e-04,-6.272550449550e-07
Offset_RevB_Chip_3_wiShield_Gmx_default_OSC_default_Vsup_pm6V_20260909,1,673,2026-09-09T10:05:41.882311+00:00,4.438130000000e+02,-6.295191000000e-04,-6.288902097902e-07
Offset_RevB_Chip_3_wiShield_Gmx_default_OSC_default_Vsup_pm6V_20260909,1,674,2026-09-09T10:05:42.538311+00:00,4.444690000000e+02,-6.229469000000e-04,-6.223245754246e-07
Offset_RevB_Chip_3_wiShield_Gmx_default_OSC_default_Vsup_pm6V_20260909,1,675,2026-09-09T10:05:43.194811+00:00,4.451255000000e+02,-6.394023000000e-04,-6.387635364635e-07
Offset_RevB_Chip_3_wiShield_Gmx_default_OSC_default_Vsup_pm6V_20260909,1,676,2026-09-09T10:05:43.858811+00:00,4.457895000000e+02,-6.258165000000e-04,-6.251913086913e-07
Offset_RevB_Chip_3_wiShield_Gmx_default_OSC_default_Vsup_pm6V_20260909,1,677,2026-09-09T10:05:44.522811+00:00,4.464535000000e+02,-6.249765000000e-04,-6.243521478521e-07
Offset_RevB_Chip_3_wiShield_Gmx_default_OSC_default_Vsup_pm6V_20260909,1,678,2026-09-09T10:05:45.179311+00:00,4.471100000000e+02,-6.236662000000e-04,-6.230431568432e-07
Offset_RevB_Chip_3_wiShield_Gmx_default_OSC_default_Vsup_pm6V_20260909,1,679,2026-09-09T10:05:45.835311+00:00,4.477660000000e+02,-6.163571000000e-04,-6.157413586414e-07
Offset_RevB_Chip_3_wiShield_Gmx_default_OSC_default_Vsup_pm6V_20260909,1,680,2026-09-09T10:05:46.491311+00:00,4.484220000000e+02,-6.096859000000e-04,-6.090768231768e-07
Offset_RevB_Chip_3_wiShield_Gmx_default_OSC_default_Vsup_pm6V_20260909,1,681,2026-09-09T10:05:47.155311+00:00,4.490860000000e+02,-6.281616000000e-04,-6.275340659341e-07
Offset_RevB_Chip_3_wiShield_Gmx_default_OSC_default_Vsup_pm6V_20260909,1,682,2026-09-09T10:05:47.819811+00:00,4.497505000000e+02,-6.247312000000e-04,-6.241070929071e-07
Offset_RevB_Chip_3_wiShield_Gmx_default_OSC_default_Vsup_pm6V_20260909,1,683,2026-09-09T10:05:48.476311+00:00,4.504070000000e+02,-6.172465000000e-04,-6.166298701299e-07
Offset_RevB_Chip_3_wiShield_Gmx_default_OSC_default_Vsup_pm6V_20260909,1,684,2026-09-09T10:05:49.132311+00:00,4.510630000000e+02,-6.150349000000e-04,-6.144204795205e-07
Offset_RevB_Chip_3_wiShield_Gmx_default_OSC_default_Vsup_pm6V_20260909,1,685,2026-09-09T10:05:49.796311+00:00,4.517270000000e+02,-6.174901000000e-04,-6.168732267732e-07
Offset_RevB_Chip_3_wiShield_Gmx_default_OSC_default_Vsup_pm6V_20260909,1,686,2026-09-09T10:05:50.460311+00:00,4.523910000000e+02,-6.248606000000e-04,-6.242363636364e-07
Offset_RevB_Chip_3_wiShield_Gmx_default_OSC_default_Vsup_pm6V_20260909,1,687,2026-09-09T10:05:51.116311+00:00,4.530470000000e+02,-6.220410000000e-04,-6.214195804196e-07
Offset_RevB_Chip_3_wiShield_Gmx_default_OSC_default_Vsup_pm6V_20260909,1,688,2026-09-09T10:05:51.772811+00:00,4.537035000000e+02,-6.151510000000e-04,-6.145364635365e-07
Offset_RevB_Chip_3_wiShield_Gmx_default_OSC_default_Vsup_pm6V_20260909,1,689,2026-09-09T10:05:52.429311+00:00,4.543600000000e+02,-6.388893000000e-04,-6.382510489510e-07
Offset_RevB_Chip_3_wiShield_Gmx_default_OSC_default_Vsup_pm6V_20260909,1,690,2026-09-09T10:05:53.093311+00:00,4.550240000000e+02,-6.067286000000e-04,-6.061224775225e-07
Offset_RevB_Chip_3_wiShield_Gmx_default_OSC_default_Vsup_pm6V_20260909,1,691,2026-09-09T10:05:53.757311+00:00,4.556880000000e+02,-6.083225000000e-04,-6.077147852148e-07
Offset_RevB_Chip_3_wiShield_Gmx_default_OSC_default_Vsup_pm6V_20260909,1,692,2026-09-09T10:05:54.413311+00:00,4.563440000000e+02,-6.169988000000e-04,-6.163824175824e-07
Offset_RevB_Chip_3_wiShield_Gmx_default_OSC_default_Vsup_pm6V_20260909,1,693,2026-09-09T10:05:55.069811+00:00,4.570005000000e+02,-6.291218000000e-04,-6.284933066933e-07
Offset_RevB_Chip_3_wiShield_Gmx_default_OSC_default_Vsup_pm6V_20260909,1,694,2026-09-09T10:05:55.726311+00:00,4.576570000000e+02,-6.174163000000e-04,-6.167995004995e-07
Offset_RevB_Chip_3_wiShield_Gmx_default_OSC_default_Vsup_pm6V_20260909,1,695,2026-09-09T10:05:56.390311+00:00,4.583210000000e+02,-6.217109000000e-04,-6.210898101898e-07
Offset_RevB_Chip_3_wiShield_Gmx_default_OSC_default_Vsup_pm6V_20260909,1,696,2026-09-09T10:05:57.054311+00:00,4.589850000000e+02,-6.110593000000e-04,-6.104488511489e-07
Offset_RevB_Chip_3_wiShield_Gmx_default_OSC_default_Vsup_pm6V_20260909,1,697,2026-09-09T10:05:57.710311+00:00,4.596410000000e+02,-6.066096000000e-04,-6.060035964036e-07
Offset_RevB_Chip_3_wiShield_Gmx_default_OSC_default_Vsup_pm6V_20260909,1,698,2026-09-09T10:05:58.366311+00:00,4.602970000000e+02,-6.249808000000e-04,-6.243564435564e-07
Offset_RevB_Chip_3_wiShield_Gmx_default_OSC_default_Vsup_pm6V_20260909,1,699,2026-09-09T10:05:59.030311+00:00,4.609610000000e+02,-6.252681000000e-04,-6.246434565435e-07
Offset_RevB_Chip_3_wiShield_Gmx_default_OSC_default_Vsup_pm6V_20260909,1,700,2026-09-09T10:05:59.694811+00:00,4.616255000000e+02,-6.309428000000e-04,-6.303124875125e-07
Offset_RevB_Chip_3_wiShield_Gmx_default_OSC_default_Vsup_pm6V_20260909,1,701,2026-09-09T10:06:00.351311+00:00,4.622820000000e+02,-6.042233000000e-04,-6.036196803197e-07
Offset_RevB_Chip_3_wiShield_Gmx_default_OSC_default_Vsup_pm6V_20260909,1,702,2026-09-09T10:06:01.007311+00:00,4.629380000000e+02,-6.285827000000e-04,-6.279547452547e-07
Offset_RevB_Chip_3_wiShield_Gmx_default_OSC_default_Vsup_pm6V_20260909,1,703,2026-09-09T10:06:01.663311+00:00,4.635940000000e+02,-6.095982000000e-04,-6.089892107892e-07
Offset_RevB_Chip_3_wiShield_Gmx_default_OSC_default_Vsup_pm6V_20260909,1,704,2026-09-09T10:06:02.327311+00:00,4.642580000000e+02,-6.047497000000e-04,-6.041455544456e-07
Offset_RevB_Chip_3_wiShield_Gmx_default_OSC_default_Vsup_pm6V_20260909,1,705,2026-09-09T10:06:02.991311+00:00,4.649220000000e+02,-6.229928000000e-04,-6.223704295704e-07
Offset_RevB_Chip_3_wiShield_Gmx_default_OSC_default_Vsup_pm6V_20260909,1,706,2026-09-09T10:06:03.647811+00:00,4.655785000000e+02,-6.127902000000e-04,-6.121780219780e-07
Offset_RevB_Chip_3_wiShield_Gmx_default_OSC_default_Vsup_pm6V_20260909,1,707,2026-09-09T10:06:04.304311+00:00,4.662350000000e+02,-6.206115000000e-04,-6.199915084915e-07
Offset_RevB_Chip_3_wiShield_Gmx_default_OSC_default_Vsup_pm6V_20260909,1,708,2026-09-09T10:06:04.960311+00:00,4.668910000000e+02,-6.274941000000e-04,-6.268672327672e-07
Offset_RevB_Chip_3_wiShield_Gmx_default_OSC_default_Vsup_pm6V_20260909,1,709,2026-09-09T10:06:05.624311+00:00,4.675550000000e+02,-6.288404000000e-04,-6.282121878122e-07
Offset_RevB_Chip_3_wiShield_Gmx_default_OSC_default_Vsup_pm6V_20260909,1,710,2026-09-09T10:06:06.288311+00:00,4.682190000000e+02,-6.147385000000e-04,-6.141243756244e-07
Offset_RevB_Chip_3_wiShield_Gmx_default_OSC_default_Vsup_pm6V_20260909,1,711,2026-09-09T10:06:06.944811+00:00,4.688755000000e+02,-6.276885000000e-04,-6.270614385614e-07
Offset_RevB_Chip_3_wiShield_Gmx_default_OSC_default_Vsup_pm6V_20260909,1,712,2026-09-09T10:06:07.601311+00:00,4.695320000000e+02,-6.087475000000e-04,-6.081393606394e-07
Offset_RevB_Chip_3_wiShield_Gmx_default_OSC_default_Vsup_pm6V_20260909,1,713,2026-09-09T10:06:08.265311+00:00,4.701960000000e+02,-6.221454000000e-04,-6.215238761239e-07
Offset_RevB_Chip_3_wiShield_Gmx_default_OSC_default_Vsup_pm6V_20260909,1,714,2026-09-09T10:06:08.929311+00:00,4.708600000000e+02,-6.308047000000e-04,-6.301745254745e-07
Offset_RevB_Chip_3_wiShield_Gmx_default_OSC_default_Vsup_pm6V_20260909,1,715,2026-09-09T10:06:09.585311+00:00,4.715160000000e+02,-6.150858000000e-04,-6.144713286713e-07
Offset_RevB_Chip_3_wiShield_Gmx_default_OSC_default_Vsup_pm6V_20260909,1,716,2026-09-09T10:06:10.241311+00:00,4.721720000000e+02,-6.255897000000e-04,-6.249647352647e-07
Offset_RevB_Chip_3_wiShield_Gmx_default_OSC_default_Vsup_pm6V_20260909,1,717,2026-09-09T10:06:10.897811+00:00,4.728285000000e+02,-6.175103000000e-04,-6.168934065934e-07
Offset_RevB_Chip_3_wiShield_Gmx_default_OSC_default_Vsup_pm6V_20260909,1,718,2026-09-09T10:06:11.562311+00:00,4.734930000000e+02,-6.346704000000e-04,-6.340363636364e-07
Offset_RevB_Chip_3_wiShield_Gmx_default_OSC_default_Vsup_pm6V_20260909,1,719,2026-09-09T10:06:12.226311+00:00,4.741570000000e+02,-6.212865000000e-04,-6.206658341658e-07
Offset_RevB_Chip_3_wiShield_Gmx_default_OSC_default_Vsup_pm6V_20260909,1,720,2026-09-09T10:06:12.882311+00:00,4.748130000000e+02,-6.306318000000e-04,-6.300017982018e-07
Offset_RevB_Chip_3_wiShield_Gmx_default_OSC_default_Vsup_pm6V_20260909,1,721,2026-09-09T10:06:13.538311+00:00,4.754690000000e+02,-6.137013000000e-04,-6.130882117882e-07
Offset_RevB_Chip_3_wiShield_Gmx_default_OSC_default_Vsup_pm6V_20260909,1,722,2026-09-09T10:06:14.210311+00:00,4.761410000000e+02,-6.219386000000e-04,-6.213172827173e-07
Offset_RevB_Chip_3_wiShield_Gmx_default_OSC_default_Vsup_pm6V_20260909,1,723,2026-09-09T10:06:14.866311+00:00,4.767970000000e+02,-6.038439000000e-04,-6.032406593407e-07
Offset_RevB_Chip_3_wiShield_Gmx_default_OSC_default_Vsup_pm6V_20260909,1,724,2026-09-09T10:06:15.522811+00:00,4.774535000000e+02,-6.134489000000e-04,-6.128360639361e-07
Offset_RevB_Chip_3_wiShield_Gmx_default_OSC_default_Vsup_pm6V_20260909,1,725,2026-09-09T10:06:16.179311+00:00,4.781100000000e+02,-6.139744000000e-04,-6.133610389610e-07
Offset_RevB_Chip_3_wiShield_Gmx_default_OSC_default_Vsup_pm6V_20260909,1,726,2026-09-09T10:06:16.835311+00:00,4.787660000000e+02,-6.202964000000e-04,-6.196767232767e-07
Offset_RevB_Chip_3_wiShield_Gmx_default_OSC_default_Vsup_pm6V_20260909,1,727,2026-09-09T10:06:17.499311+00:00,4.794300000000e+02,-6.392702000000e-04,-6.386315684316e-07
Offset_RevB_Chip_3_wiShield_Gmx_default_OSC_default_Vsup_pm6V_20260909,1,728,2026-09-09T10:06:18.163311+00:00,4.800940000000e+02,-6.105088000000e-04,-6.098989010989e-07
Offset_RevB_Chip_3_wiShield_Gmx_default_OSC_default_Vsup_pm6V_20260909,1,729,2026-09-09T10:06:18.819811+00:00,4.807505000000e+02,-6.258640000000e-04,-6.252387612388e-07
Offset_RevB_Chip_3_wiShield_Gmx_default_OSC_default_Vsup_pm6V_20260909,1,730,2026-09-09T10:06:19.476311+00:00,4.814070000000e+02,-6.349461000000e-04,-6.343117882118e-07
Offset_RevB_Chip_3_wiShield_Gmx_default_OSC_default_Vsup_pm6V_20260909,1,731,2026-09-09T10:06:20.140311+00:00,4.820710000000e+02,-6.360235000000e-04,-6.353881118881e-07
Offset_RevB_Chip_3_wiShield_Gmx_default_OSC_default_Vsup_pm6V_20260909,1,732,2026-09-09T10:06:20.804311+00:00,4.827350000000e+02,-6.451847000000e-04,-6.445401598402e-07
Offset_RevB_Chip_3_wiShield_Gmx_default_OSC_default_Vsup_pm6V_20260909,1,733,2026-09-09T10:06:21.460311+00:00,4.833910000000e+02,-6.300922000000e-04,-6.294627372627e-07
Offset_RevB_Chip_3_wiShield_Gmx_default_OSC_default_Vsup_pm6V_20260909,1,734,2026-09-09T10:06:22.116311+00:00,4.840470000000e+02,-6.107314000000e-04,-6.101212787213e-07
Offset_RevB_Chip_3_wiShield_Gmx_default_OSC_default_Vsup_pm6V_20260909,1,735,2026-09-09T10:06:22.772811+00:00,4.847035000000e+02,-6.210669000000e-04,-6.204464535465e-07
Offset_RevB_Chip_3_wiShield_Gmx_default_OSC_default_Vsup_pm6V_20260909,1,736,2026-09-09T10:06:23.437311+00:00,4.853680000000e+02,-6.306982000000e-04,-6.300681318681e-07
Offset_RevB_Chip_3_wiShield_Gmx_default_OSC_default_Vsup_pm6V_20260909,1,737,2026-09-09T10:06:24.101311+00:00,4.860320000000e+02,-6.142989000000e-04,-6.136852147852e-07
Offset_RevB_Chip_3_wiShield_Gmx_default_OSC_default_Vsup_pm6V_20260909,1,738,2026-09-09T10:06:24.757311+00:00,4.866880000000e+02,-6.386825000000e-04,-6.380444555445e-07
Offset_RevB_Chip_3_wiShield_Gmx_default_OSC_default_Vsup_pm6V_20260909,1,739,2026-09-09T10:06:25.413311+00:00,4.873440000000e+02,-6.150851000000e-04,-6.144706293706e-07
Offset_RevB_Chip_3_wiShield_Gmx_default_OSC_default_Vsup_pm6V_20260909,1,740,2026-09-09T10:06:26.077311+00:00,4.880080000000e+02,-6.253871000000e-04,-6.247623376623e-07
Offset_RevB_Chip_3_wiShield_Gmx_default_OSC_default_Vsup_pm6V_20260909,1,741,2026-09-09T10:06:26.741311+00:00,4.886720000000e+02,-6.261955000000e-04,-6.255699300699e-07
Offset_RevB_Chip_3_wiShield_Gmx_default_OSC_default_Vsup_pm6V_20260909,1,742,2026-09-09T10:06:27.397811+00:00,4.893285000000e+02,-6.231648000000e-04,-6.225422577423e-07
Offset_RevB_Chip_3_wiShield_Gmx_default_OSC_default_Vsup_pm6V_20260909,1,743,2026-09-09T10:06:28.054311+00:00,4.899850000000e+02,-6.516650000000e-04,-6.510139860140e-07
Offset_RevB_Chip_3_wiShield_Gmx_default_OSC_default_Vsup_pm6V_20260909,1,744,2026-09-09T10:06:28.718311+00:00,4.906490000000e+02,-6.338358000000e-04,-6.332025974026e-07
Offset_RevB_Chip_3_wiShield_Gmx_default_OSC_default_Vsup_pm6V_20260909,1,745,2026-09-09T10:06:29.382311+00:00,4.913130000000e+02,-6.281224000000e-04,-6.274949050949e-07
Offset_RevB_Chip_3_wiShield_Gmx_default_OSC_default_Vsup_pm6V_20260909,1,746,2026-09-09T10:06:30.038311+00:00,4.919690000000e+02,-6.280924000000e-04,-6.274649350649e-07
Offset_RevB_Chip_3_wiShield_Gmx_default_OSC_default_Vsup_pm6V_20260909,1,747,2026-09-09T10:06:30.694811+00:00,4.926255000000e+02,-6.305241000000e-04,-6.298942057942e-07
Offset_RevB_Chip_3_wiShield_Gmx_default_OSC_default_Vsup_pm6V_20260909,1,748,2026-09-09T10:06:31.358811+00:00,4.932895000000e+02,-6.268449000000e-04,-6.262186813187e-07
Offset_RevB_Chip_3_wiShield_Gmx_default_OSC_default_Vsup_pm6V_20260909,1,749,2026-09-09T10:06:32.022811+00:00,4.939535000000e+02,-6.401373000000e-04,-6.394978021978e-07
Offset_RevB_Chip_3_wiShield_Gmx_default_OSC_default_Vsup_pm6V_20260909,1,750,2026-09-09T10:06:32.679311+00:00,4.946100000000e+02,-6.337199000000e-04,-6.330868131868e-07
Offset_RevB_Chip_3_wiShield_Gmx_default_OSC_default_Vsup_pm6V_20260909,1,751,2026-09-09T10:06:33.335311+00:00,4.952660000000e+02,-6.292023000000e-04,-6.285737262737e-07
Offset_RevB_Chip_3_wiShield_Gmx_default_OSC_default_Vsup_pm6V_20260909,1,752,2026-09-09T10:06:33.999311+00:00,4.959300000000e+02,-6.392569000000e-04,-6.386182817183e-07
Offset_RevB_Chip_3_wiShield_Gmx_default_OSC_default_Vsup_pm6V_20260909,1,753,2026-09-09T10:06:34.663311+00:00,4.965940000000e+02,-6.201029000000e-04,-6.194834165834e-07
Offset_RevB_Chip_3_wiShield_Gmx_default_OSC_default_Vsup_pm6V_20260909,1,754,2026-09-09T10:06:35.319811+00:00,4.972505000000e+02,-6.221739000000e-04,-6.215523476523e-07
Offset_RevB_Chip_3_wiShield_Gmx_default_OSC_default_Vsup_pm6V_20260909,1,755,2026-09-09T10:06:35.976311+00:00,4.979070000000e+02,-6.386229000000e-04,-6.379849150849e-07
Offset_RevB_Chip_3_wiShield_Gmx_default_OSC_default_Vsup_pm6V_20260909,1,756,2026-09-09T10:06:36.640311+00:00,4.985710000000e+02,-6.422481000000e-04,-6.416064935065e-07
Offset_RevB_Chip_3_wiShield_Gmx_default_OSC_default_Vsup_pm6V_20260909,1,757,2026-09-09T10:06:37.304311+00:00,4.992350000000e+02,-6.172495000000e-04,-6.166328671329e-07
Offset_RevB_Chip_3_wiShield_Gmx_default_OSC_default_Vsup_pm6V_20260909,1,758,2026-09-09T10:06:37.960311+00:00,4.998910000000e+02,-6.291084000000e-04,-6.284799200799e-07
Offset_RevB_Chip_3_wiShield_Gmx_default_OSC_default_Vsup_pm6V_20260909,1,759,2026-09-09T10:06:38.616311+00:00,5.005470000000e+02,-6.268553000000e-04,-6.262290709291e-07
Offset_RevB_Chip_3_wiShield_Gmx_default_OSC_default_Vsup_pm6V_20260909,1,760,2026-09-09T10:06:39.280311+00:00,5.012110000000e+02,-6.259211000000e-04,-6.252958041958e-07
Offset_RevB_Chip_3_wiShield_Gmx_default_OSC_default_Vsup_pm6V_20260909,1,761,2026-09-09T10:06:39.944811+00:00,5.018755000000e+02,-6.168927000000e-04,-6.162764235764e-07
Offset_RevB_Chip_3_wiShield_Gmx_default_OSC_default_Vsup_pm6V_20260909,1,762,2026-09-09T10:06:40.601311+00:00,5.025320000000e+02,-6.115994000000e-04,-6.109884115884e-07
Offset_RevB_Chip_3_wiShield_Gmx_default_OSC_default_Vsup_pm6V_20260909,1,763,2026-09-09T10:06:41.265311+00:00,5.031960000000e+02,-6.172557000000e-04,-6.166390609391e-07
Offset_RevB_Chip_3_wiShield_Gmx_default_OSC_default_Vsup_pm6V_20260909,1,764,2026-09-09T10:06:41.929311+00:00,5.038600000000e+02,-6.288393000000e-04,-6.282110889111e-07
Offset_RevB_Chip_3_wiShield_Gmx_default_OSC_default_Vsup_pm6V_20260909,1,765,2026-09-09T10:06:42.585311+00:00,5.045160000000e+02,-6.331004000000e-04,-6.324679320679e-07
Offset_RevB_Chip_3_wiShield_Gmx_default_OSC_default_Vsup_pm6V_20260909,1,766,2026-09-09T10:06:43.241311+00:00,5.051720000000e+02,-6.339578000000e-04,-6.333244755245e-07
Offset_RevB_Chip_3_wiShield_Gmx_default_OSC_default_Vsup_pm6V_20260909,1,767,2026-09-09T10:06:43.905311+00:00,5.058360000000e+02,-6.178495000000e-04,-6.172322677323e-07
Offset_RevB_Chip_3_wiShield_Gmx_default_OSC_default_Vsup_pm6V_20260909,1,768,2026-09-09T10:06:44.569811+00:00,5.065005000000e+02,-6.200621000000e-04,-6.194426573427e-07
Offset_RevB_Chip_3_wiShield_Gmx_default_OSC_default_Vsup_pm6V_20260909,1,769,2026-09-09T10:06:45.226311+00:00,5.071570000000e+02,-6.264729000000e-04,-6.258470529471e-07
Offset_RevB_Chip_3_wiShield_Gmx_default_OSC_default_Vsup_pm6V_20260909,1,770,2026-09-09T10:06:45.882311+00:00,5.078130000000e+02,-6.398149000000e-04,-6.391757242757e-07
Offset_RevB_Chip_3_wiShield_Gmx_default_OSC_default_Vsup_pm6V_20260909,1,771,2026-09-09T10:06:46.546311+00:00,5.084770000000e+02,-6.345314000000e-04,-6.338975024975e-07
Offset_RevB_Chip_3_wiShield_Gmx_default_OSC_default_Vsup_pm6V_20260909,1,772,2026-09-09T10:06:47.210311+00:00,5.091410000000e+02,-6.316993000000e-04,-6.310682317682e-07
Offset_RevB_Chip_3_wiShield_Gmx_default_OSC_default_Vsup_pm6V_20260909,1,773,2026-09-09T10:06:47.866311+00:00,5.097970000000e+02,-6.374082000000e-04,-6.367714285714e-07
Offset_RevB_Chip_3_wiShield_Gmx_default_OSC_default_Vsup_pm6V_20260909,1,774,2026-09-09T10:06:48.522811+00:00,5.104535000000e+02,-6.213608000000e-04,-6.207400599401e-07
Offset_RevB_Chip_3_wiShield_Gmx_default_OSC_default_Vsup_pm6V_20260909,1,775,2026-09-09T10:06:49.187311+00:00,5.111180000000e+02,-6.479608000000e-04,-6.473134865135e-07
Offset_RevB_Chip_3_wiShield_Gmx_default_OSC_default_Vsup_pm6V_20260909,1,776,2026-09-09T10:06:49.851311+00:00,5.117820000000e+02,-6.417782000000e-04,-6.411370629371e-07
Offset_RevB_Chip_3_wiShield_Gmx_default_OSC_default_Vsup_pm6V_20260909,1,777,2026-09-09T10:06:50.507311+00:00,5.124380000000e+02,-6.395835000000e-04,-6.389445554446e-07
Offset_RevB_Chip_3_wiShield_Gmx_default_OSC_default_Vsup_pm6V_20260909,1,778,2026-09-09T10:06:51.163311+00:00,5.130940000000e+02,-6.225135000000e-04,-6.218916083916e-07
Offset_RevB_Chip_3_wiShield_Gmx_default_OSC_default_Vsup_pm6V_20260909,1,779,2026-09-09T10:06:51.835311+00:00,5.137660000000e+02,-6.300551000000e-04,-6.294256743257e-07
Offset_RevB_Chip_3_wiShield_Gmx_default_OSC_default_Vsup_pm6V_20260909,1,780,2026-09-09T10:06:52.491311+00:00,5.144220000000e+02,-6.370432000000e-04,-6.364067932068e-07
Offset_RevB_Chip_3_wiShield_Gmx_default_OSC_default_Vsup_pm6V_20260909,1,781,2026-09-09T10:06:53.147811+00:00,5.150785000000e+02,-6.265276000000e-04,-6.259016983017e-07
Offset_RevB_Chip_3_wiShield_Gmx_default_OSC_default_Vsup_pm6V_20260909,1,782,2026-09-09T10:06:53.812311+00:00,5.157430000000e+02,-6.256095000000e-04,-6.249845154845e-07
Offset_RevB_Chip_3_wiShield_Gmx_default_OSC_default_Vsup_pm6V_20260909,1,783,2026-09-09T10:06:54.476311+00:00,5.164070000000e+02,-6.320436000000e-04,-6.314121878122e-07
Offset_RevB_Chip_3_wiShield_Gmx_default_OSC_default_Vsup_pm6V_20260909,1,784,2026-09-09T10:06:55.132311+00:00,5.170630000000e+02,-6.415234000000e-04,-6.408825174825e-07
Offset_RevB_Chip_3_wiShield_Gmx_default_OSC_default_Vsup_pm6V_20260909,1,785,2026-09-09T10:06:55.788311+00:00,5.177190000000e+02,-6.338546000000e-04,-6.332213786214e-07
Offset_RevB_Chip_3_wiShield_Gmx_default_OSC_default_Vsup_pm6V_20260909,1,786,2026-09-09T10:06:56.452311+00:00,5.183830000000e+02,-6.353676000000e-04,-6.347328671329e-07
Offset_RevB_Chip_3_wiShield_Gmx_default_OSC_default_Vsup_pm6V_20260909,1,787,2026-09-09T10:06:57.116311+00:00,5.190470000000e+02,-6.247453000000e-04,-6.241211788212e-07
Offset_RevB_Chip_3_wiShield_Gmx_default_OSC_default_Vsup_pm6V_20260909,1,788,2026-09-09T10:06:57.772811+00:00,5.197035000000e+02,-6.347915000000e-04,-6.341573426573e-07
Offset_RevB_Chip_3_wiShield_Gmx_default_OSC_default_Vsup_pm6V_20260909,1,789,2026-09-09T10:06:58.429311+00:00,5.203600000000e+02,-6.467792000000e-04,-6.461330669331e-07
Offset_RevB_Chip_3_wiShield_Gmx_default_OSC_default_Vsup_pm6V_20260909,1,790,2026-09-09T10:06:59.093311+00:00,5.210240000000e+02,-6.170629000000e-04,-6.164464535465e-07
Offset_RevB_Chip_3_wiShield_Gmx_default_OSC_default_Vsup_pm6V_20260909,1,791,2026-09-09T10:06:59.757311+00:00,5.216880000000e+02,-6.228831000000e-04,-6.222608391608e-07
Offset_RevB_Chip_3_wiShield_Gmx_default_OSC_default_Vsup_pm6V_20260909,1,792,2026-09-09T10:07:00.413311+00:00,5.223440000000e+02,-6.438761000000e-04,-6.432328671329e-07
Offset_RevB_Chip_3_wiShield_Gmx_default_OSC_default_Vsup_pm6V_20260909,1,793,2026-09-09T10:07:01.069811+00:00,5.230005000000e+02,-6.311844000000e-04,-6.305538461538e-07
Offset_RevB_Chip_3_wiShield_Gmx_default_OSC_default_Vsup_pm6V_20260909,1,794,2026-09-09T10:07:01.733811+00:00,5.236645000000e+02,-6.277542000000e-04,-6.271270729271e-07
Offset_RevB_Chip_3_wiShield_Gmx_default_OSC_default_Vsup_pm6V_20260909,1,795,2026-09-09T10:07:02.397811+00:00,5.243285000000e+02,-6.240905000000e-04,-6.234670329670e-07
Offset_RevB_Chip_3_wiShield_Gmx_default_OSC_default_Vsup_pm6V_20260909,1,796,2026-09-09T10:07:03.054311+00:00,5.249850000000e+02,-6.314788000000e-04,-6.308479520480e-07
Offset_RevB_Chip_3_wiShield_Gmx_default_OSC_default_Vsup_pm6V_20260909,1,797,2026-09-09T10:07:03.710311+00:00,5.256410000000e+02,-6.356491000000e-04,-6.350140859141e-07
Offset_RevB_Chip_3_wiShield_Gmx_default_OSC_default_Vsup_pm6V_20260909,1,798,2026-09-09T10:07:04.374311+00:00,5.263050000000e+02,-6.316254000000e-04,-6.309944055944e-07
Offset_RevB_Chip_3_wiShield_Gmx_default_OSC_default_Vsup_pm6V_20260909,1,799,2026-09-09T10:07:05.038311+00:00,5.269690000000e+02,-6.237050000000e-04,-6.230819180819e-07
Offset_RevB_Chip_3_wiShield_Gmx_default_OSC_default_Vsup_pm6V_20260909,1,800,2026-09-09T10:07:05.694811+00:00,5.276255000000e+02,-6.161282000000e-04,-6.155126873127e-07
Offset_RevB_Chip_3_wiShield_Gmx_default_OSC_default_Vsup_pm6V_20260909,1,801,2026-09-09T10:07:06.358811+00:00,5.282895000000e+02,-6.329931000000e-04,-6.323607392607e-07
Offset_RevB_Chip_3_wiShield_Gmx_default_OSC_default_Vsup_pm6V_20260909,1,802,2026-09-09T10:07:07.022811+00:00,5.289535000000e+02,-6.293361000000e-04,-6.287073926074e-07
Offset_RevB_Chip_3_wiShield_Gmx_default_OSC_default_Vsup_pm6V_20260909,1,803,2026-09-09T10:07:07.679311+00:00,5.296100000000e+02,-6.376355000000e-04,-6.369985014985e-07
Offset_RevB_Chip_3_wiShield_Gmx_default_OSC_default_Vsup_pm6V_20260909,1,804,2026-09-09T10:07:08.335311+00:00,5.302660000000e+02,-6.256971000000e-04,-6.250720279720e-07
Offset_RevB_Chip_3_wiShield_Gmx_default_OSC_default_Vsup_pm6V_20260909,1,805,2026-09-09T10:07:08.999311+00:00,5.309300000000e+02,-6.351378000000e-04,-6.345032967033e-07
Offset_RevB_Chip_3_wiShield_Gmx_default_OSC_default_Vsup_pm6V_20260909,1,806,2026-09-09T10:07:09.663311+00:00,5.315940000000e+02,-6.216407000000e-04,-6.210196803197e-07
Offset_RevB_Chip_3_wiShield_Gmx_default_OSC_default_Vsup_pm6V_20260909,1,807,2026-09-09T10:07:10.319811+00:00,5.322505000000e+02,-6.570782000000e-04,-6.564217782218e-07
Offset_RevB_Chip_3_wiShield_Gmx_default_OSC_default_Vsup_pm6V_20260909,1,808,2026-09-09T10:07:10.976311+00:00,5.329070000000e+02,-6.334227000000e-04,-6.327899100899e-07
Offset_RevB_Chip_3_wiShield_Gmx_default_OSC_default_Vsup_pm6V_20260909,1,809,2026-09-09T10:07:11.640311+00:00,5.335710000000e+02,-6.290166000000e-04,-6.283882117882e-07
Offset_RevB_Chip_3_wiShield_Gmx_default_OSC_default_Vsup_pm6V_20260909,1,810,2026-09-09T10:07:12.304311+00:00,5.342350000000e+02,-6.262336000000e-04,-6.256079920080e-07
Offset_RevB_Chip_3_wiShield_Gmx_default_OSC_default_Vsup_pm6V_20260909,1,811,2026-09-09T10:07:12.960311+00:00,5.348910000000e+02,-6.198894000000e-04,-6.192701298701e-07
Offset_RevB_Chip_3_wiShield_Gmx_default_OSC_default_Vsup_pm6V_20260909,1,812,2026-09-09T10:07:13.616311+00:00,5.355470000000e+02,-6.354621000000e-04,-6.348272727273e-07
Offset_RevB_Chip_3_wiShield_Gmx_default_OSC_default_Vsup_pm6V_20260909,1,813,2026-09-09T10:07:14.280311+00:00,5.362110000000e+02,-6.179835000000e-04,-6.173661338661e-07
Offset_RevB_Chip_3_wiShield_Gmx_default_OSC_default_Vsup_pm6V_20260909,1,814,2026-09-09T10:07:14.944811+00:00,5.368755000000e+02,-6.296174000000e-04,-6.289884115884e-07
Offset_RevB_Chip_3_wiShield_Gmx_default_OSC_default_Vsup_pm6V_20260909,1,815,2026-09-09T10:07:15.601311+00:00,5.375320000000e+02,-6.335046000000e-04,-6.328717282717e-07
Offset_RevB_Chip_3_wiShield_Gmx_default_OSC_default_Vsup_pm6V_20260909,1,816,2026-09-09T10:07:16.257311+00:00,5.381880000000e+02,-6.272777000000e-04,-6.266510489510e-07
Offset_RevB_Chip_3_wiShield_Gmx_default_OSC_default_Vsup_pm6V_20260909,1,817,2026-09-09T10:07:16.921311+00:00,5.388520000000e+02,-6.391702000000e-04,-6.385316683317e-07
Offset_RevB_Chip_3_wiShield_Gmx_default_OSC_default_Vsup_pm6V_20260909,1,818,2026-09-09T10:07:17.585311+00:00,5.395160000000e+02,-6.341802000000e-04,-6.335466533467e-07
Offset_RevB_Chip_3_wiShield_Gmx_default_OSC_default_Vsup_pm6V_20260909,1,819,2026-09-09T10:07:18.241311+00:00,5.401720000000e+02,-6.398783000000e-04,-6.392390609391e-07
Offset_RevB_Chip_3_wiShield_Gmx_default_OSC_default_Vsup_pm6V_20260909,1,820,2026-09-09T10:07:18.897811+00:00,5.408285000000e+02,-6.435584000000e-04,-6.429154845155e-07
Offset_RevB_Chip_3_wiShield_Gmx_default_OSC_default_Vsup_pm6V_20260909,1,821,2026-09-09T10:07:19.562311+00:00,5.414930000000e+02,-6.408889000000e-04,-6.402486513487e-07
Offset_RevB_Chip_3_wiShield_Gmx_default_OSC_default_Vsup_pm6V_20260909,1,822,2026-09-09T10:07:20.226311+00:00,5.421570000000e+02,-6.467523000000e-04,-6.461061938062e-07
Offset_RevB_Chip_3_wiShield_Gmx_default_OSC_default_Vsup_pm6V_20260909,1,823,2026-09-09T10:07:20.882311+00:00,5.428130000000e+02,-6.233985000000e-04,-6.227757242757e-07
Offset_RevB_Chip_3_wiShield_Gmx_default_OSC_default_Vsup_pm6V_20260909,1,824,2026-09-09T10:07:21.538311+00:00,5.434690000000e+02,-6.424344000000e-04,-6.417926073926e-07
Offset_RevB_Chip_3_wiShield_Gmx_default_OSC_default_Vsup_pm6V_20260909,1,825,2026-09-09T10:07:22.202311+00:00,5.441330000000e+02,-6.381264000000e-04,-6.374889110889e-07
Offset_RevB_Chip_3_wiShield_Gmx_default_OSC_default_Vsup_pm6V_20260909,1,826,2026-09-09T10:07:22.866311+00:00,5.447970000000e+02,-6.538147000000e-04,-6.531615384615e-07
Offset_RevB_Chip_3_wiShield_Gmx_default_OSC_default_Vsup_pm6V_20260909,1,827,2026-09-09T10:07:23.522811+00:00,5.454535000000e+02,-6.347827000000e-04,-6.341485514486e-07
Offset_RevB_Chip_3_wiShield_Gmx_default_OSC_default_Vsup_pm6V_20260909,1,828,2026-09-09T10:07:24.187311+00:00,5.461180000000e+02,-6.356270000000e-04,-6.349920079920e-07
Offset_RevB_Chip_3_wiShield_Gmx_default_OSC_default_Vsup_pm6V_20260909,1,829,2026-09-09T10:07:24.851311+00:00,5.467820000000e+02,-6.444007000000e-04,-6.437569430569e-07
Offset_RevB_Chip_3_wiShield_Gmx_default_OSC_default_Vsup_pm6V_20260909,1,830,2026-09-09T10:07:25.507311+00:00,5.474380000000e+02,-6.474460000000e-04,-6.467992007992e-07
Offset_RevB_Chip_3_wiShield_Gmx_default_OSC_default_Vsup_pm6V_20260909,1,831,2026-09-09T10:07:26.163311+00:00,5.480940000000e+02,-6.335438000000e-04,-6.329108891109e-07
Offset_RevB_Chip_3_wiShield_Gmx_default_OSC_default_Vsup_pm6V_20260909,1,832,2026-09-09T10:07:26.827311+00:00,5.487580000000e+02,-6.327495000000e-04,-6.321173826174e-07
Offset_RevB_Chip_3_wiShield_Gmx_default_OSC_default_Vsup_pm6V_20260909,1,833,2026-09-09T10:07:27.491311+00:00,5.494220000000e+02,-6.217795000000e-04,-6.211583416583e-07
Offset_RevB_Chip_3_wiShield_Gmx_default_OSC_default_Vsup_pm6V_20260909,1,834,2026-09-09T10:07:28.147811+00:00,5.500785000000e+02,-6.437618000000e-04,-6.431186813187e-07
Offset_RevB_Chip_3_wiShield_Gmx_default_OSC_default_Vsup_pm6V_20260909,1,835,2026-09-09T10:07:28.804311+00:00,5.507350000000e+02,-6.292702000000e-04,-6.286415584416e-07
Offset_RevB_Chip_3_wiShield_Gmx_default_OSC_default_Vsup_pm6V_20260909,1,836,2026-09-09T10:07:29.468311+00:00,5.513990000000e+02,-6.289576000000e-04,-6.283292707293e-07
Offset_RevB_Chip_3_wiShield_Gmx_default_OSC_default_Vsup_pm6V_20260909,1,837,2026-09-09T10:07:30.132311+00:00,5.520630000000e+02,-6.386280000000e-04,-6.379900099900e-07
Offset_RevB_Chip_3_wiShield_Gmx_default_OSC_default_Vsup_pm6V_20260909,1,838,2026-09-09T10:07:30.788311+00:00,5.527190000000e+02,-6.434648000000e-04,-6.428219780220e-07
Offset_RevB_Chip_3_wiShield_Gmx_default_OSC_default_Vsup_pm6V_20260909,1,839,2026-09-09T10:07:31.444811+00:00,5.533755000000e+02,-6.229822000000e-04,-6.223598401598e-07
Offset_RevB_Chip_3_wiShield_Gmx_default_OSC_default_Vsup_pm6V_20260909,1,840,2026-09-09T10:07:32.108811+00:00,5.540395000000e+02,-6.246800000000e-04,-6.240559440559e-07
Offset_RevB_Chip_3_wiShield_Gmx_default_OSC_default_Vsup_pm6V_20260909,1,841,2026-09-09T10:07:32.772811+00:00,5.547035000000e+02,-6.273595000000e-04,-6.267327672328e-07
Offset_RevB_Chip_3_wiShield_Gmx_default_OSC_default_Vsup_pm6V_20260909,1,842,2026-09-09T10:07:33.429311+00:00,5.553600000000e+02,-6.312013000000e-04,-6.305707292707e-07
Offset_RevB_Chip_3_wiShield_Gmx_default_OSC_default_Vsup_pm6V_20260909,1,843,2026-09-09T10:07:34.085311+00:00,5.560160000000e+02,-6.343776000000e-04,-6.337438561439e-07
Offset_RevB_Chip_3_wiShield_Gmx_default_OSC_default_Vsup_pm6V_20260909,1,844,2026-09-09T10:07:34.749311+00:00,5.566800000000e+02,-6.380059000000e-04,-6.373685314685e-07
Offset_RevB_Chip_3_wiShield_Gmx_default_OSC_default_Vsup_pm6V_20260909,1,845,2026-09-09T10:07:35.413311+00:00,5.573440000000e+02,-6.249819000000e-04,-6.243575424575e-07
Offset_RevB_Chip_3_wiShield_Gmx_default_OSC_default_Vsup_pm6V_20260909,1,846,2026-09-09T10:07:36.069811+00:00,5.580005000000e+02,-6.329024000000e-04,-6.322701298701e-07
Offset_RevB_Chip_3_wiShield_Gmx_default_OSC_default_Vsup_pm6V_20260909,1,847,2026-09-09T10:07:36.726311+00:00,5.586570000000e+02,-6.529595000000e-04,-6.523071928072e-07
Offset_RevB_Chip_3_wiShield_Gmx_default_OSC_default_Vsup_pm6V_20260909,1,848,2026-09-09T10:07:37.390311+00:00,5.593210000000e+02,-6.410965000000e-04,-6.404560439560e-07
Offset_RevB_Chip_3_wiShield_Gmx_default_OSC_default_Vsup_pm6V_20260909,1,849,2026-09-09T10:07:38.054311+00:00,5.599850000000e+02,-6.314364000000e-04,-6.308055944056e-07
Offset_RevB_Chip_3_wiShield_Gmx_default_OSC_default_Vsup_pm6V_20260909,1,850,2026-09-09T10:07:38.710311+00:00,5.606410000000e+02,-6.360133000000e-04,-6.353779220779e-07
Offset_RevB_Chip_3_wiShield_Gmx_default_OSC_default_Vsup_pm6V_20260909,1,851,2026-09-09T10:07:39.366311+00:00,5.612970000000e+02,-6.521818000000e-04,-6.515302697303e-07
Offset_RevB_Chip_3_wiShield_Gmx_default_OSC_default_Vsup_pm6V_20260909,1,852,2026-09-09T10:07:40.022811+00:00,5.619535000000e+02,-6.414177000000e-04,-6.407769230769e-07
Offset_RevB_Chip_3_wiShield_Gmx_default_OSC_default_Vsup_pm6V_20260909,1,853,2026-09-09T10:07:40.687311+00:00,5.626180000000e+02,-6.547501000000e-04,-6.540960039960e-07
Offset_RevB_Chip_3_wiShield_Gmx_default_OSC_default_Vsup_pm6V_20260909,1,854,2026-09-09T10:07:41.351311+00:00,5.632820000000e+02,-6.471369000000e-04,-6.464904095904e-07
Offset_RevB_Chip_3_wiShield_Gmx_default_OSC_default_Vsup_pm6V_20260909,1,855,2026-09-09T10:07:42.007311+00:00,5.639380000000e+02,-6.452707000000e-04,-6.446260739261e-07
Offset_RevB_Chip_3_wiShield_Gmx_default_OSC_default_Vsup_pm6V_20260909,1,856,2026-09-09T10:07:42.663311+00:00,5.645940000000e+02,-6.467313000000e-04,-6.460852147852e-07
Offset_RevB_Chip_3_wiShield_Gmx_default_OSC_default_Vsup_pm6V_20260909,1,857,2026-09-09T10:07:43.327311+00:00,5.652580000000e+02,-6.397508000000e-04,-6.391116883117e-07
Offset_RevB_Chip_3_wiShield_Gmx_default_OSC_default_Vsup_pm6V_20260909,1,858,2026-09-09T10:07:43.991311+00:00,5.659220000000e+02,-6.379875000000e-04,-6.373501498501e-07
Offset_RevB_Chip_3_wiShield_Gmx_default_OSC_default_Vsup_pm6V_20260909,1,859,2026-09-09T10:07:44.647811+00:00,5.665785000000e+02,-6.468740000000e-04,-6.462277722278e-07
Offset_RevB_Chip_3_wiShield_Gmx_default_OSC_default_Vsup_pm6V_20260909,1,860,2026-09-09T10:07:45.304311+00:00,5.672350000000e+02,-6.285855000000e-04,-6.279575424575e-07
Offset_RevB_Chip_3_wiShield_Gmx_default_OSC_default_Vsup_pm6V_20260909,1,861,2026-09-09T10:07:45.968311+00:00,5.678990000000e+02,-6.361015000000e-04,-6.354660339660e-07
Offset_RevB_Chip_3_wiShield_Gmx_default_OSC_default_Vsup_pm6V_20260909,1,862,2026-09-09T10:07:46.632311+00:00,5.685630000000e+02,-6.368716000000e-04,-6.362353646354e-07
Offset_RevB_Chip_3_wiShield_Gmx_default_OSC_default_Vsup_pm6V_20260909,1,863,2026-09-09T10:07:47.288311+00:00,5.692190000000e+02,-6.496382000000e-04,-6.489892107892e-07
Offset_RevB_Chip_3_wiShield_Gmx_default_OSC_default_Vsup_pm6V_20260909,1,864,2026-09-09T10:07:47.944811+00:00,5.698755000000e+02,-6.484690000000e-04,-6.478211788212e-07
Offset_RevB_Chip_3_wiShield_Gmx_default_OSC_default_Vsup_pm6V_20260909,1,865,2026-09-09T10:07:48.601311+00:00,5.705320000000e+02,-6.422898000000e-04,-6.416481518482e-07
Offset_RevB_Chip_3_wiShield_Gmx_default_OSC_default_Vsup_pm6V_20260909,1,866,2026-09-09T10:07:49.265311+00:00,5.711960000000e+02,-6.462218000000e-04,-6.455762237762e-07
Offset_RevB_Chip_3_wiShield_Gmx_default_OSC_default_Vsup_pm6V_20260909,1,867,2026-09-09T10:07:49.929311+00:00,5.718600000000e+02,-6.518860000000e-04,-6.512347652348e-07
Offset_RevB_Chip_3_wiShield_Gmx_default_OSC_default_Vsup_pm6V_20260909,1,868,2026-09-09T10:07:50.585311+00:00,5.725160000000e+02,-6.391778000000e-04,-6.385392607393e-07
Offset_RevB_Chip_3_wiShield_Gmx_default_OSC_default_Vsup_pm6V_20260909,1,869,2026-09-09T10:07:51.241311+00:00,5.731720000000e+02,-6.199042000000e-04,-6.192849150849e-07
Offset_RevB_Chip_3_wiShield_Gmx_default_OSC_default_Vsup_pm6V_20260909,1,870,2026-09-09T10:07:51.897811+00:00,5.738285000000e+02,-6.514749000000e-04,-6.508240759241e-07
Offset_RevB_Chip_3_wiShield_Gmx_default_OSC_default_Vsup_pm6V_20260909,1,871,2026-09-09T10:07:52.562311+00:00,5.744930000000e+02,-6.565442000000e-04,-6.558883116883e-07
Offset_RevB_Chip_3_wiShield_Gmx_default_OSC_default_Vsup_pm6V_20260909,1,872,2026-09-09T10:07:53.226311+00:00,5.751570000000e+02,-6.432944000000e-04,-6.426517482517e-07
Offset_RevB_Chip_3_wiShield_Gmx_default_OSC_default_Vsup_pm6V_20260909,1,873,2026-09-09T10:07:53.882311+00:00,5.758130000000e+02,-6.291014000000e-04,-6.284729270729e-07
Offset_RevB_Chip_3_wiShield_Gmx_default_OSC_default_Vsup_pm6V_20260909,1,874,2026-09-09T10:07:54.538311+00:00,5.764690000000e+02,-6.419376000000e-04,-6.412963036963e-07
Offset_RevB_Chip_3_wiShield_Gmx_default_OSC_default_Vsup_pm6V_20260909,1,875,2026-09-09T10:07:55.202311+00:00,5.771330000000e+02,-6.405756000000e-04,-6.399356643357e-07
Offset_RevB_Chip_3_wiShield_Gmx_default_OSC_default_Vsup_pm6V_20260909,1,876,2026-09-09T10:07:55.866311+00:00,5.777970000000e+02,-6.511555000000e-04,-6.505049950050e-07
Offset_RevB_Chip_3_wiShield_Gmx_default_OSC_default_Vsup_pm6V_20260909,1,877,2026-09-09T10:07:56.522811+00:00,5.784535000000e+02,-6.315946000000e-04,-6.309636363636e-07
Offset_RevB_Chip_3_wiShield_Gmx_default_OSC_default_Vsup_pm6V_20260909,1,878,2026-09-09T10:07:57.179311+00:00,5.791100000000e+02,-6.511052000000e-04,-6.504547452547e-07
Offset_RevB_Chip_3_wiShield_Gmx_default_OSC_default_Vsup_pm6V_20260909,1,879,2026-09-09T10:07:57.835311+00:00,5.797660000000e+02,-6.470329000000e-04,-6.463865134865e-07
Offset_RevB_Chip_3_wiShield_Gmx_default_OSC_default_Vsup_pm6V_20260909,1,880,2026-09-09T10:07:58.499311+00:00,5.804300000000e+02,-6.447423000000e-04,-6.440982017982e-07
Offset_RevB_Chip_3_wiShield_Gmx_default_OSC_default_Vsup_pm6V_20260909,1,881,2026-09-09T10:07:59.163311+00:00,5.810940000000e+02,-6.584667000000e-04,-6.578088911089e-07
Offset_RevB_Chip_3_wiShield_Gmx_default_OSC_default_Vsup_pm6V_20260909,1,882,2026-09-09T10:07:59.819811+00:00,5.817505000000e+02,-6.467666000000e-04,-6.461204795205e-07
Offset_RevB_Chip_3_wiShield_Gmx_default_OSC_default_Vsup_pm6V_20260909,1,883,2026-09-09T10:08:00.476311+00:00,5.824070000000e+02,-6.524316000000e-04,-6.517798201798e-07
Offset_RevB_Chip_3_wiShield_Gmx_default_OSC_default_Vsup_pm6V_20260909,1,884,2026-09-09T10:08:01.132311+00:00,5.830630000000e+02,-6.554023000000e-04,-6.547475524476e-07
Offset_RevB_Chip_3_wiShield_Gmx_default_OSC_default_Vsup_pm6V_20260909,1,885,2026-09-09T10:08:01.796311+00:00,5.837270000000e+02,-6.680013000000e-04,-6.673339660340e-07
Offset_RevB_Chip_3_wiShield_Gmx_default_OSC_default_Vsup_pm6V_20260909,1,886,2026-09-09T10:08:02.460311+00:00,5.843910000000e+02,-6.493632000000e-04,-6.487144855145e-07
Offset_RevB_Chip_3_wiShield_Gmx_default_OSC_default_Vsup_pm6V_20260909,1,887,2026-09-09T10:08:03.116311+00:00,5.850470000000e+02,-6.526857000000e-04,-6.520336663337e-07
Offset_RevB_Chip_3_wiShield_Gmx_default_OSC_default_Vsup_pm6V_20260909,1,888,2026-09-09T10:08:03.772811+00:00,5.857035000000e+02,-6.602855000000e-04,-6.596258741259e-07
Offset_RevB_Chip_3_wiShield_Gmx_default_OSC_default_Vsup_pm6V_20260909,1,889,2026-09-09T10:08:04.437311+00:00,5.863680000000e+02,-6.590640000000e-04,-6.584055944056e-07
Offset_RevB_Chip_3_wiShield_Gmx_default_OSC_default_Vsup_pm6V_20260909,1,890,2026-09-09T10:08:05.101311+00:00,5.870320000000e+02,-6.552736000000e-04,-6.546189810190e-07
Offset_RevB_Chip_3_wiShield_Gmx_default_OSC_default_Vsup_pm6V_20260909,1,891,2026-09-09T10:08:05.757311+00:00,5.876880000000e+02,-6.573878000000e-04,-6.567310689311e-07
Offset_RevB_Chip_3_wiShield_Gmx_default_OSC_default_Vsup_pm6V_20260909,1,892,2026-09-09T10:08:06.413311+00:00,5.883440000000e+02,-6.428452000000e-04,-6.422029970030e-07
Offset_RevB_Chip_3_wiShield_Gmx_default_OSC_default_Vsup_pm6V_20260909,1,893,2026-09-09T10:08:07.069811+00:00,5.890005000000e+02,-6.668239000000e-04,-6.661577422577e-07
Offset_RevB_Chip_3_wiShield_Gmx_default_OSC_default_Vsup_pm6V_20260909,1,894,2026-09-09T10:08:07.733811+00:00,5.896645000000e+02,-6.552212000000e-04,-6.545666333666e-07
Offset_RevB_Chip_3_wiShield_Gmx_default_OSC_default_Vsup_pm6V_20260909,1,895,2026-09-09T10:08:08.397811+00:00,5.903285000000e+02,-6.591684000000e-04,-6.585098901099e-07
Offset_RevB_Chip_3_wiShield_Gmx_default_OSC_default_Vsup_pm6V_20260909,1,896,2026-09-09T10:08:09.054311+00:00,5.909850000000e+02,-6.530600000000e-04,-6.524075924076e-07
Offset_RevB_Chip_3_wiShield_Gmx_default_OSC_default_Vsup_pm6V_20260909,1,897,2026-09-09T10:08:09.710311+00:00,5.916410000000e+02,-6.432849000000e-04,-6.426422577423e-07
Offset_RevB_Chip_3_wiShield_Gmx_default_OSC_default_Vsup_pm6V_20260909,1,898,2026-09-09T10:08:10.366311+00:00,5.922970000000e+02,-6.435867000000e-04,-6.429437562438e-07
Offset_RevB_Chip_3_wiShield_Gmx_default_OSC_default_Vsup_pm6V_20260909,1,899,2026-09-09T10:08:11.038311+00:00,5.929690000000e+02,-6.609412000000e-04,-6.602809190809e-07
Offset_RevB_Chip_3_wiShield_Gmx_default_OSC_default_Vsup_pm6V_20260909,1,900,2026-09-09T10:08:11.694811+00:00,5.936255000000e+02,-6.435019000000e-04,-6.428590409590e-07
Offset_RevB_Chip_3_wiShield_Gmx_default_OSC_default_Vsup_pm6V_20260909,1,901,2026-09-09T10:08:12.351311+00:00,5.942820000000e+02,-6.238002000000e-04,-6.231770229770e-07
Offset_RevB_Chip_3_wiShield_Gmx_default_OSC_default_Vsup_pm6V_20260909,1,902,2026-09-09T10:08:13.007311+00:00,5.949380000000e+02,-6.523444000000e-04,-6.516927072927e-07
Offset_RevB_Chip_3_wiShield_Gmx_default_OSC_default_Vsup_pm6V_20260909,1,903,2026-09-09T10:08:13.671311+00:00,5.956020000000e+02,-6.413863000000e-04,-6.407455544456e-07
Offset_RevB_Chip_3_wiShield_Gmx_default_OSC_default_Vsup_pm6V_20260909,1,904,2026-09-09T10:08:14.335311+00:00,5.962660000000e+02,-6.526307000000e-04,-6.519787212787e-07
Offset_RevB_Chip_3_wiShield_Gmx_default_OSC_default_Vsup_pm6V_20260909,1,905,2026-09-09T10:08:14.991311+00:00,5.969220000000e+02,-6.412962000000e-04,-6.406555444555e-07
Offset_RevB_Chip_3_wiShield_Gmx_default_OSC_default_Vsup_pm6V_20260909,1,906,2026-09-09T10:08:15.647811+00:00,5.975785000000e+02,-6.403437000000e-04,-6.397039960040e-07
Offset_RevB_Chip_3_wiShield_Gmx_default_OSC_default_Vsup_pm6V_20260909,1,907,2026-09-09T10:08:16.304311+00:00,5.982350000000e+02,-6.368449000000e-04,-6.362086913087e-07
Offset_RevB_Chip_3_wiShield_Gmx_default_OSC_default_Vsup_pm6V_20260909,1,908,2026-09-09T10:08:16.976311+00:00,5.989070000000e+02,-6.445924000000e-04,-6.439484515485e-07
Offset_RevB_Chip_3_wiShield_Gmx_default_OSC_default_Vsup_pm6V_20260909,1,909,2026-09-09T10:08:17.632311+00:00,5.995630000000e+02,-6.363199000000e-04,-6.356842157842e-07
Offset_RevB_Chip_3_wiShield_Gmx_default_OSC_default_Vsup_pm6V_20260909,1,910,2026-09-09T10:08:18.288311+00:00,6.002190000000e+02,-6.474185000000e-04,-6.467717282717e-07
Offset_RevB_Chip_3_wiShield_Gmx_default_OSC_default_Vsup_pm6V_20260909,1,911,2026-09-09T10:08:18.944811+00:00,6.008755000000e+02,-6.500441000000e-04,-6.493947052947e-07
Offset_RevB_Chip_3_wiShield_Gmx_default_OSC_default_Vsup_pm6V_20260909,1,912,2026-09-09T10:08:19.608811+00:00,6.015395000000e+02,-6.481506000000e-04,-6.475030969031e-07
Offset_RevB_Chip_3_wiShield_Gmx_default_OSC_default_Vsup_pm6V_20260909,1,913,2026-09-09T10:08:20.272811+00:00,6.022035000000e+02,-6.388522000000e-04,-6.382139860140e-07
Offset_RevB_Chip_3_wiShield_Gmx_default_OSC_default_Vsup_pm6V_20260909,1,914,2026-09-09T10:08:20.929311+00:00,6.028600000000e+02,-6.461927000000e-04,-6.455471528472e-07
Offset_RevB_Chip_3_wiShield_Gmx_default_OSC_default_Vsup_pm6V_20260909,1,915,2026-09-09T10:08:21.585311+00:00,6.035160000000e+02,-6.507119000000e-04,-6.500618381618e-07
Offset_RevB_Chip_3_wiShield_Gmx_default_OSC_default_Vsup_pm6V_20260909,1,916,2026-09-09T10:08:22.241311+00:00,6.041720000000e+02,-6.362069000000e-04,-6.355713286713e-07
Offset_RevB_Chip_3_wiShield_Gmx_default_OSC_default_Vsup_pm6V_20260909,1,917,2026-09-09T10:08:22.913311+00:00,6.048440000000e+02,-6.602718000000e-04,-6.596121878122e-07
Offset_RevB_Chip_3_wiShield_Gmx_default_OSC_default_Vsup_pm6V_20260909,1,918,2026-09-09T10:08:23.569811+00:00,6.055005000000e+02,-6.505134000000e-04,-6.498635364635e-07
Offset_RevB_Chip_3_wiShield_Gmx_default_OSC_default_Vsup_pm6V_20260909,1,919,2026-09-09T10:08:24.226311+00:00,6.061570000000e+02,-6.538382000000e-04,-6.531850149850e-07
Offset_RevB_Chip_3_wiShield_Gmx_default_OSC_default_Vsup_pm6V_20260909,1,920,2026-09-09T10:08:24.882311+00:00,6.068130000000e+02,-6.704621000000e-04,-6.697923076923e-07
Offset_RevB_Chip_3_wiShield_Gmx_default_OSC_default_Vsup_pm6V_20260909,1,921,2026-09-09T10:08:25.546311+00:00,6.074770000000e+02,-6.492698000000e-04,-6.486211788212e-07
Offset_RevB_Chip_3_wiShield_Gmx_default_OSC_default_Vsup_pm6V_20260909,1,922,2026-09-09T10:08:26.210311+00:00,6.081410000000e+02,-6.332680000000e-04,-6.326353646354e-07
Offset_RevB_Chip_3_wiShield_Gmx_default_OSC_default_Vsup_pm6V_20260909,1,923,2026-09-09T10:08:26.866311+00:00,6.087970000000e+02,-6.439528000000e-04,-6.433094905095e-07
Offset_RevB_Chip_3_wiShield_Gmx_default_OSC_default_Vsup_pm6V_20260909,1,924,2026-09-09T10:08:27.522811+00:00,6.094535000000e+02,-6.457458000000e-04,-6.451006993007e-07
Offset_RevB_Chip_3_wiShield_Gmx_default_OSC_default_Vsup_pm6V_20260909,1,925,2026-09-09T10:08:28.187311+00:00,6.101180000000e+02,-6.524846000000e-04,-6.518327672328e-07
Offset_RevB_Chip_3_wiShield_Gmx_default_OSC_default_Vsup_pm6V_20260909,1,926,2026-09-09T10:08:28.851311+00:00,6.107820000000e+02,-6.317438000000e-04,-6.311126873127e-07
Offset_RevB_Chip_3_wiShield_Gmx_default_OSC_default_Vsup_pm6V_20260909,1,927,2026-09-09T10:08:29.507311+00:00,6.114380000000e+02,-6.446649000000e-04,-6.440208791209e-07
Offset_RevB_Chip_3_wiShield_Gmx_default_OSC_default_Vsup_pm6V_20260909,1,928,2026-09-09T10:08:30.163311+00:00,6.120940000000e+02,-6.439567000000e-04,-6.433133866134e-07
Offset_RevB_Chip_3_wiShield_Gmx_default_OSC_default_Vsup_pm6V_20260909,1,929,2026-09-09T10:08:30.827311+00:00,6.127580000000e+02,-6.424227000000e-04,-6.417809190809e-07
Offset_RevB_Chip_3_wiShield_Gmx_default_OSC_default_Vsup_pm6V_20260909,1,930,2026-09-09T10:08:31.491311+00:00,6.134220000000e+02,-6.210132000000e-04,-6.203928071928e-07
Offset_RevB_Chip_3_wiShield_Gmx_default_OSC_default_Vsup_pm6V_20260909,1,931,2026-09-09T10:08:32.147811+00:00,6.140785000000e+02,-6.346597000000e-04,-6.340256743257e-07
Offset_RevB_Chip_3_wiShield_Gmx_default_OSC_default_Vsup_pm6V_20260909,1,932,2026-09-09T10:08:32.812311+00:00,6.147430000000e+02,-6.419870000000e-04,-6.413456543457e-07
Offset_RevB_Chip_3_wiShield_Gmx_default_OSC_default_Vsup_pm6V_20260909,1,933,2026-09-09T10:08:33.476311+00:00,6.154070000000e+02,-6.297498000000e-04,-6.291206793207e-07
Offset_RevB_Chip_3_wiShield_Gmx_default_OSC_default_Vsup_pm6V_20260909,1,934,2026-09-09T10:08:34.132311+00:00,6.160630000000e+02,-6.532159000000e-04,-6.525633366633e-07
Offset_RevB_Chip_3_wiShield_Gmx_default_OSC_default_Vsup_pm6V_20260909,1,935,2026-09-09T10:08:34.788311+00:00,6.167190000000e+02,-6.480694000000e-04,-6.474219780220e-07
Offset_RevB_Chip_3_wiShield_Gmx_default_OSC_default_Vsup_pm6V_20260909,1,936,2026-09-09T10:08:35.452311+00:00,6.173830000000e+02,-6.634177000000e-04,-6.627549450549e-07
Offset_RevB_Chip_3_wiShield_Gmx_default_OSC_default_Vsup_pm6V_20260909,1,937,2026-09-09T10:08:36.116311+00:00,6.180470000000e+02,-6.412095000000e-04,-6.405689310689e-07
Offset_RevB_Chip_3_wiShield_Gmx_default_OSC_default_Vsup_pm6V_20260909,1,938,2026-09-09T10:08:36.772811+00:00,6.187035000000e+02,-6.370189000000e-04,-6.363825174825e-07
Offset_RevB_Chip_3_wiShield_Gmx_default_OSC_default_Vsup_pm6V_20260909,1,939,2026-09-09T10:08:37.429311+00:00,6.193600000000e+02,-6.439661000000e-04,-6.433227772228e-07
Offset_RevB_Chip_3_wiShield_Gmx_default_OSC_default_Vsup_pm6V_20260909,1,940,2026-09-09T10:08:38.093311+00:00,6.200240000000e+02,-6.391557000000e-04,-6.385171828172e-07
Offset_RevB_Chip_3_wiShield_Gmx_default_OSC_default_Vsup_pm6V_20260909,1,941,2026-09-09T10:08:38.757311+00:00,6.206880000000e+02,-6.431083000000e-04,-6.424658341658e-07
Offset_RevB_Chip_3_wiShield_Gmx_default_OSC_default_Vsup_pm6V_20260909,1,942,2026-09-09T10:08:39.413311+00:00,6.213440000000e+02,-6.397026000000e-04,-6.390635364635e-07
Offset_RevB_Chip_3_wiShield_Gmx_default_OSC_default_Vsup_pm6V_20260909,1,943,2026-09-09T10:08:40.069811+00:00,6.220005000000e+02,-6.510184000000e-04,-6.503680319680e-07
Offset_RevB_Chip_3_wiShield_Gmx_default_OSC_default_Vsup_pm6V_20260909,1,944,2026-09-09T10:08:40.733811+00:00,6.226645000000e+02,-6.595476000000e-04,-6.588887112887e-07
Offset_RevB_Chip_3_wiShield_Gmx_default_OSC_default_Vsup_pm6V_20260909,1,945,2026-09-09T10:08:41.397811+00:00,6.233285000000e+02,-6.411734000000e-04,-6.405328671329e-07
Offset_RevB_Chip_3_wiShield_Gmx_default_OSC_default_Vsup_pm6V_20260909,1,946,2026-09-09T10:08:42.054311+00:00,6.239850000000e+02,-6.489064000000e-04,-6.482581418581e-07
Offset_RevB_Chip_3_wiShield_Gmx_default_OSC_default_Vsup_pm6V_20260909,1,947,2026-09-09T10:08:42.718311+00:00,6.246490000000e+02,-6.484981000000e-04,-6.478502497502e-07
Offset_RevB_Chip_3_wiShield_Gmx_default_OSC_default_Vsup_pm6V_20260909,1,948,2026-09-09T10:08:43.382311+00:00,6.253130000000e+02,-6.419334000000e-04,-6.412921078921e-07
Offset_RevB_Chip_3_wiShield_Gmx_default_OSC_default_Vsup_pm6V_20260909,1,949,2026-09-09T10:08:44.038311+00:00,6.259690000000e+02,-6.338519000000e-04,-6.332186813187e-07
Offset_RevB_Chip_3_wiShield_Gmx_default_OSC_default_Vsup_pm6V_20260909,1,950,2026-09-09T10:08:44.694811+00:00,6.266255000000e+02,-6.378430000000e-04,-6.372057942058e-07
Offset_RevB_Chip_3_wiShield_Gmx_default_OSC_default_Vsup_pm6V_20260909,1,951,2026-09-09T10:08:45.358811+00:00,6.272895000000e+02,-6.409273000000e-04,-6.402870129870e-07
Offset_RevB_Chip_3_wiShield_Gmx_default_OSC_default_Vsup_pm6V_20260909,1,952,2026-09-09T10:08:46.022811+00:00,6.279535000000e+02,-6.485805000000e-04,-6.479325674326e-07
Offset_RevB_Chip_3_wiShield_Gmx_default_OSC_default_Vsup_pm6V_20260909,1,953,2026-09-09T10:08:46.679311+00:00,6.286100000000e+02,-6.503804000000e-04,-6.497306693307e-07
Offset_RevB_Chip_3_wiShield_Gmx_default_OSC_default_Vsup_pm6V_20260909,1,954,2026-09-09T10:08:47.335311+00:00,6.292660000000e+02,-6.541792000000e-04,-6.535256743257e-07
Offset_RevB_Chip_3_wiShield_Gmx_default_OSC_default_Vsup_pm6V_20260909,1,955,2026-09-09T10:08:47.999311+00:00,6.299300000000e+02,-6.433595000000e-04,-6.427167832168e-07
Offset_RevB_Chip_3_wiShield_Gmx_default_OSC_default_Vsup_pm6V_20260909,1,956,2026-09-09T10:08:48.663311+00:00,6.305940000000e+02,-6.574080000000e-04,-6.567512487512e-07
Offset_RevB_Chip_3_wiShield_Gmx_default_OSC_default_Vsup_pm6V_20260909,1,957,2026-09-09T10:08:49.319811+00:00,6.312505000000e+02,-6.613955000000e-04,-6.607347652348e-07
Offset_RevB_Chip_3_wiShield_Gmx_default_OSC_default_Vsup_pm6V_20260909,1,958,2026-09-09T10:08:49.976311+00:00,6.319070000000e+02,-6.433810000000e-04,-6.427382617383e-07
Offset_RevB_Chip_3_wiShield_Gmx_default_OSC_default_Vsup_pm6V_20260909,1,959,2026-09-09T10:08:50.640311+00:00,6.325710000000e+02,-6.559671000000e-04,-6.553117882118e-07
Offset_RevB_Chip_3_wiShield_Gmx_default_OSC_default_Vsup_pm6V_20260909,1,960,2026-09-09T10:08:51.304311+00:00,6.332350000000e+02,-6.666835000000e-04,-6.660174825175e-07
Offset_RevB_Chip_3_wiShield_Gmx_default_OSC_default_Vsup_pm6V_20260909,1,961,2026-09-09T10:08:51.960311+00:00,6.338910000000e+02,-6.361769000000e-04,-6.355413586414e-07
Offset_RevB_Chip_3_wiShield_Gmx_default_OSC_default_Vsup_pm6V_20260909,1,962,2026-09-09T10:08:52.616311+00:00,6.345470000000e+02,-6.469056000000e-04,-6.462593406593e-07
Offset_RevB_Chip_3_wiShield_Gmx_default_OSC_default_Vsup_pm6V_20260909,1,963,2026-09-09T10:08:53.288311+00:00,6.352190000000e+02,-6.500622000000e-04,-6.494127872128e-07
Offset_RevB_Chip_3_wiShield_Gmx_default_OSC_default_Vsup_pm6V_20260909,1,964,2026-09-09T10:08:53.944811+00:00,6.358755000000e+02,-6.417361000000e-04,-6.410950049950e-07
Offset_RevB_Chip_3_wiShield_Gmx_default_OSC_default_Vsup_pm6V_20260909,1,965,2026-09-09T10:08:54.601311+00:00,6.365320000000e+02,-6.456236000000e-04,-6.449786213786e-07
Offset_RevB_Chip_3_wiShield_Gmx_default_OSC_default_Vsup_pm6V_20260909,1,966,2026-09-09T10:08:55.265311+00:00,6.371960000000e+02,-6.630135000000e-04,-6.623511488511e-07
Offset_RevB_Chip_3_wiShield_Gmx_default_OSC_default_Vsup_pm6V_20260909,1,967,2026-09-09T10:08:55.929311+00:00,6.378600000000e+02,-6.648420000000e-04,-6.641778221778e-07
Offset_RevB_Chip_3_wiShield_Gmx_default_OSC_default_Vsup_pm6V_20260909,1,968,2026-09-09T10:08:56.585311+00:00,6.385160000000e+02,-6.551383000000e-04,-6.544838161838e-07
Offset_RevB_Chip_3_wiShield_Gmx_default_OSC_default_Vsup_pm6V_20260909,1,969,2026-09-09T10:08:57.241311+00:00,6.391720000000e+02,-6.451373000000e-04,-6.444928071928e-07
Offset_RevB_Chip_3_wiShield_Gmx_default_OSC_default_Vsup_pm6V_20260909,1,970,2026-09-09T10:08:57.905311+00:00,6.398360000000e+02,-6.407593000000e-04,-6.401191808192e-07
Offset_RevB_Chip_3_wiShield_Gmx_default_OSC_default_Vsup_pm6V_20260909,1,971,2026-09-09T10:08:58.569811+00:00,6.405005000000e+02,-6.464701000000e-04,-6.458242757243e-07
Offset_RevB_Chip_3_wiShield_Gmx_default_OSC_default_Vsup_pm6V_20260909,1,972,2026-09-09T10:08:59.226311+00:00,6.411570000000e+02,-6.424192000000e-04,-6.417774225774e-07
Offset_RevB_Chip_3_wiShield_Gmx_default_OSC_default_Vsup_pm6V_20260909,1,973,2026-09-09T10:08:59.882311+00:00,6.418130000000e+02,-6.479725000000e-04,-6.473251748252e-07
Offset_RevB_Chip_3_wiShield_Gmx_default_OSC_default_Vsup_pm6V_20260909,1,974,2026-09-09T10:09:00.554311+00:00,6.424850000000e+02,-6.672529000000e-04,-6.665863136863e-07
Offset_RevB_Chip_3_wiShield_Gmx_default_OSC_default_Vsup_pm6V_20260909,1,975,2026-09-09T10:09:01.210311+00:00,6.431410000000e+02,-6.590873000000e-04,-6.584288711289e-07
Offset_RevB_Chip_3_wiShield_Gmx_default_OSC_default_Vsup_pm6V_20260909,1,976,2026-09-09T10:09:01.866311+00:00,6.437970000000e+02,-6.437318000000e-04,-6.430887112887e-07
Offset_RevB_Chip_3_wiShield_Gmx_default_OSC_default_Vsup_pm6V_20260909,1,977,2026-09-09T10:09:02.530311+00:00,6.444610000000e+02,-6.472790000000e-04,-6.466323676324e-07
Offset_RevB_Chip_3_wiShield_Gmx_default_OSC_default_Vsup_pm6V_20260909,1,978,2026-09-09T10:09:03.194811+00:00,6.451255000000e+02,-6.439067000000e-04,-6.432634365634e-07
Offset_RevB_Chip_3_wiShield_Gmx_default_OSC_default_Vsup_pm6V_20260909,1,979,2026-09-09T10:09:03.851311+00:00,6.457820000000e+02,-6.449747000000e-04,-6.443303696304e-07
Offset_RevB_Chip_3_wiShield_Gmx_default_OSC_default_Vsup_pm6V_20260909,1,980,2026-09-09T10:09:04.507311+00:00,6.464380000000e+02,-6.545399000000e-04,-6.538860139860e-07
Offset_RevB_Chip_3_wiShield_Gmx_default_OSC_default_Vsup_pm6V_20260909,1,981,2026-09-09T10:09:05.171311+00:00,6.471020000000e+02,-6.474043000000e-04,-6.467575424575e-07
Offset_RevB_Chip_3_wiShield_Gmx_default_OSC_default_Vsup_pm6V_20260909,1,982,2026-09-09T10:09:05.835311+00:00,6.477660000000e+02,-6.509842000000e-04,-6.503338661339e-07
Offset_RevB_Chip_3_wiShield_Gmx_default_OSC_default_Vsup_pm6V_20260909,1,983,2026-09-09T10:09:06.491311+00:00,6.484220000000e+02,-6.581396000000e-04,-6.574821178821e-07
Offset_RevB_Chip_3_wiShield_Gmx_default_OSC_default_Vsup_pm6V_20260909,1,984,2026-09-09T10:09:07.147811+00:00,6.490785000000e+02,-6.594462000000e-04,-6.587874125874e-07
Offset_RevB_Chip_3_wiShield_Gmx_default_OSC_default_Vsup_pm6V_20260909,1,985,2026-09-09T10:09:07.812311+00:00,6.497430000000e+02,-6.442162000000e-04,-6.435726273726e-07
Offset_RevB_Chip_3_wiShield_Gmx_default_OSC_default_Vsup_pm6V_20260909,1,986,2026-09-09T10:09:08.476311+00:00,6.504070000000e+02,-6.439192000000e-04,-6.432759240759e-07
Offset_RevB_Chip_3_wiShield_Gmx_default_OSC_default_Vsup_pm6V_20260909,1,987,2026-09-09T10:09:09.132311+00:00,6.510630000000e+02,-6.465498000000e-04,-6.459038961039e-07
Offset_RevB_Chip_3_wiShield_Gmx_default_OSC_default_Vsup_pm6V_20260909,1,988,2026-09-09T10:09:09.788311+00:00,6.517190000000e+02,-6.537489000000e-04,-6.530958041958e-07
Offset_RevB_Chip_3_wiShield_Gmx_default_OSC_default_Vsup_pm6V_20260909,1,989,2026-09-09T10:09:10.460311+00:00,6.523910000000e+02,-6.416704000000e-04,-6.410293706294e-07
Offset_RevB_Chip_3_wiShield_Gmx_default_OSC_default_Vsup_pm6V_20260909,1,990,2026-09-09T10:09:11.116311+00:00,6.530470000000e+02,-6.572554000000e-04,-6.565988011988e-07
Offset_RevB_Chip_3_wiShield_Gmx_default_OSC_default_Vsup_pm6V_20260909,1,991,2026-09-09T10:09:11.772811+00:00,6.537035000000e+02,-6.658362000000e-04,-6.651710289710e-07
Offset_RevB_Chip_3_wiShield_Gmx_default_OSC_default_Vsup_pm6V_20260909,1,992,2026-09-09T10:09:12.437311+00:00,6.543680000000e+02,-6.577682000000e-04,-6.571110889111e-07
Offset_RevB_Chip_3_wiShield_Gmx_default_OSC_default_Vsup_pm6V_20260909,1,993,2026-09-09T10:09:13.101311+00:00,6.550320000000e+02,-6.511269000000e-04,-6.504764235764e-07
Offset_RevB_Chip_3_wiShield_Gmx_default_OSC_default_Vsup_pm6V_20260909,1,994,2026-09-09T10:09:13.757311+00:00,6.556880000000e+02,-6.491687000000e-04,-6.485201798202e-07
Offset_RevB_Chip_3_wiShield_Gmx_default_OSC_default_Vsup_pm6V_20260909,1,995,2026-09-09T10:09:14.413311+00:00,6.563440000000e+02,-6.452277000000e-04,-6.445831168831e-07
Offset_RevB_Chip_3_wiShield_Gmx_default_OSC_default_Vsup_pm6V_20260909,1,996,2026-09-09T10:09:15.077311+00:00,6.570080000000e+02,-6.590937000000e-04,-6.584352647353e-07
Offset_RevB_Chip_3_wiShield_Gmx_default_OSC_default_Vsup_pm6V_20260909,1,997,2026-09-09T10:09:15.741311+00:00,6.576720000000e+02,-6.491201000000e-04,-6.484716283716e-07
Offset_RevB_Chip_3_wiShield_Gmx_default_OSC_default_Vsup_pm6V_20260909,1,998,2026-09-09T10:09:16.397811+00:00,6.583285000000e+02,-6.397645000000e-04,-6.391253746254e-07
Offset_RevB_Chip_3_wiShield_Gmx_default_OSC_default_Vsup_pm6V_20260909,1,999,2026-09-09T10:09:17.054311+00:00,6.589850000000e+02,-6.709684000000e-04,-6.702981018981e-07
Offset_RevB_Chip_3_wiShield_Gmx_default_OSC_default_Vsup_pm6V_20260909,1,1000,2026-09-09T10:09:17.718311+00:00,6.596490000000e+02,-6.511901000000e-04,-6.505395604396e-07
