task_id,run_number,reading_index,acquisition_time_utc,elapsed_s,output_voltage_v,equivalent_input_offset_v
Offset_RevB_Chip_5_wiShield_Gmx_default_OSC_default_Vsup_pm6V_20260909,1,1,2026-09-09T10:39:55.375180+00:00,3.280000000004e-01,-2.359015000000e-05,-2.356658341658e-08
Offset_RevB_Chip_5_wiShield_Gmx_default_OSC_default_Vsup_pm6V_20260909,1,2,2026-09-09T10:39:56.039180+00:00,9.919999999993e-01,-2.754161000000e-05,-2.751409590410e-08
Offset_RevB_Chip_5_wiShield_Gmx_default_OSC_default_Vsup_pm6V_20260909,1,3,2026-09-09T10:39:56.703680+00:00,1.656500000000e+00,-1.947801000000e-05,-1.945855144855e-08
Offset_RevB_Chip_5_wiShield_Gmx_default_OSC_default_Vsup_pm6V_20260909,1,4,2026-09-09T10:39:57.360180+00:00,2.312999999999e+00,-3.590634000000e-05,-3.587046953047e-08
Offset_RevB_Chip_5_wiShield_Gmx_default_OSC_default_Vsup_pm6V_20260909,1,5,2026-09-09T10:39:58.016180+00:00,2.969000000000e+00,-3.128528000000e-05,-3.125402597403e-08
Offset_RevB_Chip_5_wiShield_Gmx_default_OSC_default_Vsup_pm6V_20260909,1,6,2026-09-09T10:39:58.688180+00:00,3.641000000001e+00,-2.977634000000e-05,-2.974659340659e-08
Offset_RevB_Chip_5_wiShield_Gmx_default_OSC_default_Vsup_pm6V_20260909,1,7,2026-09-09T10:39:59.344180+00:00,4.297000000000e+00,-1.713453000000e-05,-1.711741258741e-08
Offset_RevB_Chip_5_wiShield_Gmx_default_OSC_default_Vsup_pm6V_20260909,1,8,2026-09-09T10:40:00.000180+00:00,4.953000000000e+00,-2.276337000000e-05,-2.274062937063e-08
Offset_RevB_Chip_5_wiShield_Gmx_default_OSC_default_Vsup_pm6V_20260909,1,9,2026-09-09T10:40:00.664180+00:00,5.616999999999e+00,-2.356102000000e-05,-2.353748251748e-08
Offset_RevB_Chip_5_wiShield_Gmx_default_OSC_default_Vsup_pm6V_20260909,1,10,2026-09-09T10:40:01.328680+00:00,6.281500000000e+00,-2.745616000000e-05,-2.742873126873e-08
Offset_RevB_Chip_5_wiShield_Gmx_default_OSC_default_Vsup_pm6V_20260909,1,11,2026-09-09T10:40:01.985180+00:00,6.937999999999e+00,-1.370547000000e-05,-1.369177822178e-08
Offset_RevB_Chip_5_wiShield_Gmx_default_OSC_default_Vsup_pm6V_20260909,1,12,2026-09-09T10:40:02.641180+00:00,7.594000000000e+00,-2.528150000000e-05,-2.525624375624e-08
Offset_RevB_Chip_5_wiShield_Gmx_default_OSC_default_Vsup_pm6V_20260909,1,13,2026-09-09T10:40:03.297180+00:00,8.249999999999e+00,-4.148042000000e-05,-4.143898101898e-08
Offset_RevB_Chip_5_wiShield_Gmx_default_OSC_default_Vsup_pm6V_20260909,1,14,2026-09-09T10:40:03.969180+00:00,8.922000000000e+00,-1.467841000000e-05,-1.466374625375e-08
Offset_RevB_Chip_5_wiShield_Gmx_default_OSC_default_Vsup_pm6V_20260909,1,15,2026-09-09T10:40:04.625180+00:00,9.578000000000e+00,-3.735858000000e-06,-3.732125874126e-09
Offset_RevB_Chip_5_wiShield_Gmx_default_OSC_default_Vsup_pm6V_20260909,1,16,2026-09-09T10:40:05.281680+00:00,1.023450000000e+01,-1.909712000000e-05,-1.907804195804e-08
Offset_RevB_Chip_5_wiShield_Gmx_default_OSC_default_Vsup_pm6V_20260909,1,17,2026-09-09T10:40:05.938180+00:00,1.089100000000e+01,-2.859456000000e-05,-2.856599400599e-08
Offset_RevB_Chip_5_wiShield_Gmx_default_OSC_default_Vsup_pm6V_20260909,1,18,2026-09-09T10:40:06.602180+00:00,1.155500000000e+01,-3.096459000000e-05,-3.093365634366e-08
Offset_RevB_Chip_5_wiShield_Gmx_default_OSC_default_Vsup_pm6V_20260909,1,19,2026-09-09T10:40:07.266180+00:00,1.221900000000e+01,-2.047685000000e-05,-2.045639360639e-08
Offset_RevB_Chip_5_wiShield_Gmx_default_OSC_default_Vsup_pm6V_20260909,1,20,2026-09-09T10:40:07.922180+00:00,1.287500000000e+01,-1.771584000000e-05,-1.769814185814e-08
Offset_RevB_Chip_5_wiShield_Gmx_default_OSC_default_Vsup_pm6V_20260909,1,21,2026-09-09T10:40:08.578680+00:00,1.353150000000e+01,-1.997167000000e-05,-1.995171828172e-08
Offset_RevB_Chip_5_wiShield_Gmx_default_OSC_default_Vsup_pm6V_20260909,1,22,2026-09-09T10:40:09.242680+00:00,1.419550000000e+01,-1.632860000000e-05,-1.631228771229e-08
Offset_RevB_Chip_5_wiShield_Gmx_default_OSC_default_Vsup_pm6V_20260909,1,23,2026-09-09T10:40:09.906680+00:00,1.485950000000e+01,-1.656526000000e-05,-1.654871128871e-08
Offset_RevB_Chip_5_wiShield_Gmx_default_OSC_default_Vsup_pm6V_20260909,1,24,2026-09-09T10:40:10.563180+00:00,1.551600000000e+01,-1.695768000000e-05,-1.694073926074e-08
Offset_RevB_Chip_5_wiShield_Gmx_default_OSC_default_Vsup_pm6V_20260909,1,25,2026-09-09T10:40:11.219180+00:00,1.617200000000e+01,-2.016043000000e-05,-2.014028971029e-08
Offset_RevB_Chip_5_wiShield_Gmx_default_OSC_default_Vsup_pm6V_20260909,1,26,2026-09-09T10:40:11.875180+00:00,1.682800000000e+01,-2.137703000000e-05,-2.135567432567e-08
Offset_RevB_Chip_5_wiShield_Gmx_default_OSC_default_Vsup_pm6V_20260909,1,27,2026-09-09T10:40:12.539180+00:00,1.749200000000e+01,-2.571249000000e-05,-2.568680319680e-08
Offset_RevB_Chip_5_wiShield_Gmx_default_OSC_default_Vsup_pm6V_20260909,1,28,2026-09-09T10:40:13.203680+00:00,1.815650000000e+01,-2.045484000000e-05,-2.043440559441e-08
Offset_RevB_Chip_5_wiShield_Gmx_default_OSC_default_Vsup_pm6V_20260909,1,29,2026-09-09T10:40:13.860180+00:00,1.881300000000e+01,-2.748606000000e-05,-2.745860139860e-08
Offset_RevB_Chip_5_wiShield_Gmx_default_OSC_default_Vsup_pm6V_20260909,1,30,2026-09-09T10:40:14.516180+00:00,1.946900000000e+01,-3.231415000000e-05,-3.228186813187e-08
Offset_RevB_Chip_5_wiShield_Gmx_default_OSC_default_Vsup_pm6V_20260909,1,31,2026-09-09T10:40:15.172180+00:00,2.012500000000e+01,-3.153903000000e-05,-3.150752247752e-08
Offset_RevB_Chip_5_wiShield_Gmx_default_OSC_default_Vsup_pm6V_20260909,1,32,2026-09-09T10:40:15.836180+00:00,2.078900000000e+01,-4.231923000000e-05,-4.227695304695e-08
Offset_RevB_Chip_5_wiShield_Gmx_default_OSC_default_Vsup_pm6V_20260909,1,33,2026-09-09T10:40:16.500180+00:00,2.145300000000e+01,-3.050989000000e-05,-3.047941058941e-08
Offset_RevB_Chip_5_wiShield_Gmx_default_OSC_default_Vsup_pm6V_20260909,1,34,2026-09-09T10:40:17.156680+00:00,2.210950000000e+01,-3.952934000000e-05,-3.948985014985e-08
Offset_RevB_Chip_5_wiShield_Gmx_default_OSC_default_Vsup_pm6V_20260909,1,35,2026-09-09T10:40:17.813180+00:00,2.276600000000e+01,-2.742599000000e-05,-2.739859140859e-08
Offset_RevB_Chip_5_wiShield_Gmx_default_OSC_default_Vsup_pm6V_20260909,1,36,2026-09-09T10:40:18.469180+00:00,2.342200000000e+01,-2.008819000000e-05,-2.006812187812e-08
Offset_RevB_Chip_5_wiShield_Gmx_default_OSC_default_Vsup_pm6V_20260909,1,37,2026-09-09T10:40:19.133180+00:00,2.408600000000e+01,-3.264299000000e-05,-3.261037962038e-08
Offset_RevB_Chip_5_wiShield_Gmx_default_OSC_default_Vsup_pm6V_20260909,1,38,2026-09-09T10:40:19.797180+00:00,2.475000000000e+01,-2.098760000000e-05,-2.096663336663e-08
Offset_RevB_Chip_5_wiShield_Gmx_default_OSC_default_Vsup_pm6V_20260909,1,39,2026-09-09T10:40:20.453680+00:00,2.540650000000e+01,-9.140008000000e-07,-9.130877122877e-10
Offset_RevB_Chip_5_wiShield_Gmx_default_OSC_default_Vsup_pm6V_20260909,1,40,2026-09-09T10:40:21.110180+00:00,2.606300000000e+01,-4.537517000000e-06,-4.532984015984e-09
Offset_RevB_Chip_5_wiShield_Gmx_default_OSC_default_Vsup_pm6V_20260909,1,41,2026-09-09T10:40:21.766180+00:00,2.671900000000e+01,-1.755465000000e-05,-1.753711288711e-08
Offset_RevB_Chip_5_wiShield_Gmx_default_OSC_default_Vsup_pm6V_20260909,1,42,2026-09-09T10:40:22.438180+00:00,2.739100000000e+01,-3.532387000000e-05,-3.528858141858e-08
Offset_RevB_Chip_5_wiShield_Gmx_default_OSC_default_Vsup_pm6V_20260909,1,43,2026-09-09T10:40:23.094180+00:00,2.804700000000e+01,-9.383597000000e-06,-9.374222777223e-09
Offset_RevB_Chip_5_wiShield_Gmx_default_OSC_default_Vsup_pm6V_20260909,1,44,2026-09-09T10:40:23.750180+00:00,2.870300000000e+01,-1.655452000000e-05,-1.653798201798e-08
Offset_RevB_Chip_5_wiShield_Gmx_default_OSC_default_Vsup_pm6V_20260909,1,45,2026-09-09T10:40:24.406680+00:00,2.935950000000e+01,-1.955310000000e-05,-1.953356643357e-08
Offset_RevB_Chip_5_wiShield_Gmx_default_OSC_default_Vsup_pm6V_20260909,1,46,2026-09-09T10:40:25.071180+00:00,3.002400000000e+01,-2.136098000000e-05,-2.133964035964e-08
Offset_RevB_Chip_5_wiShield_Gmx_default_OSC_default_Vsup_pm6V_20260909,1,47,2026-09-09T10:40:25.735180+00:00,3.068800000000e+01,-2.725483000000e-05,-2.722760239760e-08
Offset_RevB_Chip_5_wiShield_Gmx_default_OSC_default_Vsup_pm6V_20260909,1,48,2026-09-09T10:40:26.391180+00:00,3.134400000000e+01,-1.018500000000e-05,-1.017482517483e-08
Offset_RevB_Chip_5_wiShield_Gmx_default_OSC_default_Vsup_pm6V_20260909,1,49,2026-09-09T10:40:27.047180+00:00,3.200000000000e+01,-3.604176000000e-05,-3.600575424575e-08
Offset_RevB_Chip_5_wiShield_Gmx_default_OSC_default_Vsup_pm6V_20260909,1,50,2026-09-09T10:40:27.703680+00:00,3.265650000000e+01,-1.884919000000e-05,-1.883035964036e-08
Offset_RevB_Chip_5_wiShield_Gmx_default_OSC_default_Vsup_pm6V_20260909,1,51,2026-09-09T10:40:28.367680+00:00,3.332050000000e+01,-2.176000000000e-05,-2.173826173826e-08
Offset_RevB_Chip_5_wiShield_Gmx_default_OSC_default_Vsup_pm6V_20260909,1,52,2026-09-09T10:40:29.031680+00:00,3.398450000000e+01,-1.959052000000e-05,-1.957094905095e-08
Offset_RevB_Chip_5_wiShield_Gmx_default_OSC_default_Vsup_pm6V_20260909,1,53,2026-09-09T10:40:29.688180+00:00,3.464100000000e+01,-1.786873000000e-05,-1.785087912088e-08
Offset_RevB_Chip_5_wiShield_Gmx_default_OSC_default_Vsup_pm6V_20260909,1,54,2026-09-09T10:40:30.344180+00:00,3.529700000000e+01,-1.983780000000e-05,-1.981798201798e-08
Offset_RevB_Chip_5_wiShield_Gmx_default_OSC_default_Vsup_pm6V_20260909,1,55,2026-09-09T10:40:31.000180+00:00,3.595300000000e+01,-1.850856000000e-05,-1.849006993007e-08
Offset_RevB_Chip_5_wiShield_Gmx_default_OSC_default_Vsup_pm6V_20260909,1,56,2026-09-09T10:40:31.664180+00:00,3.661700000000e+01,-1.194924000000e-05,-1.193730269730e-08
Offset_RevB_Chip_5_wiShield_Gmx_default_OSC_default_Vsup_pm6V_20260909,1,57,2026-09-09T10:40:32.328680+00:00,3.728150000000e+01,-2.590475000000e-05,-2.587887112887e-08
Offset_RevB_Chip_5_wiShield_Gmx_default_OSC_default_Vsup_pm6V_20260909,1,58,2026-09-09T10:40:32.992680+00:00,3.794550000000e+01,-2.400495000000e-05,-2.398096903097e-08
Offset_RevB_Chip_5_wiShield_Gmx_default_OSC_default_Vsup_pm6V_20260909,1,59,2026-09-09T10:40:33.641180+00:00,3.859400000000e+01,-1.063684000000e-05,-1.062621378621e-08
Offset_RevB_Chip_5_wiShield_Gmx_default_OSC_default_Vsup_pm6V_20260909,1,60,2026-09-09T10:40:34.305180+00:00,3.925800000000e+01,-2.065253000000e-05,-2.063189810190e-08
Offset_RevB_Chip_5_wiShield_Gmx_default_OSC_default_Vsup_pm6V_20260909,1,61,2026-09-09T10:40:34.969180+00:00,3.992200000000e+01,-6.318077000000e-06,-6.311765234765e-09
Offset_RevB_Chip_5_wiShield_Gmx_default_OSC_default_Vsup_pm6V_20260909,1,62,2026-09-09T10:40:35.625180+00:00,4.057800000000e+01,-2.164684000000e-05,-2.162521478521e-08
Offset_RevB_Chip_5_wiShield_Gmx_default_OSC_default_Vsup_pm6V_20260909,1,63,2026-09-09T10:40:36.281680+00:00,4.123450000000e+01,-9.847995000000e-06,-9.838156843157e-09
Offset_RevB_Chip_5_wiShield_Gmx_default_OSC_default_Vsup_pm6V_20260909,1,64,2026-09-09T10:40:36.938180+00:00,4.189100000000e+01,-1.832303000000e-05,-1.830472527473e-08
Offset_RevB_Chip_5_wiShield_Gmx_default_OSC_default_Vsup_pm6V_20260909,1,65,2026-09-09T10:40:37.602180+00:00,4.255500000000e+01,-1.821819000000e-06,-1.819999000999e-09
Offset_RevB_Chip_5_wiShield_Gmx_default_OSC_default_Vsup_pm6V_20260909,1,66,2026-09-09T10:40:38.266180+00:00,4.321900000000e+01,-2.988508000000e-05,-2.985522477522e-08
Offset_RevB_Chip_5_wiShield_Gmx_default_OSC_default_Vsup_pm6V_20260909,1,67,2026-09-09T10:40:38.922180+00:00,4.387500000000e+01,-2.801429000000e-05,-2.798630369630e-08
Offset_RevB_Chip_5_wiShield_Gmx_default_OSC_default_Vsup_pm6V_20260909,1,68,2026-09-09T10:40:39.578680+00:00,4.453150000000e+01,-1.398524000000e-05,-1.397126873127e-08
Offset_RevB_Chip_5_wiShield_Gmx_default_OSC_default_Vsup_pm6V_20260909,1,69,2026-09-09T10:40:40.235180+00:00,4.518800000000e+01,-2.655286000000e-05,-2.652633366633e-08
Offset_RevB_Chip_5_wiShield_Gmx_default_OSC_default_Vsup_pm6V_20260909,1,70,2026-09-09T10:40:40.899180+00:00,4.585200000000e+01,-2.239270000000e-05,-2.237032967033e-08
Offset_RevB_Chip_5_wiShield_Gmx_default_OSC_default_Vsup_pm6V_20260909,1,71,2026-09-09T10:40:41.563180+00:00,4.651600000000e+01,-1.906579000000e-05,-1.904674325674e-08
Offset_RevB_Chip_5_wiShield_Gmx_default_OSC_default_Vsup_pm6V_20260909,1,72,2026-09-09T10:40:42.219180+00:00,4.717200000000e+01,-8.139677000000e-06,-8.131545454545e-09
Offset_RevB_Chip_5_wiShield_Gmx_default_OSC_default_Vsup_pm6V_20260909,1,73,2026-09-09T10:40:42.875180+00:00,4.782800000000e+01,-2.656270000000e-05,-2.653616383616e-08
Offset_RevB_Chip_5_wiShield_Gmx_default_OSC_default_Vsup_pm6V_20260909,1,74,2026-09-09T10:40:43.531680+00:00,4.848450000000e+01,-5.770302000000e-06,-5.764537462537e-09
Offset_RevB_Chip_5_wiShield_Gmx_default_OSC_default_Vsup_pm6V_20260909,1,75,2026-09-09T10:40:44.203680+00:00,4.915650000000e+01,-1.025568000000e-05,-1.024543456543e-08
Offset_RevB_Chip_5_wiShield_Gmx_default_OSC_default_Vsup_pm6V_20260909,1,76,2026-09-09T10:40:44.860180+00:00,4.981300000000e+01,-1.797943000000e-05,-1.796146853147e-08
Offset_RevB_Chip_5_wiShield_Gmx_default_OSC_default_Vsup_pm6V_20260909,1,77,2026-09-09T10:40:45.516180+00:00,5.046900000000e+01,-2.823023000000e-05,-2.820202797203e-08
Offset_RevB_Chip_5_wiShield_Gmx_default_OSC_default_Vsup_pm6V_20260909,1,78,2026-09-09T10:40:46.172180+00:00,5.112500000000e+01,-4.322990000000e-06,-4.318671328671e-09
Offset_RevB_Chip_5_wiShield_Gmx_default_OSC_default_Vsup_pm6V_20260909,1,79,2026-09-09T10:40:46.836180+00:00,5.178900000000e+01,-1.011457000000e-05,-1.010446553447e-08
Offset_RevB_Chip_5_wiShield_Gmx_default_OSC_default_Vsup_pm6V_20260909,1,80,2026-09-09T10:40:47.500180+00:00,5.245300000000e+01,-9.478753000000e-06,-9.469283716284e-09
Offset_RevB_Chip_5_wiShield_Gmx_default_OSC_default_Vsup_pm6V_20260909,1,81,2026-09-09T10:40:48.156680+00:00,5.310950000000e+01,-7.799308000000e-06,-7.791516483516e-09
Offset_RevB_Chip_5_wiShield_Gmx_default_OSC_default_Vsup_pm6V_20260909,1,82,2026-09-09T10:40:48.813180+00:00,5.376600000000e+01,-1.520870000000e-05,-1.519350649351e-08
Offset_RevB_Chip_5_wiShield_Gmx_default_OSC_default_Vsup_pm6V_20260909,1,83,2026-09-09T10:40:49.469180+00:00,5.442200000000e+01,-1.262783000000e-06,-1.261521478521e-09
Offset_RevB_Chip_5_wiShield_Gmx_default_OSC_default_Vsup_pm6V_20260909,1,84,2026-09-09T10:40:50.133180+00:00,5.508600000000e+01,-1.077006000000e-05,-1.075930069930e-08
Offset_RevB_Chip_5_wiShield_Gmx_default_OSC_default_Vsup_pm6V_20260909,1,85,2026-09-09T10:40:50.797180+00:00,5.575000000000e+01,-1.647191000000e-05,-1.645545454545e-08
Offset_RevB_Chip_5_wiShield_Gmx_default_OSC_default_Vsup_pm6V_20260909,1,86,2026-09-09T10:40:51.453680+00:00,5.640650000000e+01,-1.226824000000e-08,-1.225598401598e-11
Offset_RevB_Chip_5_wiShield_Gmx_default_OSC_default_Vsup_pm6V_20260909,1,87,2026-09-09T10:40:52.110180+00:00,5.706300000000e+01,-4.626460000000e-06,-4.621838161838e-09
Offset_RevB_Chip_5_wiShield_Gmx_default_OSC_default_Vsup_pm6V_20260909,1,88,2026-09-09T10:40:52.766180+00:00,5.771900000000e+01,-1.334438000000e-05,-1.333104895105e-08
Offset_RevB_Chip_5_wiShield_Gmx_default_OSC_default_Vsup_pm6V_20260909,1,89,2026-09-09T10:40:53.430180+00:00,5.838300000000e+01,-1.599314000000e-05,-1.597716283716e-08
Offset_RevB_Chip_5_wiShield_Gmx_default_OSC_default_Vsup_pm6V_20260909,1,90,2026-09-09T10:40:54.094180+00:00,5.904700000000e+01,-2.059479000000e-05,-2.057421578422e-08
Offset_RevB_Chip_5_wiShield_Gmx_default_OSC_default_Vsup_pm6V_20260909,1,91,2026-09-09T10:40:54.750180+00:00,5.970300000000e+01,-1.829739000000e-05,-1.827911088911e-08
Offset_RevB_Chip_5_wiShield_Gmx_default_OSC_default_Vsup_pm6V_20260909,1,92,2026-09-09T10:40:55.406680+00:00,6.035950000000e+01,-9.389161000000e-06,-9.379781218781e-09
Offset_RevB_Chip_5_wiShield_Gmx_default_OSC_default_Vsup_pm6V_20260909,1,93,2026-09-09T10:40:56.063180+00:00,6.101600000000e+01,-2.736552000000e-05,-2.733818181818e-08
Offset_RevB_Chip_5_wiShield_Gmx_default_OSC_default_Vsup_pm6V_20260909,1,94,2026-09-09T10:40:56.727180+00:00,6.168000000000e+01,-3.567162000000e-06,-3.563598401598e-09
Offset_RevB_Chip_5_wiShield_Gmx_default_OSC_default_Vsup_pm6V_20260909,1,95,2026-09-09T10:40:57.391180+00:00,6.234400000000e+01,-1.639501000000e-05,-1.637863136863e-08
Offset_RevB_Chip_5_wiShield_Gmx_default_OSC_default_Vsup_pm6V_20260909,1,96,2026-09-09T10:40:58.047180+00:00,6.300000000000e+01,-1.162985000000e-05,-1.161823176823e-08
Offset_RevB_Chip_5_wiShield_Gmx_default_OSC_default_Vsup_pm6V_20260909,1,97,2026-09-09T10:40:58.703680+00:00,6.365650000000e+01,1.192693000000e-07,1.191501498501e-10
Offset_RevB_Chip_5_wiShield_Gmx_default_OSC_default_Vsup_pm6V_20260909,1,98,2026-09-09T10:40:59.367680+00:00,6.432050000000e+01,-8.263187000000e-06,-8.254932067932e-09
Offset_RevB_Chip_5_wiShield_Gmx_default_OSC_default_Vsup_pm6V_20260909,1,99,2026-09-09T10:41:00.031680+00:00,6.498450000000e+01,-1.506901000000e-05,-1.505395604396e-08
Offset_RevB_Chip_5_wiShield_Gmx_default_OSC_default_Vsup_pm6V_20260909,1,100,2026-09-09T10:41:00.688180+00:00,6.564100000000e+01,-2.445186000000e-05,-2.442743256743e-08
Offset_RevB_Chip_5_wiShield_Gmx_default_OSC_default_Vsup_pm6V_20260909,1,101,2026-09-09T10:41:01.344180+00:00,6.629700000000e+01,-1.262920000000e-05,-1.261658341658e-08
Offset_RevB_Chip_5_wiShield_Gmx_default_OSC_default_Vsup_pm6V_20260909,1,102,2026-09-09T10:41:02.000180+00:00,6.695300000000e+01,-2.090046000000e-05,-2.087958041958e-08
Offset_RevB_Chip_5_wiShield_Gmx_default_OSC_default_Vsup_pm6V_20260909,1,103,2026-09-09T10:41:02.664180+00:00,6.761700000000e+01,-2.536940000000e-05,-2.534405594406e-08
Offset_RevB_Chip_5_wiShield_Gmx_default_OSC_default_Vsup_pm6V_20260909,1,104,2026-09-09T10:41:03.328680+00:00,6.828150000000e+01,-4.131378000000e-06,-4.127250749251e-09
Offset_RevB_Chip_5_wiShield_Gmx_default_OSC_default_Vsup_pm6V_20260909,1,105,2026-09-09T10:41:03.985180+00:00,6.893800000000e+01,-2.951907000000e-05,-2.948958041958e-08
Offset_RevB_Chip_5_wiShield_Gmx_default_OSC_default_Vsup_pm6V_20260909,1,106,2026-09-09T10:41:04.641180+00:00,6.959400000000e+01,-9.305007000000e-06,-9.295711288711e-09
Offset_RevB_Chip_5_wiShield_Gmx_default_OSC_default_Vsup_pm6V_20260909,1,107,2026-09-09T10:41:05.297180+00:00,7.025000000000e+01,-1.093758000000e-05,-1.092665334665e-08
Offset_RevB_Chip_5_wiShield_Gmx_default_OSC_default_Vsup_pm6V_20260909,1,108,2026-09-09T10:41:05.961180+00:00,7.091400000000e+01,-1.457561000000e-05,-1.456104895105e-08
Offset_RevB_Chip_5_wiShield_Gmx_default_OSC_default_Vsup_pm6V_20260909,1,109,2026-09-09T10:41:06.625180+00:00,7.157800000000e+01,-9.324685000000e-06,-9.315369630370e-09
Offset_RevB_Chip_5_wiShield_Gmx_default_OSC_default_Vsup_pm6V_20260909,1,110,2026-09-09T10:41:07.281680+00:00,7.223450000000e+01,-1.338852000000e-05,-1.337514485514e-08
Offset_RevB_Chip_5_wiShield_Gmx_default_OSC_default_Vsup_pm6V_20260909,1,111,2026-09-09T10:41:07.938180+00:00,7.289100000000e+01,2.125997000000e-06,2.123873126873e-09
Offset_RevB_Chip_5_wiShield_Gmx_default_OSC_default_Vsup_pm6V_20260909,1,112,2026-09-09T10:41:08.594180+00:00,7.354700000000e+01,-1.114939000000e-05,-1.113825174825e-08
Offset_RevB_Chip_5_wiShield_Gmx_default_OSC_default_Vsup_pm6V_20260909,1,113,2026-09-09T10:41:09.266180+00:00,7.421900000000e+01,-1.422255000000e-05,-1.420834165834e-08
Offset_RevB_Chip_5_wiShield_Gmx_default_OSC_default_Vsup_pm6V_20260909,1,114,2026-09-09T10:41:09.922180+00:00,7.487500000000e+01,-1.978820000000e-05,-1.976843156843e-08
Offset_RevB_Chip_5_wiShield_Gmx_default_OSC_default_Vsup_pm6V_20260909,1,115,2026-09-09T10:41:10.578680+00:00,7.553150000000e+01,-1.184968000000e-05,-1.183784215784e-08
Offset_RevB_Chip_5_wiShield_Gmx_default_OSC_default_Vsup_pm6V_20260909,1,116,2026-09-09T10:41:11.235180+00:00,7.618800000000e+01,-1.547980000000e-05,-1.546433566434e-08
Offset_RevB_Chip_5_wiShield_Gmx_default_OSC_default_Vsup_pm6V_20260909,1,117,2026-09-09T10:41:11.899180+00:00,7.685200000000e+01,-1.238515000000e-05,-1.237277722278e-08
Offset_RevB_Chip_5_wiShield_Gmx_default_OSC_default_Vsup_pm6V_20260909,1,118,2026-09-09T10:41:12.563180+00:00,7.751600000000e+01,-1.825492000000e-05,-1.823668331668e-08
Offset_RevB_Chip_5_wiShield_Gmx_default_OSC_default_Vsup_pm6V_20260909,1,119,2026-09-09T10:41:13.219180+00:00,7.817200000000e+01,-1.521349000000e-05,-1.519829170829e-08
Offset_RevB_Chip_5_wiShield_Gmx_default_OSC_default_Vsup_pm6V_20260909,1,120,2026-09-09T10:41:13.875180+00:00,7.882800000000e+01,3.780057000000e-06,3.776280719281e-09
Offset_RevB_Chip_5_wiShield_Gmx_default_OSC_default_Vsup_pm6V_20260909,1,121,2026-09-09T10:41:14.531680+00:00,7.948450000000e+01,-2.074910000000e-05,-2.072837162837e-08
Offset_RevB_Chip_5_wiShield_Gmx_default_OSC_default_Vsup_pm6V_20260909,1,122,2026-09-09T10:41:15.196180+00:00,8.014900000000e+01,-2.093230000000e-05,-2.091138861139e-08
Offset_RevB_Chip_5_wiShield_Gmx_default_OSC_default_Vsup_pm6V_20260909,1,123,2026-09-09T10:41:15.860180+00:00,8.081300000000e+01,-6.771468000000e-06,-6.764703296703e-09
Offset_RevB_Chip_5_wiShield_Gmx_default_OSC_default_Vsup_pm6V_20260909,1,124,2026-09-09T10:41:16.516180+00:00,8.146900000000e+01,-2.444642000000e-05,-2.442199800200e-08
Offset_RevB_Chip_5_wiShield_Gmx_default_OSC_default_Vsup_pm6V_20260909,1,125,2026-09-09T10:41:17.172180+00:00,8.212500000000e+01,-9.247781000000e-06,-9.238542457542e-09
Offset_RevB_Chip_5_wiShield_Gmx_default_OSC_default_Vsup_pm6V_20260909,1,126,2026-09-09T10:41:17.836180+00:00,8.278900000000e+01,-1.878380000000e-05,-1.876503496503e-08
Offset_RevB_Chip_5_wiShield_Gmx_default_OSC_default_Vsup_pm6V_20260909,1,127,2026-09-09T10:41:18.500180+00:00,8.345300000000e+01,-2.190253000000e-05,-2.188064935065e-08
Offset_RevB_Chip_5_wiShield_Gmx_default_OSC_default_Vsup_pm6V_20260909,1,128,2026-09-09T10:41:19.156680+00:00,8.410950000000e+01,-6.070145000000e-06,-6.064080919081e-09
Offset_RevB_Chip_5_wiShield_Gmx_default_OSC_default_Vsup_pm6V_20260909,1,129,2026-09-09T10:41:19.813180+00:00,8.476600000000e+01,-1.902383000000e-05,-1.900482517483e-08
Offset_RevB_Chip_5_wiShield_Gmx_default_OSC_default_Vsup_pm6V_20260909,1,130,2026-09-09T10:41:20.469180+00:00,8.542200000000e+01,-8.315620000000e-06,-8.307312687313e-09
Offset_RevB_Chip_5_wiShield_Gmx_default_OSC_default_Vsup_pm6V_20260909,1,131,2026-09-09T10:41:21.133180+00:00,8.608600000000e+01,-2.808340000000e-05,-2.805534465534e-08
Offset_RevB_Chip_5_wiShield_Gmx_default_OSC_default_Vsup_pm6V_20260909,1,132,2026-09-09T10:41:21.797180+00:00,8.675000000000e+01,-1.716222000000e-05,-1.714507492507e-08
Offset_RevB_Chip_5_wiShield_Gmx_default_OSC_default_Vsup_pm6V_20260909,1,133,2026-09-09T10:41:22.453680+00:00,8.740650000000e+01,-1.823071000000e-05,-1.821249750250e-08
Offset_RevB_Chip_5_wiShield_Gmx_default_OSC_default_Vsup_pm6V_20260909,1,134,2026-09-09T10:41:23.110180+00:00,8.806300000000e+01,-1.388787000000e-05,-1.387399600400e-08
Offset_RevB_Chip_5_wiShield_Gmx_default_OSC_default_Vsup_pm6V_20260909,1,135,2026-09-09T10:41:23.766180+00:00,8.871900000000e+01,-9.176056000000e-06,-9.166889110889e-09
Offset_RevB_Chip_5_wiShield_Gmx_default_OSC_default_Vsup_pm6V_20260909,1,136,2026-09-09T10:41:24.438180+00:00,8.939100000000e+01,-2.600818000000e-05,-2.598219780220e-08
Offset_RevB_Chip_5_wiShield_Gmx_default_OSC_default_Vsup_pm6V_20260909,1,137,2026-09-09T10:41:25.094180+00:00,9.004700000000e+01,-2.897815000000e-05,-2.894920079920e-08
Offset_RevB_Chip_5_wiShield_Gmx_default_OSC_default_Vsup_pm6V_20260909,1,138,2026-09-09T10:41:25.750180+00:00,9.070300000000e+01,-2.198435000000e-05,-2.196238761239e-08
Offset_RevB_Chip_5_wiShield_Gmx_default_OSC_default_Vsup_pm6V_20260909,1,139,2026-09-09T10:41:26.414180+00:00,9.136700000000e+01,-1.334761000000e-05,-1.333427572428e-08
Offset_RevB_Chip_5_wiShield_Gmx_default_OSC_default_Vsup_pm6V_20260909,1,140,2026-09-09T10:41:27.078680+00:00,9.203150000000e+01,-1.464267000000e-05,-1.462804195804e-08
Offset_RevB_Chip_5_wiShield_Gmx_default_OSC_default_Vsup_pm6V_20260909,1,141,2026-09-09T10:41:27.735180+00:00,9.268800000000e+01,-1.627874000000e-05,-1.626247752248e-08
Offset_RevB_Chip_5_wiShield_Gmx_default_OSC_default_Vsup_pm6V_20260909,1,142,2026-09-09T10:41:28.391180+00:00,9.334400000000e+01,-1.639837000000e-05,-1.638198801199e-08
Offset_RevB_Chip_5_wiShield_Gmx_default_OSC_default_Vsup_pm6V_20260909,1,143,2026-09-09T10:41:29.055180+00:00,9.400800000000e+01,-1.930736000000e-05,-1.928807192807e-08
Offset_RevB_Chip_5_wiShield_Gmx_default_OSC_default_Vsup_pm6V_20260909,1,144,2026-09-09T10:41:29.719180+00:00,9.467200000000e+01,-1.508868000000e-05,-1.507360639361e-08
Offset_RevB_Chip_5_wiShield_Gmx_default_OSC_default_Vsup_pm6V_20260909,1,145,2026-09-09T10:41:30.375180+00:00,9.532800000000e+01,2.773716000000e-06,2.770945054945e-09
Offset_RevB_Chip_5_wiShield_Gmx_default_OSC_default_Vsup_pm6V_20260909,1,146,2026-09-09T10:41:31.031680+00:00,9.598450000000e+01,-1.078662000000e-05,-1.077584415584e-08
Offset_RevB_Chip_5_wiShield_Gmx_default_OSC_default_Vsup_pm6V_20260909,1,147,2026-09-09T10:41:31.688180+00:00,9.664100000000e+01,-2.317894000000e-05,-2.315578421578e-08
Offset_RevB_Chip_5_wiShield_Gmx_default_OSC_default_Vsup_pm6V_20260909,1,148,2026-09-09T10:41:32.360180+00:00,9.731300000000e+01,-2.327151000000e-05,-2.324826173826e-08
Offset_RevB_Chip_5_wiShield_Gmx_default_OSC_default_Vsup_pm6V_20260909,1,149,2026-09-09T10:41:33.016180+00:00,9.796900000000e+01,-1.818657000000e-05,-1.816840159840e-08
Offset_RevB_Chip_5_wiShield_Gmx_default_OSC_default_Vsup_pm6V_20260909,1,150,2026-09-09T10:41:33.672180+00:00,9.862500000000e+01,-2.564736000000e-05,-2.562173826174e-08
Offset_RevB_Chip_5_wiShield_Gmx_default_OSC_default_Vsup_pm6V_20260909,1,151,2026-09-09T10:41:34.336180+00:00,9.928900000000e+01,-2.929107000000e-05,-2.926180819181e-08
Offset_RevB_Chip_5_wiShield_Gmx_default_OSC_default_Vsup_pm6V_20260909,1,152,2026-09-09T10:41:35.000180+00:00,9.995300000000e+01,-1.458648000000e-05,-1.457190809191e-08
Offset_RevB_Chip_5_wiShield_Gmx_default_OSC_default_Vsup_pm6V_20260909,1,153,2026-09-09T10:41:35.656680+00:00,1.006095000000e+02,-2.048888000000e-05,-2.046841158841e-08
Offset_RevB_Chip_5_wiShield_Gmx_default_OSC_default_Vsup_pm6V_20260909,1,154,2026-09-09T10:41:36.313180+00:00,1.012660000000e+02,-9.595738000000e-07,-9.586151848152e-10
Offset_RevB_Chip_5_wiShield_Gmx_default_OSC_default_Vsup_pm6V_20260909,1,155,2026-09-09T10:41:36.977180+00:00,1.019300000000e+02,-1.324300000000e-05,-1.322977022977e-08
Offset_RevB_Chip_5_wiShield_Gmx_default_OSC_default_Vsup_pm6V_20260909,1,156,2026-09-09T10:41:37.641180+00:00,1.025940000000e+02,-2.699796000000e-05,-2.697098901099e-08
Offset_RevB_Chip_5_wiShield_Gmx_default_OSC_default_Vsup_pm6V_20260909,1,157,2026-09-09T10:41:38.297180+00:00,1.032500000000e+02,-1.159398000000e-05,-1.158239760240e-08
Offset_RevB_Chip_5_wiShield_Gmx_default_OSC_default_Vsup_pm6V_20260909,1,158,2026-09-09T10:41:38.953680+00:00,1.039065000000e+02,-2.660282000000e-05,-2.657624375624e-08
Offset_RevB_Chip_5_wiShield_Gmx_default_OSC_default_Vsup_pm6V_20260909,1,159,2026-09-09T10:41:39.617680+00:00,1.045705000000e+02,-1.339707000000e-05,-1.338368631369e-08
Offset_RevB_Chip_5_wiShield_Gmx_default_OSC_default_Vsup_pm6V_20260909,1,160,2026-09-09T10:41:40.281680+00:00,1.052345000000e+02,-1.682483000000e-05,-1.680802197802e-08
Offset_RevB_Chip_5_wiShield_Gmx_default_OSC_default_Vsup_pm6V_20260909,1,161,2026-09-09T10:41:40.938180+00:00,1.058910000000e+02,-3.126402000000e-05,-3.123278721279e-08
Offset_RevB_Chip_5_wiShield_Gmx_default_OSC_default_Vsup_pm6V_20260909,1,162,2026-09-09T10:41:41.602180+00:00,1.065550000000e+02,-2.506760000000e-05,-2.504255744256e-08
Offset_RevB_Chip_5_wiShield_Gmx_default_OSC_default_Vsup_pm6V_20260909,1,163,2026-09-09T10:41:42.266180+00:00,1.072190000000e+02,-2.484828000000e-05,-2.482345654346e-08
Offset_RevB_Chip_5_wiShield_Gmx_default_OSC_default_Vsup_pm6V_20260909,1,164,2026-09-09T10:41:42.922180+00:00,1.078750000000e+02,-7.848373000000e-06,-7.840532467532e-09
Offset_RevB_Chip_5_wiShield_Gmx_default_OSC_default_Vsup_pm6V_20260909,1,165,2026-09-09T10:41:43.578680+00:00,1.085315000000e+02,-1.699715000000e-05,-1.698016983017e-08
Offset_RevB_Chip_5_wiShield_Gmx_default_OSC_default_Vsup_pm6V_20260909,1,166,2026-09-09T10:41:44.242680+00:00,1.091955000000e+02,-1.307081000000e-05,-1.305775224775e-08
Offset_RevB_Chip_5_wiShield_Gmx_default_OSC_default_Vsup_pm6V_20260909,1,167,2026-09-09T10:41:44.906680+00:00,1.098595000000e+02,-2.304481000000e-05,-2.302178821179e-08
Offset_RevB_Chip_5_wiShield_Gmx_default_OSC_default_Vsup_pm6V_20260909,1,168,2026-09-09T10:41:45.563180+00:00,1.105160000000e+02,-2.664567000000e-05,-2.661905094905e-08
Offset_RevB_Chip_5_wiShield_Gmx_default_OSC_default_Vsup_pm6V_20260909,1,169,2026-09-09T10:41:46.219180+00:00,1.111720000000e+02,-2.634091000000e-05,-2.631459540460e-08
Offset_RevB_Chip_5_wiShield_Gmx_default_OSC_default_Vsup_pm6V_20260909,1,170,2026-09-09T10:41:46.883180+00:00,1.118360000000e+02,-1.940213000000e-05,-1.938274725275e-08
Offset_RevB_Chip_5_wiShield_Gmx_default_OSC_default_Vsup_pm6V_20260909,1,171,2026-09-09T10:41:47.547180+00:00,1.125000000000e+02,-1.263153000000e-05,-1.261891108891e-08
Offset_RevB_Chip_5_wiShield_Gmx_default_OSC_default_Vsup_pm6V_20260909,1,172,2026-09-09T10:41:48.203680+00:00,1.131565000000e+02,-2.454753000000e-05,-2.452300699301e-08
Offset_RevB_Chip_5_wiShield_Gmx_default_OSC_default_Vsup_pm6V_20260909,1,173,2026-09-09T10:41:48.860180+00:00,1.138130000000e+02,-2.265538000000e-05,-2.263274725275e-08
Offset_RevB_Chip_5_wiShield_Gmx_default_OSC_default_Vsup_pm6V_20260909,1,174,2026-09-09T10:41:49.524180+00:00,1.144770000000e+02,-1.473161000000e-05,-1.471689310689e-08
Offset_RevB_Chip_5_wiShield_Gmx_default_OSC_default_Vsup_pm6V_20260909,1,175,2026-09-09T10:41:50.188180+00:00,1.151410000000e+02,-2.827320000000e-05,-2.824495504496e-08
Offset_RevB_Chip_5_wiShield_Gmx_default_OSC_default_Vsup_pm6V_20260909,1,176,2026-09-09T10:41:50.844180+00:00,1.157970000000e+02,-2.070806000000e-05,-2.068737262737e-08
Offset_RevB_Chip_5_wiShield_Gmx_default_OSC_default_Vsup_pm6V_20260909,1,177,2026-09-09T10:41:51.508180+00:00,1.164610000000e+02,-2.842779000000e-05,-2.839939060939e-08
Offset_RevB_Chip_5_wiShield_Gmx_default_OSC_default_Vsup_pm6V_20260909,1,178,2026-09-09T10:41:52.172180+00:00,1.171250000000e+02,-1.854247000000e-05,-1.852394605395e-08
Offset_RevB_Chip_5_wiShield_Gmx_default_OSC_default_Vsup_pm6V_20260909,1,179,2026-09-09T10:41:52.828680+00:00,1.177815000000e+02,-2.432615000000e-05,-2.430184815185e-08
Offset_RevB_Chip_5_wiShield_Gmx_default_OSC_default_Vsup_pm6V_20260909,1,180,2026-09-09T10:41:53.485180+00:00,1.184380000000e+02,-3.015151000000e-05,-3.012138861139e-08
Offset_RevB_Chip_5_wiShield_Gmx_default_OSC_default_Vsup_pm6V_20260909,1,181,2026-09-09T10:41:54.149180+00:00,1.191020000000e+02,-1.146335000000e-05,-1.145189810190e-08
Offset_RevB_Chip_5_wiShield_Gmx_default_OSC_default_Vsup_pm6V_20260909,1,182,2026-09-09T10:41:54.813180+00:00,1.197660000000e+02,-3.218867000000e-05,-3.215651348651e-08
Offset_RevB_Chip_5_wiShield_Gmx_default_OSC_default_Vsup_pm6V_20260909,1,183,2026-09-09T10:41:55.469180+00:00,1.204220000000e+02,-3.829783000000e-05,-3.825957042957e-08
Offset_RevB_Chip_5_wiShield_Gmx_default_OSC_default_Vsup_pm6V_20260909,1,184,2026-09-09T10:41:56.125180+00:00,1.210780000000e+02,-2.297736000000e-05,-2.295440559441e-08
Offset_RevB_Chip_5_wiShield_Gmx_default_OSC_default_Vsup_pm6V_20260909,1,185,2026-09-09T10:41:56.789180+00:00,1.217420000000e+02,-1.829467000000e-05,-1.827639360639e-08
Offset_RevB_Chip_5_wiShield_Gmx_default_OSC_default_Vsup_pm6V_20260909,1,186,2026-09-09T10:41:57.453680+00:00,1.224065000000e+02,-3.149939000000e-05,-3.146792207792e-08
Offset_RevB_Chip_5_wiShield_Gmx_default_OSC_default_Vsup_pm6V_20260909,1,187,2026-09-09T10:41:58.110180+00:00,1.230630000000e+02,-2.080775000000e-05,-2.078696303696e-08
Offset_RevB_Chip_5_wiShield_Gmx_default_OSC_default_Vsup_pm6V_20260909,1,188,2026-09-09T10:41:58.766180+00:00,1.237190000000e+02,-1.051293000000e-05,-1.050242757243e-08
Offset_RevB_Chip_5_wiShield_Gmx_default_OSC_default_Vsup_pm6V_20260909,1,189,2026-09-09T10:41:59.430180+00:00,1.243830000000e+02,-1.370546000000e-05,-1.369176823177e-08
Offset_RevB_Chip_5_wiShield_Gmx_default_OSC_default_Vsup_pm6V_20260909,1,190,2026-09-09T10:42:00.094180+00:00,1.250470000000e+02,-1.240820000000e-05,-1.239580419580e-08
Offset_RevB_Chip_5_wiShield_Gmx_default_OSC_default_Vsup_pm6V_20260909,1,191,2026-09-09T10:42:00.750180+00:00,1.257030000000e+02,-3.164996000000e-05,-3.161834165834e-08
Offset_RevB_Chip_5_wiShield_Gmx_default_OSC_default_Vsup_pm6V_20260909,1,192,2026-09-09T10:42:01.406680+00:00,1.263595000000e+02,-1.159890000000e-05,-1.158731268731e-08
Offset_RevB_Chip_5_wiShield_Gmx_default_OSC_default_Vsup_pm6V_20260909,1,193,2026-09-09T10:42:02.071180+00:00,1.270240000000e+02,-1.216376000000e-05,-1.215160839161e-08
Offset_RevB_Chip_5_wiShield_Gmx_default_OSC_default_Vsup_pm6V_20260909,1,194,2026-09-09T10:42:02.735180+00:00,1.276880000000e+02,-1.494795000000e-05,-1.493301698302e-08
Offset_RevB_Chip_5_wiShield_Gmx_default_OSC_default_Vsup_pm6V_20260909,1,195,2026-09-09T10:42:03.391180+00:00,1.283440000000e+02,-2.963753000000e-05,-2.960792207792e-08
Offset_RevB_Chip_5_wiShield_Gmx_default_OSC_default_Vsup_pm6V_20260909,1,196,2026-09-09T10:42:04.047180+00:00,1.290000000000e+02,-2.649110000000e-05,-2.646463536464e-08
Offset_RevB_Chip_5_wiShield_Gmx_default_OSC_default_Vsup_pm6V_20260909,1,197,2026-09-09T10:42:04.711180+00:00,1.296640000000e+02,-2.352876000000e-05,-2.350525474525e-08
Offset_RevB_Chip_5_wiShield_Gmx_default_OSC_default_Vsup_pm6V_20260909,1,198,2026-09-09T10:42:05.375180+00:00,1.303280000000e+02,-2.595458000000e-05,-2.592865134865e-08
Offset_RevB_Chip_5_wiShield_Gmx_default_OSC_default_Vsup_pm6V_20260909,1,199,2026-09-09T10:42:06.031680+00:00,1.309845000000e+02,-2.614089000000e-05,-2.611477522478e-08
Offset_RevB_Chip_5_wiShield_Gmx_default_OSC_default_Vsup_pm6V_20260909,1,200,2026-09-09T10:42:06.688180+00:00,1.316410000000e+02,-1.029375000000e-05,-1.028346653347e-08
Offset_RevB_Chip_5_wiShield_Gmx_default_OSC_default_Vsup_pm6V_20260909,1,201,2026-09-09T10:42:07.360180+00:00,1.323130000000e+02,-1.961498000000e-05,-1.959538461538e-08
Offset_RevB_Chip_5_wiShield_Gmx_default_OSC_default_Vsup_pm6V_20260909,1,202,2026-09-09T10:42:08.016180+00:00,1.329690000000e+02,-4.295605000000e-05,-4.291313686314e-08
Offset_RevB_Chip_5_wiShield_Gmx_default_OSC_default_Vsup_pm6V_20260909,1,203,2026-09-09T10:42:08.672180+00:00,1.336250000000e+02,-2.562405000000e-05,-2.559845154845e-08
Offset_RevB_Chip_5_wiShield_Gmx_default_OSC_default_Vsup_pm6V_20260909,1,204,2026-09-09T10:42:09.328680+00:00,1.342815000000e+02,-2.495510000000e-05,-2.493016983017e-08
Offset_RevB_Chip_5_wiShield_Gmx_default_OSC_default_Vsup_pm6V_20260909,1,205,2026-09-09T10:42:09.992680+00:00,1.349455000000e+02,-8.045423000000e-06,-8.037385614386e-09
Offset_RevB_Chip_5_wiShield_Gmx_default_OSC_default_Vsup_pm6V_20260909,1,206,2026-09-09T10:42:10.656680+00:00,1.356095000000e+02,-3.920865000000e-06,-3.916948051948e-09
Offset_RevB_Chip_5_wiShield_Gmx_default_OSC_default_Vsup_pm6V_20260909,1,207,2026-09-09T10:42:11.313180+00:00,1.362660000000e+02,-1.975571000000e-05,-1.973597402597e-08
Offset_RevB_Chip_5_wiShield_Gmx_default_OSC_default_Vsup_pm6V_20260909,1,208,2026-09-09T10:42:11.969180+00:00,1.369220000000e+02,-4.346941000000e-06,-4.342598401598e-09
Offset_RevB_Chip_5_wiShield_Gmx_default_OSC_default_Vsup_pm6V_20260909,1,209,2026-09-09T10:42:12.633180+00:00,1.375860000000e+02,-1.887210000000e-05,-1.885324675325e-08
Offset_RevB_Chip_5_wiShield_Gmx_default_OSC_default_Vsup_pm6V_20260909,1,210,2026-09-09T10:42:13.297180+00:00,1.382500000000e+02,-1.876140000000e-05,-1.874265734266e-08
Offset_RevB_Chip_5_wiShield_Gmx_default_OSC_default_Vsup_pm6V_20260909,1,211,2026-09-09T10:42:13.953680+00:00,1.389065000000e+02,-1.180993000000e-05,-1.179813186813e-08
Offset_RevB_Chip_5_wiShield_Gmx_default_OSC_default_Vsup_pm6V_20260909,1,212,2026-09-09T10:42:14.610180+00:00,1.395630000000e+02,1.806733000000e-06,1.804928071928e-09
Offset_RevB_Chip_5_wiShield_Gmx_default_OSC_default_Vsup_pm6V_20260909,1,213,2026-09-09T10:42:15.274180+00:00,1.402270000000e+02,-6.649510000000e-06,-6.642867132867e-09
Offset_RevB_Chip_5_wiShield_Gmx_default_OSC_default_Vsup_pm6V_20260909,1,214,2026-09-09T10:42:15.938180+00:00,1.408910000000e+02,-1.332884000000e-05,-1.331552447552e-08
Offset_RevB_Chip_5_wiShield_Gmx_default_OSC_default_Vsup_pm6V_20260909,1,215,2026-09-09T10:42:16.594180+00:00,1.415470000000e+02,-6.137339000000e-06,-6.131207792208e-09
Offset_RevB_Chip_5_wiShield_Gmx_default_OSC_default_Vsup_pm6V_20260909,1,216,2026-09-09T10:42:17.250180+00:00,1.422030000000e+02,-2.296506000000e-05,-2.294211788212e-08
Offset_RevB_Chip_5_wiShield_Gmx_default_OSC_default_Vsup_pm6V_20260909,1,217,2026-09-09T10:42:17.914180+00:00,1.428670000000e+02,-1.256537000000e-05,-1.255281718282e-08
Offset_RevB_Chip_5_wiShield_Gmx_default_OSC_default_Vsup_pm6V_20260909,1,218,2026-09-09T10:42:18.578680+00:00,1.435315000000e+02,-1.474521000000e-05,-1.473047952048e-08
Offset_RevB_Chip_5_wiShield_Gmx_default_OSC_default_Vsup_pm6V_20260909,1,219,2026-09-09T10:42:19.235180+00:00,1.441880000000e+02,-5.505023000000e-06,-5.499523476523e-09
Offset_RevB_Chip_5_wiShield_Gmx_default_OSC_default_Vsup_pm6V_20260909,1,220,2026-09-09T10:42:19.891180+00:00,1.448440000000e+02,-9.432403000000e-06,-9.422980019980e-09
Offset_RevB_Chip_5_wiShield_Gmx_default_OSC_default_Vsup_pm6V_20260909,1,221,2026-09-09T10:42:20.547180+00:00,1.455000000000e+02,-1.060744000000e-05,-1.059684315684e-08
Offset_RevB_Chip_5_wiShield_Gmx_default_OSC_default_Vsup_pm6V_20260909,1,222,2026-09-09T10:42:21.211180+00:00,1.461640000000e+02,-7.807722000000e-06,-7.799922077922e-09
Offset_RevB_Chip_5_wiShield_Gmx_default_OSC_default_Vsup_pm6V_20260909,1,223,2026-09-09T10:42:21.875180+00:00,1.468280000000e+02,-1.360098000000e-05,-1.358739260739e-08
Offset_RevB_Chip_5_wiShield_Gmx_default_OSC_default_Vsup_pm6V_20260909,1,224,2026-09-09T10:42:22.531680+00:00,1.474845000000e+02,-2.279999000000e-05,-2.277721278721e-08
Offset_RevB_Chip_5_wiShield_Gmx_default_OSC_default_Vsup_pm6V_20260909,1,225,2026-09-09T10:42:23.188180+00:00,1.481410000000e+02,-2.004520000000e-05,-2.002517482517e-08
Offset_RevB_Chip_5_wiShield_Gmx_default_OSC_default_Vsup_pm6V_20260909,1,226,2026-09-09T10:42:23.852180+00:00,1.488050000000e+02,-2.559881000000e-05,-2.557323676324e-08
Offset_RevB_Chip_5_wiShield_Gmx_default_OSC_default_Vsup_pm6V_20260909,1,227,2026-09-09T10:42:24.516180+00:00,1.494690000000e+02,-2.718051000000e-05,-2.715335664336e-08
Offset_RevB_Chip_5_wiShield_Gmx_default_OSC_default_Vsup_pm6V_20260909,1,228,2026-09-09T10:42:25.172180+00:00,1.501250000000e+02,-6.057070000000e-06,-6.051018981019e-09
Offset_RevB_Chip_5_wiShield_Gmx_default_OSC_default_Vsup_pm6V_20260909,1,229,2026-09-09T10:42:25.828680+00:00,1.507815000000e+02,-1.276734000000e-05,-1.275458541459e-08
Offset_RevB_Chip_5_wiShield_Gmx_default_OSC_default_Vsup_pm6V_20260909,1,230,2026-09-09T10:42:26.485180+00:00,1.514380000000e+02,-4.995441000000e-06,-4.990450549451e-09
Offset_RevB_Chip_5_wiShield_Gmx_default_OSC_default_Vsup_pm6V_20260909,1,231,2026-09-09T10:42:27.149180+00:00,1.521020000000e+02,-3.203138000000e-05,-3.199938061938e-08
Offset_RevB_Chip_5_wiShield_Gmx_default_OSC_default_Vsup_pm6V_20260909,1,232,2026-09-09T10:42:27.813180+00:00,1.527660000000e+02,-2.360373000000e-05,-2.358014985015e-08
Offset_RevB_Chip_5_wiShield_Gmx_default_OSC_default_Vsup_pm6V_20260909,1,233,2026-09-09T10:42:28.469180+00:00,1.534220000000e+02,-1.865110000000e-05,-1.863246753247e-08
Offset_RevB_Chip_5_wiShield_Gmx_default_OSC_default_Vsup_pm6V_20260909,1,234,2026-09-09T10:42:29.125180+00:00,1.540780000000e+02,-1.901140000000e-05,-1.899240759241e-08
Offset_RevB_Chip_5_wiShield_Gmx_default_OSC_default_Vsup_pm6V_20260909,1,235,2026-09-09T10:42:29.781680+00:00,1.547345000000e+02,-8.288303000000e-06,-8.280022977023e-09
Offset_RevB_Chip_5_wiShield_Gmx_default_OSC_default_Vsup_pm6V_20260909,1,236,2026-09-09T10:42:30.446180+00:00,1.553990000000e+02,-2.010825000000e-05,-2.008816183816e-08
Offset_RevB_Chip_5_wiShield_Gmx_default_OSC_default_Vsup_pm6V_20260909,1,237,2026-09-09T10:42:31.110180+00:00,1.560630000000e+02,-9.494806000000e-06,-9.485320679321e-09
Offset_RevB_Chip_5_wiShield_Gmx_default_OSC_default_Vsup_pm6V_20260909,1,238,2026-09-09T10:42:31.766180+00:00,1.567190000000e+02,-6.415823000000e-06,-6.409413586414e-09
Offset_RevB_Chip_5_wiShield_Gmx_default_OSC_default_Vsup_pm6V_20260909,1,239,2026-09-09T10:42:32.422180+00:00,1.573750000000e+02,-2.614477000000e-05,-2.611865134865e-08
Offset_RevB_Chip_5_wiShield_Gmx_default_OSC_default_Vsup_pm6V_20260909,1,240,2026-09-09T10:42:33.078680+00:00,1.580315000000e+02,-1.346284000000e-05,-1.344939060939e-08
Offset_RevB_Chip_5_wiShield_Gmx_default_OSC_default_Vsup_pm6V_20260909,1,241,2026-09-09T10:42:33.742680+00:00,1.586955000000e+02,-1.095584000000e-05,-1.094489510490e-08
Offset_RevB_Chip_5_wiShield_Gmx_default_OSC_default_Vsup_pm6V_20260909,1,242,2026-09-09T10:42:34.406680+00:00,1.593595000000e+02,-1.948512000000e-05,-1.946565434565e-08
Offset_RevB_Chip_5_wiShield_Gmx_default_OSC_default_Vsup_pm6V_20260909,1,243,2026-09-09T10:42:35.063180+00:00,1.600160000000e+02,-2.273772000000e-05,-2.271500499500e-08
Offset_RevB_Chip_5_wiShield_Gmx_default_OSC_default_Vsup_pm6V_20260909,1,244,2026-09-09T10:42:35.719180+00:00,1.606720000000e+02,-1.850596000000e-05,-1.848747252747e-08
Offset_RevB_Chip_5_wiShield_Gmx_default_OSC_default_Vsup_pm6V_20260909,1,245,2026-09-09T10:42:36.383180+00:00,1.613360000000e+02,-2.667625000000e-06,-2.664960039960e-09
Offset_RevB_Chip_5_wiShield_Gmx_default_OSC_default_Vsup_pm6V_20260909,1,246,2026-09-09T10:42:37.047180+00:00,1.620000000000e+02,-1.919071000000e-05,-1.917153846154e-08
Offset_RevB_Chip_5_wiShield_Gmx_default_OSC_default_Vsup_pm6V_20260909,1,247,2026-09-09T10:42:37.703680+00:00,1.626565000000e+02,-1.939255000000e-05,-1.937317682318e-08
Offset_RevB_Chip_5_wiShield_Gmx_default_OSC_default_Vsup_pm6V_20260909,1,248,2026-09-09T10:42:38.360180+00:00,1.633130000000e+02,-2.677853000000e-06,-2.675177822178e-09
Offset_RevB_Chip_5_wiShield_Gmx_default_OSC_default_Vsup_pm6V_20260909,1,249,2026-09-09T10:42:39.016180+00:00,1.639690000000e+02,-1.019470000000e-05,-1.018451548452e-08
Offset_RevB_Chip_5_wiShield_Gmx_default_OSC_default_Vsup_pm6V_20260909,1,250,2026-09-09T10:42:39.680180+00:00,1.646330000000e+02,-2.369021000000e-05,-2.366654345654e-08
Offset_RevB_Chip_5_wiShield_Gmx_default_OSC_default_Vsup_pm6V_20260909,1,251,2026-09-09T10:42:40.344180+00:00,1.652970000000e+02,-1.316467000000e-05,-1.315151848152e-08
Offset_RevB_Chip_5_wiShield_Gmx_default_OSC_default_Vsup_pm6V_20260909,1,252,2026-09-09T10:42:41.000180+00:00,1.659530000000e+02,-1.619614000000e-05,-1.617996003996e-08
Offset_RevB_Chip_5_wiShield_Gmx_default_OSC_default_Vsup_pm6V_20260909,1,253,2026-09-09T10:42:41.656680+00:00,1.666095000000e+02,-9.227197000000e-06,-9.217979020979e-09
Offset_RevB_Chip_5_wiShield_Gmx_default_OSC_default_Vsup_pm6V_20260909,1,254,2026-09-09T10:42:42.313180+00:00,1.672660000000e+02,-2.187146000000e-05,-2.184961038961e-08
Offset_RevB_Chip_5_wiShield_Gmx_default_OSC_default_Vsup_pm6V_20260909,1,255,2026-09-09T10:42:42.977180+00:00,1.679300000000e+02,-1.451955000000e-05,-1.450504495504e-08
Offset_RevB_Chip_5_wiShield_Gmx_default_OSC_default_Vsup_pm6V_20260909,1,256,2026-09-09T10:42:43.641180+00:00,1.685940000000e+02,-4.397951000000e-06,-4.393557442557e-09
Offset_RevB_Chip_5_wiShield_Gmx_default_OSC_default_Vsup_pm6V_20260909,1,257,2026-09-09T10:42:44.297180+00:00,1.692500000000e+02,-1.498822000000e-05,-1.497324675325e-08
Offset_RevB_Chip_5_wiShield_Gmx_default_OSC_default_Vsup_pm6V_20260909,1,258,2026-09-09T10:42:44.953680+00:00,1.699065000000e+02,-3.118971000000e-05,-3.115855144855e-08
Offset_RevB_Chip_5_wiShield_Gmx_default_OSC_default_Vsup_pm6V_20260909,1,259,2026-09-09T10:42:45.610180+00:00,1.705630000000e+02,-1.782548000000e-05,-1.780767232767e-08
Offset_RevB_Chip_5_wiShield_Gmx_default_OSC_default_Vsup_pm6V_20260909,1,260,2026-09-09T10:42:46.274180+00:00,1.712270000000e+02,-1.023950000000e-05,-1.022927072927e-08
Offset_RevB_Chip_5_wiShield_Gmx_default_OSC_default_Vsup_pm6V_20260909,1,261,2026-09-09T10:42:46.938180+00:00,1.718910000000e+02,-2.170134000000e-05,-2.167966033966e-08
Offset_RevB_Chip_5_wiShield_Gmx_default_OSC_default_Vsup_pm6V_20260909,1,262,2026-09-09T10:42:47.594180+00:00,1.725470000000e+02,-2.039463000000e-05,-2.037425574426e-08
Offset_RevB_Chip_5_wiShield_Gmx_default_OSC_default_Vsup_pm6V_20260909,1,263,2026-09-09T10:42:48.250180+00:00,1.732030000000e+02,-2.534000000000e-05,-2.531468531469e-08
Offset_RevB_Chip_5_wiShield_Gmx_default_OSC_default_Vsup_pm6V_20260909,1,264,2026-09-09T10:42:48.914180+00:00,1.738670000000e+02,-1.115587000000e-05,-1.114472527473e-08
Offset_RevB_Chip_5_wiShield_Gmx_default_OSC_default_Vsup_pm6V_20260909,1,265,2026-09-09T10:42:49.578680+00:00,1.745315000000e+02,-1.839009000000e-05,-1.837171828172e-08
Offset_RevB_Chip_5_wiShield_Gmx_default_OSC_default_Vsup_pm6V_20260909,1,266,2026-09-09T10:42:50.235180+00:00,1.751880000000e+02,-1.232029000000e-05,-1.230798201798e-08
Offset_RevB_Chip_5_wiShield_Gmx_default_OSC_default_Vsup_pm6V_20260909,1,267,2026-09-09T10:42:50.891180+00:00,1.758440000000e+02,-1.687856000000e-05,-1.686169830170e-08
Offset_RevB_Chip_5_wiShield_Gmx_default_OSC_default_Vsup_pm6V_20260909,1,268,2026-09-09T10:42:51.547180+00:00,1.765000000000e+02,-1.662235000000e-05,-1.660574425574e-08
Offset_RevB_Chip_5_wiShield_Gmx_default_OSC_default_Vsup_pm6V_20260909,1,269,2026-09-09T10:42:52.211180+00:00,1.771640000000e+02,-1.490380000000e-05,-1.488891108891e-08
Offset_RevB_Chip_5_wiShield_Gmx_default_OSC_default_Vsup_pm6V_20260909,1,270,2026-09-09T10:42:52.875180+00:00,1.778280000000e+02,-6.899122000000e-06,-6.892229770230e-09
Offset_RevB_Chip_5_wiShield_Gmx_default_OSC_default_Vsup_pm6V_20260909,1,271,2026-09-09T10:42:53.531680+00:00,1.784845000000e+02,-1.897463000000e-05,-1.895567432567e-08
Offset_RevB_Chip_5_wiShield_Gmx_default_OSC_default_Vsup_pm6V_20260909,1,272,2026-09-09T10:42:54.188180+00:00,1.791410000000e+02,-1.123238000000e-05,-1.122115884116e-08
Offset_RevB_Chip_5_wiShield_Gmx_default_OSC_default_Vsup_pm6V_20260909,1,273,2026-09-09T10:42:54.844180+00:00,1.797970000000e+02,-9.975903000000e-06,-9.965937062937e-09
Offset_RevB_Chip_5_wiShield_Gmx_default_OSC_default_Vsup_pm6V_20260909,1,274,2026-09-09T10:42:55.508180+00:00,1.804610000000e+02,-2.358068000000e-05,-2.355712287712e-08
Offset_RevB_Chip_5_wiShield_Gmx_default_OSC_default_Vsup_pm6V_20260909,1,275,2026-09-09T10:42:56.172180+00:00,1.811250000000e+02,-3.902610000000e-06,-3.898711288711e-09
Offset_RevB_Chip_5_wiShield_Gmx_default_OSC_default_Vsup_pm6V_20260909,1,276,2026-09-09T10:42:56.828680+00:00,1.817815000000e+02,-1.160511000000e-05,-1.159351648352e-08
Offset_RevB_Chip_5_wiShield_Gmx_default_OSC_default_Vsup_pm6V_20260909,1,277,2026-09-09T10:42:57.485180+00:00,1.824380000000e+02,-2.100092000000e-05,-2.097994005994e-08
Offset_RevB_Chip_5_wiShield_Gmx_default_OSC_default_Vsup_pm6V_20260909,1,278,2026-09-09T10:42:58.149180+00:00,1.831020000000e+02,-1.165690000000e-05,-1.164525474525e-08
Offset_RevB_Chip_5_wiShield_Gmx_default_OSC_default_Vsup_pm6V_20260909,1,279,2026-09-09T10:42:58.813180+00:00,1.837660000000e+02,-3.232798000000e-05,-3.229568431568e-08
Offset_RevB_Chip_5_wiShield_Gmx_default_OSC_default_Vsup_pm6V_20260909,1,280,2026-09-09T10:42:59.469180+00:00,1.844220000000e+02,-3.253836000000e-05,-3.250585414585e-08
Offset_RevB_Chip_5_wiShield_Gmx_default_OSC_default_Vsup_pm6V_20260909,1,281,2026-09-09T10:43:00.125180+00:00,1.850780000000e+02,1.066444000000e-06,1.065378621379e-09
Offset_RevB_Chip_5_wiShield_Gmx_default_OSC_default_Vsup_pm6V_20260909,1,282,2026-09-09T10:43:00.781680+00:00,1.857345000000e+02,-2.987639000000e-05,-2.984654345654e-08
Offset_RevB_Chip_5_wiShield_Gmx_default_OSC_default_Vsup_pm6V_20260909,1,283,2026-09-09T10:43:01.446180+00:00,1.863990000000e+02,-7.269785000000e-06,-7.262522477522e-09
Offset_RevB_Chip_5_wiShield_Gmx_default_OSC_default_Vsup_pm6V_20260909,1,284,2026-09-09T10:43:02.110180+00:00,1.870630000000e+02,-1.571621000000e-05,-1.570050949051e-08
Offset_RevB_Chip_5_wiShield_Gmx_default_OSC_default_Vsup_pm6V_20260909,1,285,2026-09-09T10:43:02.766180+00:00,1.877190000000e+02,-8.106660000000e-06,-8.098561438561e-09
Offset_RevB_Chip_5_wiShield_Gmx_default_OSC_default_Vsup_pm6V_20260909,1,286,2026-09-09T10:43:03.422180+00:00,1.883750000000e+02,-1.857730000000e-05,-1.855874125874e-08
Offset_RevB_Chip_5_wiShield_Gmx_default_OSC_default_Vsup_pm6V_20260909,1,287,2026-09-09T10:43:04.078680+00:00,1.890315000000e+02,-1.726554000000e-05,-1.724829170829e-08
Offset_RevB_Chip_5_wiShield_Gmx_default_OSC_default_Vsup_pm6V_20260909,1,288,2026-09-09T10:43:04.742680+00:00,1.896955000000e+02,-1.820754000000e-05,-1.818935064935e-08
Offset_RevB_Chip_5_wiShield_Gmx_default_OSC_default_Vsup_pm6V_20260909,1,289,2026-09-09T10:43:05.406680+00:00,1.903595000000e+02,-1.020195000000e-05,-1.019175824176e-08
Offset_RevB_Chip_5_wiShield_Gmx_default_OSC_default_Vsup_pm6V_20260909,1,290,2026-09-09T10:43:06.063180+00:00,1.910160000000e+02,-7.431878000000e-06,-7.424453546454e-09
Offset_RevB_Chip_5_wiShield_Gmx_default_OSC_default_Vsup_pm6V_20260909,1,291,2026-09-09T10:43:06.719180+00:00,1.916720000000e+02,-7.483923000000e-06,-7.476446553447e-09
Offset_RevB_Chip_5_wiShield_Gmx_default_OSC_default_Vsup_pm6V_20260909,1,292,2026-09-09T10:43:07.375180+00:00,1.923280000000e+02,-1.363904000000e-05,-1.362541458541e-08
Offset_RevB_Chip_5_wiShield_Gmx_default_OSC_default_Vsup_pm6V_20260909,1,293,2026-09-09T10:43:08.047180+00:00,1.930000000000e+02,-2.088194000000e-05,-2.086107892108e-08
Offset_RevB_Chip_5_wiShield_Gmx_default_OSC_default_Vsup_pm6V_20260909,1,294,2026-09-09T10:43:08.703680+00:00,1.936565000000e+02,-1.940058000000e-05,-1.938119880120e-08
Offset_RevB_Chip_5_wiShield_Gmx_default_OSC_default_Vsup_pm6V_20260909,1,295,2026-09-09T10:43:09.360180+00:00,1.943130000000e+02,-1.898046000000e-05,-1.896149850150e-08
Offset_RevB_Chip_5_wiShield_Gmx_default_OSC_default_Vsup_pm6V_20260909,1,296,2026-09-09T10:43:10.016180+00:00,1.949690000000e+02,-2.277901000000e-05,-2.275625374625e-08
Offset_RevB_Chip_5_wiShield_Gmx_default_OSC_default_Vsup_pm6V_20260909,1,297,2026-09-09T10:43:10.680180+00:00,1.956330000000e+02,-2.524135000000e-05,-2.521613386613e-08
Offset_RevB_Chip_5_wiShield_Gmx_default_OSC_default_Vsup_pm6V_20260909,1,298,2026-09-09T10:43:11.344180+00:00,1.962970000000e+02,-2.005749000000e-05,-2.003745254745e-08
Offset_RevB_Chip_5_wiShield_Gmx_default_OSC_default_Vsup_pm6V_20260909,1,299,2026-09-09T10:43:12.000180+00:00,1.969530000000e+02,-2.501348000000e-05,-2.498849150849e-08
Offset_RevB_Chip_5_wiShield_Gmx_default_OSC_default_Vsup_pm6V_20260909,1,300,2026-09-09T10:43:12.656680+00:00,1.976095000000e+02,-3.084778000000e-05,-3.081696303696e-08
Offset_RevB_Chip_5_wiShield_Gmx_default_OSC_default_Vsup_pm6V_20260909,1,301,2026-09-09T10:43:13.313180+00:00,1.982660000000e+02,-1.044374000000e-06,-1.043330669331e-09
Offset_RevB_Chip_5_wiShield_Gmx_default_OSC_default_Vsup_pm6V_20260909,1,302,2026-09-09T10:43:13.985180+00:00,1.989380000000e+02,-2.583767000000e-05,-2.581185814186e-08
Offset_RevB_Chip_5_wiShield_Gmx_default_OSC_default_Vsup_pm6V_20260909,1,303,2026-09-09T10:43:14.641180+00:00,1.995940000000e+02,-1.545455000000e-05,-1.543911088911e-08
Offset_RevB_Chip_5_wiShield_Gmx_default_OSC_default_Vsup_pm6V_20260909,1,304,2026-09-09T10:43:15.297180+00:00,2.002500000000e+02,-1.197461000000e-05,-1.196264735265e-08
Offset_RevB_Chip_5_wiShield_Gmx_default_OSC_default_Vsup_pm6V_20260909,1,305,2026-09-09T10:43:15.953680+00:00,2.009065000000e+02,-2.184659000000e-05,-2.182476523477e-08
Offset_RevB_Chip_5_wiShield_Gmx_default_OSC_default_Vsup_pm6V_20260909,1,306,2026-09-09T10:43:16.617680+00:00,2.015705000000e+02,-1.628397000000e-06,-1.626770229770e-09
Offset_RevB_Chip_5_wiShield_Gmx_default_OSC_default_Vsup_pm6V_20260909,1,307,2026-09-09T10:43:17.281680+00:00,2.022345000000e+02,-1.581926000000e-05,-1.580345654346e-08
Offset_RevB_Chip_5_wiShield_Gmx_default_OSC_default_Vsup_pm6V_20260909,1,308,2026-09-09T10:43:17.938180+00:00,2.028910000000e+02,-9.954362000000e-07,-9.944417582418e-10
Offset_RevB_Chip_5_wiShield_Gmx_default_OSC_default_Vsup_pm6V_20260909,1,309,2026-09-09T10:43:18.594180+00:00,2.035470000000e+02,-9.774451000000e-06,-9.764686313686e-09
Offset_RevB_Chip_5_wiShield_Gmx_default_OSC_default_Vsup_pm6V_20260909,1,310,2026-09-09T10:43:19.258180+00:00,2.042110000000e+02,-2.139074000000e-05,-2.136937062937e-08
Offset_RevB_Chip_5_wiShield_Gmx_default_OSC_default_Vsup_pm6V_20260909,1,311,2026-09-09T10:43:19.922180+00:00,2.048750000000e+02,6.504673000000e-06,6.498174825175e-09
Offset_RevB_Chip_5_wiShield_Gmx_default_OSC_default_Vsup_pm6V_20260909,1,312,2026-09-09T10:43:20.578680+00:00,2.055315000000e+02,-9.792835000000e-06,-9.783051948052e-09
Offset_RevB_Chip_5_wiShield_Gmx_default_OSC_default_Vsup_pm6V_20260909,1,313,2026-09-09T10:43:21.235180+00:00,2.061880000000e+02,-4.151445000000e-06,-4.147297702298e-09
Offset_RevB_Chip_5_wiShield_Gmx_default_OSC_default_Vsup_pm6V_20260909,1,314,2026-09-09T10:43:21.891180+00:00,2.068440000000e+02,-2.013594000000e-05,-2.011582417582e-08
Offset_RevB_Chip_5_wiShield_Gmx_default_OSC_default_Vsup_pm6V_20260909,1,315,2026-09-09T10:43:22.555180+00:00,2.075080000000e+02,-1.213774000000e-05,-1.212561438561e-08
Offset_RevB_Chip_5_wiShield_Gmx_default_OSC_default_Vsup_pm6V_20260909,1,316,2026-09-09T10:43:23.219180+00:00,2.081720000000e+02,-1.161689000000e-05,-1.160528471528e-08
Offset_RevB_Chip_5_wiShield_Gmx_default_OSC_default_Vsup_pm6V_20260909,1,317,2026-09-09T10:43:23.875180+00:00,2.088280000000e+02,-2.340097000000e-05,-2.337759240759e-08
Offset_RevB_Chip_5_wiShield_Gmx_default_OSC_default_Vsup_pm6V_20260909,1,318,2026-09-09T10:43:24.531680+00:00,2.094845000000e+02,-5.240520000000e-06,-5.235284715285e-09
Offset_RevB_Chip_5_wiShield_Gmx_default_OSC_default_Vsup_pm6V_20260909,1,319,2026-09-09T10:43:25.188180+00:00,2.101410000000e+02,-1.009851000000e-05,-1.008842157842e-08
Offset_RevB_Chip_5_wiShield_Gmx_default_OSC_default_Vsup_pm6V_20260909,1,320,2026-09-09T10:43:25.852180+00:00,2.108050000000e+02,-1.733635000000e-05,-1.731903096903e-08
Offset_RevB_Chip_5_wiShield_Gmx_default_OSC_default_Vsup_pm6V_20260909,1,321,2026-09-09T10:43:26.516180+00:00,2.114690000000e+02,-1.242645000000e-05,-1.241403596404e-08
Offset_RevB_Chip_5_wiShield_Gmx_default_OSC_default_Vsup_pm6V_20260909,1,322,2026-09-09T10:43:27.172180+00:00,2.121250000000e+02,-2.282730000000e-05,-2.280449550450e-08
Offset_RevB_Chip_5_wiShield_Gmx_default_OSC_default_Vsup_pm6V_20260909,1,323,2026-09-09T10:43:27.828680+00:00,2.127815000000e+02,-1.543888000000e-05,-1.542345654346e-08
Offset_RevB_Chip_5_wiShield_Gmx_default_OSC_default_Vsup_pm6V_20260909,1,324,2026-09-09T10:43:28.492680+00:00,2.134455000000e+02,-4.941451000000e-06,-4.936514485514e-09
Offset_RevB_Chip_5_wiShield_Gmx_default_OSC_default_Vsup_pm6V_20260909,1,325,2026-09-09T10:43:29.156680+00:00,2.141095000000e+02,-1.232534000000e-05,-1.231302697303e-08
Offset_RevB_Chip_5_wiShield_Gmx_default_OSC_default_Vsup_pm6V_20260909,1,326,2026-09-09T10:43:29.813180+00:00,2.147660000000e+02,-1.273290000000e-05,-1.272017982018e-08
Offset_RevB_Chip_5_wiShield_Gmx_default_OSC_default_Vsup_pm6V_20260909,1,327,2026-09-09T10:43:30.469180+00:00,2.154220000000e+02,-1.096334000000e-05,-1.095238761239e-08
Offset_RevB_Chip_5_wiShield_Gmx_default_OSC_default_Vsup_pm6V_20260909,1,328,2026-09-09T10:43:31.125180+00:00,2.160780000000e+02,-3.114076000000e-05,-3.110965034965e-08
Offset_RevB_Chip_5_wiShield_Gmx_default_OSC_default_Vsup_pm6V_20260909,1,329,2026-09-09T10:43:31.797180+00:00,2.167500000000e+02,-2.579662000000e-05,-2.577084915085e-08
Offset_RevB_Chip_5_wiShield_Gmx_default_OSC_default_Vsup_pm6V_20260909,1,330,2026-09-09T10:43:32.453680+00:00,2.174065000000e+02,3.507529000000e-06,3.504024975025e-09
Offset_RevB_Chip_5_wiShield_Gmx_default_OSC_default_Vsup_pm6V_20260909,1,331,2026-09-09T10:43:33.110180+00:00,2.180630000000e+02,-1.143460000000e-05,-1.142317682318e-08
Offset_RevB_Chip_5_wiShield_Gmx_default_OSC_default_Vsup_pm6V_20260909,1,332,2026-09-09T10:43:33.766180+00:00,2.187190000000e+02,-6.840699000000e-07,-6.833865134865e-10
Offset_RevB_Chip_5_wiShield_Gmx_default_OSC_default_Vsup_pm6V_20260909,1,333,2026-09-09T10:43:34.430180+00:00,2.193830000000e+02,9.547138000000e-07,9.537600399600e-10
Offset_RevB_Chip_5_wiShield_Gmx_default_OSC_default_Vsup_pm6V_20260909,1,334,2026-09-09T10:43:35.094180+00:00,2.200470000000e+02,-6.413749000000e-06,-6.407341658342e-09
Offset_RevB_Chip_5_wiShield_Gmx_default_OSC_default_Vsup_pm6V_20260909,1,335,2026-09-09T10:43:35.750180+00:00,2.207030000000e+02,-7.854716000000e-06,-7.846869130869e-09
Offset_RevB_Chip_5_wiShield_Gmx_default_OSC_default_Vsup_pm6V_20260909,1,336,2026-09-09T10:43:36.406680+00:00,2.213595000000e+02,-7.528847000000e-06,-7.521325674326e-09
Offset_RevB_Chip_5_wiShield_Gmx_default_OSC_default_Vsup_pm6V_20260909,1,337,2026-09-09T10:43:37.063180+00:00,2.220160000000e+02,-4.885522000000e-06,-4.880641358641e-09
Offset_RevB_Chip_5_wiShield_Gmx_default_OSC_default_Vsup_pm6V_20260909,1,338,2026-09-09T10:43:37.727180+00:00,2.226800000000e+02,-1.158142000000e-05,-1.156985014985e-08
Offset_RevB_Chip_5_wiShield_Gmx_default_OSC_default_Vsup_pm6V_20260909,1,339,2026-09-09T10:43:38.391180+00:00,2.233440000000e+02,-8.499072000000e-06,-8.490581418581e-09
Offset_RevB_Chip_5_wiShield_Gmx_default_OSC_default_Vsup_pm6V_20260909,1,340,2026-09-09T10:43:39.047180+00:00,2.240000000000e+02,-2.148822000000e-05,-2.146675324675e-08
Offset_RevB_Chip_5_wiShield_Gmx_default_OSC_default_Vsup_pm6V_20260909,1,341,2026-09-09T10:43:39.703680+00:00,2.246565000000e+02,-8.352904000000e-06,-8.344559440559e-09
Offset_RevB_Chip_5_wiShield_Gmx_default_OSC_default_Vsup_pm6V_20260909,1,342,2026-09-09T10:43:40.367680+00:00,2.253205000000e+02,-5.025584000000e-07,-5.020563436563e-10
Offset_RevB_Chip_5_wiShield_Gmx_default_OSC_default_Vsup_pm6V_20260909,1,343,2026-09-09T10:43:41.031680+00:00,2.259845000000e+02,-3.060945000000e-06,-3.057887112887e-09
Offset_RevB_Chip_5_wiShield_Gmx_default_OSC_default_Vsup_pm6V_20260909,1,344,2026-09-09T10:43:41.688180+00:00,2.266410000000e+02,-3.719270000000e-07,-3.715554445554e-10
Offset_RevB_Chip_5_wiShield_Gmx_default_OSC_default_Vsup_pm6V_20260909,1,345,2026-09-09T10:43:42.344180+00:00,2.272970000000e+02,-4.541917000000e-06,-4.537379620380e-09
Offset_RevB_Chip_5_wiShield_Gmx_default_OSC_default_Vsup_pm6V_20260909,1,346,2026-09-09T10:43:43.008180+00:00,2.279610000000e+02,-1.011844000000e-05,-1.010833166833e-08
Offset_RevB_Chip_5_wiShield_Gmx_default_OSC_default_Vsup_pm6V_20260909,1,347,2026-09-09T10:43:43.672180+00:00,2.286250000000e+02,-5.258127000000e-06,-5.252874125874e-09
Offset_RevB_Chip_5_wiShield_Gmx_default_OSC_default_Vsup_pm6V_20260909,1,348,2026-09-09T10:43:44.328680+00:00,2.292815000000e+02,8.112647000000e-07,8.104542457542e-10
Offset_RevB_Chip_5_wiShield_Gmx_default_OSC_default_Vsup_pm6V_20260909,1,349,2026-09-09T10:43:44.985180+00:00,2.299380000000e+02,-2.286756000000e-05,-2.284471528472e-08
Offset_RevB_Chip_5_wiShield_Gmx_default_OSC_default_Vsup_pm6V_20260909,1,350,2026-09-09T10:43:45.641180+00:00,2.305940000000e+02,-4.907272000000e-06,-4.902369630370e-09
Offset_RevB_Chip_5_wiShield_Gmx_default_OSC_default_Vsup_pm6V_20260909,1,351,2026-09-09T10:43:46.305180+00:00,2.312580000000e+02,-8.957643000000e-06,-8.948694305694e-09
Offset_RevB_Chip_5_wiShield_Gmx_default_OSC_default_Vsup_pm6V_20260909,1,352,2026-09-09T10:43:46.969180+00:00,2.319220000000e+02,-1.812260000000e-05,-1.810449550450e-08
Offset_RevB_Chip_5_wiShield_Gmx_default_OSC_default_Vsup_pm6V_20260909,1,353,2026-09-09T10:43:47.625180+00:00,2.325780000000e+02,-3.170652000000e-05,-3.167484515485e-08
Offset_RevB_Chip_5_wiShield_Gmx_default_OSC_default_Vsup_pm6V_20260909,1,354,2026-09-09T10:43:48.281680+00:00,2.332345000000e+02,2.631819000000e-06,2.629189810190e-09
Offset_RevB_Chip_5_wiShield_Gmx_default_OSC_default_Vsup_pm6V_20260909,1,355,2026-09-09T10:43:48.946180+00:00,2.338990000000e+02,-1.456874000000e-05,-1.455418581419e-08
Offset_RevB_Chip_5_wiShield_Gmx_default_OSC_default_Vsup_pm6V_20260909,1,356,2026-09-09T10:43:49.610180+00:00,2.345630000000e+02,-1.601708000000e-05,-1.600107892108e-08
Offset_RevB_Chip_5_wiShield_Gmx_default_OSC_default_Vsup_pm6V_20260909,1,357,2026-09-09T10:43:50.266180+00:00,2.352190000000e+02,5.002216000000e-06,4.997218781219e-09
Offset_RevB_Chip_5_wiShield_Gmx_default_OSC_default_Vsup_pm6V_20260909,1,358,2026-09-09T10:43:50.922180+00:00,2.358750000000e+02,-7.120767000000e-06,-7.113653346653e-09
Offset_RevB_Chip_5_wiShield_Gmx_default_OSC_default_Vsup_pm6V_20260909,1,359,2026-09-09T10:43:51.578680+00:00,2.365315000000e+02,-7.345781000000e-06,-7.338442557443e-09
Offset_RevB_Chip_5_wiShield_Gmx_default_OSC_default_Vsup_pm6V_20260909,1,360,2026-09-09T10:43:52.242680+00:00,2.371955000000e+02,-2.008286000000e-05,-2.006279720280e-08
Offset_RevB_Chip_5_wiShield_Gmx_default_OSC_default_Vsup_pm6V_20260909,1,361,2026-09-09T10:43:52.906680+00:00,2.378595000000e+02,-8.145109000000e-06,-8.136972027972e-09
Offset_RevB_Chip_5_wiShield_Gmx_default_OSC_default_Vsup_pm6V_20260909,1,362,2026-09-09T10:43:53.563180+00:00,2.385160000000e+02,-1.104802000000e-05,-1.103698301698e-08
Offset_RevB_Chip_5_wiShield_Gmx_default_OSC_default_Vsup_pm6V_20260909,1,363,2026-09-09T10:43:54.219180+00:00,2.391720000000e+02,-1.463645000000e-05,-1.462182817183e-08
Offset_RevB_Chip_5_wiShield_Gmx_default_OSC_default_Vsup_pm6V_20260909,1,364,2026-09-09T10:43:54.875180+00:00,2.398280000000e+02,1.821360000000e-06,1.819540459540e-09
Offset_RevB_Chip_5_wiShield_Gmx_default_OSC_default_Vsup_pm6V_20260909,1,365,2026-09-09T10:43:55.539180+00:00,2.404920000000e+02,-1.723472000000e-05,-1.721750249750e-08
Offset_RevB_Chip_5_wiShield_Gmx_default_OSC_default_Vsup_pm6V_20260909,1,366,2026-09-09T10:43:56.203680+00:00,2.411565000000e+02,-1.459450000000e-05,-1.457992007992e-08
Offset_RevB_Chip_5_wiShield_Gmx_default_OSC_default_Vsup_pm6V_20260909,1,367,2026-09-09T10:43:56.860180+00:00,2.418130000000e+02,-1.483635000000e-05,-1.482152847153e-08
Offset_RevB_Chip_5_wiShield_Gmx_default_OSC_default_Vsup_pm6V_20260909,1,368,2026-09-09T10:43:57.516180+00:00,2.424690000000e+02,-1.254724000000e-05,-1.253470529471e-08
Offset_RevB_Chip_5_wiShield_Gmx_default_OSC_default_Vsup_pm6V_20260909,1,369,2026-09-09T10:43:58.180180+00:00,2.431330000000e+02,-1.089040000000e-06,-1.087952047952e-09
Offset_RevB_Chip_5_wiShield_Gmx_default_OSC_default_Vsup_pm6V_20260909,1,370,2026-09-09T10:43:58.844180+00:00,2.437970000000e+02,-1.068629000000e-05,-1.067561438561e-08
Offset_RevB_Chip_5_wiShield_Gmx_default_OSC_default_Vsup_pm6V_20260909,1,371,2026-09-09T10:43:59.500180+00:00,2.444530000000e+02,-2.612728000000e-05,-2.610117882118e-08
Offset_RevB_Chip_5_wiShield_Gmx_default_OSC_default_Vsup_pm6V_20260909,1,372,2026-09-09T10:44:00.156680+00:00,2.451095000000e+02,-5.315740000000e-06,-5.310429570430e-09
Offset_RevB_Chip_5_wiShield_Gmx_default_OSC_default_Vsup_pm6V_20260909,1,373,2026-09-09T10:44:00.813180+00:00,2.457660000000e+02,-4.985341000000e-06,-4.980360639361e-09
Offset_RevB_Chip_5_wiShield_Gmx_default_OSC_default_Vsup_pm6V_20260909,1,374,2026-09-09T10:44:01.477180+00:00,2.464300000000e+02,-1.336275000000e-05,-1.334940059940e-08
Offset_RevB_Chip_5_wiShield_Gmx_default_OSC_default_Vsup_pm6V_20260909,1,375,2026-09-09T10:44:02.141180+00:00,2.470940000000e+02,-1.673342000000e-05,-1.671670329670e-08
Offset_RevB_Chip_5_wiShield_Gmx_default_OSC_default_Vsup_pm6V_20260909,1,376,2026-09-09T10:44:02.797180+00:00,2.477500000000e+02,-5.914265000000e-06,-5.908356643357e-09
Offset_RevB_Chip_5_wiShield_Gmx_default_OSC_default_Vsup_pm6V_20260909,1,377,2026-09-09T10:44:03.453680+00:00,2.484065000000e+02,-6.784930000000e-06,-6.778151848152e-09
Offset_RevB_Chip_5_wiShield_Gmx_default_OSC_default_Vsup_pm6V_20260909,1,378,2026-09-09T10:44:04.117680+00:00,2.490705000000e+02,2.973998000000e-06,2.971026973027e-09
Offset_RevB_Chip_5_wiShield_Gmx_default_OSC_default_Vsup_pm6V_20260909,1,379,2026-09-09T10:44:04.781680+00:00,2.497345000000e+02,-1.676947000000e-06,-1.675271728272e-09
Offset_RevB_Chip_5_wiShield_Gmx_default_OSC_default_Vsup_pm6V_20260909,1,380,2026-09-09T10:44:05.438180+00:00,2.503910000000e+02,-1.372960000000e-06,-1.371588411588e-09
Offset_RevB_Chip_5_wiShield_Gmx_default_OSC_default_Vsup_pm6V_20260909,1,381,2026-09-09T10:44:06.094180+00:00,2.510470000000e+02,-1.083595000000e-05,-1.082512487512e-08
Offset_RevB_Chip_5_wiShield_Gmx_default_OSC_default_Vsup_pm6V_20260909,1,382,2026-09-09T10:44:06.750180+00:00,2.517030000000e+02,-8.088920000000e-06,-8.080839160839e-09
Offset_RevB_Chip_5_wiShield_Gmx_default_OSC_default_Vsup_pm6V_20260909,1,383,2026-09-09T10:44:07.422180+00:00,2.523750000000e+02,-8.867534000000e-06,-8.858675324675e-09
Offset_RevB_Chip_5_wiShield_Gmx_default_OSC_default_Vsup_pm6V_20260909,1,384,2026-09-09T10:44:08.078680+00:00,2.530315000000e+02,-5.036221000000e-06,-5.031189810190e-09
Offset_RevB_Chip_5_wiShield_Gmx_default_OSC_default_Vsup_pm6V_20260909,1,385,2026-09-09T10:44:08.735180+00:00,2.536880000000e+02,4.936839000000e-07,4.931907092907e-10
Offset_RevB_Chip_5_wiShield_Gmx_default_OSC_default_Vsup_pm6V_20260909,1,386,2026-09-09T10:44:09.391180+00:00,2.543440000000e+02,-1.155073000000e-05,-1.153919080919e-08
Offset_RevB_Chip_5_wiShield_Gmx_default_OSC_default_Vsup_pm6V_20260909,1,387,2026-09-09T10:44:10.055180+00:00,2.550080000000e+02,-8.863520000000e-06,-8.854665334665e-09
Offset_RevB_Chip_5_wiShield_Gmx_default_OSC_default_Vsup_pm6V_20260909,1,388,2026-09-09T10:44:10.719180+00:00,2.556720000000e+02,-9.282216000000e-06,-9.272943056943e-09
Offset_RevB_Chip_5_wiShield_Gmx_default_OSC_default_Vsup_pm6V_20260909,1,389,2026-09-09T10:44:11.375180+00:00,2.563280000000e+02,-6.434075000000e-06,-6.427647352647e-09
Offset_RevB_Chip_5_wiShield_Gmx_default_OSC_default_Vsup_pm6V_20260909,1,390,2026-09-09T10:44:12.031680+00:00,2.569845000000e+02,-1.046982000000e-05,-1.045936063936e-08
Offset_RevB_Chip_5_wiShield_Gmx_default_OSC_default_Vsup_pm6V_20260909,1,391,2026-09-09T10:44:12.696180+00:00,2.576490000000e+02,-2.183921000000e-05,-2.181739260739e-08
Offset_RevB_Chip_5_wiShield_Gmx_default_OSC_default_Vsup_pm6V_20260909,1,392,2026-09-09T10:44:13.360180+00:00,2.583130000000e+02,7.654335000000e-07,7.646688311688e-10
Offset_RevB_Chip_5_wiShield_Gmx_default_OSC_default_Vsup_pm6V_20260909,1,393,2026-09-09T10:44:14.016180+00:00,2.589690000000e+02,-4.185351000000e-07,-4.181169830170e-10
Offset_RevB_Chip_5_wiShield_Gmx_default_OSC_default_Vsup_pm6V_20260909,1,394,2026-09-09T10:44:14.672180+00:00,2.596250000000e+02,2.992256000000e-07,2.989266733267e-10
Offset_RevB_Chip_5_wiShield_Gmx_default_OSC_default_Vsup_pm6V_20260909,1,395,2026-09-09T10:44:15.336180+00:00,2.602890000000e+02,-4.655718000000e-06,-4.651066933067e-09
Offset_RevB_Chip_5_wiShield_Gmx_default_OSC_default_Vsup_pm6V_20260909,1,396,2026-09-09T10:44:16.000180+00:00,2.609530000000e+02,-2.157008000000e-06,-2.154853146853e-09
Offset_RevB_Chip_5_wiShield_Gmx_default_OSC_default_Vsup_pm6V_20260909,1,397,2026-09-09T10:44:16.656680+00:00,2.616095000000e+02,-6.164783000000e-06,-6.158624375624e-09
Offset_RevB_Chip_5_wiShield_Gmx_default_OSC_default_Vsup_pm6V_20260909,1,398,2026-09-09T10:44:17.313180+00:00,2.622660000000e+02,-1.009617000000e-05,-1.008608391608e-08
Offset_RevB_Chip_5_wiShield_Gmx_default_OSC_default_Vsup_pm6V_20260909,1,399,2026-09-09T10:44:17.977180+00:00,2.629300000000e+02,-5.762250000000e-07,-5.756493506494e-10
Offset_RevB_Chip_5_wiShield_Gmx_default_OSC_default_Vsup_pm6V_20260909,1,400,2026-09-09T10:44:18.641180+00:00,2.635940000000e+02,-5.033330000000e-08,-5.028301698302e-11
Offset_RevB_Chip_5_wiShield_Gmx_default_OSC_default_Vsup_pm6V_20260909,1,401,2026-09-09T10:44:19.297180+00:00,2.642500000000e+02,1.190082000000e-06,1.188893106893e-09
Offset_RevB_Chip_5_wiShield_Gmx_default_OSC_default_Vsup_pm6V_20260909,1,402,2026-09-09T10:44:19.953680+00:00,2.649065000000e+02,-1.575879000000e-05,-1.574304695305e-08
Offset_RevB_Chip_5_wiShield_Gmx_default_OSC_default_Vsup_pm6V_20260909,1,403,2026-09-09T10:44:20.617680+00:00,2.655705000000e+02,-7.854584000000e-06,-7.846737262737e-09
Offset_RevB_Chip_5_wiShield_Gmx_default_OSC_default_Vsup_pm6V_20260909,1,404,2026-09-09T10:44:21.281680+00:00,2.662345000000e+02,-8.754119000000e-06,-8.745373626374e-09
Offset_RevB_Chip_5_wiShield_Gmx_default_OSC_default_Vsup_pm6V_20260909,1,405,2026-09-09T10:44:21.938180+00:00,2.668910000000e+02,-1.363722000000e-05,-1.362359640360e-08
Offset_RevB_Chip_5_wiShield_Gmx_default_OSC_default_Vsup_pm6V_20260909,1,406,2026-09-09T10:44:22.602180+00:00,2.675550000000e+02,-1.640807000000e-05,-1.639167832168e-08
Offset_RevB_Chip_5_wiShield_Gmx_default_OSC_default_Vsup_pm6V_20260909,1,407,2026-09-09T10:44:23.266180+00:00,2.682190000000e+02,-8.777812000000e-06,-8.769042957043e-09
Offset_RevB_Chip_5_wiShield_Gmx_default_OSC_default_Vsup_pm6V_20260909,1,408,2026-09-09T10:44:23.922180+00:00,2.688750000000e+02,7.740683000000e-06,7.732950049950e-09
Offset_RevB_Chip_5_wiShield_Gmx_default_OSC_default_Vsup_pm6V_20260909,1,409,2026-09-09T10:44:24.578680+00:00,2.695315000000e+02,-1.089692000000e-05,-1.088603396603e-08
Offset_RevB_Chip_5_wiShield_Gmx_default_OSC_default_Vsup_pm6V_20260909,1,410,2026-09-09T10:44:25.242680+00:00,2.701955000000e+02,-6.634100000000e-06,-6.627472527473e-09
Offset_RevB_Chip_5_wiShield_Gmx_default_OSC_default_Vsup_pm6V_20260909,1,411,2026-09-09T10:44:25.906680+00:00,2.708595000000e+02,-5.045283000000e-06,-5.040242757243e-09
Offset_RevB_Chip_5_wiShield_Gmx_default_OSC_default_Vsup_pm6V_20260909,1,412,2026-09-09T10:44:26.563180+00:00,2.715160000000e+02,-3.367264000000e-06,-3.363900099900e-09
Offset_RevB_Chip_5_wiShield_Gmx_default_OSC_default_Vsup_pm6V_20260909,1,413,2026-09-09T10:44:27.219180+00:00,2.721720000000e+02,1.480346000000e-06,1.478867132867e-09
Offset_RevB_Chip_5_wiShield_Gmx_default_OSC_default_Vsup_pm6V_20260909,1,414,2026-09-09T10:44:27.883180+00:00,2.728360000000e+02,-2.618282000000e-05,-2.615666333666e-08
Offset_RevB_Chip_5_wiShield_Gmx_default_OSC_default_Vsup_pm6V_20260909,1,415,2026-09-09T10:44:28.547180+00:00,2.735000000000e+02,-8.117241000000e-07,-8.109131868132e-10
Offset_RevB_Chip_5_wiShield_Gmx_default_OSC_default_Vsup_pm6V_20260909,1,416,2026-09-09T10:44:29.203680+00:00,2.741565000000e+02,1.577445000000e-06,1.575869130869e-09
Offset_RevB_Chip_5_wiShield_Gmx_default_OSC_default_Vsup_pm6V_20260909,1,417,2026-09-09T10:44:29.867680+00:00,2.748205000000e+02,-8.923074000000e-06,-8.914159840160e-09
Offset_RevB_Chip_5_wiShield_Gmx_default_OSC_default_Vsup_pm6V_20260909,1,418,2026-09-09T10:44:30.531680+00:00,2.754845000000e+02,1.358569000000e-05,1.357211788212e-08
Offset_RevB_Chip_5_wiShield_Gmx_default_OSC_default_Vsup_pm6V_20260909,1,419,2026-09-09T10:44:31.188180+00:00,2.761410000000e+02,-8.701426000000e-06,-8.692733266733e-09
Offset_RevB_Chip_5_wiShield_Gmx_default_OSC_default_Vsup_pm6V_20260909,1,420,2026-09-09T10:44:31.844180+00:00,2.767970000000e+02,4.641262000000e-06,4.636625374625e-09
Offset_RevB_Chip_5_wiShield_Gmx_default_OSC_default_Vsup_pm6V_20260909,1,421,2026-09-09T10:44:32.516180+00:00,2.774690000000e+02,4.637508000000e-06,4.632875124875e-09
Offset_RevB_Chip_5_wiShield_Gmx_default_OSC_default_Vsup_pm6V_20260909,1,422,2026-09-09T10:44:33.188180+00:00,2.781410000000e+02,-1.093978000000e-05,-1.092885114885e-08
Offset_RevB_Chip_5_wiShield_Gmx_default_OSC_default_Vsup_pm6V_20260909,1,423,2026-09-09T10:44:33.844180+00:00,2.787970000000e+02,-2.490902000000e-06,-2.488413586414e-09
Offset_RevB_Chip_5_wiShield_Gmx_default_OSC_default_Vsup_pm6V_20260909,1,424,2026-09-09T10:44:34.508180+00:00,2.794610000000e+02,9.542335000000e-06,9.532802197802e-09
Offset_RevB_Chip_5_wiShield_Gmx_default_OSC_default_Vsup_pm6V_20260909,1,425,2026-09-09T10:44:35.172180+00:00,2.801250000000e+02,-1.928443000000e-05,-1.926516483516e-08
Offset_RevB_Chip_5_wiShield_Gmx_default_OSC_default_Vsup_pm6V_20260909,1,426,2026-09-09T10:44:35.828680+00:00,2.807815000000e+02,-6.544897000000e-06,-6.538358641359e-09
Offset_RevB_Chip_5_wiShield_Gmx_default_OSC_default_Vsup_pm6V_20260909,1,427,2026-09-09T10:44:36.485180+00:00,2.814380000000e+02,-9.128278000000e-06,-9.119158841159e-09
Offset_RevB_Chip_5_wiShield_Gmx_default_OSC_default_Vsup_pm6V_20260909,1,428,2026-09-09T10:44:37.149180+00:00,2.821020000000e+02,-1.086041000000e-05,-1.084956043956e-08
Offset_RevB_Chip_5_wiShield_Gmx_default_OSC_default_Vsup_pm6V_20260909,1,429,2026-09-09T10:44:37.813180+00:00,2.827660000000e+02,-8.751530000000e-06,-8.742787212787e-09
Offset_RevB_Chip_5_wiShield_Gmx_default_OSC_default_Vsup_pm6V_20260909,1,430,2026-09-09T10:44:38.469180+00:00,2.834220000000e+02,-2.061872000000e-05,-2.059812187812e-08
Offset_RevB_Chip_5_wiShield_Gmx_default_OSC_default_Vsup_pm6V_20260909,1,431,2026-09-09T10:44:39.125180+00:00,2.840780000000e+02,5.328339000000e-06,5.323015984016e-09
Offset_RevB_Chip_5_wiShield_Gmx_default_OSC_default_Vsup_pm6V_20260909,1,432,2026-09-09T10:44:39.797180+00:00,2.847500000000e+02,-1.169366000000e-05,-1.168197802198e-08
Offset_RevB_Chip_5_wiShield_Gmx_default_OSC_default_Vsup_pm6V_20260909,1,433,2026-09-09T10:44:40.453680+00:00,2.854065000000e+02,-5.138369000000e-06,-5.133235764236e-09
Offset_RevB_Chip_5_wiShield_Gmx_default_OSC_default_Vsup_pm6V_20260909,1,434,2026-09-09T10:44:41.110180+00:00,2.860630000000e+02,-1.216824000000e-06,-1.215608391608e-09
Offset_RevB_Chip_5_wiShield_Gmx_default_OSC_default_Vsup_pm6V_20260909,1,435,2026-09-09T10:44:41.774180+00:00,2.867270000000e+02,-8.470199000000e-06,-8.461737262737e-09
Offset_RevB_Chip_5_wiShield_Gmx_default_OSC_default_Vsup_pm6V_20260909,1,436,2026-09-09T10:44:42.438180+00:00,2.873910000000e+02,-1.761276000000e-05,-1.759516483516e-08
Offset_RevB_Chip_5_wiShield_Gmx_default_OSC_default_Vsup_pm6V_20260909,1,437,2026-09-09T10:44:43.094180+00:00,2.880470000000e+02,2.719208000000e-06,2.716491508492e-09
Offset_RevB_Chip_5_wiShield_Gmx_default_OSC_default_Vsup_pm6V_20260909,1,438,2026-09-09T10:44:43.750180+00:00,2.887030000000e+02,-4.159083000000e-06,-4.154928071928e-09
Offset_RevB_Chip_5_wiShield_Gmx_default_OSC_default_Vsup_pm6V_20260909,1,439,2026-09-09T10:44:44.414180+00:00,2.893670000000e+02,-3.262259000000e-07,-3.259000000000e-10
Offset_RevB_Chip_5_wiShield_Gmx_default_OSC_default_Vsup_pm6V_20260909,1,440,2026-09-09T10:44:45.078680+00:00,2.900315000000e+02,1.957835000000e-08,1.955879120879e-11
Offset_RevB_Chip_5_wiShield_Gmx_default_OSC_default_Vsup_pm6V_20260909,1,441,2026-09-09T10:44:45.735180+00:00,2.906880000000e+02,-1.542050000000e-05,-1.540509490509e-08
Offset_RevB_Chip_5_wiShield_Gmx_default_OSC_default_Vsup_pm6V_20260909,1,442,2026-09-09T10:44:46.391180+00:00,2.913440000000e+02,3.794295000000e-06,3.790504495504e-09
Offset_RevB_Chip_5_wiShield_Gmx_default_OSC_default_Vsup_pm6V_20260909,1,443,2026-09-09T10:44:47.055180+00:00,2.920080000000e+02,-2.694188000000e-05,-2.691496503497e-08
Offset_RevB_Chip_5_wiShield_Gmx_default_OSC_default_Vsup_pm6V_20260909,1,444,2026-09-09T10:44:47.719180+00:00,2.926720000000e+02,-4.549943000000e-06,-4.545397602398e-09
Offset_RevB_Chip_5_wiShield_Gmx_default_OSC_default_Vsup_pm6V_20260909,1,445,2026-09-09T10:44:48.375180+00:00,2.933280000000e+02,1.418033000000e-05,1.416616383616e-08
Offset_RevB_Chip_5_wiShield_Gmx_default_OSC_default_Vsup_pm6V_20260909,1,446,2026-09-09T10:44:49.039180+00:00,2.939920000000e+02,-1.557922000000e-05,-1.556365634366e-08
Offset_RevB_Chip_5_wiShield_Gmx_default_OSC_default_Vsup_pm6V_20260909,1,447,2026-09-09T10:44:49.703680+00:00,2.946565000000e+02,-6.928379000000e-06,-6.921457542458e-09
Offset_RevB_Chip_5_wiShield_Gmx_default_OSC_default_Vsup_pm6V_20260909,1,448,2026-09-09T10:44:50.360180+00:00,2.953130000000e+02,-1.416855000000e-05,-1.415439560440e-08
Offset_RevB_Chip_5_wiShield_Gmx_default_OSC_default_Vsup_pm6V_20260909,1,449,2026-09-09T10:44:51.016180+00:00,2.959690000000e+02,6.273185000000e-06,6.266918081918e-09
Offset_RevB_Chip_5_wiShield_Gmx_default_OSC_default_Vsup_pm6V_20260909,1,450,2026-09-09T10:44:51.680180+00:00,2.966330000000e+02,5.021894000000e-06,5.016877122877e-09
Offset_RevB_Chip_5_wiShield_Gmx_default_OSC_default_Vsup_pm6V_20260909,1,451,2026-09-09T10:44:52.344180+00:00,2.972970000000e+02,-7.556940000000e-06,-7.549390609391e-09
Offset_RevB_Chip_5_wiShield_Gmx_default_OSC_default_Vsup_pm6V_20260909,1,452,2026-09-09T10:44:53.000180+00:00,2.979530000000e+02,-6.340858000000e-06,-6.334523476523e-09
Offset_RevB_Chip_5_wiShield_Gmx_default_OSC_default_Vsup_pm6V_20260909,1,453,2026-09-09T10:44:53.656680+00:00,2.986095000000e+02,-9.718130000000e-06,-9.708421578422e-09
Offset_RevB_Chip_5_wiShield_Gmx_default_OSC_default_Vsup_pm6V_20260909,1,454,2026-09-09T10:44:54.321180+00:00,2.992740000000e+02,-9.952983000000e-06,-9.943039960040e-09
Offset_RevB_Chip_5_wiShield_Gmx_default_OSC_default_Vsup_pm6V_20260909,1,455,2026-09-09T10:44:54.985180+00:00,2.999380000000e+02,-1.811074000000e-06,-1.809264735265e-09
Offset_RevB_Chip_5_wiShield_Gmx_default_OSC_default_Vsup_pm6V_20260909,1,456,2026-09-09T10:44:55.641180+00:00,3.005940000000e+02,-1.296775000000e-05,-1.295479520480e-08
Offset_RevB_Chip_5_wiShield_Gmx_default_OSC_default_Vsup_pm6V_20260909,1,457,2026-09-09T10:44:56.305180+00:00,3.012580000000e+02,-3.159210000000e-06,-3.156053946054e-09
Offset_RevB_Chip_5_wiShield_Gmx_default_OSC_default_Vsup_pm6V_20260909,1,458,2026-09-09T10:44:56.969180+00:00,3.019220000000e+02,3.980079000000e-06,3.976102897103e-09
Offset_RevB_Chip_5_wiShield_Gmx_default_OSC_default_Vsup_pm6V_20260909,1,459,2026-09-09T10:44:57.625180+00:00,3.025780000000e+02,-1.253572000000e-05,-1.252319680320e-08
Offset_RevB_Chip_5_wiShield_Gmx_default_OSC_default_Vsup_pm6V_20260909,1,460,2026-09-09T10:44:58.281680+00:00,3.032345000000e+02,-4.732491000000e-06,-4.727763236763e-09
Offset_RevB_Chip_5_wiShield_Gmx_default_OSC_default_Vsup_pm6V_20260909,1,461,2026-09-09T10:44:58.946180+00:00,3.038990000000e+02,-8.582577000000e-06,-8.574002997003e-09
Offset_RevB_Chip_5_wiShield_Gmx_default_OSC_default_Vsup_pm6V_20260909,1,462,2026-09-09T10:44:59.610180+00:00,3.045630000000e+02,-9.815878000000e-06,-9.806071928072e-09
Offset_RevB_Chip_5_wiShield_Gmx_default_OSC_default_Vsup_pm6V_20260909,1,463,2026-09-09T10:45:00.266180+00:00,3.052190000000e+02,-2.547868000000e-06,-2.545322677323e-09
Offset_RevB_Chip_5_wiShield_Gmx_default_OSC_default_Vsup_pm6V_20260909,1,464,2026-09-09T10:45:00.922180+00:00,3.058750000000e+02,2.069546000000e-06,2.067478521479e-09
Offset_RevB_Chip_5_wiShield_Gmx_default_OSC_default_Vsup_pm6V_20260909,1,465,2026-09-09T10:45:01.586180+00:00,3.065390000000e+02,-1.378857000000e-05,-1.377479520480e-08
Offset_RevB_Chip_5_wiShield_Gmx_default_OSC_default_Vsup_pm6V_20260909,1,466,2026-09-09T10:45:02.250180+00:00,3.072030000000e+02,-1.578676000000e-05,-1.577098901099e-08
Offset_RevB_Chip_5_wiShield_Gmx_default_OSC_default_Vsup_pm6V_20260909,1,467,2026-09-09T10:45:02.906680+00:00,3.078595000000e+02,-1.236689000000e-05,-1.235453546454e-08
Offset_RevB_Chip_5_wiShield_Gmx_default_OSC_default_Vsup_pm6V_20260909,1,468,2026-09-09T10:45:03.563180+00:00,3.085160000000e+02,-1.969174000000e-05,-1.967206793207e-08
Offset_RevB_Chip_5_wiShield_Gmx_default_OSC_default_Vsup_pm6V_20260909,1,469,2026-09-09T10:45:04.227180+00:00,3.091800000000e+02,-3.240257000000e-06,-3.237019980020e-09
Offset_RevB_Chip_5_wiShield_Gmx_default_OSC_default_Vsup_pm6V_20260909,1,470,2026-09-09T10:45:04.891180+00:00,3.098440000000e+02,-1.378624000000e-05,-1.377246753247e-08
Offset_RevB_Chip_5_wiShield_Gmx_default_OSC_default_Vsup_pm6V_20260909,1,471,2026-09-09T10:45:05.547180+00:00,3.105000000000e+02,-6.905852000000e-06,-6.898953046953e-09
Offset_RevB_Chip_5_wiShield_Gmx_default_OSC_default_Vsup_pm6V_20260909,1,472,2026-09-09T10:45:06.203680+00:00,3.111565000000e+02,-7.464760000000e-06,-7.457302697303e-09
Offset_RevB_Chip_5_wiShield_Gmx_default_OSC_default_Vsup_pm6V_20260909,1,473,2026-09-09T10:45:06.867680+00:00,3.118205000000e+02,6.519430000000e-06,6.512917082917e-09
Offset_RevB_Chip_5_wiShield_Gmx_default_OSC_default_Vsup_pm6V_20260909,1,474,2026-09-09T10:45:07.531680+00:00,3.124845000000e+02,-3.803308000000e-06,-3.799508491508e-09
Offset_RevB_Chip_5_wiShield_Gmx_default_OSC_default_Vsup_pm6V_20260909,1,475,2026-09-09T10:45:08.188180+00:00,3.131410000000e+02,-1.908562000000e-06,-1.906655344655e-09
Offset_RevB_Chip_5_wiShield_Gmx_default_OSC_default_Vsup_pm6V_20260909,1,476,2026-09-09T10:45:08.852180+00:00,3.138050000000e+02,-1.699002000000e-05,-1.697304695305e-08
Offset_RevB_Chip_5_wiShield_Gmx_default_OSC_default_Vsup_pm6V_20260909,1,477,2026-09-09T10:45:09.516180+00:00,3.144690000000e+02,-8.544772000000e-06,-8.536235764236e-09
Offset_RevB_Chip_5_wiShield_Gmx_default_OSC_default_Vsup_pm6V_20260909,1,478,2026-09-09T10:45:10.172180+00:00,3.151250000000e+02,-3.276501000000e-07,-3.273227772228e-10
Offset_RevB_Chip_5_wiShield_Gmx_default_OSC_default_Vsup_pm6V_20260909,1,479,2026-09-09T10:45:10.828680+00:00,3.157815000000e+02,-5.351844000000e-07,-5.346497502498e-10
Offset_RevB_Chip_5_wiShield_Gmx_default_OSC_default_Vsup_pm6V_20260909,1,480,2026-09-09T10:45:11.492680+00:00,3.164455000000e+02,-6.976410000000e-06,-6.969440559441e-09
Offset_RevB_Chip_5_wiShield_Gmx_default_OSC_default_Vsup_pm6V_20260909,1,481,2026-09-09T10:45:12.156680+00:00,3.171095000000e+02,-1.484825000000e-05,-1.483341658342e-08
Offset_RevB_Chip_5_wiShield_Gmx_default_OSC_default_Vsup_pm6V_20260909,1,482,2026-09-09T10:45:12.813180+00:00,3.177660000000e+02,-1.151565000000e-05,-1.150414585415e-08
Offset_RevB_Chip_5_wiShield_Gmx_default_OSC_default_Vsup_pm6V_20260909,1,483,2026-09-09T10:45:13.469180+00:00,3.184220000000e+02,-6.514991000000e-06,-6.508482517483e-09
Offset_RevB_Chip_5_wiShield_Gmx_default_OSC_default_Vsup_pm6V_20260909,1,484,2026-09-09T10:45:14.133180+00:00,3.190860000000e+02,8.033147000000e-06,8.025121878122e-09
Offset_RevB_Chip_5_wiShield_Gmx_default_OSC_default_Vsup_pm6V_20260909,1,485,2026-09-09T10:45:14.797180+00:00,3.197500000000e+02,-1.480164000000e-05,-1.478685314685e-08
Offset_RevB_Chip_5_wiShield_Gmx_default_OSC_default_Vsup_pm6V_20260909,1,486,2026-09-09T10:45:15.453680+00:00,3.204065000000e+02,-2.782591000000e-06,-2.779811188811e-09
Offset_RevB_Chip_5_wiShield_Gmx_default_OSC_default_Vsup_pm6V_20260909,1,487,2026-09-09T10:45:16.110180+00:00,3.210630000000e+02,-2.218967000000e-05,-2.216750249750e-08
Offset_RevB_Chip_5_wiShield_Gmx_default_OSC_default_Vsup_pm6V_20260909,1,488,2026-09-09T10:45:16.774180+00:00,3.217270000000e+02,-1.119405000000e-05,-1.118286713287e-08
Offset_RevB_Chip_5_wiShield_Gmx_default_OSC_default_Vsup_pm6V_20260909,1,489,2026-09-09T10:45:17.438180+00:00,3.223910000000e+02,-1.254504000000e-05,-1.253250749251e-08
Offset_RevB_Chip_5_wiShield_Gmx_default_OSC_default_Vsup_pm6V_20260909,1,490,2026-09-09T10:45:18.094180+00:00,3.230470000000e+02,-4.385520000000e-06,-4.381138861139e-09
Offset_RevB_Chip_5_wiShield_Gmx_default_OSC_default_Vsup_pm6V_20260909,1,491,2026-09-09T10:45:18.750180+00:00,3.237030000000e+02,-3.316383000000e-06,-3.313069930070e-09
Offset_RevB_Chip_5_wiShield_Gmx_default_OSC_default_Vsup_pm6V_20260909,1,492,2026-09-09T10:45:19.414180+00:00,3.243670000000e+02,-1.318176000000e-05,-1.316859140859e-08
Offset_RevB_Chip_5_wiShield_Gmx_default_OSC_default_Vsup_pm6V_20260909,1,493,2026-09-09T10:45:20.078680+00:00,3.250315000000e+02,7.471782000000e-06,7.464317682318e-09
Offset_RevB_Chip_5_wiShield_Gmx_default_OSC_default_Vsup_pm6V_20260909,1,494,2026-09-09T10:45:20.735180+00:00,3.256880000000e+02,2.565531000000e-06,2.562968031968e-09
Offset_RevB_Chip_5_wiShield_Gmx_default_OSC_default_Vsup_pm6V_20260909,1,495,2026-09-09T10:45:21.391180+00:00,3.263440000000e+02,6.395918000000e-07,6.389528471528e-10
Offset_RevB_Chip_5_wiShield_Gmx_default_OSC_default_Vsup_pm6V_20260909,1,496,2026-09-09T10:45:22.055180+00:00,3.270080000000e+02,-2.683196000000e-05,-2.680515484515e-08
Offset_RevB_Chip_5_wiShield_Gmx_default_OSC_default_Vsup_pm6V_20260909,1,497,2026-09-09T10:45:22.719180+00:00,3.276720000000e+02,4.924405000000e-06,4.919485514486e-09
Offset_RevB_Chip_5_wiShield_Gmx_default_OSC_default_Vsup_pm6V_20260909,1,498,2026-09-09T10:45:23.375180+00:00,3.283280000000e+02,-4.263951000000e-06,-4.259691308691e-09
Offset_RevB_Chip_5_wiShield_Gmx_default_OSC_default_Vsup_pm6V_20260909,1,499,2026-09-09T10:45:24.039180+00:00,3.289920000000e+02,-1.418473000000e-05,-1.417055944056e-08
Offset_RevB_Chip_5_wiShield_Gmx_default_OSC_default_Vsup_pm6V_20260909,1,500,2026-09-09T10:45:24.703680+00:00,3.296565000000e+02,-1.010834000000e-05,-1.009824175824e-08
Offset_RevB_Chip_5_wiShield_Gmx_default_OSC_default_Vsup_pm6V_20260909,1,501,2026-09-09T10:45:25.360180+00:00,3.303130000000e+02,-1.153908000000e-05,-1.152755244755e-08
Offset_RevB_Chip_5_wiShield_Gmx_default_OSC_default_Vsup_pm6V_20260909,1,502,2026-09-09T10:45:26.016180+00:00,3.309690000000e+02,9.483683000000e-07,9.474208791209e-10
Offset_RevB_Chip_5_wiShield_Gmx_default_OSC_default_Vsup_pm6V_20260909,1,503,2026-09-09T10:45:26.672180+00:00,3.316250000000e+02,-9.184984000000e-06,-9.175808191808e-09
Offset_RevB_Chip_5_wiShield_Gmx_default_OSC_default_Vsup_pm6V_20260909,1,504,2026-09-09T10:45:27.336180+00:00,3.322890000000e+02,-1.474636000000e-05,-1.473162837163e-08
Offset_RevB_Chip_5_wiShield_Gmx_default_OSC_default_Vsup_pm6V_20260909,1,505,2026-09-09T10:45:28.000180+00:00,3.329530000000e+02,-1.352523000000e-05,-1.351171828172e-08
Offset_RevB_Chip_5_wiShield_Gmx_default_OSC_default_Vsup_pm6V_20260909,1,506,2026-09-09T10:45:28.656680+00:00,3.336095000000e+02,-1.957759000000e-06,-1.955803196803e-09
Offset_RevB_Chip_5_wiShield_Gmx_default_OSC_default_Vsup_pm6V_20260909,1,507,2026-09-09T10:45:29.313180+00:00,3.342660000000e+02,-1.532961000000e-05,-1.531429570430e-08
Offset_RevB_Chip_5_wiShield_Gmx_default_OSC_default_Vsup_pm6V_20260909,1,508,2026-09-09T10:45:29.985180+00:00,3.349380000000e+02,-2.086237000000e-05,-2.084152847153e-08
Offset_RevB_Chip_5_wiShield_Gmx_default_OSC_default_Vsup_pm6V_20260909,1,509,2026-09-09T10:45:30.641180+00:00,3.355940000000e+02,-8.043863000000e-06,-8.035827172827e-09
Offset_RevB_Chip_5_wiShield_Gmx_default_OSC_default_Vsup_pm6V_20260909,1,510,2026-09-09T10:45:31.297180+00:00,3.362500000000e+02,-5.151316000000e-06,-5.146169830170e-09
Offset_RevB_Chip_5_wiShield_Gmx_default_OSC_default_Vsup_pm6V_20260909,1,511,2026-09-09T10:45:31.953680+00:00,3.369065000000e+02,-6.599143000000e-06,-6.592550449550e-09
Offset_RevB_Chip_5_wiShield_Gmx_default_OSC_default_Vsup_pm6V_20260909,1,512,2026-09-09T10:45:32.617680+00:00,3.375705000000e+02,-9.208644000000e-07,-9.199444555445e-10
Offset_RevB_Chip_5_wiShield_Gmx_default_OSC_default_Vsup_pm6V_20260909,1,513,2026-09-09T10:45:33.281680+00:00,3.382345000000e+02,-5.506314000000e-06,-5.500813186813e-09
Offset_RevB_Chip_5_wiShield_Gmx_default_OSC_default_Vsup_pm6V_20260909,1,514,2026-09-09T10:45:33.938180+00:00,3.388910000000e+02,-6.253078000000e-06,-6.246831168831e-09
Offset_RevB_Chip_5_wiShield_Gmx_default_OSC_default_Vsup_pm6V_20260909,1,515,2026-09-09T10:45:34.594180+00:00,3.395470000000e+02,2.156158000000e-06,2.154003996004e-09
Offset_RevB_Chip_5_wiShield_Gmx_default_OSC_default_Vsup_pm6V_20260909,1,516,2026-09-09T10:45:35.258180+00:00,3.402110000000e+02,-5.024956000000e-06,-5.019936063936e-09
Offset_RevB_Chip_5_wiShield_Gmx_default_OSC_default_Vsup_pm6V_20260909,1,517,2026-09-09T10:45:35.922180+00:00,3.408750000000e+02,-2.315445000000e-05,-2.313131868132e-08
Offset_RevB_Chip_5_wiShield_Gmx_default_OSC_default_Vsup_pm6V_20260909,1,518,2026-09-09T10:45:36.578680+00:00,3.415315000000e+02,5.276164000000e-06,5.270893106893e-09
Offset_RevB_Chip_5_wiShield_Gmx_default_OSC_default_Vsup_pm6V_20260909,1,519,2026-09-09T10:45:37.235180+00:00,3.421880000000e+02,-8.417505000000e-06,-8.409095904096e-09
Offset_RevB_Chip_5_wiShield_Gmx_default_OSC_default_Vsup_pm6V_20260909,1,520,2026-09-09T10:45:37.899180+00:00,3.428520000000e+02,-1.456019000000e-05,-1.454564435564e-08
Offset_RevB_Chip_5_wiShield_Gmx_default_OSC_default_Vsup_pm6V_20260909,1,521,2026-09-09T10:45:38.563180+00:00,3.435160000000e+02,-2.094821000000e-05,-2.092728271728e-08
Offset_RevB_Chip_5_wiShield_Gmx_default_OSC_default_Vsup_pm6V_20260909,1,522,2026-09-09T10:45:39.219180+00:00,3.441720000000e+02,2.493029000000e-06,2.490538461538e-09
Offset_RevB_Chip_5_wiShield_Gmx_default_OSC_default_Vsup_pm6V_20260909,1,523,2026-09-09T10:45:39.875180+00:00,3.448280000000e+02,-1.567943000000e-05,-1.566376623377e-08
Offset_RevB_Chip_5_wiShield_Gmx_default_OSC_default_Vsup_pm6V_20260909,1,524,2026-09-09T10:45:40.539180+00:00,3.454920000000e+02,-1.265884000000e-05,-1.264619380619e-08
Offset_RevB_Chip_5_wiShield_Gmx_default_OSC_default_Vsup_pm6V_20260909,1,525,2026-09-09T10:45:41.203680+00:00,3.461565000000e+02,-2.589293000000e-05,-2.586706293706e-08
Offset_RevB_Chip_5_wiShield_Gmx_default_OSC_default_Vsup_pm6V_20260909,1,526,2026-09-09T10:45:41.860180+00:00,3.468130000000e+02,-1.676281000000e-05,-1.674606393606e-08
Offset_RevB_Chip_5_wiShield_Gmx_default_OSC_default_Vsup_pm6V_20260909,1,527,2026-09-09T10:45:42.516180+00:00,3.474690000000e+02,-1.631990000000e-05,-1.630359640360e-08
Offset_RevB_Chip_5_wiShield_Gmx_default_OSC_default_Vsup_pm6V_20260909,1,528,2026-09-09T10:45:43.180180+00:00,3.481330000000e+02,-2.107780000000e-05,-2.105674325674e-08
Offset_RevB_Chip_5_wiShield_Gmx_default_OSC_default_Vsup_pm6V_20260909,1,529,2026-09-09T10:45:43.844180+00:00,3.487970000000e+02,-2.714643000000e-05,-2.711931068931e-08
Offset_RevB_Chip_5_wiShield_Gmx_default_OSC_default_Vsup_pm6V_20260909,1,530,2026-09-09T10:45:44.500180+00:00,3.494530000000e+02,-4.778312000000e-07,-4.773538461538e-10
Offset_RevB_Chip_5_wiShield_Gmx_default_OSC_default_Vsup_pm6V_20260909,1,531,2026-09-09T10:45:45.156680+00:00,3.501095000000e+02,-1.110743000000e-05,-1.109633366633e-08
Offset_RevB_Chip_5_wiShield_Gmx_default_OSC_default_Vsup_pm6V_20260909,1,532,2026-09-09T10:45:45.821180+00:00,3.507740000000e+02,-8.519264000000e-06,-8.510753246753e-09
Offset_RevB_Chip_5_wiShield_Gmx_default_OSC_default_Vsup_pm6V_20260909,1,533,2026-09-09T10:45:46.485180+00:00,3.514380000000e+02,-1.494056000000e-05,-1.492563436563e-08
Offset_RevB_Chip_5_wiShield_Gmx_default_OSC_default_Vsup_pm6V_20260909,1,534,2026-09-09T10:45:47.141180+00:00,3.520940000000e+02,-1.518357000000e-05,-1.516840159840e-08
Offset_RevB_Chip_5_wiShield_Gmx_default_OSC_default_Vsup_pm6V_20260909,1,535,2026-09-09T10:45:47.797180+00:00,3.527500000000e+02,-9.092025000000e-06,-9.082942057942e-09
Offset_RevB_Chip_5_wiShield_Gmx_default_OSC_default_Vsup_pm6V_20260909,1,536,2026-09-09T10:45:48.453680+00:00,3.534065000000e+02,-1.859502000000e-05,-1.857644355644e-08
Offset_RevB_Chip_5_wiShield_Gmx_default_OSC_default_Vsup_pm6V_20260909,1,537,2026-09-09T10:45:49.117680+00:00,3.540705000000e+02,-2.263300000000e-06,-2.261038961039e-09
Offset_RevB_Chip_5_wiShield_Gmx_default_OSC_default_Vsup_pm6V_20260909,1,538,2026-09-09T10:45:49.781680+00:00,3.547345000000e+02,-1.401629000000e-05,-1.400228771229e-08
Offset_RevB_Chip_5_wiShield_Gmx_default_OSC_default_Vsup_pm6V_20260909,1,539,2026-09-09T10:45:50.438180+00:00,3.553910000000e+02,-1.496218000000e-05,-1.494723276723e-08
Offset_RevB_Chip_5_wiShield_Gmx_default_OSC_default_Vsup_pm6V_20260909,1,540,2026-09-09T10:45:51.094180+00:00,3.560470000000e+02,-1.905325000000e-06,-1.903421578422e-09
Offset_RevB_Chip_5_wiShield_Gmx_default_OSC_default_Vsup_pm6V_20260909,1,541,2026-09-09T10:45:51.758180+00:00,3.567110000000e+02,-1.199079000000e-05,-1.197881118881e-08
Offset_RevB_Chip_5_wiShield_Gmx_default_OSC_default_Vsup_pm6V_20260909,1,542,2026-09-09T10:45:52.422180+00:00,3.573750000000e+02,-2.316252000000e-06,-2.313938061938e-09
Offset_RevB_Chip_5_wiShield_Gmx_default_OSC_default_Vsup_pm6V_20260909,1,543,2026-09-09T10:45:53.078680+00:00,3.580315000000e+02,-7.039847000000e-06,-7.032814185814e-09
Offset_RevB_Chip_5_wiShield_Gmx_default_OSC_default_Vsup_pm6V_20260909,1,544,2026-09-09T10:45:53.735180+00:00,3.586880000000e+02,-1.006963000000e-05,-1.005957042957e-08
Offset_RevB_Chip_5_wiShield_Gmx_default_OSC_default_Vsup_pm6V_20260909,1,545,2026-09-09T10:45:54.391180+00:00,3.593440000000e+02,-1.502717000000e-05,-1.501215784216e-08
Offset_RevB_Chip_5_wiShield_Gmx_default_OSC_default_Vsup_pm6V_20260909,1,546,2026-09-09T10:45:55.055180+00:00,3.600080000000e+02,-1.165430000000e-05,-1.164265734266e-08
Offset_RevB_Chip_5_wiShield_Gmx_default_OSC_default_Vsup_pm6V_20260909,1,547,2026-09-09T10:45:55.719180+00:00,3.606720000000e+02,-2.404945000000e-05,-2.402542457542e-08
Offset_RevB_Chip_5_wiShield_Gmx_default_OSC_default_Vsup_pm6V_20260909,1,548,2026-09-09T10:45:56.375180+00:00,3.613280000000e+02,-1.361223000000e-05,-1.359863136863e-08
Offset_RevB_Chip_5_wiShield_Gmx_default_OSC_default_Vsup_pm6V_20260909,1,549,2026-09-09T10:45:57.031680+00:00,3.619845000000e+02,-1.229011000000e-05,-1.227783216783e-08
Offset_RevB_Chip_5_wiShield_Gmx_default_OSC_default_Vsup_pm6V_20260909,1,550,2026-09-09T10:45:57.696180+00:00,3.626490000000e+02,-1.393564000000e-05,-1.392171828172e-08
Offset_RevB_Chip_5_wiShield_Gmx_default_OSC_default_Vsup_pm6V_20260909,1,551,2026-09-09T10:45:58.360180+00:00,3.633130000000e+02,-1.789745000000e-05,-1.787957042957e-08
Offset_RevB_Chip_5_wiShield_Gmx_default_OSC_default_Vsup_pm6V_20260909,1,552,2026-09-09T10:45:59.016180+00:00,3.639690000000e+02,-2.154035000000e-07,-2.151883116883e-10
Offset_RevB_Chip_5_wiShield_Gmx_default_OSC_default_Vsup_pm6V_20260909,1,553,2026-09-09T10:45:59.672180+00:00,3.646250000000e+02,-6.259407000000e-07,-6.253153846154e-10
Offset_RevB_Chip_5_wiShield_Gmx_default_OSC_default_Vsup_pm6V_20260909,1,554,2026-09-09T10:46:00.328680+00:00,3.652815000000e+02,-5.286867000000e-06,-5.281585414585e-09
Offset_RevB_Chip_5_wiShield_Gmx_default_OSC_default_Vsup_pm6V_20260909,1,555,2026-09-09T10:46:01.000180+00:00,3.659530000000e+02,-2.186418000000e-05,-2.184233766234e-08
Offset_RevB_Chip_5_wiShield_Gmx_default_OSC_default_Vsup_pm6V_20260909,1,556,2026-09-09T10:46:01.656680+00:00,3.666095000000e+02,-1.214252000000e-05,-1.213038961039e-08
Offset_RevB_Chip_5_wiShield_Gmx_default_OSC_default_Vsup_pm6V_20260909,1,557,2026-09-09T10:46:02.313180+00:00,3.672660000000e+02,-1.994911000000e-05,-1.992918081918e-08
Offset_RevB_Chip_5_wiShield_Gmx_default_OSC_default_Vsup_pm6V_20260909,1,558,2026-09-09T10:46:02.969180+00:00,3.679220000000e+02,-1.114123000000e-05,-1.113009990010e-08
Offset_RevB_Chip_5_wiShield_Gmx_default_OSC_default_Vsup_pm6V_20260909,1,559,2026-09-09T10:46:03.633180+00:00,3.685860000000e+02,-1.194470000000e-05,-1.193276723277e-08
Offset_RevB_Chip_5_wiShield_Gmx_default_OSC_default_Vsup_pm6V_20260909,1,560,2026-09-09T10:46:04.297180+00:00,3.692500000000e+02,-1.230189000000e-05,-1.228960039960e-08
Offset_RevB_Chip_5_wiShield_Gmx_default_OSC_default_Vsup_pm6V_20260909,1,561,2026-09-09T10:46:04.953680+00:00,3.699065000000e+02,-1.543473000000e-05,-1.541931068931e-08
Offset_RevB_Chip_5_wiShield_Gmx_default_OSC_default_Vsup_pm6V_20260909,1,562,2026-09-09T10:46:05.610180+00:00,3.705630000000e+02,-1.907055000000e-05,-1.905149850150e-08
Offset_RevB_Chip_5_wiShield_Gmx_default_OSC_default_Vsup_pm6V_20260909,1,563,2026-09-09T10:46:06.274180+00:00,3.712270000000e+02,-2.512338000000e-05,-2.509828171828e-08
Offset_RevB_Chip_5_wiShield_Gmx_default_OSC_default_Vsup_pm6V_20260909,1,564,2026-09-09T10:46:06.938180+00:00,3.718910000000e+02,-8.923848000000e-06,-8.914933066933e-09
Offset_RevB_Chip_5_wiShield_Gmx_default_OSC_default_Vsup_pm6V_20260909,1,565,2026-09-09T10:46:07.594180+00:00,3.725470000000e+02,5.403428000000e-06,5.398029970030e-09
Offset_RevB_Chip_5_wiShield_Gmx_default_OSC_default_Vsup_pm6V_20260909,1,566,2026-09-09T10:46:08.250180+00:00,3.732030000000e+02,-1.028972000000e-05,-1.027944055944e-08
Offset_RevB_Chip_5_wiShield_Gmx_default_OSC_default_Vsup_pm6V_20260909,1,567,2026-09-09T10:46:08.914180+00:00,3.738670000000e+02,3.083135000000e-06,3.080054945055e-09
Offset_RevB_Chip_5_wiShield_Gmx_default_OSC_default_Vsup_pm6V_20260909,1,568,2026-09-09T10:46:09.578680+00:00,3.745315000000e+02,-7.624779000000e-06,-7.617161838162e-09
Offset_RevB_Chip_5_wiShield_Gmx_default_OSC_default_Vsup_pm6V_20260909,1,569,2026-09-09T10:46:10.235180+00:00,3.751880000000e+02,-1.189006000000e-05,-1.187818181818e-08
Offset_RevB_Chip_5_wiShield_Gmx_default_OSC_default_Vsup_pm6V_20260909,1,570,2026-09-09T10:46:10.891180+00:00,3.758440000000e+02,-3.260970000000e-07,-3.257712287712e-10
Offset_RevB_Chip_5_wiShield_Gmx_default_OSC_default_Vsup_pm6V_20260909,1,571,2026-09-09T10:46:11.555180+00:00,3.765080000000e+02,-6.016154000000e-06,-6.010143856144e-09
Offset_RevB_Chip_5_wiShield_Gmx_default_OSC_default_Vsup_pm6V_20260909,1,572,2026-09-09T10:46:12.219180+00:00,3.771720000000e+02,-1.753404000000e-05,-1.751652347652e-08
Offset_RevB_Chip_5_wiShield_Gmx_default_OSC_default_Vsup_pm6V_20260909,1,573,2026-09-09T10:46:12.875180+00:00,3.778280000000e+02,-1.363437000000e-05,-1.362074925075e-08
Offset_RevB_Chip_5_wiShield_Gmx_default_OSC_default_Vsup_pm6V_20260909,1,574,2026-09-09T10:46:13.539180+00:00,3.784920000000e+02,8.592953000000e-07,8.584368631369e-10
Offset_RevB_Chip_5_wiShield_Gmx_default_OSC_default_Vsup_pm6V_20260909,1,575,2026-09-09T10:46:14.203680+00:00,3.791565000000e+02,-1.402575000000e-05,-1.401173826174e-08
Offset_RevB_Chip_5_wiShield_Gmx_default_OSC_default_Vsup_pm6V_20260909,1,576,2026-09-09T10:46:14.860180+00:00,3.798130000000e+02,-1.042243000000e-05,-1.041201798202e-08
Offset_RevB_Chip_5_wiShield_Gmx_default_OSC_default_Vsup_pm6V_20260909,1,577,2026-09-09T10:46:15.516180+00:00,3.804690000000e+02,4.986288000000e-06,4.981306693307e-09
Offset_RevB_Chip_5_wiShield_Gmx_default_OSC_default_Vsup_pm6V_20260909,1,578,2026-09-09T10:46:16.180180+00:00,3.811330000000e+02,-1.716564000000e-06,-1.714849150849e-09
Offset_RevB_Chip_5_wiShield_Gmx_default_OSC_default_Vsup_pm6V_20260909,1,579,2026-09-09T10:46:16.844180+00:00,3.817970000000e+02,-1.166453000000e-05,-1.165287712288e-08
Offset_RevB_Chip_5_wiShield_Gmx_default_OSC_default_Vsup_pm6V_20260909,1,580,2026-09-09T10:46:17.500180+00:00,3.824530000000e+02,-1.556083000000e-05,-1.554528471528e-08
Offset_RevB_Chip_5_wiShield_Gmx_default_OSC_default_Vsup_pm6V_20260909,1,581,2026-09-09T10:46:18.156680+00:00,3.831095000000e+02,-1.752083000000e-05,-1.750332667333e-08
Offset_RevB_Chip_5_wiShield_Gmx_default_OSC_default_Vsup_pm6V_20260909,1,582,2026-09-09T10:46:18.821180+00:00,3.837740000000e+02,-2.113826000000e-05,-2.111714285714e-08
Offset_RevB_Chip_5_wiShield_Gmx_default_OSC_default_Vsup_pm6V_20260909,1,583,2026-09-09T10:46:19.485180+00:00,3.844380000000e+02,-1.249402000000e-05,-1.248153846154e-08
Offset_RevB_Chip_5_wiShield_Gmx_default_OSC_default_Vsup_pm6V_20260909,1,584,2026-09-09T10:46:20.141180+00:00,3.850940000000e+02,-1.752167000000e-06,-1.750416583417e-09
Offset_RevB_Chip_5_wiShield_Gmx_default_OSC_default_Vsup_pm6V_20260909,1,585,2026-09-09T10:46:20.797180+00:00,3.857500000000e+02,-2.011664000000e-05,-2.009654345654e-08
Offset_RevB_Chip_5_wiShield_Gmx_default_OSC_default_Vsup_pm6V_20260909,1,586,2026-09-09T10:46:21.461180+00:00,3.864140000000e+02,-5.420865000000e-06,-5.415449550450e-09
Offset_RevB_Chip_5_wiShield_Gmx_default_OSC_default_Vsup_pm6V_20260909,1,587,2026-09-09T10:46:22.125180+00:00,3.870780000000e+02,-1.753611000000e-05,-1.751859140859e-08
Offset_RevB_Chip_5_wiShield_Gmx_default_OSC_default_Vsup_pm6V_20260909,1,588,2026-09-09T10:46:22.781680+00:00,3.877345000000e+02,-1.104490000000e-05,-1.103386613387e-08
Offset_RevB_Chip_5_wiShield_Gmx_default_OSC_default_Vsup_pm6V_20260909,1,589,2026-09-09T10:46:23.438180+00:00,3.883910000000e+02,-1.630591000000e-05,-1.628962037962e-08
Offset_RevB_Chip_5_wiShield_Gmx_default_OSC_default_Vsup_pm6V_20260909,1,590,2026-09-09T10:46:24.110180+00:00,3.890630000000e+02,-1.639512000000e-05,-1.637874125874e-08
Offset_RevB_Chip_5_wiShield_Gmx_default_OSC_default_Vsup_pm6V_20260909,1,591,2026-09-09T10:46:24.766180+00:00,3.897190000000e+02,6.622092000000e-06,6.615476523477e-09
Offset_RevB_Chip_5_wiShield_Gmx_default_OSC_default_Vsup_pm6V_20260909,1,592,2026-09-09T10:46:25.422180+00:00,3.903750000000e+02,3.220239000000e-06,3.217021978022e-09
Offset_RevB_Chip_5_wiShield_Gmx_default_OSC_default_Vsup_pm6V_20260909,1,593,2026-09-09T10:46:26.086180+00:00,3.910390000000e+02,-1.071399000000e-05,-1.070328671329e-08
Offset_RevB_Chip_5_wiShield_Gmx_default_OSC_default_Vsup_pm6V_20260909,1,594,2026-09-09T10:46:26.750180+00:00,3.917030000000e+02,-1.438294000000e-05,-1.436857142857e-08
Offset_RevB_Chip_5_wiShield_Gmx_default_OSC_default_Vsup_pm6V_20260909,1,595,2026-09-09T10:46:27.406680+00:00,3.923595000000e+02,-9.283507000000e-06,-9.274232767233e-09
Offset_RevB_Chip_5_wiShield_Gmx_default_OSC_default_Vsup_pm6V_20260909,1,596,2026-09-09T10:46:28.063180+00:00,3.930160000000e+02,-4.533500000000e-06,-4.528971028971e-09
Offset_RevB_Chip_5_wiShield_Gmx_default_OSC_default_Vsup_pm6V_20260909,1,597,2026-09-09T10:46:28.727180+00:00,3.936800000000e+02,-3.357424000000e-06,-3.354069930070e-09
Offset_RevB_Chip_5_wiShield_Gmx_default_OSC_default_Vsup_pm6V_20260909,1,598,2026-09-09T10:46:29.391180+00:00,3.943440000000e+02,-2.546504000000e-05,-2.543960039960e-08
Offset_RevB_Chip_5_wiShield_Gmx_default_OSC_default_Vsup_pm6V_20260909,1,599,2026-09-09T10:46:30.047180+00:00,3.950000000000e+02,-4.573894000000e-06,-4.569324675325e-09
Offset_RevB_Chip_5_wiShield_Gmx_default_OSC_default_Vsup_pm6V_20260909,1,600,2026-09-09T10:46:30.703680+00:00,3.956565000000e+02,4.328729000000e-06,4.324404595405e-09
Offset_RevB_Chip_5_wiShield_Gmx_default_OSC_default_Vsup_pm6V_20260909,1,601,2026-09-09T10:46:31.367680+00:00,3.963205000000e+02,1.682441000000e-06,1.680760239760e-09
Offset_RevB_Chip_5_wiShield_Gmx_default_OSC_default_Vsup_pm6V_20260909,1,602,2026-09-09T10:46:32.031680+00:00,3.969845000000e+02,-7.458284000000e-06,-7.450833166833e-09
Offset_RevB_Chip_5_wiShield_Gmx_default_OSC_default_Vsup_pm6V_20260909,1,603,2026-09-09T10:46:32.688180+00:00,3.976410000000e+02,-2.158311000000e-05,-2.156154845155e-08
Offset_RevB_Chip_5_wiShield_Gmx_default_OSC_default_Vsup_pm6V_20260909,1,604,2026-09-09T10:46:33.352180+00:00,3.983050000000e+02,-1.733013000000e-05,-1.731281718282e-08
Offset_RevB_Chip_5_wiShield_Gmx_default_OSC_default_Vsup_pm6V_20260909,1,605,2026-09-09T10:46:34.016180+00:00,3.989690000000e+02,-2.072863000000e-05,-2.070792207792e-08
Offset_RevB_Chip_5_wiShield_Gmx_default_OSC_default_Vsup_pm6V_20260909,1,606,2026-09-09T10:46:34.672180+00:00,3.996250000000e+02,1.796889000000e-06,1.795093906094e-09
Offset_RevB_Chip_5_wiShield_Gmx_default_OSC_default_Vsup_pm6V_20260909,1,607,2026-09-09T10:46:35.328680+00:00,4.002815000000e+02,-4.737151000000e-06,-4.732418581419e-09
Offset_RevB_Chip_5_wiShield_Gmx_default_OSC_default_Vsup_pm6V_20260909,1,608,2026-09-09T10:46:35.992680+00:00,4.009455000000e+02,-1.434586000000e-06,-1.433152847153e-09
Offset_RevB_Chip_5_wiShield_Gmx_default_OSC_default_Vsup_pm6V_20260909,1,609,2026-09-09T10:46:36.656680+00:00,4.016095000000e+02,-1.609514000000e-05,-1.607906093906e-08
Offset_RevB_Chip_5_wiShield_Gmx_default_OSC_default_Vsup_pm6V_20260909,1,610,2026-09-09T10:46:37.313180+00:00,4.022660000000e+02,7.342960000000e-06,7.335624375624e-09
Offset_RevB_Chip_5_wiShield_Gmx_default_OSC_default_Vsup_pm6V_20260909,1,611,2026-09-09T10:46:37.969180+00:00,4.029220000000e+02,7.701580000000e-06,7.693886113886e-09
Offset_RevB_Chip_5_wiShield_Gmx_default_OSC_default_Vsup_pm6V_20260909,1,612,2026-09-09T10:46:38.633180+00:00,4.035860000000e+02,-1.526507000000e-06,-1.524982017982e-09
Offset_RevB_Chip_5_wiShield_Gmx_default_OSC_default_Vsup_pm6V_20260909,1,613,2026-09-09T10:46:39.297180+00:00,4.042500000000e+02,-1.146010000000e-05,-1.144865134865e-08
Offset_RevB_Chip_5_wiShield_Gmx_default_OSC_default_Vsup_pm6V_20260909,1,614,2026-09-09T10:46:39.953680+00:00,4.049065000000e+02,-4.651056000000e-06,-4.646409590410e-09
Offset_RevB_Chip_5_wiShield_Gmx_default_OSC_default_Vsup_pm6V_20260909,1,615,2026-09-09T10:46:40.610180+00:00,4.055630000000e+02,1.972704000000e-06,1.970733266733e-09
Offset_RevB_Chip_5_wiShield_Gmx_default_OSC_default_Vsup_pm6V_20260909,1,616,2026-09-09T10:46:41.274180+00:00,4.062270000000e+02,-1.230807000000e-06,-1.229577422577e-09
Offset_RevB_Chip_5_wiShield_Gmx_default_OSC_default_Vsup_pm6V_20260909,1,617,2026-09-09T10:46:41.938180+00:00,4.068910000000e+02,-2.747894000000e-06,-2.745148851149e-09
Offset_RevB_Chip_5_wiShield_Gmx_default_OSC_default_Vsup_pm6V_20260909,1,618,2026-09-09T10:46:42.594180+00:00,4.075470000000e+02,-2.943518000000e-06,-2.940577422577e-09
Offset_RevB_Chip_5_wiShield_Gmx_default_OSC_default_Vsup_pm6V_20260909,1,619,2026-09-09T10:46:43.258180+00:00,4.082110000000e+02,-4.599269000000e-06,-4.594674325674e-09
Offset_RevB_Chip_5_wiShield_Gmx_default_OSC_default_Vsup_pm6V_20260909,1,620,2026-09-09T10:46:43.922180+00:00,4.088750000000e+02,-9.333223000000e-06,-9.323899100899e-09
Offset_RevB_Chip_5_wiShield_Gmx_default_OSC_default_Vsup_pm6V_20260909,1,621,2026-09-09T10:46:44.578680+00:00,4.095315000000e+02,-1.286275000000e-05,-1.284990009990e-08
Offset_RevB_Chip_5_wiShield_Gmx_default_OSC_default_Vsup_pm6V_20260909,1,622,2026-09-09T10:46:45.235180+00:00,4.101880000000e+02,-1.439188000000e-05,-1.437750249750e-08
Offset_RevB_Chip_5_wiShield_Gmx_default_OSC_default_Vsup_pm6V_20260909,1,623,2026-09-09T10:46:45.899180+00:00,4.108520000000e+02,-5.230290000000e-06,-5.225064935065e-09
Offset_RevB_Chip_5_wiShield_Gmx_default_OSC_default_Vsup_pm6V_20260909,1,624,2026-09-09T10:46:46.563180+00:00,4.115160000000e+02,-5.330627000000e-06,-5.325301698302e-09
Offset_RevB_Chip_5_wiShield_Gmx_default_OSC_default_Vsup_pm6V_20260909,1,625,2026-09-09T10:46:47.219180+00:00,4.121720000000e+02,1.020739000000e-06,1.019719280719e-09
Offset_RevB_Chip_5_wiShield_Gmx_default_OSC_default_Vsup_pm6V_20260909,1,626,2026-09-09T10:46:47.875180+00:00,4.128280000000e+02,-9.461524000000e-06,-9.452071928072e-09
Offset_RevB_Chip_5_wiShield_Gmx_default_OSC_default_Vsup_pm6V_20260909,1,627,2026-09-09T10:46:48.539180+00:00,4.134920000000e+02,-2.002537000000e-05,-2.000536463536e-08
Offset_RevB_Chip_5_wiShield_Gmx_default_OSC_default_Vsup_pm6V_20260909,1,628,2026-09-09T10:46:49.203680+00:00,4.141565000000e+02,-5.665157000000e-07,-5.659497502498e-10
Offset_RevB_Chip_5_wiShield_Gmx_default_OSC_default_Vsup_pm6V_20260909,1,629,2026-09-09T10:46:49.860180+00:00,4.148130000000e+02,-1.217541000000e-05,-1.216324675325e-08
Offset_RevB_Chip_5_wiShield_Gmx_default_OSC_default_Vsup_pm6V_20260909,1,630,2026-09-09T10:46:50.516180+00:00,4.154690000000e+02,-1.516661000000e-05,-1.515145854146e-08
Offset_RevB_Chip_5_wiShield_Gmx_default_OSC_default_Vsup_pm6V_20260909,1,631,2026-09-09T10:46:51.188180+00:00,4.161410000000e+02,-1.364382000000e-05,-1.363018981019e-08
Offset_RevB_Chip_5_wiShield_Gmx_default_OSC_default_Vsup_pm6V_20260909,1,632,2026-09-09T10:46:51.844180+00:00,4.167970000000e+02,-7.052276000000e-06,-7.045230769231e-09
Offset_RevB_Chip_5_wiShield_Gmx_default_OSC_default_Vsup_pm6V_20260909,1,633,2026-09-09T10:46:52.500180+00:00,4.174530000000e+02,-5.945076000000e-06,-5.939136863137e-09
Offset_RevB_Chip_5_wiShield_Gmx_default_OSC_default_Vsup_pm6V_20260909,1,634,2026-09-09T10:46:53.156680+00:00,4.181095000000e+02,-1.994484000000e-05,-1.992491508492e-08
Offset_RevB_Chip_5_wiShield_Gmx_default_OSC_default_Vsup_pm6V_20260909,1,635,2026-09-09T10:46:53.821180+00:00,4.187740000000e+02,-5.537903000000e-06,-5.532370629371e-09
Offset_RevB_Chip_5_wiShield_Gmx_default_OSC_default_Vsup_pm6V_20260909,1,636,2026-09-09T10:46:54.485180+00:00,4.194380000000e+02,-1.261987000000e-05,-1.260726273726e-08
Offset_RevB_Chip_5_wiShield_Gmx_default_OSC_default_Vsup_pm6V_20260909,1,637,2026-09-09T10:46:55.141180+00:00,4.200940000000e+02,-1.237595000000e-05,-1.236358641359e-08
Offset_RevB_Chip_5_wiShield_Gmx_default_OSC_default_Vsup_pm6V_20260909,1,638,2026-09-09T10:46:55.805180+00:00,4.207580000000e+02,2.362526000000e-06,2.360165834166e-09
Offset_RevB_Chip_5_wiShield_Gmx_default_OSC_default_Vsup_pm6V_20260909,1,639,2026-09-09T10:46:56.469180+00:00,4.214220000000e+02,-1.448212000000e-05,-1.446765234765e-08
Offset_RevB_Chip_5_wiShield_Gmx_default_OSC_default_Vsup_pm6V_20260909,1,640,2026-09-09T10:46:57.125180+00:00,4.220780000000e+02,-1.291751000000e-05,-1.290460539461e-08
Offset_RevB_Chip_5_wiShield_Gmx_default_OSC_default_Vsup_pm6V_20260909,1,641,2026-09-09T10:46:57.781680+00:00,4.227345000000e+02,-9.558753000000e-06,-9.549203796204e-09
Offset_RevB_Chip_5_wiShield_Gmx_default_OSC_default_Vsup_pm6V_20260909,1,642,2026-09-09T10:46:58.446180+00:00,4.233990000000e+02,-8.340341000000e-06,-8.332008991009e-09
Offset_RevB_Chip_5_wiShield_Gmx_default_OSC_default_Vsup_pm6V_20260909,1,643,2026-09-09T10:46:59.110180+00:00,4.240630000000e+02,-1.131665000000e-05,-1.130534465534e-08
Offset_RevB_Chip_5_wiShield_Gmx_default_OSC_default_Vsup_pm6V_20260909,1,644,2026-09-09T10:46:59.766180+00:00,4.247190000000e+02,-3.866004000000e-05,-3.862141858142e-08
Offset_RevB_Chip_5_wiShield_Gmx_default_OSC_default_Vsup_pm6V_20260909,1,645,2026-09-09T10:47:00.422180+00:00,4.253750000000e+02,-1.647280000000e-05,-1.645634365634e-08
Offset_RevB_Chip_5_wiShield_Gmx_default_OSC_default_Vsup_pm6V_20260909,1,646,2026-09-09T10:47:01.086180+00:00,4.260390000000e+02,-6.722524000000e-06,-6.715808191808e-09
Offset_RevB_Chip_5_wiShield_Gmx_default_OSC_default_Vsup_pm6V_20260909,1,647,2026-09-09T10:47:01.750180+00:00,4.267030000000e+02,-7.094612000000e-06,-7.087524475524e-09
Offset_RevB_Chip_5_wiShield_Gmx_default_OSC_default_Vsup_pm6V_20260909,1,648,2026-09-09T10:47:02.406680+00:00,4.273595000000e+02,-6.186273000000e-06,-6.180092907093e-09
Offset_RevB_Chip_5_wiShield_Gmx_default_OSC_default_Vsup_pm6V_20260909,1,649,2026-09-09T10:47:03.063180+00:00,4.280160000000e+02,-2.166329000000e-06,-2.164164835165e-09
Offset_RevB_Chip_5_wiShield_Gmx_default_OSC_default_Vsup_pm6V_20260909,1,650,2026-09-09T10:47:03.727180+00:00,4.286800000000e+02,3.909647000000e-06,3.905741258741e-09
Offset_RevB_Chip_5_wiShield_Gmx_default_OSC_default_Vsup_pm6V_20260909,1,651,2026-09-09T10:47:04.391180+00:00,4.293440000000e+02,-1.312569000000e-05,-1.311257742258e-08
Offset_RevB_Chip_5_wiShield_Gmx_default_OSC_default_Vsup_pm6V_20260909,1,652,2026-09-09T10:47:05.047180+00:00,4.300000000000e+02,-1.028752000000e-05,-1.027724275724e-08
Offset_RevB_Chip_5_wiShield_Gmx_default_OSC_default_Vsup_pm6V_20260909,1,653,2026-09-09T10:47:05.703680+00:00,4.306565000000e+02,-6.806807000000e-06,-6.800006993007e-09
Offset_RevB_Chip_5_wiShield_Gmx_default_OSC_default_Vsup_pm6V_20260909,1,654,2026-09-09T10:47:06.367680+00:00,4.313205000000e+02,-3.148594000000e-06,-3.145448551449e-09
Offset_RevB_Chip_5_wiShield_Gmx_default_OSC_default_Vsup_pm6V_20260909,1,655,2026-09-09T10:47:07.031680+00:00,4.319845000000e+02,-3.476662000000e-06,-3.473188811189e-09
Offset_RevB_Chip_5_wiShield_Gmx_default_OSC_default_Vsup_pm6V_20260909,1,656,2026-09-09T10:47:07.688180+00:00,4.326410000000e+02,-1.851798000000e-05,-1.849948051948e-08
Offset_RevB_Chip_5_wiShield_Gmx_default_OSC_default_Vsup_pm6V_20260909,1,657,2026-09-09T10:47:08.344180+00:00,4.332970000000e+02,1.468045000000e-06,1.466578421578e-09
Offset_RevB_Chip_5_wiShield_Gmx_default_OSC_default_Vsup_pm6V_20260909,1,658,2026-09-09T10:47:09.000180+00:00,4.339530000000e+02,4.516059000000e-07,4.511547452547e-10
Offset_RevB_Chip_5_wiShield_Gmx_default_OSC_default_Vsup_pm6V_20260909,1,659,2026-09-09T10:47:09.664180+00:00,4.346170000000e+02,-4.312239000000e-07,-4.307931068931e-10
Offset_RevB_Chip_5_wiShield_Gmx_default_OSC_default_Vsup_pm6V_20260909,1,660,2026-09-09T10:47:10.328680+00:00,4.352815000000e+02,-8.725504000000e-06,-8.716787212787e-09
Offset_RevB_Chip_5_wiShield_Gmx_default_OSC_default_Vsup_pm6V_20260909,1,661,2026-09-09T10:47:10.985180+00:00,4.359380000000e+02,-7.286351000000e-06,-7.279071928072e-09
Offset_RevB_Chip_5_wiShield_Gmx_default_OSC_default_Vsup_pm6V_20260909,1,662,2026-09-09T10:47:11.641180+00:00,4.365940000000e+02,-4.468119000000e-06,-4.463655344655e-09
Offset_RevB_Chip_5_wiShield_Gmx_default_OSC_default_Vsup_pm6V_20260909,1,663,2026-09-09T10:47:12.305180+00:00,4.372580000000e+02,4.072256000000e-06,4.068187812188e-09
Offset_RevB_Chip_5_wiShield_Gmx_default_OSC_default_Vsup_pm6V_20260909,1,664,2026-09-09T10:47:12.969180+00:00,4.379220000000e+02,2.137748000000e-05,2.135612387612e-08
Offset_RevB_Chip_5_wiShield_Gmx_default_OSC_default_Vsup_pm6V_20260909,1,665,2026-09-09T10:47:13.625180+00:00,4.385780000000e+02,2.401107000000e-06,2.398708291708e-09
Offset_RevB_Chip_5_wiShield_Gmx_default_OSC_default_Vsup_pm6V_20260909,1,666,2026-09-09T10:47:14.281680+00:00,4.392345000000e+02,6.057878000000e-06,6.051826173826e-09
Offset_RevB_Chip_5_wiShield_Gmx_default_OSC_default_Vsup_pm6V_20260909,1,667,2026-09-09T10:47:14.946180+00:00,4.398990000000e+02,-4.846421000000e-06,-4.841579420579e-09
Offset_RevB_Chip_5_wiShield_Gmx_default_OSC_default_Vsup_pm6V_20260909,1,668,2026-09-09T10:47:15.610180+00:00,4.405630000000e+02,1.632946000000e-05,1.631314685315e-08
Offset_RevB_Chip_5_wiShield_Gmx_default_OSC_default_Vsup_pm6V_20260909,1,669,2026-09-09T10:47:16.266180+00:00,4.412190000000e+02,1.395467000000e-05,1.394072927073e-08
Offset_RevB_Chip_5_wiShield_Gmx_default_OSC_default_Vsup_pm6V_20260909,1,670,2026-09-09T10:47:16.922180+00:00,4.418750000000e+02,9.816540000000e-06,9.806733266733e-09
Offset_RevB_Chip_5_wiShield_Gmx_default_OSC_default_Vsup_pm6V_20260909,1,671,2026-09-09T10:47:17.586180+00:00,4.425390000000e+02,1.886596000000e-05,1.884711288711e-08
Offset_RevB_Chip_5_wiShield_Gmx_default_OSC_default_Vsup_pm6V_20260909,1,672,2026-09-09T10:47:18.250180+00:00,4.432030000000e+02,1.659021000000e-05,1.657363636364e-08
Offset_RevB_Chip_5_wiShield_Gmx_default_OSC_default_Vsup_pm6V_20260909,1,673,2026-09-09T10:47:18.906680+00:00,4.438595000000e+02,1.500269000000e-05,1.498770229770e-08
Offset_RevB_Chip_5_wiShield_Gmx_default_OSC_default_Vsup_pm6V_20260909,1,674,2026-09-09T10:47:19.563180+00:00,4.445160000000e+02,2.031016000000e-05,2.028987012987e-08
Offset_RevB_Chip_5_wiShield_Gmx_default_OSC_default_Vsup_pm6V_20260909,1,675,2026-09-09T10:47:20.227180+00:00,4.451800000000e+02,1.248729000000e-06,1.247481518482e-09
Offset_RevB_Chip_5_wiShield_Gmx_default_OSC_default_Vsup_pm6V_20260909,1,676,2026-09-09T10:47:20.891180+00:00,4.458440000000e+02,9.738084000000e-06,9.728355644356e-09
Offset_RevB_Chip_5_wiShield_Gmx_default_OSC_default_Vsup_pm6V_20260909,1,677,2026-09-09T10:47:21.547180+00:00,4.465000000000e+02,5.954565000000e-06,5.948616383616e-09
Offset_RevB_Chip_5_wiShield_Gmx_default_OSC_default_Vsup_pm6V_20260909,1,678,2026-09-09T10:47:22.203680+00:00,4.471565000000e+02,2.531183000000e-05,2.528654345654e-08
Offset_RevB_Chip_5_wiShield_Gmx_default_OSC_default_Vsup_pm6V_20260909,1,679,2026-09-09T10:47:22.867680+00:00,4.478205000000e+02,2.228051000000e-05,2.225825174825e-08
Offset_RevB_Chip_5_wiShield_Gmx_default_OSC_default_Vsup_pm6V_20260909,1,680,2026-09-09T10:47:23.531680+00:00,4.484845000000e+02,2.574606000000e-05,2.572033966034e-08
Offset_RevB_Chip_5_wiShield_Gmx_default_OSC_default_Vsup_pm6V_20260909,1,681,2026-09-09T10:47:24.188180+00:00,4.491410000000e+02,1.713863000000e-05,1.712150849151e-08
Offset_RevB_Chip_5_wiShield_Gmx_default_OSC_default_Vsup_pm6V_20260909,1,682,2026-09-09T10:47:24.844180+00:00,4.497970000000e+02,2.559342000000e-05,2.556785214785e-08
Offset_RevB_Chip_5_wiShield_Gmx_default_OSC_default_Vsup_pm6V_20260909,1,683,2026-09-09T10:47:25.500180+00:00,4.504530000000e+02,3.205040000000e-05,3.201838161838e-08
Offset_RevB_Chip_5_wiShield_Gmx_default_OSC_default_Vsup_pm6V_20260909,1,684,2026-09-09T10:47:26.164180+00:00,4.511170000000e+02,1.794714000000e-05,1.792921078921e-08
Offset_RevB_Chip_5_wiShield_Gmx_default_OSC_default_Vsup_pm6V_20260909,1,685,2026-09-09T10:47:26.828680+00:00,4.517815000000e+02,4.140239000000e-05,4.136102897103e-08
Offset_RevB_Chip_5_wiShield_Gmx_default_OSC_default_Vsup_pm6V_20260909,1,686,2026-09-09T10:47:27.485180+00:00,4.524380000000e+02,3.061462000000e-05,3.058403596404e-08
Offset_RevB_Chip_5_wiShield_Gmx_default_OSC_default_Vsup_pm6V_20260909,1,687,2026-09-09T10:47:28.141180+00:00,4.530940000000e+02,2.526094000000e-05,2.523570429570e-08
Offset_RevB_Chip_5_wiShield_Gmx_default_OSC_default_Vsup_pm6V_20260909,1,688,2026-09-09T10:47:28.805180+00:00,4.537580000000e+02,2.014094000000e-05,2.012081918082e-08
Offset_RevB_Chip_5_wiShield_Gmx_default_OSC_default_Vsup_pm6V_20260909,1,689,2026-09-09T10:47:29.469180+00:00,4.544220000000e+02,3.231918000000e-05,3.228689310689e-08
Offset_RevB_Chip_5_wiShield_Gmx_default_OSC_default_Vsup_pm6V_20260909,1,690,2026-09-09T10:47:30.125180+00:00,4.550780000000e+02,2.258850000000e-05,2.256593406593e-08
Offset_RevB_Chip_5_wiShield_Gmx_default_OSC_default_Vsup_pm6V_20260909,1,691,2026-09-09T10:47:30.781680+00:00,4.557345000000e+02,2.773413000000e-05,2.770642357642e-08
Offset_RevB_Chip_5_wiShield_Gmx_default_OSC_default_Vsup_pm6V_20260909,1,692,2026-09-09T10:47:31.446180+00:00,4.563990000000e+02,1.803556000000e-05,1.801754245754e-08
Offset_RevB_Chip_5_wiShield_Gmx_default_OSC_default_Vsup_pm6V_20260909,1,693,2026-09-09T10:47:32.110180+00:00,4.570630000000e+02,3.464697000000e-05,3.461235764236e-08
Offset_RevB_Chip_5_wiShield_Gmx_default_OSC_default_Vsup_pm6V_20260909,1,694,2026-09-09T10:47:32.766180+00:00,4.577190000000e+02,3.237756000000e-05,3.234521478521e-08
Offset_RevB_Chip_5_wiShield_Gmx_default_OSC_default_Vsup_pm6V_20260909,1,695,2026-09-09T10:47:33.422180+00:00,4.583750000000e+02,4.065316000000e-05,4.061254745255e-08
Offset_RevB_Chip_5_wiShield_Gmx_default_OSC_default_Vsup_pm6V_20260909,1,696,2026-09-09T10:47:34.086180+00:00,4.590390000000e+02,4.179984000000e-05,4.175808191808e-08
Offset_RevB_Chip_5_wiShield_Gmx_default_OSC_default_Vsup_pm6V_20260909,1,697,2026-09-09T10:47:34.750180+00:00,4.597030000000e+02,3.052386000000e-05,3.049336663337e-08
Offset_RevB_Chip_5_wiShield_Gmx_default_OSC_default_Vsup_pm6V_20260909,1,698,2026-09-09T10:47:35.406680+00:00,4.603595000000e+02,3.545031000000e-05,3.541489510490e-08
Offset_RevB_Chip_5_wiShield_Gmx_default_OSC_default_Vsup_pm6V_20260909,1,699,2026-09-09T10:47:36.063180+00:00,4.610160000000e+02,3.822891000000e-05,3.819071928072e-08
Offset_RevB_Chip_5_wiShield_Gmx_default_OSC_default_Vsup_pm6V_20260909,1,700,2026-09-09T10:47:36.727180+00:00,4.616800000000e+02,3.128007000000e-05,3.124882117882e-08
Offset_RevB_Chip_5_wiShield_Gmx_default_OSC_default_Vsup_pm6V_20260909,1,701,2026-09-09T10:47:37.391180+00:00,4.623440000000e+02,3.899509000000e-05,3.895613386613e-08
Offset_RevB_Chip_5_wiShield_Gmx_default_OSC_default_Vsup_pm6V_20260909,1,702,2026-09-09T10:47:38.047180+00:00,4.630000000000e+02,4.238335000000e-05,4.234100899101e-08
Offset_RevB_Chip_5_wiShield_Gmx_default_OSC_default_Vsup_pm6V_20260909,1,703,2026-09-09T10:47:38.711180+00:00,4.636640000000e+02,4.020741000000e-05,4.016724275724e-08
Offset_RevB_Chip_5_wiShield_Gmx_default_OSC_default_Vsup_pm6V_20260909,1,704,2026-09-09T10:47:39.375180+00:00,4.643280000000e+02,4.221349000000e-05,4.217131868132e-08
Offset_RevB_Chip_5_wiShield_Gmx_default_OSC_default_Vsup_pm6V_20260909,1,705,2026-09-09T10:47:40.031680+00:00,4.649845000000e+02,3.937572000000e-05,3.933638361638e-08
Offset_RevB_Chip_5_wiShield_Gmx_default_OSC_default_Vsup_pm6V_20260909,1,706,2026-09-09T10:47:40.688180+00:00,4.656410000000e+02,6.198257000000e-05,6.192064935065e-08
Offset_RevB_Chip_5_wiShield_Gmx_default_OSC_default_Vsup_pm6V_20260909,1,707,2026-09-09T10:47:41.352180+00:00,4.663050000000e+02,4.145779000000e-05,4.141637362637e-08
Offset_RevB_Chip_5_wiShield_Gmx_default_OSC_default_Vsup_pm6V_20260909,1,708,2026-09-09T10:47:42.016180+00:00,4.669690000000e+02,5.654499000000e-05,5.648850149850e-08
Offset_RevB_Chip_5_wiShield_Gmx_default_OSC_default_Vsup_pm6V_20260909,1,709,2026-09-09T10:47:42.672180+00:00,4.676250000000e+02,4.699156000000e-05,4.694461538462e-08
Offset_RevB_Chip_5_wiShield_Gmx_default_OSC_default_Vsup_pm6V_20260909,1,710,2026-09-09T10:47:43.328680+00:00,4.682815000000e+02,3.493697000000e-05,3.490206793207e-08
Offset_RevB_Chip_5_wiShield_Gmx_default_OSC_default_Vsup_pm6V_20260909,1,711,2026-09-09T10:47:43.992680+00:00,4.689455000000e+02,5.081703000000e-05,5.076626373626e-08
Offset_RevB_Chip_5_wiShield_Gmx_default_OSC_default_Vsup_pm6V_20260909,1,712,2026-09-09T10:47:44.656680+00:00,4.696095000000e+02,6.095539000000e-05,6.089449550450e-08
Offset_RevB_Chip_5_wiShield_Gmx_default_OSC_default_Vsup_pm6V_20260909,1,713,2026-09-09T10:47:45.313180+00:00,4.702660000000e+02,3.478226000000e-05,3.474751248751e-08
Offset_RevB_Chip_5_wiShield_Gmx_default_OSC_default_Vsup_pm6V_20260909,1,714,2026-09-09T10:47:45.969180+00:00,4.709220000000e+02,5.112930000000e-05,5.107822177822e-08
Offset_RevB_Chip_5_wiShield_Gmx_default_OSC_default_Vsup_pm6V_20260909,1,715,2026-09-09T10:47:46.641180+00:00,4.715940000000e+02,5.087852000000e-05,5.082769230769e-08
Offset_RevB_Chip_5_wiShield_Gmx_default_OSC_default_Vsup_pm6V_20260909,1,716,2026-09-09T10:47:47.297180+00:00,4.722500000000e+02,4.689938000000e-05,4.685252747253e-08
Offset_RevB_Chip_5_wiShield_Gmx_default_OSC_default_Vsup_pm6V_20260909,1,717,2026-09-09T10:47:47.953680+00:00,4.729065000000e+02,5.417460000000e-05,5.412047952048e-08
Offset_RevB_Chip_5_wiShield_Gmx_default_OSC_default_Vsup_pm6V_20260909,1,718,2026-09-09T10:47:48.617680+00:00,4.735705000000e+02,5.992237000000e-05,5.986250749251e-08
Offset_RevB_Chip_5_wiShield_Gmx_default_OSC_default_Vsup_pm6V_20260909,1,719,2026-09-09T10:47:49.281680+00:00,4.742345000000e+02,6.472324000000e-05,6.465858141858e-08
Offset_RevB_Chip_5_wiShield_Gmx_default_OSC_default_Vsup_pm6V_20260909,1,720,2026-09-09T10:47:49.938180+00:00,4.748910000000e+02,6.964567000000e-05,6.957609390609e-08
Offset_RevB_Chip_5_wiShield_Gmx_default_OSC_default_Vsup_pm6V_20260909,1,721,2026-09-09T10:47:50.594180+00:00,4.755470000000e+02,5.647016000000e-05,5.641374625375e-08
Offset_RevB_Chip_5_wiShield_Gmx_default_OSC_default_Vsup_pm6V_20260909,1,722,2026-09-09T10:47:51.258180+00:00,4.762110000000e+02,6.163560000000e-05,6.157402597403e-08
Offset_RevB_Chip_5_wiShield_Gmx_default_OSC_default_Vsup_pm6V_20260909,1,723,2026-09-09T10:47:51.922180+00:00,4.768750000000e+02,6.234378000000e-05,6.228149850150e-08
Offset_RevB_Chip_5_wiShield_Gmx_default_OSC_default_Vsup_pm6V_20260909,1,724,2026-09-09T10:47:52.578680+00:00,4.775315000000e+02,6.924069000000e-05,6.917151848152e-08
Offset_RevB_Chip_5_wiShield_Gmx_default_OSC_default_Vsup_pm6V_20260909,1,725,2026-09-09T10:47:53.235180+00:00,4.781880000000e+02,6.197985000000e-05,6.191793206793e-08
Offset_RevB_Chip_5_wiShield_Gmx_default_OSC_default_Vsup_pm6V_20260909,1,726,2026-09-09T10:47:53.899180+00:00,4.788520000000e+02,6.217586000000e-05,6.211374625375e-08
Offset_RevB_Chip_5_wiShield_Gmx_default_OSC_default_Vsup_pm6V_20260909,1,727,2026-09-09T10:47:54.563180+00:00,4.795160000000e+02,5.547392000000e-05,5.541850149850e-08
Offset_RevB_Chip_5_wiShield_Gmx_default_OSC_default_Vsup_pm6V_20260909,1,728,2026-09-09T10:47:55.219180+00:00,4.801720000000e+02,5.345632000000e-05,5.340291708292e-08
Offset_RevB_Chip_5_wiShield_Gmx_default_OSC_default_Vsup_pm6V_20260909,1,729,2026-09-09T10:47:55.875180+00:00,4.808280000000e+02,5.481442000000e-05,5.475966033966e-08
Offset_RevB_Chip_5_wiShield_Gmx_default_OSC_default_Vsup_pm6V_20260909,1,730,2026-09-09T10:47:56.547180+00:00,4.815000000000e+02,6.490526000000e-05,6.484041958042e-08
Offset_RevB_Chip_5_wiShield_Gmx_default_OSC_default_Vsup_pm6V_20260909,1,731,2026-09-09T10:47:57.203680+00:00,4.821565000000e+02,6.583482000000e-05,6.576905094905e-08
Offset_RevB_Chip_5_wiShield_Gmx_default_OSC_default_Vsup_pm6V_20260909,1,732,2026-09-09T10:47:57.860180+00:00,4.828130000000e+02,6.883714000000e-05,6.876837162837e-08
Offset_RevB_Chip_5_wiShield_Gmx_default_OSC_default_Vsup_pm6V_20260909,1,733,2026-09-09T10:47:58.524180+00:00,4.834770000000e+02,7.327045000000e-05,7.319725274725e-08
Offset_RevB_Chip_5_wiShield_Gmx_default_OSC_default_Vsup_pm6V_20260909,1,734,2026-09-09T10:47:59.188180+00:00,4.841410000000e+02,6.821959000000e-05,6.815143856144e-08
Offset_RevB_Chip_5_wiShield_Gmx_default_OSC_default_Vsup_pm6V_20260909,1,735,2026-09-09T10:47:59.844180+00:00,4.847970000000e+02,6.068298000000e-05,6.062235764236e-08
Offset_RevB_Chip_5_wiShield_Gmx_default_OSC_default_Vsup_pm6V_20260909,1,736,2026-09-09T10:48:00.500180+00:00,4.854530000000e+02,6.917854000000e-05,6.910943056943e-08
Offset_RevB_Chip_5_wiShield_Gmx_default_OSC_default_Vsup_pm6V_20260909,1,737,2026-09-09T10:48:01.164180+00:00,4.861170000000e+02,7.230489000000e-05,7.223265734266e-08
Offset_RevB_Chip_5_wiShield_Gmx_default_OSC_default_Vsup_pm6V_20260909,1,738,2026-09-09T10:48:01.828680+00:00,4.867815000000e+02,5.275927000000e-05,5.270656343656e-08
Offset_RevB_Chip_5_wiShield_Gmx_default_OSC_default_Vsup_pm6V_20260909,1,739,2026-09-09T10:48:02.485180+00:00,4.874380000000e+02,7.503623000000e-05,7.496126873127e-08
Offset_RevB_Chip_5_wiShield_Gmx_default_OSC_default_Vsup_pm6V_20260909,1,740,2026-09-09T10:48:03.141180+00:00,4.880940000000e+02,5.795409000000e-05,5.789619380619e-08
Offset_RevB_Chip_5_wiShield_Gmx_default_OSC_default_Vsup_pm6V_20260909,1,741,2026-09-09T10:48:03.805180+00:00,4.887580000000e+02,7.414706000000e-05,7.407298701299e-08
Offset_RevB_Chip_5_wiShield_Gmx_default_OSC_default_Vsup_pm6V_20260909,1,742,2026-09-09T10:48:04.469180+00:00,4.894220000000e+02,7.138671000000e-05,7.131539460539e-08
Offset_RevB_Chip_5_wiShield_Gmx_default_OSC_default_Vsup_pm6V_20260909,1,743,2026-09-09T10:48:05.125180+00:00,4.900780000000e+02,8.000708000000e-05,7.992715284715e-08
Offset_RevB_Chip_5_wiShield_Gmx_default_OSC_default_Vsup_pm6V_20260909,1,744,2026-09-09T10:48:05.789180+00:00,4.907420000000e+02,5.553592000000e-05,5.548043956044e-08
Offset_RevB_Chip_5_wiShield_Gmx_default_OSC_default_Vsup_pm6V_20260909,1,745,2026-09-09T10:48:06.453680+00:00,4.914065000000e+02,7.153534000000e-05,7.146387612388e-08
Offset_RevB_Chip_5_wiShield_Gmx_default_OSC_default_Vsup_pm6V_20260909,1,746,2026-09-09T10:48:07.110180+00:00,4.920630000000e+02,7.601888000000e-05,7.594293706294e-08
Offset_RevB_Chip_5_wiShield_Gmx_default_OSC_default_Vsup_pm6V_20260909,1,747,2026-09-09T10:48:07.766180+00:00,4.927190000000e+02,8.552467000000e-05,8.543923076923e-08
Offset_RevB_Chip_5_wiShield_Gmx_default_OSC_default_Vsup_pm6V_20260909,1,748,2026-09-09T10:48:08.430180+00:00,4.933830000000e+02,7.370739000000e-05,7.363375624376e-08
Offset_RevB_Chip_5_wiShield_Gmx_default_OSC_default_Vsup_pm6V_20260909,1,749,2026-09-09T10:48:09.094180+00:00,4.940470000000e+02,6.974340000000e-05,6.967372627373e-08
Offset_RevB_Chip_5_wiShield_Gmx_default_OSC_default_Vsup_pm6V_20260909,1,750,2026-09-09T10:48:09.750180+00:00,4.947030000000e+02,7.658167000000e-05,7.650516483516e-08
Offset_RevB_Chip_5_wiShield_Gmx_default_OSC_default_Vsup_pm6V_20260909,1,751,2026-09-09T10:48:10.406680+00:00,4.953595000000e+02,7.053599000000e-05,7.046552447552e-08
Offset_RevB_Chip_5_wiShield_Gmx_default_OSC_default_Vsup_pm6V_20260909,1,752,2026-09-09T10:48:11.071180+00:00,4.960240000000e+02,7.682519000000e-05,7.674844155844e-08
Offset_RevB_Chip_5_wiShield_Gmx_default_OSC_default_Vsup_pm6V_20260909,1,753,2026-09-09T10:48:11.735180+00:00,4.966880000000e+02,7.703156000000e-05,7.695460539461e-08
Offset_RevB_Chip_5_wiShield_Gmx_default_OSC_default_Vsup_pm6V_20260909,1,754,2026-09-09T10:48:12.391180+00:00,4.973440000000e+02,8.332478000000e-05,8.324153846154e-08
Offset_RevB_Chip_5_wiShield_Gmx_default_OSC_default_Vsup_pm6V_20260909,1,755,2026-09-09T10:48:13.047180+00:00,4.980000000000e+02,7.375595000000e-05,7.368226773227e-08
Offset_RevB_Chip_5_wiShield_Gmx_default_OSC_default_Vsup_pm6V_20260909,1,756,2026-09-09T10:48:13.711180+00:00,4.986640000000e+02,9.602490000000e-05,9.592897102897e-08
Offset_RevB_Chip_5_wiShield_Gmx_default_OSC_default_Vsup_pm6V_20260909,1,757,2026-09-09T10:48:14.375180+00:00,4.993280000000e+02,8.082092000000e-05,8.074017982018e-08
Offset_RevB_Chip_5_wiShield_Gmx_default_OSC_default_Vsup_pm6V_20260909,1,758,2026-09-09T10:48:15.031680+00:00,4.999845000000e+02,8.080409000000e-05,8.072336663337e-08
Offset_RevB_Chip_5_wiShield_Gmx_default_OSC_default_Vsup_pm6V_20260909,1,759,2026-09-09T10:48:15.696180+00:00,5.006490000000e+02,8.059526000000e-05,8.051474525475e-08
Offset_RevB_Chip_5_wiShield_Gmx_default_OSC_default_Vsup_pm6V_20260909,1,760,2026-09-09T10:48:16.360180+00:00,5.013130000000e+02,9.349358000000e-05,9.340017982018e-08
Offset_RevB_Chip_5_wiShield_Gmx_default_OSC_default_Vsup_pm6V_20260909,1,761,2026-09-09T10:48:17.016180+00:00,5.019690000000e+02,9.234508000000e-05,9.225282717283e-08
Offset_RevB_Chip_5_wiShield_Gmx_default_OSC_default_Vsup_pm6V_20260909,1,762,2026-09-09T10:48:17.672180+00:00,5.026250000000e+02,1.009990000000e-04,1.008981018981e-07
Offset_RevB_Chip_5_wiShield_Gmx_default_OSC_default_Vsup_pm6V_20260909,1,763,2026-09-09T10:48:18.336180+00:00,5.032890000000e+02,1.027600000000e-04,1.026573426573e-07
Offset_RevB_Chip_5_wiShield_Gmx_default_OSC_default_Vsup_pm6V_20260909,1,764,2026-09-09T10:48:19.000180+00:00,5.039530000000e+02,9.997102000000e-05,9.987114885115e-08
Offset_RevB_Chip_5_wiShield_Gmx_default_OSC_default_Vsup_pm6V_20260909,1,765,2026-09-09T10:48:19.656680+00:00,5.046095000000e+02,8.482116000000e-05,8.473642357642e-08
Offset_RevB_Chip_5_wiShield_Gmx_default_OSC_default_Vsup_pm6V_20260909,1,766,2026-09-09T10:48:20.313180+00:00,5.052660000000e+02,1.001090000000e-04,1.000089910090e-07
Offset_RevB_Chip_5_wiShield_Gmx_default_OSC_default_Vsup_pm6V_20260909,1,767,2026-09-09T10:48:20.977180+00:00,5.059300000000e+02,1.018915000000e-04,1.017897102897e-07
Offset_RevB_Chip_5_wiShield_Gmx_default_OSC_default_Vsup_pm6V_20260909,1,768,2026-09-09T10:48:21.641180+00:00,5.065940000000e+02,1.110844000000e-04,1.109734265734e-07
Offset_RevB_Chip_5_wiShield_Gmx_default_OSC_default_Vsup_pm6V_20260909,1,769,2026-09-09T10:48:22.297180+00:00,5.072500000000e+02,8.374335000000e-05,8.365969030969e-08
Offset_RevB_Chip_5_wiShield_Gmx_default_OSC_default_Vsup_pm6V_20260909,1,770,2026-09-09T10:48:22.953680+00:00,5.079065000000e+02,8.630536000000e-05,8.621914085914e-08
Offset_RevB_Chip_5_wiShield_Gmx_default_OSC_default_Vsup_pm6V_20260909,1,771,2026-09-09T10:48:23.625180+00:00,5.085780000000e+02,1.006628000000e-04,1.005622377622e-07
Offset_RevB_Chip_5_wiShield_Gmx_default_OSC_default_Vsup_pm6V_20260909,1,772,2026-09-09T10:48:24.281680+00:00,5.092345000000e+02,1.053339000000e-04,1.052286713287e-07
Offset_RevB_Chip_5_wiShield_Gmx_default_OSC_default_Vsup_pm6V_20260909,1,773,2026-09-09T10:48:24.938180+00:00,5.098910000000e+02,8.845812000000e-05,8.836975024975e-08
Offset_RevB_Chip_5_wiShield_Gmx_default_OSC_default_Vsup_pm6V_20260909,1,774,2026-09-09T10:48:25.602180+00:00,5.105550000000e+02,8.277236000000e-05,8.268967032967e-08
Offset_RevB_Chip_5_wiShield_Gmx_default_OSC_default_Vsup_pm6V_20260909,1,775,2026-09-09T10:48:26.266180+00:00,5.112190000000e+02,9.608613000000e-05,9.599013986014e-08
Offset_RevB_Chip_5_wiShield_Gmx_default_OSC_default_Vsup_pm6V_20260909,1,776,2026-09-09T10:48:26.922180+00:00,5.118750000000e+02,8.744026000000e-05,8.735290709291e-08
Offset_RevB_Chip_5_wiShield_Gmx_default_OSC_default_Vsup_pm6V_20260909,1,777,2026-09-09T10:48:27.578680+00:00,5.125315000000e+02,9.957033000000e-05,9.947085914086e-08
Offset_RevB_Chip_5_wiShield_Gmx_default_OSC_default_Vsup_pm6V_20260909,1,778,2026-09-09T10:48:28.242680+00:00,5.131955000000e+02,9.810140000000e-05,9.800339660340e-08
Offset_RevB_Chip_5_wiShield_Gmx_default_OSC_default_Vsup_pm6V_20260909,1,779,2026-09-09T10:48:28.906680+00:00,5.138595000000e+02,1.065602000000e-04,1.064537462537e-07
Offset_RevB_Chip_5_wiShield_Gmx_default_OSC_default_Vsup_pm6V_20260909,1,780,2026-09-09T10:48:29.563180+00:00,5.145160000000e+02,9.354952000000e-05,9.345606393606e-08
Offset_RevB_Chip_5_wiShield_Gmx_default_OSC_default_Vsup_pm6V_20260909,1,781,2026-09-09T10:48:30.219180+00:00,5.151720000000e+02,9.250421000000e-05,9.241179820180e-08
Offset_RevB_Chip_5_wiShield_Gmx_default_OSC_default_Vsup_pm6V_20260909,1,782,2026-09-09T10:48:30.883180+00:00,5.158360000000e+02,8.674802000000e-05,8.666135864136e-08
Offset_RevB_Chip_5_wiShield_Gmx_default_OSC_default_Vsup_pm6V_20260909,1,783,2026-09-09T10:48:31.547180+00:00,5.165000000000e+02,9.081765000000e-05,9.072692307692e-08
Offset_RevB_Chip_5_wiShield_Gmx_default_OSC_default_Vsup_pm6V_20260909,1,784,2026-09-09T10:48:32.203680+00:00,5.171565000000e+02,9.181260000000e-05,9.172087912088e-08
Offset_RevB_Chip_5_wiShield_Gmx_default_OSC_default_Vsup_pm6V_20260909,1,785,2026-09-09T10:48:32.860180+00:00,5.178130000000e+02,8.816036000000e-05,8.807228771229e-08
Offset_RevB_Chip_5_wiShield_Gmx_default_OSC_default_Vsup_pm6V_20260909,1,786,2026-09-09T10:48:33.531680+00:00,5.184845000000e+02,8.614768000000e-05,8.606161838162e-08
Offset_RevB_Chip_5_wiShield_Gmx_default_OSC_default_Vsup_pm6V_20260909,1,787,2026-09-09T10:48:34.188180+00:00,5.191410000000e+02,9.538005000000e-05,9.528476523477e-08
Offset_RevB_Chip_5_wiShield_Gmx_default_OSC_default_Vsup_pm6V_20260909,1,788,2026-09-09T10:48:34.844180+00:00,5.197970000000e+02,8.971746000000e-05,8.962783216783e-08
Offset_RevB_Chip_5_wiShield_Gmx_default_OSC_default_Vsup_pm6V_20260909,1,789,2026-09-09T10:48:35.508180+00:00,5.204610000000e+02,8.694365000000e-05,8.685679320679e-08
Offset_RevB_Chip_5_wiShield_Gmx_default_OSC_default_Vsup_pm6V_20260909,1,790,2026-09-09T10:48:36.172180+00:00,5.211250000000e+02,8.757855000000e-05,8.749105894106e-08
Offset_RevB_Chip_5_wiShield_Gmx_default_OSC_default_Vsup_pm6V_20260909,1,791,2026-09-09T10:48:36.828680+00:00,5.217815000000e+02,8.720867000000e-05,8.712154845155e-08
Offset_RevB_Chip_5_wiShield_Gmx_default_OSC_default_Vsup_pm6V_20260909,1,792,2026-09-09T10:48:37.485180+00:00,5.224380000000e+02,8.637193000000e-05,8.628564435564e-08
Offset_RevB_Chip_5_wiShield_Gmx_default_OSC_default_Vsup_pm6V_20260909,1,793,2026-09-09T10:48:38.149180+00:00,5.231020000000e+02,8.338217000000e-05,8.329887112887e-08
Offset_RevB_Chip_5_wiShield_Gmx_default_OSC_default_Vsup_pm6V_20260909,1,794,2026-09-09T10:48:38.813180+00:00,5.237660000000e+02,9.436569000000e-05,9.427141858142e-08
Offset_RevB_Chip_5_wiShield_Gmx_default_OSC_default_Vsup_pm6V_20260909,1,795,2026-09-09T10:48:39.469180+00:00,5.244220000000e+02,8.766685000000e-05,8.757927072927e-08
Offset_RevB_Chip_5_wiShield_Gmx_default_OSC_default_Vsup_pm6V_20260909,1,796,2026-09-09T10:48:40.125180+00:00,5.250780000000e+02,7.948938000000e-05,7.940997002997e-08
Offset_RevB_Chip_5_wiShield_Gmx_default_OSC_default_Vsup_pm6V_20260909,1,797,2026-09-09T10:48:40.789180+00:00,5.257420000000e+02,1.016405000000e-04,1.015389610390e-07
Offset_RevB_Chip_5_wiShield_Gmx_default_OSC_default_Vsup_pm6V_20260909,1,798,2026-09-09T10:48:41.453680+00:00,5.264065000000e+02,1.127894000000e-04,1.126767232767e-07
Offset_RevB_Chip_5_wiShield_Gmx_default_OSC_default_Vsup_pm6V_20260909,1,799,2026-09-09T10:48:42.110180+00:00,5.270630000000e+02,1.070258000000e-04,1.069188811189e-07
Offset_RevB_Chip_5_wiShield_Gmx_default_OSC_default_Vsup_pm6V_20260909,1,800,2026-09-09T10:48:42.766180+00:00,5.277190000000e+02,9.138939000000e-05,9.129809190809e-08
Offset_RevB_Chip_5_wiShield_Gmx_default_OSC_default_Vsup_pm6V_20260909,1,801,2026-09-09T10:48:43.430180+00:00,5.283830000000e+02,8.058311000000e-05,8.050260739261e-08
Offset_RevB_Chip_5_wiShield_Gmx_default_OSC_default_Vsup_pm6V_20260909,1,802,2026-09-09T10:48:44.094180+00:00,5.290470000000e+02,9.221357000000e-05,9.212144855145e-08
Offset_RevB_Chip_5_wiShield_Gmx_default_OSC_default_Vsup_pm6V_20260909,1,803,2026-09-09T10:48:44.750180+00:00,5.297030000000e+02,1.095184000000e-04,1.094089910090e-07
Offset_RevB_Chip_5_wiShield_Gmx_default_OSC_default_Vsup_pm6V_20260909,1,804,2026-09-09T10:48:45.406680+00:00,5.303595000000e+02,9.865878000000e-05,9.856021978022e-08
Offset_RevB_Chip_5_wiShield_Gmx_default_OSC_default_Vsup_pm6V_20260909,1,805,2026-09-09T10:48:46.071180+00:00,5.310240000000e+02,1.052871000000e-04,1.051819180819e-07
Offset_RevB_Chip_5_wiShield_Gmx_default_OSC_default_Vsup_pm6V_20260909,1,806,2026-09-09T10:48:46.735180+00:00,5.316880000000e+02,8.743937000000e-05,8.735201798202e-08
Offset_RevB_Chip_5_wiShield_Gmx_default_OSC_default_Vsup_pm6V_20260909,1,807,2026-09-09T10:48:47.391180+00:00,5.323440000000e+02,9.288627000000e-05,9.279347652348e-08
Offset_RevB_Chip_5_wiShield_Gmx_default_OSC_default_Vsup_pm6V_20260909,1,808,2026-09-09T10:48:48.047180+00:00,5.330000000000e+02,1.071652000000e-04,1.070581418581e-07
Offset_RevB_Chip_5_wiShield_Gmx_default_OSC_default_Vsup_pm6V_20260909,1,809,2026-09-09T10:48:48.711180+00:00,5.336640000000e+02,9.039845000000e-05,9.030814185814e-08
Offset_RevB_Chip_5_wiShield_Gmx_default_OSC_default_Vsup_pm6V_20260909,1,810,2026-09-09T10:48:49.375180+00:00,5.343280000000e+02,8.260316000000e-05,8.252063936064e-08
Offset_RevB_Chip_5_wiShield_Gmx_default_OSC_default_Vsup_pm6V_20260909,1,811,2026-09-09T10:48:50.031680+00:00,5.349845000000e+02,8.251281000000e-05,8.243037962038e-08
Offset_RevB_Chip_5_wiShield_Gmx_default_OSC_default_Vsup_pm6V_20260909,1,812,2026-09-09T10:48:50.688180+00:00,5.356410000000e+02,9.567200000000e-05,9.557642357642e-08
Offset_RevB_Chip_5_wiShield_Gmx_default_OSC_default_Vsup_pm6V_20260909,1,813,2026-09-09T10:48:51.352180+00:00,5.363050000000e+02,1.019802000000e-04,1.018783216783e-07
Offset_RevB_Chip_5_wiShield_Gmx_default_OSC_default_Vsup_pm6V_20260909,1,814,2026-09-09T10:48:52.016180+00:00,5.369690000000e+02,1.131684000000e-04,1.130553446553e-07
Offset_RevB_Chip_5_wiShield_Gmx_default_OSC_default_Vsup_pm6V_20260909,1,815,2026-09-09T10:48:52.672180+00:00,5.376250000000e+02,1.014839000000e-04,1.013825174825e-07
Offset_RevB_Chip_5_wiShield_Gmx_default_OSC_default_Vsup_pm6V_20260909,1,816,2026-09-09T10:48:53.328680+00:00,5.382815000000e+02,1.045303000000e-04,1.044258741259e-07
Offset_RevB_Chip_5_wiShield_Gmx_default_OSC_default_Vsup_pm6V_20260909,1,817,2026-09-09T10:48:53.992680+00:00,5.389455000000e+02,1.155632000000e-04,1.154477522478e-07
Offset_RevB_Chip_5_wiShield_Gmx_default_OSC_default_Vsup_pm6V_20260909,1,818,2026-09-09T10:48:54.656680+00:00,5.396095000000e+02,1.030679000000e-04,1.029649350649e-07
Offset_RevB_Chip_5_wiShield_Gmx_default_OSC_default_Vsup_pm6V_20260909,1,819,2026-09-09T10:48:55.313180+00:00,5.402660000000e+02,1.175199000000e-04,1.174024975025e-07
Offset_RevB_Chip_5_wiShield_Gmx_default_OSC_default_Vsup_pm6V_20260909,1,820,2026-09-09T10:48:55.969180+00:00,5.409220000000e+02,1.007572000000e-04,1.006565434565e-07
Offset_RevB_Chip_5_wiShield_Gmx_default_OSC_default_Vsup_pm6V_20260909,1,821,2026-09-09T10:48:56.633180+00:00,5.415860000000e+02,1.226201000000e-04,1.224976023976e-07
Offset_RevB_Chip_5_wiShield_Gmx_default_OSC_default_Vsup_pm6V_20260909,1,822,2026-09-09T10:48:57.297180+00:00,5.422500000000e+02,1.220778000000e-04,1.219558441558e-07
Offset_RevB_Chip_5_wiShield_Gmx_default_OSC_default_Vsup_pm6V_20260909,1,823,2026-09-09T10:48:57.953680+00:00,5.429065000000e+02,1.197168000000e-04,1.195972027972e-07
Offset_RevB_Chip_5_wiShield_Gmx_default_OSC_default_Vsup_pm6V_20260909,1,824,2026-09-09T10:48:58.610180+00:00,5.435630000000e+02,1.099824000000e-04,1.098725274725e-07
Offset_RevB_Chip_5_wiShield_Gmx_default_OSC_default_Vsup_pm6V_20260909,1,825,2026-09-09T10:48:59.274180+00:00,5.442270000000e+02,1.233944000000e-04,1.232711288711e-07
Offset_RevB_Chip_5_wiShield_Gmx_default_OSC_default_Vsup_pm6V_20260909,1,826,2026-09-09T10:48:59.938180+00:00,5.448910000000e+02,1.096589000000e-04,1.095493506494e-07
Offset_RevB_Chip_5_wiShield_Gmx_default_OSC_default_Vsup_pm6V_20260909,1,827,2026-09-09T10:49:00.594180+00:00,5.455470000000e+02,1.275644000000e-04,1.274369630370e-07
Offset_RevB_Chip_5_wiShield_Gmx_default_OSC_default_Vsup_pm6V_20260909,1,828,2026-09-09T10:49:01.250180+00:00,5.462030000000e+02,1.254688000000e-04,1.253434565435e-07
Offset_RevB_Chip_5_wiShield_Gmx_default_OSC_default_Vsup_pm6V_20260909,1,829,2026-09-09T10:49:01.914180+00:00,5.468670000000e+02,1.184995000000e-04,1.183811188811e-07
Offset_RevB_Chip_5_wiShield_Gmx_default_OSC_default_Vsup_pm6V_20260909,1,830,2026-09-09T10:49:02.578680+00:00,5.475315000000e+02,1.267946000000e-04,1.266679320679e-07
Offset_RevB_Chip_5_wiShield_Gmx_default_OSC_default_Vsup_pm6V_20260909,1,831,2026-09-09T10:49:03.235180+00:00,5.481880000000e+02,1.368394000000e-04,1.367026973027e-07
Offset_RevB_Chip_5_wiShield_Gmx_default_OSC_default_Vsup_pm6V_20260909,1,832,2026-09-09T10:49:03.891180+00:00,5.488440000000e+02,1.267769000000e-04,1.266502497502e-07
Offset_RevB_Chip_5_wiShield_Gmx_default_OSC_default_Vsup_pm6V_20260909,1,833,2026-09-09T10:49:04.555180+00:00,5.495080000000e+02,1.152817000000e-04,1.151665334665e-07
Offset_RevB_Chip_5_wiShield_Gmx_default_OSC_default_Vsup_pm6V_20260909,1,834,2026-09-09T10:49:05.219180+00:00,5.501720000000e+02,1.162917000000e-04,1.161755244755e-07
Offset_RevB_Chip_5_wiShield_Gmx_default_OSC_default_Vsup_pm6V_20260909,1,835,2026-09-09T10:49:05.875180+00:00,5.508280000000e+02,1.303136000000e-04,1.301834165834e-07
Offset_RevB_Chip_5_wiShield_Gmx_default_OSC_default_Vsup_pm6V_20260909,1,836,2026-09-09T10:49:06.531680+00:00,5.514845000000e+02,1.204486000000e-04,1.203282717283e-07
Offset_RevB_Chip_5_wiShield_Gmx_default_OSC_default_Vsup_pm6V_20260909,1,837,2026-09-09T10:49:07.188180+00:00,5.521410000000e+02,1.212167000000e-04,1.210956043956e-07
Offset_RevB_Chip_5_wiShield_Gmx_default_OSC_default_Vsup_pm6V_20260909,1,838,2026-09-09T10:49:07.852180+00:00,5.528050000000e+02,1.148591000000e-04,1.147443556444e-07
Offset_RevB_Chip_5_wiShield_Gmx_default_OSC_default_Vsup_pm6V_20260909,1,839,2026-09-09T10:49:08.516180+00:00,5.534690000000e+02,1.185222000000e-04,1.184037962038e-07
Offset_RevB_Chip_5_wiShield_Gmx_default_OSC_default_Vsup_pm6V_20260909,1,840,2026-09-09T10:49:09.172180+00:00,5.541250000000e+02,1.296241000000e-04,1.294946053946e-07
Offset_RevB_Chip_5_wiShield_Gmx_default_OSC_default_Vsup_pm6V_20260909,1,841,2026-09-09T10:49:09.828680+00:00,5.547815000000e+02,1.124362000000e-04,1.123238761239e-07
Offset_RevB_Chip_5_wiShield_Gmx_default_OSC_default_Vsup_pm6V_20260909,1,842,2026-09-09T10:49:10.492680+00:00,5.554455000000e+02,1.278280000000e-04,1.277002997003e-07
Offset_RevB_Chip_5_wiShield_Gmx_default_OSC_default_Vsup_pm6V_20260909,1,843,2026-09-09T10:49:11.156680+00:00,5.561095000000e+02,1.218676000000e-04,1.217458541459e-07
Offset_RevB_Chip_5_wiShield_Gmx_default_OSC_default_Vsup_pm6V_20260909,1,844,2026-09-09T10:49:11.813180+00:00,5.567660000000e+02,1.332625000000e-04,1.331293706294e-07
Offset_RevB_Chip_5_wiShield_Gmx_default_OSC_default_Vsup_pm6V_20260909,1,845,2026-09-09T10:49:12.469180+00:00,5.574220000000e+02,1.151588000000e-04,1.150437562438e-07
Offset_RevB_Chip_5_wiShield_Gmx_default_OSC_default_Vsup_pm6V_20260909,1,846,2026-09-09T10:49:13.133180+00:00,5.580860000000e+02,1.192976000000e-04,1.191784215784e-07
Offset_RevB_Chip_5_wiShield_Gmx_default_OSC_default_Vsup_pm6V_20260909,1,847,2026-09-09T10:49:13.797180+00:00,5.587500000000e+02,1.293003000000e-04,1.291711288711e-07
Offset_RevB_Chip_5_wiShield_Gmx_default_OSC_default_Vsup_pm6V_20260909,1,848,2026-09-09T10:49:14.453680+00:00,5.594065000000e+02,1.296062000000e-04,1.294767232767e-07
Offset_RevB_Chip_5_wiShield_Gmx_default_OSC_default_Vsup_pm6V_20260909,1,849,2026-09-09T10:49:15.110180+00:00,5.600630000000e+02,1.259457000000e-04,1.258198801199e-07
Offset_RevB_Chip_5_wiShield_Gmx_default_OSC_default_Vsup_pm6V_20260909,1,850,2026-09-09T10:49:15.774180+00:00,5.607270000000e+02,1.021865000000e-04,1.020844155844e-07
Offset_RevB_Chip_5_wiShield_Gmx_default_OSC_default_Vsup_pm6V_20260909,1,851,2026-09-09T10:49:16.438180+00:00,5.613910000000e+02,1.161428000000e-04,1.160267732268e-07
Offset_RevB_Chip_5_wiShield_Gmx_default_OSC_default_Vsup_pm6V_20260909,1,852,2026-09-09T10:49:17.094180+00:00,5.620470000000e+02,1.443765000000e-04,1.442322677323e-07
Offset_RevB_Chip_5_wiShield_Gmx_default_OSC_default_Vsup_pm6V_20260909,1,853,2026-09-09T10:49:17.750180+00:00,5.627030000000e+02,1.134512000000e-04,1.133378621379e-07
Offset_RevB_Chip_5_wiShield_Gmx_default_OSC_default_Vsup_pm6V_20260909,1,854,2026-09-09T10:49:18.414180+00:00,5.633670000000e+02,1.253552000000e-04,1.252299700300e-07
Offset_RevB_Chip_5_wiShield_Gmx_default_OSC_default_Vsup_pm6V_20260909,1,855,2026-09-09T10:49:19.078680+00:00,5.640315000000e+02,1.235713000000e-04,1.234478521479e-07
Offset_RevB_Chip_5_wiShield_Gmx_default_OSC_default_Vsup_pm6V_20260909,1,856,2026-09-09T10:49:19.735180+00:00,5.646880000000e+02,1.182217000000e-04,1.181035964036e-07
Offset_RevB_Chip_5_wiShield_Gmx_default_OSC_default_Vsup_pm6V_20260909,1,857,2026-09-09T10:49:20.391180+00:00,5.653440000000e+02,1.311880000000e-04,1.310569430569e-07
Offset_RevB_Chip_5_wiShield_Gmx_default_OSC_default_Vsup_pm6V_20260909,1,858,2026-09-09T10:49:21.055180+00:00,5.660080000000e+02,1.286317000000e-04,1.285031968032e-07
Offset_RevB_Chip_5_wiShield_Gmx_default_OSC_default_Vsup_pm6V_20260909,1,859,2026-09-09T10:49:21.719180+00:00,5.666720000000e+02,1.196738000000e-04,1.195542457542e-07
Offset_RevB_Chip_5_wiShield_Gmx_default_OSC_default_Vsup_pm6V_20260909,1,860,2026-09-09T10:49:22.375180+00:00,5.673280000000e+02,1.182415000000e-04,1.181233766234e-07
Offset_RevB_Chip_5_wiShield_Gmx_default_OSC_default_Vsup_pm6V_20260909,1,861,2026-09-09T10:49:23.031680+00:00,5.679845000000e+02,1.281752000000e-04,1.280471528472e-07
Offset_RevB_Chip_5_wiShield_Gmx_default_OSC_default_Vsup_pm6V_20260909,1,862,2026-09-09T10:49:23.703680+00:00,5.686565000000e+02,1.320997000000e-04,1.319677322677e-07
Offset_RevB_Chip_5_wiShield_Gmx_default_OSC_default_Vsup_pm6V_20260909,1,863,2026-09-09T10:49:24.360180+00:00,5.693130000000e+02,1.128217000000e-04,1.127089910090e-07
Offset_RevB_Chip_5_wiShield_Gmx_default_OSC_default_Vsup_pm6V_20260909,1,864,2026-09-09T10:49:25.016180+00:00,5.699690000000e+02,1.306247000000e-04,1.304942057942e-07
Offset_RevB_Chip_5_wiShield_Gmx_default_OSC_default_Vsup_pm6V_20260909,1,865,2026-09-09T10:49:25.680180+00:00,5.706330000000e+02,1.362349000000e-04,1.360988011988e-07
Offset_RevB_Chip_5_wiShield_Gmx_default_OSC_default_Vsup_pm6V_20260909,1,866,2026-09-09T10:49:26.344180+00:00,5.712970000000e+02,1.155455000000e-04,1.154300699301e-07
Offset_RevB_Chip_5_wiShield_Gmx_default_OSC_default_Vsup_pm6V_20260909,1,867,2026-09-09T10:49:27.000180+00:00,5.719530000000e+02,1.251619000000e-04,1.250368631369e-07
Offset_RevB_Chip_5_wiShield_Gmx_default_OSC_default_Vsup_pm6V_20260909,1,868,2026-09-09T10:49:27.656680+00:00,5.726095000000e+02,1.347697000000e-04,1.346350649351e-07
Offset_RevB_Chip_5_wiShield_Gmx_default_OSC_default_Vsup_pm6V_20260909,1,869,2026-09-09T10:49:28.321180+00:00,5.732740000000e+02,1.432078000000e-04,1.430647352647e-07
Offset_RevB_Chip_5_wiShield_Gmx_default_OSC_default_Vsup_pm6V_20260909,1,870,2026-09-09T10:49:28.985180+00:00,5.739380000000e+02,1.430462000000e-04,1.429032967033e-07
Offset_RevB_Chip_5_wiShield_Gmx_default_OSC_default_Vsup_pm6V_20260909,1,871,2026-09-09T10:49:29.641180+00:00,5.745940000000e+02,1.185700000000e-04,1.184515484515e-07
Offset_RevB_Chip_5_wiShield_Gmx_default_OSC_default_Vsup_pm6V_20260909,1,872,2026-09-09T10:49:30.297180+00:00,5.752500000000e+02,1.227277000000e-04,1.226050949051e-07
Offset_RevB_Chip_5_wiShield_Gmx_default_OSC_default_Vsup_pm6V_20260909,1,873,2026-09-09T10:49:30.961180+00:00,5.759140000000e+02,1.251108000000e-04,1.249858141858e-07
Offset_RevB_Chip_5_wiShield_Gmx_default_OSC_default_Vsup_pm6V_20260909,1,874,2026-09-09T10:49:31.625180+00:00,5.765780000000e+02,1.222449000000e-04,1.221227772228e-07
Offset_RevB_Chip_5_wiShield_Gmx_default_OSC_default_Vsup_pm6V_20260909,1,875,2026-09-09T10:49:32.281680+00:00,5.772345000000e+02,1.108202000000e-04,1.107094905095e-07
Offset_RevB_Chip_5_wiShield_Gmx_default_OSC_default_Vsup_pm6V_20260909,1,876,2026-09-09T10:49:32.938180+00:00,5.778910000000e+02,1.262811000000e-04,1.261549450549e-07
Offset_RevB_Chip_5_wiShield_Gmx_default_OSC_default_Vsup_pm6V_20260909,1,877,2026-09-09T10:49:33.602180+00:00,5.785550000000e+02,1.144482000000e-04,1.143338661339e-07
Offset_RevB_Chip_5_wiShield_Gmx_default_OSC_default_Vsup_pm6V_20260909,1,878,2026-09-09T10:49:34.266180+00:00,5.792190000000e+02,1.279924000000e-04,1.278645354645e-07
Offset_RevB_Chip_5_wiShield_Gmx_default_OSC_default_Vsup_pm6V_20260909,1,879,2026-09-09T10:49:34.922180+00:00,5.798750000000e+02,1.174313000000e-04,1.173139860140e-07
Offset_RevB_Chip_5_wiShield_Gmx_default_OSC_default_Vsup_pm6V_20260909,1,880,2026-09-09T10:49:35.578680+00:00,5.805315000000e+02,1.144918000000e-04,1.143774225774e-07
Offset_RevB_Chip_5_wiShield_Gmx_default_OSC_default_Vsup_pm6V_20260909,1,881,2026-09-09T10:49:36.242680+00:00,5.811955000000e+02,1.214289000000e-04,1.213075924076e-07
Offset_RevB_Chip_5_wiShield_Gmx_default_OSC_default_Vsup_pm6V_20260909,1,882,2026-09-09T10:49:36.906680+00:00,5.818595000000e+02,1.312988000000e-04,1.311676323676e-07
Offset_RevB_Chip_5_wiShield_Gmx_default_OSC_default_Vsup_pm6V_20260909,1,883,2026-09-09T10:49:37.563180+00:00,5.825160000000e+02,1.170515000000e-04,1.169345654346e-07
Offset_RevB_Chip_5_wiShield_Gmx_default_OSC_default_Vsup_pm6V_20260909,1,884,2026-09-09T10:49:38.219180+00:00,5.831720000000e+02,1.207534000000e-04,1.206327672328e-07
Offset_RevB_Chip_5_wiShield_Gmx_default_OSC_default_Vsup_pm6V_20260909,1,885,2026-09-09T10:49:38.883180+00:00,5.838360000000e+02,1.256898000000e-04,1.255642357642e-07
Offset_RevB_Chip_5_wiShield_Gmx_default_OSC_default_Vsup_pm6V_20260909,1,886,2026-09-09T10:49:39.547180+00:00,5.845000000000e+02,1.194633000000e-04,1.193439560440e-07
Offset_RevB_Chip_5_wiShield_Gmx_default_OSC_default_Vsup_pm6V_20260909,1,887,2026-09-09T10:49:40.203680+00:00,5.851565000000e+02,1.033694000000e-04,1.032661338661e-07
Offset_RevB_Chip_5_wiShield_Gmx_default_OSC_default_Vsup_pm6V_20260909,1,888,2026-09-09T10:49:40.860180+00:00,5.858130000000e+02,1.034687000000e-04,1.033653346653e-07
Offset_RevB_Chip_5_wiShield_Gmx_default_OSC_default_Vsup_pm6V_20260909,1,889,2026-09-09T10:49:41.524180+00:00,5.864770000000e+02,1.172118000000e-04,1.170947052947e-07
Offset_RevB_Chip_5_wiShield_Gmx_default_OSC_default_Vsup_pm6V_20260909,1,890,2026-09-09T10:49:42.188180+00:00,5.871410000000e+02,1.197072000000e-04,1.195876123876e-07
Offset_RevB_Chip_5_wiShield_Gmx_default_OSC_default_Vsup_pm6V_20260909,1,891,2026-09-09T10:49:42.844180+00:00,5.877970000000e+02,1.401456000000e-04,1.400055944056e-07
Offset_RevB_Chip_5_wiShield_Gmx_default_OSC_default_Vsup_pm6V_20260909,1,892,2026-09-09T10:49:43.500180+00:00,5.884530000000e+02,1.186183000000e-04,1.184998001998e-07
Offset_RevB_Chip_5_wiShield_Gmx_default_OSC_default_Vsup_pm6V_20260909,1,893,2026-09-09T10:49:44.164180+00:00,5.891170000000e+02,1.363058000000e-04,1.361696303696e-07
Offset_RevB_Chip_5_wiShield_Gmx_default_OSC_default_Vsup_pm6V_20260909,1,894,2026-09-09T10:49:44.828680+00:00,5.897815000000e+02,1.246496000000e-04,1.245250749251e-07
Offset_RevB_Chip_5_wiShield_Gmx_default_OSC_default_Vsup_pm6V_20260909,1,895,2026-09-09T10:49:45.485180+00:00,5.904380000000e+02,1.095500000000e-04,1.094405594406e-07
Offset_RevB_Chip_5_wiShield_Gmx_default_OSC_default_Vsup_pm6V_20260909,1,896,2026-09-09T10:49:46.141180+00:00,5.910940000000e+02,1.085000000000e-04,1.083916083916e-07
Offset_RevB_Chip_5_wiShield_Gmx_default_OSC_default_Vsup_pm6V_20260909,1,897,2026-09-09T10:49:46.805180+00:00,5.917580000000e+02,1.242126000000e-04,1.240885114885e-07
Offset_RevB_Chip_5_wiShield_Gmx_default_OSC_default_Vsup_pm6V_20260909,1,898,2026-09-09T10:49:47.469180+00:00,5.924220000000e+02,1.126676000000e-04,1.125550449550e-07
Offset_RevB_Chip_5_wiShield_Gmx_default_OSC_default_Vsup_pm6V_20260909,1,899,2026-09-09T10:49:48.125180+00:00,5.930780000000e+02,1.129136000000e-04,1.128007992008e-07
Offset_RevB_Chip_5_wiShield_Gmx_default_OSC_default_Vsup_pm6V_20260909,1,900,2026-09-09T10:49:48.781680+00:00,5.937345000000e+02,1.341646000000e-04,1.340305694306e-07
Offset_RevB_Chip_5_wiShield_Gmx_default_OSC_default_Vsup_pm6V_20260909,1,901,2026-09-09T10:49:49.438180+00:00,5.943910000000e+02,1.256098000000e-04,1.254843156843e-07
Offset_RevB_Chip_5_wiShield_Gmx_default_OSC_default_Vsup_pm6V_20260909,1,902,2026-09-09T10:49:50.110180+00:00,5.950630000000e+02,1.328417000000e-04,1.327089910090e-07
Offset_RevB_Chip_5_wiShield_Gmx_default_OSC_default_Vsup_pm6V_20260909,1,903,2026-09-09T10:49:50.766180+00:00,5.957190000000e+02,1.400766000000e-04,1.399366633367e-07
Offset_RevB_Chip_5_wiShield_Gmx_default_OSC_default_Vsup_pm6V_20260909,1,904,2026-09-09T10:49:51.422180+00:00,5.963750000000e+02,1.307957000000e-04,1.306650349650e-07
Offset_RevB_Chip_5_wiShield_Gmx_default_OSC_default_Vsup_pm6V_20260909,1,905,2026-09-09T10:49:52.078680+00:00,5.970315000000e+02,1.251760000000e-04,1.250509490509e-07
Offset_RevB_Chip_5_wiShield_Gmx_default_OSC_default_Vsup_pm6V_20260909,1,906,2026-09-09T10:49:52.742680+00:00,5.976955000000e+02,1.233699000000e-04,1.232466533467e-07
Offset_RevB_Chip_5_wiShield_Gmx_default_OSC_default_Vsup_pm6V_20260909,1,907,2026-09-09T10:49:53.406680+00:00,5.983595000000e+02,1.256470000000e-04,1.255214785215e-07
Offset_RevB_Chip_5_wiShield_Gmx_default_OSC_default_Vsup_pm6V_20260909,1,908,2026-09-09T10:49:54.063180+00:00,5.990160000000e+02,1.510034000000e-04,1.508525474525e-07
Offset_RevB_Chip_5_wiShield_Gmx_default_OSC_default_Vsup_pm6V_20260909,1,909,2026-09-09T10:49:54.719180+00:00,5.996720000000e+02,1.416771000000e-04,1.415355644356e-07
Offset_RevB_Chip_5_wiShield_Gmx_default_OSC_default_Vsup_pm6V_20260909,1,910,2026-09-09T10:49:55.383180+00:00,6.003360000000e+02,1.264699000000e-04,1.263435564436e-07
Offset_RevB_Chip_5_wiShield_Gmx_default_OSC_default_Vsup_pm6V_20260909,1,911,2026-09-09T10:49:56.047180+00:00,6.010000000000e+02,1.321720000000e-04,1.320399600400e-07
Offset_RevB_Chip_5_wiShield_Gmx_default_OSC_default_Vsup_pm6V_20260909,1,912,2026-09-09T10:49:56.703680+00:00,6.016565000000e+02,1.311088000000e-04,1.309778221778e-07
Offset_RevB_Chip_5_wiShield_Gmx_default_OSC_default_Vsup_pm6V_20260909,1,913,2026-09-09T10:49:57.360180+00:00,6.023130000000e+02,1.300905000000e-04,1.299605394605e-07
Offset_RevB_Chip_5_wiShield_Gmx_default_OSC_default_Vsup_pm6V_20260909,1,914,2026-09-09T10:49:58.024180+00:00,6.029770000000e+02,1.042342000000e-04,1.041300699301e-07
Offset_RevB_Chip_5_wiShield_Gmx_default_OSC_default_Vsup_pm6V_20260909,1,915,2026-09-09T10:49:58.688180+00:00,6.036410000000e+02,1.357977000000e-04,1.356620379620e-07
Offset_RevB_Chip_5_wiShield_Gmx_default_OSC_default_Vsup_pm6V_20260909,1,916,2026-09-09T10:49:59.344180+00:00,6.042970000000e+02,1.140116000000e-04,1.138977022977e-07
Offset_RevB_Chip_5_wiShield_Gmx_default_OSC_default_Vsup_pm6V_20260909,1,917,2026-09-09T10:50:00.000180+00:00,6.049530000000e+02,1.292906000000e-04,1.291614385614e-07
Offset_RevB_Chip_5_wiShield_Gmx_default_OSC_default_Vsup_pm6V_20260909,1,918,2026-09-09T10:50:00.656680+00:00,6.056095000000e+02,1.263368000000e-04,1.262105894106e-07
Offset_RevB_Chip_5_wiShield_Gmx_default_OSC_default_Vsup_pm6V_20260909,1,919,2026-09-09T10:50:01.328680+00:00,6.062815000000e+02,1.127511000000e-04,1.126384615385e-07
Offset_RevB_Chip_5_wiShield_Gmx_default_OSC_default_Vsup_pm6V_20260909,1,920,2026-09-09T10:50:01.985180+00:00,6.069380000000e+02,1.095351000000e-04,1.094256743257e-07
Offset_RevB_Chip_5_wiShield_Gmx_default_OSC_default_Vsup_pm6V_20260909,1,921,2026-09-09T10:50:02.641180+00:00,6.075940000000e+02,1.069063000000e-04,1.067995004995e-07
Offset_RevB_Chip_5_wiShield_Gmx_default_OSC_default_Vsup_pm6V_20260909,1,922,2026-09-09T10:50:03.297180+00:00,6.082500000000e+02,1.153737000000e-04,1.152584415584e-07
Offset_RevB_Chip_5_wiShield_Gmx_default_OSC_default_Vsup_pm6V_20260909,1,923,2026-09-09T10:50:03.961180+00:00,6.089140000000e+02,1.171819000000e-04,1.170648351648e-07
Offset_RevB_Chip_5_wiShield_Gmx_default_OSC_default_Vsup_pm6V_20260909,1,924,2026-09-09T10:50:04.625180+00:00,6.095780000000e+02,1.106383000000e-04,1.105277722278e-07
Offset_RevB_Chip_5_wiShield_Gmx_default_OSC_default_Vsup_pm6V_20260909,1,925,2026-09-09T10:50:05.281680+00:00,6.102345000000e+02,1.180023000000e-04,1.178844155844e-07
Offset_RevB_Chip_5_wiShield_Gmx_default_OSC_default_Vsup_pm6V_20260909,1,926,2026-09-09T10:50:05.938180+00:00,6.108910000000e+02,1.162676000000e-04,1.161514485514e-07
Offset_RevB_Chip_5_wiShield_Gmx_default_OSC_default_Vsup_pm6V_20260909,1,927,2026-09-09T10:50:06.594180+00:00,6.115470000000e+02,1.226505000000e-04,1.225279720280e-07
Offset_RevB_Chip_5_wiShield_Gmx_default_OSC_default_Vsup_pm6V_20260909,1,928,2026-09-09T10:50:07.266180+00:00,6.122190000000e+02,1.145028000000e-04,1.143884115884e-07
Offset_RevB_Chip_5_wiShield_Gmx_default_OSC_default_Vsup_pm6V_20260909,1,929,2026-09-09T10:50:07.922180+00:00,6.128750000000e+02,1.170905000000e-04,1.169735264735e-07
Offset_RevB_Chip_5_wiShield_Gmx_default_OSC_default_Vsup_pm6V_20260909,1,930,2026-09-09T10:50:08.578680+00:00,6.135315000000e+02,9.719087000000e-05,9.709377622378e-08
Offset_RevB_Chip_5_wiShield_Gmx_default_OSC_default_Vsup_pm6V_20260909,1,931,2026-09-09T10:50:09.235180+00:00,6.141880000000e+02,1.076328000000e-04,1.075252747253e-07
Offset_RevB_Chip_5_wiShield_Gmx_default_OSC_default_Vsup_pm6V_20260909,1,932,2026-09-09T10:50:09.899180+00:00,6.148520000000e+02,1.048718000000e-04,1.047670329670e-07
Offset_RevB_Chip_5_wiShield_Gmx_default_OSC_default_Vsup_pm6V_20260909,1,933,2026-09-09T10:50:10.563180+00:00,6.155160000000e+02,1.152746000000e-04,1.151594405594e-07
Offset_RevB_Chip_5_wiShield_Gmx_default_OSC_default_Vsup_pm6V_20260909,1,934,2026-09-09T10:50:11.219180+00:00,6.161720000000e+02,1.226813000000e-04,1.225587412587e-07
Offset_RevB_Chip_5_wiShield_Gmx_default_OSC_default_Vsup_pm6V_20260909,1,935,2026-09-09T10:50:11.875180+00:00,6.168280000000e+02,9.833160000000e-05,9.823336663337e-08
Offset_RevB_Chip_5_wiShield_Gmx_default_OSC_default_Vsup_pm6V_20260909,1,936,2026-09-09T10:50:12.531680+00:00,6.174845000000e+02,9.186723000000e-05,9.177545454545e-08
Offset_RevB_Chip_5_wiShield_Gmx_default_OSC_default_Vsup_pm6V_20260909,1,937,2026-09-09T10:50:13.196180+00:00,6.181490000000e+02,1.189619000000e-04,1.188430569431e-07
Offset_RevB_Chip_5_wiShield_Gmx_default_OSC_default_Vsup_pm6V_20260909,1,938,2026-09-09T10:50:13.860180+00:00,6.188130000000e+02,1.117196000000e-04,1.116079920080e-07
Offset_RevB_Chip_5_wiShield_Gmx_default_OSC_default_Vsup_pm6V_20260909,1,939,2026-09-09T10:50:14.516180+00:00,6.194690000000e+02,1.022113000000e-04,1.021091908092e-07
Offset_RevB_Chip_5_wiShield_Gmx_default_OSC_default_Vsup_pm6V_20260909,1,940,2026-09-09T10:50:15.172180+00:00,6.201250000000e+02,1.027756000000e-04,1.026729270729e-07
Offset_RevB_Chip_5_wiShield_Gmx_default_OSC_default_Vsup_pm6V_20260909,1,941,2026-09-09T10:50:15.836180+00:00,6.207890000000e+02,1.040666000000e-04,1.039626373626e-07
Offset_RevB_Chip_5_wiShield_Gmx_default_OSC_default_Vsup_pm6V_20260909,1,942,2026-09-09T10:50:16.500180+00:00,6.214530000000e+02,9.422247000000e-05,9.412834165834e-08
Offset_RevB_Chip_5_wiShield_Gmx_default_OSC_default_Vsup_pm6V_20260909,1,943,2026-09-09T10:50:17.156680+00:00,6.221095000000e+02,9.852334000000e-05,9.842491508492e-08
Offset_RevB_Chip_5_wiShield_Gmx_default_OSC_default_Vsup_pm6V_20260909,1,944,2026-09-09T10:50:17.813180+00:00,6.227660000000e+02,1.124229000000e-04,1.123105894106e-07
Offset_RevB_Chip_5_wiShield_Gmx_default_OSC_default_Vsup_pm6V_20260909,1,945,2026-09-09T10:50:18.469180+00:00,6.234220000000e+02,8.916397000000e-05,8.907489510490e-08
Offset_RevB_Chip_5_wiShield_Gmx_default_OSC_default_Vsup_pm6V_20260909,1,946,2026-09-09T10:50:19.125180+00:00,6.240780000000e+02,9.916665000000e-05,9.906758241758e-08
Offset_RevB_Chip_5_wiShield_Gmx_default_OSC_default_Vsup_pm6V_20260909,1,947,2026-09-09T10:50:19.789180+00:00,6.247420000000e+02,9.069957000000e-05,9.060896103896e-08
Offset_RevB_Chip_5_wiShield_Gmx_default_OSC_default_Vsup_pm6V_20260909,1,948,2026-09-09T10:50:20.453680+00:00,6.254065000000e+02,1.035506000000e-04,1.034471528472e-07
Offset_RevB_Chip_5_wiShield_Gmx_default_OSC_default_Vsup_pm6V_20260909,1,949,2026-09-09T10:50:21.110180+00:00,6.260630000000e+02,1.061080000000e-04,1.060019980020e-07
Offset_RevB_Chip_5_wiShield_Gmx_default_OSC_default_Vsup_pm6V_20260909,1,950,2026-09-09T10:50:21.766180+00:00,6.267190000000e+02,1.055302000000e-04,1.054247752248e-07
Offset_RevB_Chip_5_wiShield_Gmx_default_OSC_default_Vsup_pm6V_20260909,1,951,2026-09-09T10:50:22.430180+00:00,6.273830000000e+02,8.814275000000e-05,8.805469530470e-08
Offset_RevB_Chip_5_wiShield_Gmx_default_OSC_default_Vsup_pm6V_20260909,1,952,2026-09-09T10:50:23.094180+00:00,6.280470000000e+02,9.967546000000e-05,9.957588411588e-08
Offset_RevB_Chip_5_wiShield_Gmx_default_OSC_default_Vsup_pm6V_20260909,1,953,2026-09-09T10:50:23.750180+00:00,6.287030000000e+02,9.522817000000e-05,9.513303696304e-08
Offset_RevB_Chip_5_wiShield_Gmx_default_OSC_default_Vsup_pm6V_20260909,1,954,2026-09-09T10:50:24.406680+00:00,6.293595000000e+02,9.882875000000e-05,9.873001998002e-08
Offset_RevB_Chip_5_wiShield_Gmx_default_OSC_default_Vsup_pm6V_20260909,1,955,2026-09-09T10:50:25.063180+00:00,6.300160000000e+02,1.031051000000e-04,1.030020979021e-07
Offset_RevB_Chip_5_wiShield_Gmx_default_OSC_default_Vsup_pm6V_20260909,1,956,2026-09-09T10:50:25.727180+00:00,6.306800000000e+02,8.038448000000e-05,8.030417582418e-08
Offset_RevB_Chip_5_wiShield_Gmx_default_OSC_default_Vsup_pm6V_20260909,1,957,2026-09-09T10:50:26.391180+00:00,6.313440000000e+02,7.877651000000e-05,7.869781218781e-08
Offset_RevB_Chip_5_wiShield_Gmx_default_OSC_default_Vsup_pm6V_20260909,1,958,2026-09-09T10:50:27.047180+00:00,6.320000000000e+02,7.987296000000e-05,7.979316683317e-08
Offset_RevB_Chip_5_wiShield_Gmx_default_OSC_default_Vsup_pm6V_20260909,1,959,2026-09-09T10:50:27.703680+00:00,6.326565000000e+02,8.416579000000e-05,8.408170829171e-08
Offset_RevB_Chip_5_wiShield_Gmx_default_OSC_default_Vsup_pm6V_20260909,1,960,2026-09-09T10:50:28.367680+00:00,6.333205000000e+02,8.321810000000e-05,8.313496503497e-08
Offset_RevB_Chip_5_wiShield_Gmx_default_OSC_default_Vsup_pm6V_20260909,1,961,2026-09-09T10:50:29.031680+00:00,6.339845000000e+02,9.427192000000e-05,9.417774225774e-08
Offset_RevB_Chip_5_wiShield_Gmx_default_OSC_default_Vsup_pm6V_20260909,1,962,2026-09-09T10:50:29.688180+00:00,6.346410000000e+02,9.559817000000e-05,9.550266733267e-08
Offset_RevB_Chip_5_wiShield_Gmx_default_OSC_default_Vsup_pm6V_20260909,1,963,2026-09-09T10:50:30.344180+00:00,6.352970000000e+02,7.092388000000e-05,7.085302697303e-08
Offset_RevB_Chip_5_wiShield_Gmx_default_OSC_default_Vsup_pm6V_20260909,1,964,2026-09-09T10:50:31.000180+00:00,6.359530000000e+02,9.332358000000e-05,9.323034965035e-08
Offset_RevB_Chip_5_wiShield_Gmx_default_OSC_default_Vsup_pm6V_20260909,1,965,2026-09-09T10:50:31.664180+00:00,6.366170000000e+02,8.792018000000e-05,8.783234765235e-08
Offset_RevB_Chip_5_wiShield_Gmx_default_OSC_default_Vsup_pm6V_20260909,1,966,2026-09-09T10:50:32.328680+00:00,6.372815000000e+02,8.267564000000e-05,8.259304695305e-08
Offset_RevB_Chip_5_wiShield_Gmx_default_OSC_default_Vsup_pm6V_20260909,1,967,2026-09-09T10:50:32.985180+00:00,6.379380000000e+02,8.246435000000e-05,8.238196803197e-08
Offset_RevB_Chip_5_wiShield_Gmx_default_OSC_default_Vsup_pm6V_20260909,1,968,2026-09-09T10:50:33.641180+00:00,6.385940000000e+02,8.941474000000e-05,8.932541458541e-08
Offset_RevB_Chip_5_wiShield_Gmx_default_OSC_default_Vsup_pm6V_20260909,1,969,2026-09-09T10:50:34.297180+00:00,6.392500000000e+02,9.345240000000e-05,9.335904095904e-08
Offset_RevB_Chip_5_wiShield_Gmx_default_OSC_default_Vsup_pm6V_20260909,1,970,2026-09-09T10:50:34.961180+00:00,6.399140000000e+02,7.502083000000e-05,7.494588411588e-08
Offset_RevB_Chip_5_wiShield_Gmx_default_OSC_default_Vsup_pm6V_20260909,1,971,2026-09-09T10:50:35.625180+00:00,6.405780000000e+02,1.038110000000e-04,1.037072927073e-07
Offset_RevB_Chip_5_wiShield_Gmx_default_OSC_default_Vsup_pm6V_20260909,1,972,2026-09-09T10:50:36.281680+00:00,6.412345000000e+02,8.378374000000e-05,8.370003996004e-08
Offset_RevB_Chip_5_wiShield_Gmx_default_OSC_default_Vsup_pm6V_20260909,1,973,2026-09-09T10:50:36.938180+00:00,6.418910000000e+02,8.189975000000e-05,8.181793206793e-08
Offset_RevB_Chip_5_wiShield_Gmx_default_OSC_default_Vsup_pm6V_20260909,1,974,2026-09-09T10:50:37.602180+00:00,6.425550000000e+02,7.479840000000e-05,7.472367632368e-08
Offset_RevB_Chip_5_wiShield_Gmx_default_OSC_default_Vsup_pm6V_20260909,1,975,2026-09-09T10:50:38.266180+00:00,6.432190000000e+02,8.244829000000e-05,8.236592407592e-08
Offset_RevB_Chip_5_wiShield_Gmx_default_OSC_default_Vsup_pm6V_20260909,1,976,2026-09-09T10:50:38.922180+00:00,6.438750000000e+02,6.846738000000e-05,6.839898101898e-08
Offset_RevB_Chip_5_wiShield_Gmx_default_OSC_default_Vsup_pm6V_20260909,1,977,2026-09-09T10:50:39.578680+00:00,6.445315000000e+02,7.749984000000e-05,7.742241758242e-08
Offset_RevB_Chip_5_wiShield_Gmx_default_OSC_default_Vsup_pm6V_20260909,1,978,2026-09-09T10:50:40.242680+00:00,6.451955000000e+02,6.585178000000e-05,6.578599400599e-08
Offset_RevB_Chip_5_wiShield_Gmx_default_OSC_default_Vsup_pm6V_20260909,1,979,2026-09-09T10:50:40.906680+00:00,6.458595000000e+02,6.427955000000e-05,6.421533466533e-08
Offset_RevB_Chip_5_wiShield_Gmx_default_OSC_default_Vsup_pm6V_20260909,1,980,2026-09-09T10:50:41.563180+00:00,6.465160000000e+02,5.547767000000e-05,5.542224775225e-08
Offset_RevB_Chip_5_wiShield_Gmx_default_OSC_default_Vsup_pm6V_20260909,1,981,2026-09-09T10:50:42.219180+00:00,6.471720000000e+02,6.843658000000e-05,6.836821178821e-08
Offset_RevB_Chip_5_wiShield_Gmx_default_OSC_default_Vsup_pm6V_20260909,1,982,2026-09-09T10:50:42.875180+00:00,6.478280000000e+02,7.486250000000e-05,7.478771228771e-08
Offset_RevB_Chip_5_wiShield_Gmx_default_OSC_default_Vsup_pm6V_20260909,1,983,2026-09-09T10:50:43.547180+00:00,6.485000000000e+02,5.969438000000e-05,5.963474525475e-08
Offset_RevB_Chip_5_wiShield_Gmx_default_OSC_default_Vsup_pm6V_20260909,1,984,2026-09-09T10:50:44.203680+00:00,6.491565000000e+02,8.246513000000e-05,8.238274725275e-08
Offset_RevB_Chip_5_wiShield_Gmx_default_OSC_default_Vsup_pm6V_20260909,1,985,2026-09-09T10:50:44.860180+00:00,6.498130000000e+02,5.791966000000e-05,5.786179820180e-08
Offset_RevB_Chip_5_wiShield_Gmx_default_OSC_default_Vsup_pm6V_20260909,1,986,2026-09-09T10:50:45.516180+00:00,6.504690000000e+02,6.527450000000e-05,6.520929070929e-08
Offset_RevB_Chip_5_wiShield_Gmx_default_OSC_default_Vsup_pm6V_20260909,1,987,2026-09-09T10:50:46.180180+00:00,6.511330000000e+02,8.929616000000e-05,8.920695304695e-08
Offset_RevB_Chip_5_wiShield_Gmx_default_OSC_default_Vsup_pm6V_20260909,1,988,2026-09-09T10:50:46.844180+00:00,6.517970000000e+02,5.348817000000e-05,5.343473526474e-08
Offset_RevB_Chip_5_wiShield_Gmx_default_OSC_default_Vsup_pm6V_20260909,1,989,2026-09-09T10:50:47.500180+00:00,6.524530000000e+02,7.126529000000e-05,7.119409590410e-08
Offset_RevB_Chip_5_wiShield_Gmx_default_OSC_default_Vsup_pm6V_20260909,1,990,2026-09-09T10:50:48.156680+00:00,6.531095000000e+02,7.045224000000e-05,7.038185814186e-08
Offset_RevB_Chip_5_wiShield_Gmx_default_OSC_default_Vsup_pm6V_20260909,1,991,2026-09-09T10:50:48.821180+00:00,6.537740000000e+02,7.436976000000e-05,7.429546453546e-08
Offset_RevB_Chip_5_wiShield_Gmx_default_OSC_default_Vsup_pm6V_20260909,1,992,2026-09-09T10:50:49.485180+00:00,6.544380000000e+02,8.001668000000e-05,7.993674325674e-08
Offset_RevB_Chip_5_wiShield_Gmx_default_OSC_default_Vsup_pm6V_20260909,1,993,2026-09-09T10:50:50.141180+00:00,6.550940000000e+02,7.500789000000e-05,7.493295704296e-08
Offset_RevB_Chip_5_wiShield_Gmx_default_OSC_default_Vsup_pm6V_20260909,1,994,2026-09-09T10:50:50.797180+00:00,6.557500000000e+02,6.115567000000e-05,6.109457542458e-08
Offset_RevB_Chip_5_wiShield_Gmx_default_OSC_default_Vsup_pm6V_20260909,1,995,2026-09-09T10:50:51.453680+00:00,6.564065000000e+02,5.831233000000e-05,5.825407592408e-08
Offset_RevB_Chip_5_wiShield_Gmx_default_OSC_default_Vsup_pm6V_20260909,1,996,2026-09-09T10:50:52.125180+00:00,6.570780000000e+02,6.697633000000e-05,6.690942057942e-08
Offset_RevB_Chip_5_wiShield_Gmx_default_OSC_default_Vsup_pm6V_20260909,1,997,2026-09-09T10:50:52.781680+00:00,6.577345000000e+02,4.559074000000e-05,4.554519480519e-08
Offset_RevB_Chip_5_wiShield_Gmx_default_OSC_default_Vsup_pm6V_20260909,1,998,2026-09-09T10:50:53.438180+00:00,6.583910000000e+02,6.238417000000e-05,6.232184815185e-08
Offset_RevB_Chip_5_wiShield_Gmx_default_OSC_default_Vsup_pm6V_20260909,1,999,2026-09-09T10:50:54.094180+00:00,6.590470000000e+02,6.777423000000e-05,6.770652347652e-08
Offset_RevB_Chip_5_wiShield_Gmx_default_OSC_default_Vsup_pm6V_20260909,1,1000,2026-09-09T10:50:54.758180+00:00,6.597110000000e+02,6.536681000000e-05,6.530150849151e-08
