task_id,run_number,reading_index,acquisition_time_utc,elapsed_s,output_voltage_v,equivalent_input_offset_v
Offset_RevB_Chip_5_woShield_Gmx_default_OSC_default_Vsup_pm6V_night,1,1,2026-09-03T13:50:31.573171+00:00,3.359999999993e-01,-2.391372000000e-04,-2.388983016983e-07
Offset_RevB_Chip_5_woShield_Gmx_default_OSC_default_Vsup_pm6V_night,1,2,2026-09-03T13:50:32.237171+00:00,1.000000000000e+00,-2.299996000000e-04,-2.297698301698e-07
Offset_RevB_Chip_5_woShield_Gmx_default_OSC_default_Vsup_pm6V_night,1,3,2026-09-03T13:50:32.893671+00:00,1.656499999997e+00,-2.399363000000e-04,-2.396966033966e-07
Offset_RevB_Chip_5_woShield_Gmx_default_OSC_default_Vsup_pm6V_night,1,4,2026-09-03T13:50:33.550171+00:00,2.313000000002e+00,-2.338339000000e-04,-2.336002997003e-07
Offset_RevB_Chip_5_woShield_Gmx_default_OSC_default_Vsup_pm6V_night,1,5,2026-09-03T13:50:34.214171+00:00,2.976999999999e+00,-2.198584000000e-04,-2.196387612388e-07
Offset_RevB_Chip_5_woShield_Gmx_default_OSC_default_Vsup_pm6V_night,1,6,2026-09-03T13:50:34.878171+00:00,3.641000000000e+00,-2.253348000000e-04,-2.251096903097e-07
Offset_RevB_Chip_5_woShield_Gmx_default_OSC_default_Vsup_pm6V_night,1,7,2026-09-03T13:50:35.534171+00:00,4.296999999999e+00,-2.158196000000e-04,-2.156039960040e-07
Offset_RevB_Chip_5_woShield_Gmx_default_OSC_default_Vsup_pm6V_night,1,8,2026-09-03T13:50:36.190671+00:00,4.953500000000e+00,-2.250679000000e-04,-2.248430569431e-07
Offset_RevB_Chip_5_woShield_Gmx_default_OSC_default_Vsup_pm6V_night,1,9,2026-09-03T13:50:36.854671+00:00,5.617500000000e+00,-2.019269000000e-04,-2.017251748252e-07
Offset_RevB_Chip_5_woShield_Gmx_default_OSC_default_Vsup_pm6V_night,1,10,2026-09-03T13:50:37.518671+00:00,6.281499999997e+00,-1.874099000000e-04,-1.872226773227e-07
Offset_RevB_Chip_5_woShield_Gmx_default_OSC_default_Vsup_pm6V_night,1,11,2026-09-03T13:50:38.175171+00:00,6.938000000002e+00,-2.146319000000e-04,-2.144174825175e-07
Offset_RevB_Chip_5_woShield_Gmx_default_OSC_default_Vsup_pm6V_night,1,12,2026-09-03T13:50:38.831171+00:00,7.593999999997e+00,-2.359719000000e-04,-2.357361638362e-07
Offset_RevB_Chip_5_woShield_Gmx_default_OSC_default_Vsup_pm6V_night,1,13,2026-09-03T13:50:39.495171+00:00,8.258000000002e+00,-2.132181000000e-04,-2.130050949051e-07
Offset_RevB_Chip_5_woShield_Gmx_default_OSC_default_Vsup_pm6V_night,1,14,2026-09-03T13:50:40.159171+00:00,8.921999999999e+00,-2.287243000000e-04,-2.284958041958e-07
Offset_RevB_Chip_5_woShield_Gmx_default_OSC_default_Vsup_pm6V_night,1,15,2026-09-03T13:50:40.815671+00:00,9.578500000000e+00,-2.290747000000e-04,-2.288458541459e-07
Offset_RevB_Chip_5_woShield_Gmx_default_OSC_default_Vsup_pm6V_night,1,16,2026-09-03T13:50:41.472171+00:00,1.023500000000e+01,-2.214079000000e-04,-2.211867132867e-07
Offset_RevB_Chip_5_woShield_Gmx_default_OSC_default_Vsup_pm6V_night,1,17,2026-09-03T13:50:42.128171+00:00,1.089100000000e+01,-1.988486000000e-04,-1.986499500500e-07
Offset_RevB_Chip_5_woShield_Gmx_default_OSC_default_Vsup_pm6V_night,1,18,2026-09-03T13:50:42.792171+00:00,1.155500000000e+01,-2.020617000000e-04,-2.018598401598e-07
Offset_RevB_Chip_5_woShield_Gmx_default_OSC_default_Vsup_pm6V_night,1,19,2026-09-03T13:50:43.456171+00:00,1.221900000000e+01,-1.973417000000e-04,-1.971445554446e-07
Offset_RevB_Chip_5_woShield_Gmx_default_OSC_default_Vsup_pm6V_night,1,20,2026-09-03T13:50:44.112171+00:00,1.287500000000e+01,-2.083172000000e-04,-2.081090909091e-07
Offset_RevB_Chip_5_woShield_Gmx_default_OSC_default_Vsup_pm6V_night,1,21,2026-09-03T13:50:44.768671+00:00,1.353150000000e+01,-2.058305000000e-04,-2.056248751249e-07
Offset_RevB_Chip_5_woShield_Gmx_default_OSC_default_Vsup_pm6V_night,1,22,2026-09-03T13:50:45.425171+00:00,1.418800000000e+01,-2.200195000000e-04,-2.197997002997e-07
Offset_RevB_Chip_5_woShield_Gmx_default_OSC_default_Vsup_pm6V_night,1,23,2026-09-03T13:50:46.089171+00:00,1.485200000000e+01,-1.872397000000e-04,-1.870526473526e-07
Offset_RevB_Chip_5_woShield_Gmx_default_OSC_default_Vsup_pm6V_night,1,24,2026-09-03T13:50:46.753171+00:00,1.551600000000e+01,-2.187121000000e-04,-2.184936063936e-07
Offset_RevB_Chip_5_woShield_Gmx_default_OSC_default_Vsup_pm6V_night,1,25,2026-09-03T13:50:47.409171+00:00,1.617200000000e+01,-2.282031000000e-04,-2.279751248751e-07
Offset_RevB_Chip_5_woShield_Gmx_default_OSC_default_Vsup_pm6V_night,1,26,2026-09-03T13:50:48.065671+00:00,1.682850000000e+01,-2.144179000000e-04,-2.142036963037e-07
Offset_RevB_Chip_5_woShield_Gmx_default_OSC_default_Vsup_pm6V_night,1,27,2026-09-03T13:50:48.722171+00:00,1.748500000000e+01,-2.160479000000e-04,-2.158320679321e-07
Offset_RevB_Chip_5_woShield_Gmx_default_OSC_default_Vsup_pm6V_night,1,28,2026-09-03T13:50:49.393671+00:00,1.815650000000e+01,-2.025317000000e-04,-2.023293706294e-07
Offset_RevB_Chip_5_woShield_Gmx_default_OSC_default_Vsup_pm6V_night,1,29,2026-09-03T13:50:50.050171+00:00,1.881300000000e+01,-2.120798000000e-04,-2.118679320679e-07
Offset_RevB_Chip_5_woShield_Gmx_default_OSC_default_Vsup_pm6V_night,1,30,2026-09-03T13:50:50.706171+00:00,1.946900000000e+01,-1.981137000000e-04,-1.979157842158e-07
Offset_RevB_Chip_5_woShield_Gmx_default_OSC_default_Vsup_pm6V_night,1,31,2026-09-03T13:50:51.362171+00:00,2.012500000000e+01,-2.060409000000e-04,-2.058350649351e-07
Offset_RevB_Chip_5_woShield_Gmx_default_OSC_default_Vsup_pm6V_night,1,32,2026-09-03T13:50:52.026171+00:00,2.078900000000e+01,-2.271067000000e-04,-2.268798201798e-07
Offset_RevB_Chip_5_woShield_Gmx_default_OSC_default_Vsup_pm6V_night,1,33,2026-09-03T13:50:52.690671+00:00,2.145350000000e+01,-1.711207000000e-04,-1.709497502498e-07
Offset_RevB_Chip_5_woShield_Gmx_default_OSC_default_Vsup_pm6V_night,1,34,2026-09-03T13:50:53.347171+00:00,2.211000000000e+01,-1.942012000000e-04,-1.940071928072e-07
Offset_RevB_Chip_5_woShield_Gmx_default_OSC_default_Vsup_pm6V_night,1,35,2026-09-03T13:50:54.003171+00:00,2.276600000000e+01,-1.779810000000e-04,-1.778031968032e-07
Offset_RevB_Chip_5_woShield_Gmx_default_OSC_default_Vsup_pm6V_night,1,36,2026-09-03T13:50:54.659171+00:00,2.342200000000e+01,-1.902922000000e-04,-1.901020979021e-07
Offset_RevB_Chip_5_woShield_Gmx_default_OSC_default_Vsup_pm6V_night,1,37,2026-09-03T13:50:55.323171+00:00,2.408600000000e+01,-1.954369000000e-04,-1.952416583417e-07
Offset_RevB_Chip_5_woShield_Gmx_default_OSC_default_Vsup_pm6V_night,1,38,2026-09-03T13:50:55.987171+00:00,2.475000000000e+01,-1.492529000000e-04,-1.491037962038e-07
Offset_RevB_Chip_5_woShield_Gmx_default_OSC_default_Vsup_pm6V_night,1,39,2026-09-03T13:50:56.643671+00:00,2.540650000000e+01,-1.947061000000e-04,-1.945115884116e-07
Offset_RevB_Chip_5_woShield_Gmx_default_OSC_default_Vsup_pm6V_night,1,40,2026-09-03T13:50:57.300171+00:00,2.606300000000e+01,-1.949369000000e-04,-1.947421578422e-07
Offset_RevB_Chip_5_woShield_Gmx_default_OSC_default_Vsup_pm6V_night,1,41,2026-09-03T13:50:57.956171+00:00,2.671900000000e+01,-1.870787000000e-04,-1.868918081918e-07
Offset_RevB_Chip_5_woShield_Gmx_default_OSC_default_Vsup_pm6V_night,1,42,2026-09-03T13:50:58.620171+00:00,2.738300000000e+01,-1.606729000000e-04,-1.605123876124e-07
Offset_RevB_Chip_5_woShield_Gmx_default_OSC_default_Vsup_pm6V_night,1,43,2026-09-03T13:50:59.284171+00:00,2.804700000000e+01,-2.005854000000e-04,-2.003850149850e-07
Offset_RevB_Chip_5_woShield_Gmx_default_OSC_default_Vsup_pm6V_night,1,44,2026-09-03T13:50:59.940671+00:00,2.870350000000e+01,-1.836765000000e-04,-1.834930069930e-07
Offset_RevB_Chip_5_woShield_Gmx_default_OSC_default_Vsup_pm6V_night,1,45,2026-09-03T13:51:00.597171+00:00,2.936000000000e+01,-1.674440000000e-04,-1.672767232767e-07
Offset_RevB_Chip_5_woShield_Gmx_default_OSC_default_Vsup_pm6V_night,1,46,2026-09-03T13:51:01.253171+00:00,3.001600000000e+01,-2.018203000000e-04,-2.016186813187e-07
Offset_RevB_Chip_5_woShield_Gmx_default_OSC_default_Vsup_pm6V_night,1,47,2026-09-03T13:51:01.917171+00:00,3.068000000000e+01,-1.706986000000e-04,-1.705280719281e-07
Offset_RevB_Chip_5_woShield_Gmx_default_OSC_default_Vsup_pm6V_night,1,48,2026-09-03T13:51:02.581171+00:00,3.134400000000e+01,-2.281581000000e-04,-2.279301698302e-07
Offset_RevB_Chip_5_woShield_Gmx_default_OSC_default_Vsup_pm6V_night,1,49,2026-09-03T13:51:03.237171+00:00,3.200000000000e+01,-1.928385000000e-04,-1.926458541459e-07
Offset_RevB_Chip_5_woShield_Gmx_default_OSC_default_Vsup_pm6V_night,1,50,2026-09-03T13:51:03.893671+00:00,3.265650000000e+01,-2.005852000000e-04,-2.003848151848e-07
Offset_RevB_Chip_5_woShield_Gmx_default_OSC_default_Vsup_pm6V_night,1,51,2026-09-03T13:51:04.558171+00:00,3.332100000000e+01,-1.998191000000e-04,-1.996194805195e-07
Offset_RevB_Chip_5_woShield_Gmx_default_OSC_default_Vsup_pm6V_night,1,52,2026-09-03T13:51:05.222171+00:00,3.398500000000e+01,-1.866313000000e-04,-1.864448551449e-07
Offset_RevB_Chip_5_woShield_Gmx_default_OSC_default_Vsup_pm6V_night,1,53,2026-09-03T13:51:05.878171+00:00,3.464100000000e+01,-1.962804000000e-04,-1.960843156843e-07
Offset_RevB_Chip_5_woShield_Gmx_default_OSC_default_Vsup_pm6V_night,1,54,2026-09-03T13:51:06.534171+00:00,3.529700000000e+01,-1.942924000000e-04,-1.940983016983e-07
Offset_RevB_Chip_5_woShield_Gmx_default_OSC_default_Vsup_pm6V_night,1,55,2026-09-03T13:51:07.190671+00:00,3.595350000000e+01,-1.876188000000e-04,-1.874313686314e-07
Offset_RevB_Chip_5_woShield_Gmx_default_OSC_default_Vsup_pm6V_night,1,56,2026-09-03T13:51:07.854671+00:00,3.661750000000e+01,-1.714498000000e-04,-1.712785214785e-07
Offset_RevB_Chip_5_woShield_Gmx_default_OSC_default_Vsup_pm6V_night,1,57,2026-09-03T13:51:08.518671+00:00,3.728150000000e+01,-1.888994000000e-04,-1.887106893107e-07
Offset_RevB_Chip_5_woShield_Gmx_default_OSC_default_Vsup_pm6V_night,1,58,2026-09-03T13:51:09.175171+00:00,3.793800000000e+01,-2.025731000000e-04,-2.023707292707e-07
Offset_RevB_Chip_5_woShield_Gmx_default_OSC_default_Vsup_pm6V_night,1,59,2026-09-03T13:51:09.831171+00:00,3.859400000000e+01,-2.052422000000e-04,-2.050371628372e-07
Offset_RevB_Chip_5_woShield_Gmx_default_OSC_default_Vsup_pm6V_night,1,60,2026-09-03T13:51:10.495171+00:00,3.925800000000e+01,-1.869535000000e-04,-1.867667332667e-07
Offset_RevB_Chip_5_woShield_Gmx_default_OSC_default_Vsup_pm6V_night,1,61,2026-09-03T13:51:11.159171+00:00,3.992200000000e+01,-1.809528000000e-04,-1.807720279720e-07
Offset_RevB_Chip_5_woShield_Gmx_default_OSC_default_Vsup_pm6V_night,1,62,2026-09-03T13:51:11.815671+00:00,4.057850000000e+01,-2.049702000000e-04,-2.047654345654e-07
Offset_RevB_Chip_5_woShield_Gmx_default_OSC_default_Vsup_pm6V_night,1,63,2026-09-03T13:51:12.472171+00:00,4.123500000000e+01,-1.929841000000e-04,-1.927913086913e-07
Offset_RevB_Chip_5_woShield_Gmx_default_OSC_default_Vsup_pm6V_night,1,64,2026-09-03T13:51:13.128171+00:00,4.189100000000e+01,-1.845801000000e-04,-1.843957042957e-07
Offset_RevB_Chip_5_woShield_Gmx_default_OSC_default_Vsup_pm6V_night,1,65,2026-09-03T13:51:13.792171+00:00,4.255500000000e+01,-1.711669000000e-04,-1.709959040959e-07
Offset_RevB_Chip_5_woShield_Gmx_default_OSC_default_Vsup_pm6V_night,1,66,2026-09-03T13:51:14.456171+00:00,4.321900000000e+01,-1.809416000000e-04,-1.807608391608e-07
Offset_RevB_Chip_5_woShield_Gmx_default_OSC_default_Vsup_pm6V_night,1,67,2026-09-03T13:51:15.112171+00:00,4.387500000000e+01,-2.219174000000e-04,-2.216957042957e-07
Offset_RevB_Chip_5_woShield_Gmx_default_OSC_default_Vsup_pm6V_night,1,68,2026-09-03T13:51:15.768671+00:00,4.453150000000e+01,-2.155903000000e-04,-2.153749250749e-07
Offset_RevB_Chip_5_woShield_Gmx_default_OSC_default_Vsup_pm6V_night,1,69,2026-09-03T13:51:16.425171+00:00,4.518800000000e+01,-1.918475000000e-04,-1.916558441558e-07
Offset_RevB_Chip_5_woShield_Gmx_default_OSC_default_Vsup_pm6V_night,1,70,2026-09-03T13:51:17.089171+00:00,4.585200000000e+01,-1.852407000000e-04,-1.850556443556e-07
Offset_RevB_Chip_5_woShield_Gmx_default_OSC_default_Vsup_pm6V_night,1,71,2026-09-03T13:51:17.753171+00:00,4.651600000000e+01,-1.987181000000e-04,-1.985195804196e-07
Offset_RevB_Chip_5_woShield_Gmx_default_OSC_default_Vsup_pm6V_night,1,72,2026-09-03T13:51:18.409171+00:00,4.717200000000e+01,-1.677209000000e-04,-1.675533466533e-07
Offset_RevB_Chip_5_woShield_Gmx_default_OSC_default_Vsup_pm6V_night,1,73,2026-09-03T13:51:19.065671+00:00,4.782850000000e+01,-1.638201000000e-04,-1.636564435564e-07
Offset_RevB_Chip_5_woShield_Gmx_default_OSC_default_Vsup_pm6V_night,1,74,2026-09-03T13:51:19.729671+00:00,4.849250000000e+01,-1.670381000000e-04,-1.668712287712e-07
Offset_RevB_Chip_5_woShield_Gmx_default_OSC_default_Vsup_pm6V_night,1,75,2026-09-03T13:51:20.393671+00:00,4.915650000000e+01,-1.717142000000e-04,-1.715426573427e-07
Offset_RevB_Chip_5_woShield_Gmx_default_OSC_default_Vsup_pm6V_night,1,76,2026-09-03T13:51:21.050171+00:00,4.981300000000e+01,-1.687188000000e-04,-1.685502497502e-07
Offset_RevB_Chip_5_woShield_Gmx_default_OSC_default_Vsup_pm6V_night,1,77,2026-09-03T13:51:21.706171+00:00,5.046900000000e+01,-1.777635000000e-04,-1.775859140859e-07
Offset_RevB_Chip_5_woShield_Gmx_default_OSC_default_Vsup_pm6V_night,1,78,2026-09-03T13:51:22.362171+00:00,5.112500000000e+01,-1.815641000000e-04,-1.813827172827e-07
Offset_RevB_Chip_5_woShield_Gmx_default_OSC_default_Vsup_pm6V_night,1,79,2026-09-03T13:51:23.026171+00:00,5.178900000000e+01,-1.654169000000e-04,-1.652516483516e-07
Offset_RevB_Chip_5_woShield_Gmx_default_OSC_default_Vsup_pm6V_night,1,80,2026-09-03T13:51:23.690671+00:00,5.245350000000e+01,-1.803143000000e-04,-1.801341658342e-07
Offset_RevB_Chip_5_woShield_Gmx_default_OSC_default_Vsup_pm6V_night,1,81,2026-09-03T13:51:24.347171+00:00,5.311000000000e+01,-1.755988000000e-04,-1.754233766234e-07
Offset_RevB_Chip_5_woShield_Gmx_default_OSC_default_Vsup_pm6V_night,1,82,2026-09-03T13:51:25.003171+00:00,5.376600000000e+01,-1.717873000000e-04,-1.716156843157e-07
Offset_RevB_Chip_5_woShield_Gmx_default_OSC_default_Vsup_pm6V_night,1,83,2026-09-03T13:51:25.667171+00:00,5.443000000000e+01,-1.820092000000e-04,-1.818273726274e-07
Offset_RevB_Chip_5_woShield_Gmx_default_OSC_default_Vsup_pm6V_night,1,84,2026-09-03T13:51:26.331171+00:00,5.509400000000e+01,-1.719296000000e-04,-1.717578421578e-07
Offset_RevB_Chip_5_woShield_Gmx_default_OSC_default_Vsup_pm6V_night,1,85,2026-09-03T13:51:26.987171+00:00,5.575000000000e+01,-1.765223000000e-04,-1.763459540460e-07
Offset_RevB_Chip_5_woShield_Gmx_default_OSC_default_Vsup_pm6V_night,1,86,2026-09-03T13:51:27.643671+00:00,5.640650000000e+01,-1.950067000000e-04,-1.948118881119e-07
Offset_RevB_Chip_5_woShield_Gmx_default_OSC_default_Vsup_pm6V_night,1,87,2026-09-03T13:51:28.300171+00:00,5.706300000000e+01,-1.943436000000e-04,-1.941494505495e-07
Offset_RevB_Chip_5_woShield_Gmx_default_OSC_default_Vsup_pm6V_night,1,88,2026-09-03T13:51:28.964171+00:00,5.772700000000e+01,-1.867417000000e-04,-1.865551448551e-07
Offset_RevB_Chip_5_woShield_Gmx_default_OSC_default_Vsup_pm6V_night,1,89,2026-09-03T13:51:29.628171+00:00,5.839100000000e+01,-1.807003000000e-04,-1.805197802198e-07
Offset_RevB_Chip_5_woShield_Gmx_default_OSC_default_Vsup_pm6V_night,1,90,2026-09-03T13:51:30.284171+00:00,5.904700000000e+01,-1.995961000000e-04,-1.993967032967e-07
Offset_RevB_Chip_5_woShield_Gmx_default_OSC_default_Vsup_pm6V_night,1,91,2026-09-03T13:51:30.940671+00:00,5.970350000000e+01,-1.832623000000e-04,-1.830792207792e-07
Offset_RevB_Chip_5_woShield_Gmx_default_OSC_default_Vsup_pm6V_night,1,92,2026-09-03T13:51:31.604671+00:00,6.036750000000e+01,-1.990100000000e-04,-1.988111888112e-07
Offset_RevB_Chip_5_woShield_Gmx_default_OSC_default_Vsup_pm6V_night,1,93,2026-09-03T13:51:32.268671+00:00,6.103150000000e+01,-2.138249000000e-04,-2.136112887113e-07
Offset_RevB_Chip_5_woShield_Gmx_default_OSC_default_Vsup_pm6V_night,1,94,2026-09-03T13:51:32.925171+00:00,6.168800000000e+01,-2.194034000000e-04,-2.191842157842e-07
Offset_RevB_Chip_5_woShield_Gmx_default_OSC_default_Vsup_pm6V_night,1,95,2026-09-03T13:51:33.581171+00:00,6.234400000000e+01,-2.211819000000e-04,-2.209609390609e-07
Offset_RevB_Chip_5_woShield_Gmx_default_OSC_default_Vsup_pm6V_night,1,96,2026-09-03T13:51:34.237171+00:00,6.300000000000e+01,-2.009469000000e-04,-2.007461538462e-07
Offset_RevB_Chip_5_woShield_Gmx_default_OSC_default_Vsup_pm6V_night,1,97,2026-09-03T13:51:34.901171+00:00,6.366400000000e+01,-1.949395000000e-04,-1.947447552448e-07
Offset_RevB_Chip_5_woShield_Gmx_default_OSC_default_Vsup_pm6V_night,1,98,2026-09-03T13:51:35.565671+00:00,6.432850000000e+01,-2.168827000000e-04,-2.166660339660e-07
Offset_RevB_Chip_5_woShield_Gmx_default_OSC_default_Vsup_pm6V_night,1,99,2026-09-03T13:51:36.222171+00:00,6.498500000000e+01,-2.098662000000e-04,-2.096565434565e-07
Offset_RevB_Chip_5_woShield_Gmx_default_OSC_default_Vsup_pm6V_night,1,100,2026-09-03T13:51:36.878171+00:00,6.564100000000e+01,-1.902465000000e-04,-1.900564435564e-07
Offset_RevB_Chip_5_woShield_Gmx_default_OSC_default_Vsup_pm6V_night,1,101,2026-09-03T13:51:37.542171+00:00,6.630500000000e+01,-2.120841000000e-04,-2.118722277722e-07
Offset_RevB_Chip_5_woShield_Gmx_default_OSC_default_Vsup_pm6V_night,1,102,2026-09-03T13:51:38.206171+00:00,6.696900000000e+01,-2.259915000000e-04,-2.257657342657e-07
Offset_RevB_Chip_5_woShield_Gmx_default_OSC_default_Vsup_pm6V_night,1,103,2026-09-03T13:51:38.862171+00:00,6.762500000000e+01,-2.121010000000e-04,-2.118891108891e-07
Offset_RevB_Chip_5_woShield_Gmx_default_OSC_default_Vsup_pm6V_night,1,104,2026-09-03T13:51:39.518671+00:00,6.828150000000e+01,-2.203018000000e-04,-2.200817182817e-07
Offset_RevB_Chip_5_woShield_Gmx_default_OSC_default_Vsup_pm6V_night,1,105,2026-09-03T13:51:40.183171+00:00,6.894600000000e+01,-2.121197000000e-04,-2.119077922078e-07
Offset_RevB_Chip_5_woShield_Gmx_default_OSC_default_Vsup_pm6V_night,1,106,2026-09-03T13:51:40.847171+00:00,6.961000000000e+01,-2.126232000000e-04,-2.124107892108e-07
Offset_RevB_Chip_5_woShield_Gmx_default_OSC_default_Vsup_pm6V_night,1,107,2026-09-03T13:51:41.503171+00:00,7.026600000000e+01,-2.070600000000e-04,-2.068531468531e-07
Offset_RevB_Chip_5_woShield_Gmx_default_OSC_default_Vsup_pm6V_night,1,108,2026-09-03T13:51:42.159171+00:00,7.092200000000e+01,-2.158557000000e-04,-2.156400599401e-07
Offset_RevB_Chip_5_woShield_Gmx_default_OSC_default_Vsup_pm6V_night,1,109,2026-09-03T13:51:42.815671+00:00,7.157850000000e+01,-1.961826000000e-04,-1.959866133866e-07
Offset_RevB_Chip_5_woShield_Gmx_default_OSC_default_Vsup_pm6V_night,1,110,2026-09-03T13:51:43.479671+00:00,7.224250000000e+01,-2.009419000000e-04,-2.007411588412e-07
Offset_RevB_Chip_5_woShield_Gmx_default_OSC_default_Vsup_pm6V_night,1,111,2026-09-03T13:51:44.143671+00:00,7.290650000000e+01,-1.754006000000e-04,-1.752253746254e-07
Offset_RevB_Chip_5_woShield_Gmx_default_OSC_default_Vsup_pm6V_night,1,112,2026-09-03T13:51:44.800171+00:00,7.356300000000e+01,-2.287537000000e-04,-2.285251748252e-07
Offset_RevB_Chip_5_woShield_Gmx_default_OSC_default_Vsup_pm6V_night,1,113,2026-09-03T13:51:45.456171+00:00,7.421900000000e+01,-2.253365000000e-04,-2.251113886114e-07
Offset_RevB_Chip_5_woShield_Gmx_default_OSC_default_Vsup_pm6V_night,1,114,2026-09-03T13:51:46.120171+00:00,7.488300000000e+01,-2.178023000000e-04,-2.175847152847e-07
Offset_RevB_Chip_5_woShield_Gmx_default_OSC_default_Vsup_pm6V_night,1,115,2026-09-03T13:51:46.784171+00:00,7.554700000000e+01,-2.198760000000e-04,-2.196563436563e-07
Offset_RevB_Chip_5_woShield_Gmx_default_OSC_default_Vsup_pm6V_night,1,116,2026-09-03T13:51:47.440671+00:00,7.620350000000e+01,-2.007785000000e-04,-2.005779220779e-07
Offset_RevB_Chip_5_woShield_Gmx_default_OSC_default_Vsup_pm6V_night,1,117,2026-09-03T13:51:48.097171+00:00,7.686000000000e+01,-2.174533000000e-04,-2.172360639361e-07
Offset_RevB_Chip_5_woShield_Gmx_default_OSC_default_Vsup_pm6V_night,1,118,2026-09-03T13:51:48.761171+00:00,7.752400000000e+01,-2.256729000000e-04,-2.254474525475e-07
Offset_RevB_Chip_5_woShield_Gmx_default_OSC_default_Vsup_pm6V_night,1,119,2026-09-03T13:51:49.425171+00:00,7.818800000000e+01,-2.285771000000e-04,-2.283487512488e-07
Offset_RevB_Chip_5_woShield_Gmx_default_OSC_default_Vsup_pm6V_night,1,120,2026-09-03T13:51:50.081171+00:00,7.884400000000e+01,-2.100246000000e-04,-2.098147852148e-07
Offset_RevB_Chip_5_woShield_Gmx_default_OSC_default_Vsup_pm6V_night,1,121,2026-09-03T13:51:50.737171+00:00,7.950000000000e+01,-2.272374000000e-04,-2.270103896104e-07
Offset_RevB_Chip_5_woShield_Gmx_default_OSC_default_Vsup_pm6V_night,1,122,2026-09-03T13:51:51.401171+00:00,8.016400000000e+01,-2.070969000000e-04,-2.068900099900e-07
Offset_RevB_Chip_5_woShield_Gmx_default_OSC_default_Vsup_pm6V_night,1,123,2026-09-03T13:51:52.065671+00:00,8.082850000000e+01,-2.141470000000e-04,-2.139330669331e-07
Offset_RevB_Chip_5_woShield_Gmx_default_OSC_default_Vsup_pm6V_night,1,124,2026-09-03T13:51:52.722171+00:00,8.148500000000e+01,-2.234091000000e-04,-2.231859140859e-07
Offset_RevB_Chip_5_woShield_Gmx_default_OSC_default_Vsup_pm6V_night,1,125,2026-09-03T13:51:53.378171+00:00,8.214100000000e+01,-2.286360000000e-04,-2.284075924076e-07
Offset_RevB_Chip_5_woShield_Gmx_default_OSC_default_Vsup_pm6V_night,1,126,2026-09-03T13:51:54.042171+00:00,8.280500000000e+01,-2.364334000000e-04,-2.361972027972e-07
Offset_RevB_Chip_5_woShield_Gmx_default_OSC_default_Vsup_pm6V_night,1,127,2026-09-03T13:51:54.706171+00:00,8.346900000000e+01,-2.199336000000e-04,-2.197138861139e-07
Offset_RevB_Chip_5_woShield_Gmx_default_OSC_default_Vsup_pm6V_night,1,128,2026-09-03T13:51:55.362171+00:00,8.412500000000e+01,-2.164298000000e-04,-2.162135864136e-07
Offset_RevB_Chip_5_woShield_Gmx_default_OSC_default_Vsup_pm6V_night,1,129,2026-09-03T13:51:56.018671+00:00,8.478150000000e+01,-2.330950000000e-04,-2.328621378621e-07
Offset_RevB_Chip_5_woShield_Gmx_default_OSC_default_Vsup_pm6V_night,1,130,2026-09-03T13:51:56.675171+00:00,8.543800000000e+01,-2.330055000000e-04,-2.327727272727e-07
Offset_RevB_Chip_5_woShield_Gmx_default_OSC_default_Vsup_pm6V_night,1,131,2026-09-03T13:51:57.339171+00:00,8.610200000000e+01,-2.271234000000e-04,-2.268965034965e-07
Offset_RevB_Chip_5_woShield_Gmx_default_OSC_default_Vsup_pm6V_night,1,132,2026-09-03T13:51:58.011171+00:00,8.677400000000e+01,-2.192087000000e-04,-2.189897102897e-07
Offset_RevB_Chip_5_woShield_Gmx_default_OSC_default_Vsup_pm6V_night,1,133,2026-09-03T13:51:58.667171+00:00,8.743000000000e+01,-2.264852000000e-04,-2.262589410589e-07
Offset_RevB_Chip_5_woShield_Gmx_default_OSC_default_Vsup_pm6V_night,1,134,2026-09-03T13:51:59.315671+00:00,8.807850000000e+01,-2.290033000000e-04,-2.287745254745e-07
Offset_RevB_Chip_5_woShield_Gmx_default_OSC_default_Vsup_pm6V_night,1,135,2026-09-03T13:51:59.979671+00:00,8.874250000000e+01,-2.392033000000e-04,-2.389643356643e-07
Offset_RevB_Chip_5_woShield_Gmx_default_OSC_default_Vsup_pm6V_night,1,136,2026-09-03T13:52:00.643671+00:00,8.940650000000e+01,-2.478882000000e-04,-2.476405594406e-07
Offset_RevB_Chip_5_woShield_Gmx_default_OSC_default_Vsup_pm6V_night,1,137,2026-09-03T13:52:01.300171+00:00,9.006300000000e+01,-2.218633000000e-04,-2.216416583417e-07
Offset_RevB_Chip_5_woShield_Gmx_default_OSC_default_Vsup_pm6V_night,1,138,2026-09-03T13:52:01.956171+00:00,9.071900000000e+01,-2.264132000000e-04,-2.261870129870e-07
Offset_RevB_Chip_5_woShield_Gmx_default_OSC_default_Vsup_pm6V_night,1,139,2026-09-03T13:52:02.612171+00:00,9.137500000000e+01,-2.245815000000e-04,-2.243571428571e-07
Offset_RevB_Chip_5_woShield_Gmx_default_OSC_default_Vsup_pm6V_night,1,140,2026-09-03T13:52:03.276171+00:00,9.203900000000e+01,-2.397889000000e-04,-2.395493506494e-07
Offset_RevB_Chip_5_woShield_Gmx_default_OSC_default_Vsup_pm6V_night,1,141,2026-09-03T13:52:03.940671+00:00,9.270350000000e+01,-2.408084000000e-04,-2.405678321678e-07
Offset_RevB_Chip_5_woShield_Gmx_default_OSC_default_Vsup_pm6V_night,1,142,2026-09-03T13:52:04.597171+00:00,9.336000000000e+01,-2.224095000000e-04,-2.221873126873e-07
Offset_RevB_Chip_5_woShield_Gmx_default_OSC_default_Vsup_pm6V_night,1,143,2026-09-03T13:52:05.253171+00:00,9.401600000000e+01,-2.308941000000e-04,-2.306634365634e-07
Offset_RevB_Chip_5_woShield_Gmx_default_OSC_default_Vsup_pm6V_night,1,144,2026-09-03T13:52:05.917171+00:00,9.468000000000e+01,-2.369970000000e-04,-2.367602397602e-07
Offset_RevB_Chip_5_woShield_Gmx_default_OSC_default_Vsup_pm6V_night,1,145,2026-09-03T13:52:06.581171+00:00,9.534400000000e+01,-2.265335000000e-04,-2.263071928072e-07
Offset_RevB_Chip_5_woShield_Gmx_default_OSC_default_Vsup_pm6V_night,1,146,2026-09-03T13:52:07.237171+00:00,9.600000000000e+01,-2.371845000000e-04,-2.369475524476e-07
Offset_RevB_Chip_5_woShield_Gmx_default_OSC_default_Vsup_pm6V_night,1,147,2026-09-03T13:52:07.893671+00:00,9.665650000000e+01,-2.291958000000e-04,-2.289668331668e-07
Offset_RevB_Chip_5_woShield_Gmx_default_OSC_default_Vsup_pm6V_night,1,148,2026-09-03T13:52:08.550171+00:00,9.731300000000e+01,-2.275051000000e-04,-2.272778221778e-07
Offset_RevB_Chip_5_woShield_Gmx_default_OSC_default_Vsup_pm6V_night,1,149,2026-09-03T13:52:09.214171+00:00,9.797700000000e+01,-2.424841000000e-04,-2.422418581419e-07
Offset_RevB_Chip_5_woShield_Gmx_default_OSC_default_Vsup_pm6V_night,1,150,2026-09-03T13:52:09.878171+00:00,9.864100000000e+01,-2.278414000000e-04,-2.276137862138e-07
Offset_RevB_Chip_5_woShield_Gmx_default_OSC_default_Vsup_pm6V_night,1,151,2026-09-03T13:52:10.534171+00:00,9.929700000000e+01,-2.402998000000e-04,-2.400597402597e-07
Offset_RevB_Chip_5_woShield_Gmx_default_OSC_default_Vsup_pm6V_night,1,152,2026-09-03T13:52:11.190671+00:00,9.995350000000e+01,-2.480395000000e-04,-2.477917082917e-07
Offset_RevB_Chip_5_woShield_Gmx_default_OSC_default_Vsup_pm6V_night,1,153,2026-09-03T13:52:11.847171+00:00,1.006100000000e+02,-2.186234000000e-04,-2.184049950050e-07
Offset_RevB_Chip_5_woShield_Gmx_default_OSC_default_Vsup_pm6V_night,1,154,2026-09-03T13:52:12.518671+00:00,1.012815000000e+02,-2.336809000000e-04,-2.334474525475e-07
Offset_RevB_Chip_5_woShield_Gmx_default_OSC_default_Vsup_pm6V_night,1,155,2026-09-03T13:52:13.175171+00:00,1.019380000000e+02,-2.443702000000e-04,-2.441260739261e-07
Offset_RevB_Chip_5_woShield_Gmx_default_OSC_default_Vsup_pm6V_night,1,156,2026-09-03T13:52:13.831171+00:00,1.025940000000e+02,-2.331532000000e-04,-2.329202797203e-07
Offset_RevB_Chip_5_woShield_Gmx_default_OSC_default_Vsup_pm6V_night,1,157,2026-09-03T13:52:14.487171+00:00,1.032500000000e+02,-2.396332000000e-04,-2.393938061938e-07
Offset_RevB_Chip_5_woShield_Gmx_default_OSC_default_Vsup_pm6V_night,1,158,2026-09-03T13:52:15.151171+00:00,1.039140000000e+02,-2.451938000000e-04,-2.449488511489e-07
Offset_RevB_Chip_5_woShield_Gmx_default_OSC_default_Vsup_pm6V_night,1,159,2026-09-03T13:52:15.815671+00:00,1.045785000000e+02,-2.416231000000e-04,-2.413817182817e-07
Offset_RevB_Chip_5_woShield_Gmx_default_OSC_default_Vsup_pm6V_night,1,160,2026-09-03T13:52:16.472171+00:00,1.052350000000e+02,-2.502925000000e-04,-2.500424575425e-07
Offset_RevB_Chip_5_woShield_Gmx_default_OSC_default_Vsup_pm6V_night,1,161,2026-09-03T13:52:17.128171+00:00,1.058910000000e+02,-2.547181000000e-04,-2.544636363636e-07
Offset_RevB_Chip_5_woShield_Gmx_default_OSC_default_Vsup_pm6V_night,1,162,2026-09-03T13:52:17.784171+00:00,1.065470000000e+02,-2.612431000000e-04,-2.609821178821e-07
Offset_RevB_Chip_5_woShield_Gmx_default_OSC_default_Vsup_pm6V_night,1,163,2026-09-03T13:52:18.448171+00:00,1.072110000000e+02,-2.447984000000e-04,-2.445538461538e-07
Offset_RevB_Chip_5_woShield_Gmx_default_OSC_default_Vsup_pm6V_night,1,164,2026-09-03T13:52:19.112171+00:00,1.078750000000e+02,-2.476534000000e-04,-2.474059940060e-07
Offset_RevB_Chip_5_woShield_Gmx_default_OSC_default_Vsup_pm6V_night,1,165,2026-09-03T13:52:19.768671+00:00,1.085315000000e+02,-2.572022000000e-04,-2.569452547453e-07
Offset_RevB_Chip_5_woShield_Gmx_default_OSC_default_Vsup_pm6V_night,1,166,2026-09-03T13:52:20.425171+00:00,1.091880000000e+02,-2.619411000000e-04,-2.616794205794e-07
Offset_RevB_Chip_5_woShield_Gmx_default_OSC_default_Vsup_pm6V_night,1,167,2026-09-03T13:52:21.081171+00:00,1.098440000000e+02,-2.423182000000e-04,-2.420761238761e-07
Offset_RevB_Chip_5_woShield_Gmx_default_OSC_default_Vsup_pm6V_night,1,168,2026-09-03T13:52:21.745171+00:00,1.105080000000e+02,-2.503351000000e-04,-2.500850149850e-07
Offset_RevB_Chip_5_woShield_Gmx_default_OSC_default_Vsup_pm6V_night,1,169,2026-09-03T13:52:22.409171+00:00,1.111720000000e+02,-2.539383000000e-04,-2.536846153846e-07
Offset_RevB_Chip_5_woShield_Gmx_default_OSC_default_Vsup_pm6V_night,1,170,2026-09-03T13:52:23.065671+00:00,1.118285000000e+02,-2.559906000000e-04,-2.557348651349e-07
Offset_RevB_Chip_5_woShield_Gmx_default_OSC_default_Vsup_pm6V_night,1,171,2026-09-03T13:52:23.722171+00:00,1.124850000000e+02,-2.442880000000e-04,-2.440439560440e-07
Offset_RevB_Chip_5_woShield_Gmx_default_OSC_default_Vsup_pm6V_night,1,172,2026-09-03T13:52:24.386171+00:00,1.131490000000e+02,-2.441448000000e-04,-2.439008991009e-07
Offset_RevB_Chip_5_woShield_Gmx_default_OSC_default_Vsup_pm6V_night,1,173,2026-09-03T13:52:25.050171+00:00,1.138130000000e+02,-2.602976000000e-04,-2.600375624376e-07
Offset_RevB_Chip_5_woShield_Gmx_default_OSC_default_Vsup_pm6V_night,1,174,2026-09-03T13:52:25.706171+00:00,1.144690000000e+02,-2.438582000000e-04,-2.436145854146e-07
Offset_RevB_Chip_5_woShield_Gmx_default_OSC_default_Vsup_pm6V_night,1,175,2026-09-03T13:52:26.362171+00:00,1.151250000000e+02,-2.509115000000e-04,-2.506608391608e-07
Offset_RevB_Chip_5_woShield_Gmx_default_OSC_default_Vsup_pm6V_night,1,176,2026-09-03T13:52:27.018671+00:00,1.157815000000e+02,-2.422421000000e-04,-2.420000999001e-07
Offset_RevB_Chip_5_woShield_Gmx_default_OSC_default_Vsup_pm6V_night,1,177,2026-09-03T13:52:27.683171+00:00,1.164460000000e+02,-2.473370000000e-04,-2.470899100899e-07
Offset_RevB_Chip_5_woShield_Gmx_default_OSC_default_Vsup_pm6V_night,1,178,2026-09-03T13:52:28.347171+00:00,1.171100000000e+02,-2.558496000000e-04,-2.555940059940e-07
Offset_RevB_Chip_5_woShield_Gmx_default_OSC_default_Vsup_pm6V_night,1,179,2026-09-03T13:52:29.003171+00:00,1.177660000000e+02,-2.584997000000e-04,-2.582414585415e-07
Offset_RevB_Chip_5_woShield_Gmx_default_OSC_default_Vsup_pm6V_night,1,180,2026-09-03T13:52:29.659171+00:00,1.184220000000e+02,-2.616788000000e-04,-2.614173826174e-07
Offset_RevB_Chip_5_woShield_Gmx_default_OSC_default_Vsup_pm6V_night,1,181,2026-09-03T13:52:30.315671+00:00,1.190785000000e+02,-2.558096000000e-04,-2.555540459540e-07
Offset_RevB_Chip_5_woShield_Gmx_default_OSC_default_Vsup_pm6V_night,1,182,2026-09-03T13:52:30.979671+00:00,1.197425000000e+02,-2.609736000000e-04,-2.607128871129e-07
Offset_RevB_Chip_5_woShield_Gmx_default_OSC_default_Vsup_pm6V_night,1,183,2026-09-03T13:52:31.643671+00:00,1.204065000000e+02,-2.621608000000e-04,-2.618989010989e-07
Offset_RevB_Chip_5_woShield_Gmx_default_OSC_default_Vsup_pm6V_night,1,184,2026-09-03T13:52:32.300171+00:00,1.210630000000e+02,-2.600662000000e-04,-2.598063936064e-07
Offset_RevB_Chip_5_woShield_Gmx_default_OSC_default_Vsup_pm6V_night,1,185,2026-09-03T13:52:32.956171+00:00,1.217190000000e+02,-2.575006000000e-04,-2.572433566434e-07
Offset_RevB_Chip_5_woShield_Gmx_default_OSC_default_Vsup_pm6V_night,1,186,2026-09-03T13:52:33.620171+00:00,1.223830000000e+02,-2.663482000000e-04,-2.660821178821e-07
Offset_RevB_Chip_5_woShield_Gmx_default_OSC_default_Vsup_pm6V_night,1,187,2026-09-03T13:52:34.284171+00:00,1.230470000000e+02,-2.869699000000e-04,-2.866832167832e-07
Offset_RevB_Chip_5_woShield_Gmx_default_OSC_default_Vsup_pm6V_night,1,188,2026-09-03T13:52:34.940671+00:00,1.237035000000e+02,-2.618993000000e-04,-2.616376623377e-07
Offset_RevB_Chip_5_woShield_Gmx_default_OSC_default_Vsup_pm6V_night,1,189,2026-09-03T13:52:35.597171+00:00,1.243600000000e+02,-2.717438000000e-04,-2.714723276723e-07
Offset_RevB_Chip_5_woShield_Gmx_default_OSC_default_Vsup_pm6V_night,1,190,2026-09-03T13:52:36.253171+00:00,1.250160000000e+02,-2.788745000000e-04,-2.785959040959e-07
Offset_RevB_Chip_5_woShield_Gmx_default_OSC_default_Vsup_pm6V_night,1,191,2026-09-03T13:52:36.917171+00:00,1.256800000000e+02,-2.815412000000e-04,-2.812599400599e-07
Offset_RevB_Chip_5_woShield_Gmx_default_OSC_default_Vsup_pm6V_night,1,192,2026-09-03T13:52:37.581171+00:00,1.263440000000e+02,-2.710932000000e-04,-2.708223776224e-07
Offset_RevB_Chip_5_woShield_Gmx_default_OSC_default_Vsup_pm6V_night,1,193,2026-09-03T13:52:38.237171+00:00,1.270000000000e+02,-2.715054000000e-04,-2.712341658342e-07
Offset_RevB_Chip_5_woShield_Gmx_default_OSC_default_Vsup_pm6V_night,1,194,2026-09-03T13:52:38.893671+00:00,1.276565000000e+02,-2.832770000000e-04,-2.829940059940e-07
Offset_RevB_Chip_5_woShield_Gmx_default_OSC_default_Vsup_pm6V_night,1,195,2026-09-03T13:52:39.550171+00:00,1.283130000000e+02,-2.862904000000e-04,-2.860043956044e-07
Offset_RevB_Chip_5_woShield_Gmx_default_OSC_default_Vsup_pm6V_night,1,196,2026-09-03T13:52:40.214171+00:00,1.289770000000e+02,-2.929453000000e-04,-2.926526473526e-07
Offset_RevB_Chip_5_woShield_Gmx_default_OSC_default_Vsup_pm6V_night,1,197,2026-09-03T13:52:40.878171+00:00,1.296410000000e+02,-2.874616000000e-04,-2.871744255744e-07
Offset_RevB_Chip_5_woShield_Gmx_default_OSC_default_Vsup_pm6V_night,1,198,2026-09-03T13:52:41.534171+00:00,1.302970000000e+02,-2.843598000000e-04,-2.840757242757e-07
Offset_RevB_Chip_5_woShield_Gmx_default_OSC_default_Vsup_pm6V_night,1,199,2026-09-03T13:52:42.190671+00:00,1.309535000000e+02,-2.729965000000e-04,-2.727237762238e-07
Offset_RevB_Chip_5_woShield_Gmx_default_OSC_default_Vsup_pm6V_night,1,200,2026-09-03T13:52:42.847171+00:00,1.316100000000e+02,-2.752390000000e-04,-2.749640359640e-07
Offset_RevB_Chip_5_woShield_Gmx_default_OSC_default_Vsup_pm6V_night,1,201,2026-09-03T13:52:43.511171+00:00,1.322740000000e+02,-2.890155000000e-04,-2.887267732268e-07
Offset_RevB_Chip_5_woShield_Gmx_default_OSC_default_Vsup_pm6V_night,1,202,2026-09-03T13:52:44.175171+00:00,1.329380000000e+02,-2.851926000000e-04,-2.849076923077e-07
Offset_RevB_Chip_5_woShield_Gmx_default_OSC_default_Vsup_pm6V_night,1,203,2026-09-03T13:52:44.831171+00:00,1.335940000000e+02,-2.774675000000e-04,-2.771903096903e-07
Offset_RevB_Chip_5_woShield_Gmx_default_OSC_default_Vsup_pm6V_night,1,204,2026-09-03T13:52:45.487171+00:00,1.342500000000e+02,-2.856327000000e-04,-2.853473526474e-07
Offset_RevB_Chip_5_woShield_Gmx_default_OSC_default_Vsup_pm6V_night,1,205,2026-09-03T13:52:46.151171+00:00,1.349140000000e+02,-2.810821000000e-04,-2.808012987013e-07
Offset_RevB_Chip_5_woShield_Gmx_default_OSC_default_Vsup_pm6V_night,1,206,2026-09-03T13:52:46.815671+00:00,1.355785000000e+02,-2.789721000000e-04,-2.786934065934e-07
Offset_RevB_Chip_5_woShield_Gmx_default_OSC_default_Vsup_pm6V_night,1,207,2026-09-03T13:52:47.472171+00:00,1.362350000000e+02,-3.012388000000e-04,-3.009378621379e-07
Offset_RevB_Chip_5_woShield_Gmx_default_OSC_default_Vsup_pm6V_night,1,208,2026-09-03T13:52:48.128171+00:00,1.368910000000e+02,-3.037354000000e-04,-3.034319680320e-07
Offset_RevB_Chip_5_woShield_Gmx_default_OSC_default_Vsup_pm6V_night,1,209,2026-09-03T13:52:48.784171+00:00,1.375470000000e+02,-2.956913000000e-04,-2.953959040959e-07
Offset_RevB_Chip_5_woShield_Gmx_default_OSC_default_Vsup_pm6V_night,1,210,2026-09-03T13:52:49.448171+00:00,1.382110000000e+02,-3.030006000000e-04,-3.026979020979e-07
Offset_RevB_Chip_5_woShield_Gmx_default_OSC_default_Vsup_pm6V_night,1,211,2026-09-03T13:52:50.112171+00:00,1.388750000000e+02,-2.950669000000e-04,-2.947721278721e-07
Offset_RevB_Chip_5_woShield_Gmx_default_OSC_default_Vsup_pm6V_night,1,212,2026-09-03T13:52:50.768671+00:00,1.395315000000e+02,-2.826118000000e-04,-2.823294705295e-07
Offset_RevB_Chip_5_woShield_Gmx_default_OSC_default_Vsup_pm6V_night,1,213,2026-09-03T13:52:51.425171+00:00,1.401880000000e+02,-2.807502000000e-04,-2.804697302697e-07
Offset_RevB_Chip_5_woShield_Gmx_default_OSC_default_Vsup_pm6V_night,1,214,2026-09-03T13:52:52.081171+00:00,1.408440000000e+02,-2.962401000000e-04,-2.959441558442e-07
Offset_RevB_Chip_5_woShield_Gmx_default_OSC_default_Vsup_pm6V_night,1,215,2026-09-03T13:52:52.745171+00:00,1.415080000000e+02,-2.990499000000e-04,-2.987511488511e-07
Offset_RevB_Chip_5_woShield_Gmx_default_OSC_default_Vsup_pm6V_night,1,216,2026-09-03T13:52:53.409171+00:00,1.421720000000e+02,-2.981097000000e-04,-2.978118881119e-07
Offset_RevB_Chip_5_woShield_Gmx_default_OSC_default_Vsup_pm6V_night,1,217,2026-09-03T13:52:54.065671+00:00,1.428285000000e+02,-2.850783000000e-04,-2.847935064935e-07
Offset_RevB_Chip_5_woShield_Gmx_default_OSC_default_Vsup_pm6V_night,1,218,2026-09-03T13:52:54.722171+00:00,1.434850000000e+02,-2.771729000000e-04,-2.768960039960e-07
Offset_RevB_Chip_5_woShield_Gmx_default_OSC_default_Vsup_pm6V_night,1,219,2026-09-03T13:52:55.378171+00:00,1.441410000000e+02,-2.865582000000e-04,-2.862719280719e-07
Offset_RevB_Chip_5_woShield_Gmx_default_OSC_default_Vsup_pm6V_night,1,220,2026-09-03T13:52:56.050171+00:00,1.448130000000e+02,-2.501964000000e-04,-2.499464535465e-07
Offset_RevB_Chip_5_woShield_Gmx_default_OSC_default_Vsup_pm6V_night,1,221,2026-09-03T13:52:56.706171+00:00,1.454690000000e+02,-3.043463000000e-04,-3.040422577423e-07
Offset_RevB_Chip_5_woShield_Gmx_default_OSC_default_Vsup_pm6V_night,1,222,2026-09-03T13:52:57.362171+00:00,1.461250000000e+02,-3.036569000000e-04,-3.033535464535e-07
Offset_RevB_Chip_5_woShield_Gmx_default_OSC_default_Vsup_pm6V_night,1,223,2026-09-03T13:52:58.018671+00:00,1.467815000000e+02,-2.928181000000e-04,-2.925255744256e-07
Offset_RevB_Chip_5_woShield_Gmx_default_OSC_default_Vsup_pm6V_night,1,224,2026-09-03T13:52:58.683171+00:00,1.474460000000e+02,-2.923513000000e-04,-2.920592407592e-07
Offset_RevB_Chip_5_woShield_Gmx_default_OSC_default_Vsup_pm6V_night,1,225,2026-09-03T13:52:59.347171+00:00,1.481100000000e+02,-2.844362000000e-04,-2.841520479520e-07
Offset_RevB_Chip_5_woShield_Gmx_default_OSC_default_Vsup_pm6V_night,1,226,2026-09-03T13:53:00.003171+00:00,1.487660000000e+02,-2.880855000000e-04,-2.877977022977e-07
Offset_RevB_Chip_5_woShield_Gmx_default_OSC_default_Vsup_pm6V_night,1,227,2026-09-03T13:53:00.659171+00:00,1.494220000000e+02,-2.789820000000e-04,-2.787032967033e-07
Offset_RevB_Chip_5_woShield_Gmx_default_OSC_default_Vsup_pm6V_night,1,228,2026-09-03T13:53:01.315671+00:00,1.500785000000e+02,-3.023555000000e-04,-3.020534465534e-07
Offset_RevB_Chip_5_woShield_Gmx_default_OSC_default_Vsup_pm6V_night,1,229,2026-09-03T13:53:01.979671+00:00,1.507425000000e+02,-3.023281000000e-04,-3.020260739261e-07
Offset_RevB_Chip_5_woShield_Gmx_default_OSC_default_Vsup_pm6V_night,1,230,2026-09-03T13:53:02.643671+00:00,1.514065000000e+02,-3.018810000000e-04,-3.015794205794e-07
Offset_RevB_Chip_5_woShield_Gmx_default_OSC_default_Vsup_pm6V_night,1,231,2026-09-03T13:53:03.300171+00:00,1.520630000000e+02,-2.877097000000e-04,-2.874222777223e-07
Offset_RevB_Chip_5_woShield_Gmx_default_OSC_default_Vsup_pm6V_night,1,232,2026-09-03T13:53:03.956171+00:00,1.527190000000e+02,-3.119245000000e-04,-3.116128871129e-07
Offset_RevB_Chip_5_woShield_Gmx_default_OSC_default_Vsup_pm6V_night,1,233,2026-09-03T13:53:04.612171+00:00,1.533750000000e+02,-3.031184000000e-04,-3.028155844156e-07
Offset_RevB_Chip_5_woShield_Gmx_default_OSC_default_Vsup_pm6V_night,1,234,2026-09-03T13:53:05.276171+00:00,1.540390000000e+02,-3.165580000000e-04,-3.162417582418e-07
Offset_RevB_Chip_5_woShield_Gmx_default_OSC_default_Vsup_pm6V_night,1,235,2026-09-03T13:53:05.940671+00:00,1.547035000000e+02,-3.087662000000e-04,-3.084577422577e-07
Offset_RevB_Chip_5_woShield_Gmx_default_OSC_default_Vsup_pm6V_night,1,236,2026-09-03T13:53:06.597171+00:00,1.553600000000e+02,-3.111352000000e-04,-3.108243756244e-07
Offset_RevB_Chip_5_woShield_Gmx_default_OSC_default_Vsup_pm6V_night,1,237,2026-09-03T13:53:07.253171+00:00,1.560160000000e+02,-3.069816000000e-04,-3.066749250749e-07
Offset_RevB_Chip_5_woShield_Gmx_default_OSC_default_Vsup_pm6V_night,1,238,2026-09-03T13:53:07.917171+00:00,1.566800000000e+02,-3.193368000000e-04,-3.190177822178e-07
Offset_RevB_Chip_5_woShield_Gmx_default_OSC_default_Vsup_pm6V_night,1,239,2026-09-03T13:53:08.581171+00:00,1.573440000000e+02,-3.190887000000e-04,-3.187699300699e-07
Offset_RevB_Chip_5_woShield_Gmx_default_OSC_default_Vsup_pm6V_night,1,240,2026-09-03T13:53:09.237171+00:00,1.580000000000e+02,-3.131456000000e-04,-3.128327672328e-07
Offset_RevB_Chip_5_woShield_Gmx_default_OSC_default_Vsup_pm6V_night,1,241,2026-09-03T13:53:09.893671+00:00,1.586565000000e+02,-3.218888000000e-04,-3.215672327672e-07
Offset_RevB_Chip_5_woShield_Gmx_default_OSC_default_Vsup_pm6V_night,1,242,2026-09-03T13:53:10.550171+00:00,1.593130000000e+02,-3.101011000000e-04,-3.097913086913e-07
Offset_RevB_Chip_5_woShield_Gmx_default_OSC_default_Vsup_pm6V_night,1,243,2026-09-03T13:53:11.214171+00:00,1.599770000000e+02,-3.155804000000e-04,-3.152651348651e-07
Offset_RevB_Chip_5_woShield_Gmx_default_OSC_default_Vsup_pm6V_night,1,244,2026-09-03T13:53:11.878171+00:00,1.606410000000e+02,-3.295533000000e-04,-3.292240759241e-07
Offset_RevB_Chip_5_woShield_Gmx_default_OSC_default_Vsup_pm6V_night,1,245,2026-09-03T13:53:12.534171+00:00,1.612970000000e+02,-3.228172000000e-04,-3.224947052947e-07
Offset_RevB_Chip_5_woShield_Gmx_default_OSC_default_Vsup_pm6V_night,1,246,2026-09-03T13:53:13.190671+00:00,1.619535000000e+02,-3.105766000000e-04,-3.102663336663e-07
Offset_RevB_Chip_5_woShield_Gmx_default_OSC_default_Vsup_pm6V_night,1,247,2026-09-03T13:53:13.847171+00:00,1.626100000000e+02,-3.436195000000e-04,-3.432762237762e-07
Offset_RevB_Chip_5_woShield_Gmx_default_OSC_default_Vsup_pm6V_night,1,248,2026-09-03T13:53:14.511171+00:00,1.632740000000e+02,-3.321372000000e-04,-3.318053946054e-07
Offset_RevB_Chip_5_woShield_Gmx_default_OSC_default_Vsup_pm6V_night,1,249,2026-09-03T13:53:15.175171+00:00,1.639380000000e+02,-3.293657000000e-04,-3.290366633367e-07
Offset_RevB_Chip_5_woShield_Gmx_default_OSC_default_Vsup_pm6V_night,1,250,2026-09-03T13:53:15.831171+00:00,1.645940000000e+02,-2.926931000000e-04,-2.924006993007e-07
Offset_RevB_Chip_5_woShield_Gmx_default_OSC_default_Vsup_pm6V_night,1,251,2026-09-03T13:53:16.487171+00:00,1.652500000000e+02,-3.381013000000e-04,-3.377635364635e-07
Offset_RevB_Chip_5_woShield_Gmx_default_OSC_default_Vsup_pm6V_night,1,252,2026-09-03T13:53:17.151171+00:00,1.659140000000e+02,-3.589809000000e-04,-3.586222777223e-07
Offset_RevB_Chip_5_woShield_Gmx_default_OSC_default_Vsup_pm6V_night,1,253,2026-09-03T13:53:17.815671+00:00,1.665785000000e+02,-3.511008000000e-04,-3.507500499501e-07
Offset_RevB_Chip_5_woShield_Gmx_default_OSC_default_Vsup_pm6V_night,1,254,2026-09-03T13:53:18.472171+00:00,1.672350000000e+02,-3.345398000000e-04,-3.342055944056e-07
Offset_RevB_Chip_5_woShield_Gmx_default_OSC_default_Vsup_pm6V_night,1,255,2026-09-03T13:53:19.128171+00:00,1.678910000000e+02,-3.397075000000e-04,-3.393681318681e-07
Offset_RevB_Chip_5_woShield_Gmx_default_OSC_default_Vsup_pm6V_night,1,256,2026-09-03T13:53:19.792171+00:00,1.685550000000e+02,-3.290392000000e-04,-3.287104895105e-07
Offset_RevB_Chip_5_woShield_Gmx_default_OSC_default_Vsup_pm6V_night,1,257,2026-09-03T13:53:20.456171+00:00,1.692190000000e+02,-3.379526000000e-04,-3.376149850150e-07
Offset_RevB_Chip_5_woShield_Gmx_default_OSC_default_Vsup_pm6V_night,1,258,2026-09-03T13:53:21.112171+00:00,1.698750000000e+02,-3.370813000000e-04,-3.367445554446e-07
Offset_RevB_Chip_5_woShield_Gmx_default_OSC_default_Vsup_pm6V_night,1,259,2026-09-03T13:53:21.768671+00:00,1.705315000000e+02,-3.476431000000e-04,-3.472958041958e-07
Offset_RevB_Chip_5_woShield_Gmx_default_OSC_default_Vsup_pm6V_night,1,260,2026-09-03T13:53:22.425171+00:00,1.711880000000e+02,-3.343603000000e-04,-3.340262737263e-07
Offset_RevB_Chip_5_woShield_Gmx_default_OSC_default_Vsup_pm6V_night,1,261,2026-09-03T13:53:23.089171+00:00,1.718520000000e+02,-3.405407000000e-04,-3.402004995005e-07
Offset_RevB_Chip_5_woShield_Gmx_default_OSC_default_Vsup_pm6V_night,1,262,2026-09-03T13:53:23.753171+00:00,1.725160000000e+02,-3.470156000000e-04,-3.466689310689e-07
Offset_RevB_Chip_5_woShield_Gmx_default_OSC_default_Vsup_pm6V_night,1,263,2026-09-03T13:53:24.409171+00:00,1.731720000000e+02,-3.433656000000e-04,-3.430225774226e-07
Offset_RevB_Chip_5_woShield_Gmx_default_OSC_default_Vsup_pm6V_night,1,264,2026-09-03T13:53:25.065671+00:00,1.738285000000e+02,-3.323559000000e-04,-3.320238761239e-07
Offset_RevB_Chip_5_woShield_Gmx_default_OSC_default_Vsup_pm6V_night,1,265,2026-09-03T13:53:25.729671+00:00,1.744925000000e+02,-3.544272000000e-04,-3.540731268731e-07
Offset_RevB_Chip_5_woShield_Gmx_default_OSC_default_Vsup_pm6V_night,1,266,2026-09-03T13:53:26.393671+00:00,1.751565000000e+02,-3.415300000000e-04,-3.411888111888e-07
Offset_RevB_Chip_5_woShield_Gmx_default_OSC_default_Vsup_pm6V_night,1,267,2026-09-03T13:53:27.050171+00:00,1.758130000000e+02,-3.508545000000e-04,-3.505039960040e-07
Offset_RevB_Chip_5_woShield_Gmx_default_OSC_default_Vsup_pm6V_night,1,268,2026-09-03T13:53:27.706171+00:00,1.764690000000e+02,-3.555408000000e-04,-3.551856143856e-07
Offset_RevB_Chip_5_woShield_Gmx_default_OSC_default_Vsup_pm6V_night,1,269,2026-09-03T13:53:28.370171+00:00,1.771330000000e+02,-3.359608000000e-04,-3.356251748252e-07
Offset_RevB_Chip_5_woShield_Gmx_default_OSC_default_Vsup_pm6V_night,1,270,2026-09-03T13:53:29.034171+00:00,1.777970000000e+02,-3.413269000000e-04,-3.409859140859e-07
Offset_RevB_Chip_5_woShield_Gmx_default_OSC_default_Vsup_pm6V_night,1,271,2026-09-03T13:53:29.690671+00:00,1.784535000000e+02,-3.532919000000e-04,-3.529389610390e-07
Offset_RevB_Chip_5_woShield_Gmx_default_OSC_default_Vsup_pm6V_night,1,272,2026-09-03T13:53:30.347171+00:00,1.791100000000e+02,-3.524562000000e-04,-3.521040959041e-07
Offset_RevB_Chip_5_woShield_Gmx_default_OSC_default_Vsup_pm6V_night,1,273,2026-09-03T13:53:31.011171+00:00,1.797740000000e+02,-3.641015000000e-04,-3.637377622378e-07
Offset_RevB_Chip_5_woShield_Gmx_default_OSC_default_Vsup_pm6V_night,1,274,2026-09-03T13:53:31.675171+00:00,1.804380000000e+02,-3.484790000000e-04,-3.481308691309e-07
Offset_RevB_Chip_5_woShield_Gmx_default_OSC_default_Vsup_pm6V_night,1,275,2026-09-03T13:53:32.331171+00:00,1.810940000000e+02,-3.571001000000e-04,-3.567433566434e-07
Offset_RevB_Chip_5_woShield_Gmx_default_OSC_default_Vsup_pm6V_night,1,276,2026-09-03T13:53:32.987171+00:00,1.817500000000e+02,-3.634468000000e-04,-3.630837162837e-07
Offset_RevB_Chip_5_woShield_Gmx_default_OSC_default_Vsup_pm6V_night,1,277,2026-09-03T13:53:33.651171+00:00,1.824140000000e+02,-3.505200000000e-04,-3.501698301698e-07
Offset_RevB_Chip_5_woShield_Gmx_default_OSC_default_Vsup_pm6V_night,1,278,2026-09-03T13:53:34.315671+00:00,1.830785000000e+02,-3.561814000000e-04,-3.558255744256e-07
Offset_RevB_Chip_5_woShield_Gmx_default_OSC_default_Vsup_pm6V_night,1,279,2026-09-03T13:53:34.972171+00:00,1.837350000000e+02,-3.571643000000e-04,-3.568074925075e-07
Offset_RevB_Chip_5_woShield_Gmx_default_OSC_default_Vsup_pm6V_night,1,280,2026-09-03T13:53:35.628171+00:00,1.843910000000e+02,-3.646071000000e-04,-3.642428571429e-07
Offset_RevB_Chip_5_woShield_Gmx_default_OSC_default_Vsup_pm6V_night,1,281,2026-09-03T13:53:36.292171+00:00,1.850550000000e+02,-3.580680000000e-04,-3.577102897103e-07
Offset_RevB_Chip_5_woShield_Gmx_default_OSC_default_Vsup_pm6V_night,1,282,2026-09-03T13:53:36.956171+00:00,1.857190000000e+02,-3.701825000000e-04,-3.698126873127e-07
Offset_RevB_Chip_5_woShield_Gmx_default_OSC_default_Vsup_pm6V_night,1,283,2026-09-03T13:53:37.612171+00:00,1.863750000000e+02,-3.612377000000e-04,-3.608768231768e-07
Offset_RevB_Chip_5_woShield_Gmx_default_OSC_default_Vsup_pm6V_night,1,284,2026-09-03T13:53:38.276171+00:00,1.870390000000e+02,-3.774102000000e-04,-3.770331668332e-07
Offset_RevB_Chip_5_woShield_Gmx_default_OSC_default_Vsup_pm6V_night,1,285,2026-09-03T13:53:38.940671+00:00,1.877035000000e+02,-3.653938000000e-04,-3.650287712288e-07
Offset_RevB_Chip_5_woShield_Gmx_default_OSC_default_Vsup_pm6V_night,1,286,2026-09-03T13:53:39.597171+00:00,1.883600000000e+02,-3.638048000000e-04,-3.634413586414e-07
Offset_RevB_Chip_5_woShield_Gmx_default_OSC_default_Vsup_pm6V_night,1,287,2026-09-03T13:53:40.253171+00:00,1.890160000000e+02,-3.614212000000e-04,-3.610601398601e-07
Offset_RevB_Chip_5_woShield_Gmx_default_OSC_default_Vsup_pm6V_night,1,288,2026-09-03T13:53:40.917171+00:00,1.896800000000e+02,-3.838221000000e-04,-3.834386613387e-07
Offset_RevB_Chip_5_woShield_Gmx_default_OSC_default_Vsup_pm6V_night,1,289,2026-09-03T13:53:41.581171+00:00,1.903440000000e+02,-3.728486000000e-04,-3.724761238761e-07
Offset_RevB_Chip_5_woShield_Gmx_default_OSC_default_Vsup_pm6V_night,1,290,2026-09-03T13:53:42.237171+00:00,1.910000000000e+02,-3.804029000000e-04,-3.800228771229e-07
Offset_RevB_Chip_5_woShield_Gmx_default_OSC_default_Vsup_pm6V_night,1,291,2026-09-03T13:53:42.893671+00:00,1.916565000000e+02,-3.868549000000e-04,-3.864684315684e-07
Offset_RevB_Chip_5_woShield_Gmx_default_OSC_default_Vsup_pm6V_night,1,292,2026-09-03T13:53:43.558171+00:00,1.923210000000e+02,-3.906448000000e-04,-3.902545454545e-07
Offset_RevB_Chip_5_woShield_Gmx_default_OSC_default_Vsup_pm6V_night,1,293,2026-09-03T13:53:44.222171+00:00,1.929850000000e+02,-3.881975000000e-04,-3.878096903097e-07
Offset_RevB_Chip_5_woShield_Gmx_default_OSC_default_Vsup_pm6V_night,1,294,2026-09-03T13:53:44.878171+00:00,1.936410000000e+02,-3.787070000000e-04,-3.783286713287e-07
Offset_RevB_Chip_5_woShield_Gmx_default_OSC_default_Vsup_pm6V_night,1,295,2026-09-03T13:53:45.534171+00:00,1.942970000000e+02,-3.917594000000e-04,-3.913680319680e-07
Offset_RevB_Chip_5_woShield_Gmx_default_OSC_default_Vsup_pm6V_night,1,296,2026-09-03T13:53:46.198171+00:00,1.949610000000e+02,-3.757233000000e-04,-3.753479520480e-07
Offset_RevB_Chip_5_woShield_Gmx_default_OSC_default_Vsup_pm6V_night,1,297,2026-09-03T13:53:46.862171+00:00,1.956250000000e+02,-3.842594000000e-04,-3.838755244755e-07
Offset_RevB_Chip_5_woShield_Gmx_default_OSC_default_Vsup_pm6V_night,1,298,2026-09-03T13:53:47.518671+00:00,1.962815000000e+02,-3.658300000000e-04,-3.654645354645e-07
Offset_RevB_Chip_5_woShield_Gmx_default_OSC_default_Vsup_pm6V_night,1,299,2026-09-03T13:53:48.175171+00:00,1.969380000000e+02,-3.854786000000e-04,-3.850935064935e-07
Offset_RevB_Chip_5_woShield_Gmx_default_OSC_default_Vsup_pm6V_night,1,300,2026-09-03T13:53:48.839171+00:00,1.976020000000e+02,-3.909970000000e-04,-3.906063936064e-07
Offset_RevB_Chip_5_woShield_Gmx_default_OSC_default_Vsup_pm6V_night,1,301,2026-09-03T13:53:49.503171+00:00,1.982660000000e+02,-3.841184000000e-04,-3.837346653347e-07
Offset_RevB_Chip_5_woShield_Gmx_default_OSC_default_Vsup_pm6V_night,1,302,2026-09-03T13:53:50.159171+00:00,1.989220000000e+02,-3.776555000000e-04,-3.772782217782e-07
Offset_RevB_Chip_5_woShield_Gmx_default_OSC_default_Vsup_pm6V_night,1,303,2026-09-03T13:53:50.823171+00:00,1.995860000000e+02,-3.898493000000e-04,-3.894598401598e-07
Offset_RevB_Chip_5_woShield_Gmx_default_OSC_default_Vsup_pm6V_night,1,304,2026-09-03T13:53:51.487171+00:00,2.002500000000e+02,-3.953479000000e-04,-3.949529470529e-07
Offset_RevB_Chip_5_woShield_Gmx_default_OSC_default_Vsup_pm6V_night,1,305,2026-09-03T13:53:52.143671+00:00,2.009065000000e+02,-3.700484000000e-04,-3.696787212787e-07
Offset_RevB_Chip_5_woShield_Gmx_default_OSC_default_Vsup_pm6V_night,1,306,2026-09-03T13:53:52.800171+00:00,2.015630000000e+02,-3.881763000000e-04,-3.877885114885e-07
Offset_RevB_Chip_5_woShield_Gmx_default_OSC_default_Vsup_pm6V_night,1,307,2026-09-03T13:53:53.464171+00:00,2.022270000000e+02,-3.893230000000e-04,-3.889340659341e-07
Offset_RevB_Chip_5_woShield_Gmx_default_OSC_default_Vsup_pm6V_night,1,308,2026-09-03T13:53:54.128171+00:00,2.028910000000e+02,-3.953266000000e-04,-3.949316683317e-07
Offset_RevB_Chip_5_woShield_Gmx_default_OSC_default_Vsup_pm6V_night,1,309,2026-09-03T13:53:54.784171+00:00,2.035470000000e+02,-4.057989000000e-04,-4.053935064935e-07
Offset_RevB_Chip_5_woShield_Gmx_default_OSC_default_Vsup_pm6V_night,1,310,2026-09-03T13:53:55.440671+00:00,2.042035000000e+02,-3.776875000000e-04,-3.773101898102e-07
Offset_RevB_Chip_5_woShield_Gmx_default_OSC_default_Vsup_pm6V_night,1,311,2026-09-03T13:53:56.104671+00:00,2.048675000000e+02,-3.988447000000e-04,-3.984462537463e-07
Offset_RevB_Chip_5_woShield_Gmx_default_OSC_default_Vsup_pm6V_night,1,312,2026-09-03T13:53:56.768671+00:00,2.055315000000e+02,-4.136848000000e-04,-4.132715284715e-07
Offset_RevB_Chip_5_woShield_Gmx_default_OSC_default_Vsup_pm6V_night,1,313,2026-09-03T13:53:57.425171+00:00,2.061880000000e+02,-3.918355000000e-04,-3.914440559441e-07
Offset_RevB_Chip_5_woShield_Gmx_default_OSC_default_Vsup_pm6V_night,1,314,2026-09-03T13:53:58.081171+00:00,2.068440000000e+02,-4.030282000000e-04,-4.026255744256e-07
Offset_RevB_Chip_5_woShield_Gmx_default_OSC_default_Vsup_pm6V_night,1,315,2026-09-03T13:53:58.745171+00:00,2.075080000000e+02,-4.040758000000e-04,-4.036721278721e-07
Offset_RevB_Chip_5_woShield_Gmx_default_OSC_default_Vsup_pm6V_night,1,316,2026-09-03T13:53:59.409171+00:00,2.081720000000e+02,-3.915247000000e-04,-3.911335664336e-07
Offset_RevB_Chip_5_woShield_Gmx_default_OSC_default_Vsup_pm6V_night,1,317,2026-09-03T13:54:00.065671+00:00,2.088285000000e+02,-3.992639000000e-04,-3.988650349650e-07
Offset_RevB_Chip_5_woShield_Gmx_default_OSC_default_Vsup_pm6V_night,1,318,2026-09-03T13:54:00.722171+00:00,2.094850000000e+02,-4.002429000000e-04,-3.998430569431e-07
Offset_RevB_Chip_5_woShield_Gmx_default_OSC_default_Vsup_pm6V_night,1,319,2026-09-03T13:54:01.386171+00:00,2.101490000000e+02,-3.909668000000e-04,-3.905762237762e-07
Offset_RevB_Chip_5_woShield_Gmx_default_OSC_default_Vsup_pm6V_night,1,320,2026-09-03T13:54:02.050171+00:00,2.108130000000e+02,-3.995657000000e-04,-3.991665334665e-07
Offset_RevB_Chip_5_woShield_Gmx_default_OSC_default_Vsup_pm6V_night,1,321,2026-09-03T13:54:02.706171+00:00,2.114690000000e+02,-3.872529000000e-04,-3.868660339660e-07
Offset_RevB_Chip_5_woShield_Gmx_default_OSC_default_Vsup_pm6V_night,1,322,2026-09-03T13:54:03.362171+00:00,2.121250000000e+02,-3.882935000000e-04,-3.879055944056e-07
Offset_RevB_Chip_5_woShield_Gmx_default_OSC_default_Vsup_pm6V_night,1,323,2026-09-03T13:54:04.026171+00:00,2.127890000000e+02,-3.917555000000e-04,-3.913641358641e-07
Offset_RevB_Chip_5_woShield_Gmx_default_OSC_default_Vsup_pm6V_night,1,324,2026-09-03T13:54:04.690671+00:00,2.134535000000e+02,-3.812800000000e-04,-3.808991008991e-07
Offset_RevB_Chip_5_woShield_Gmx_default_OSC_default_Vsup_pm6V_night,1,325,2026-09-03T13:54:05.347171+00:00,2.141100000000e+02,-3.946343000000e-04,-3.942400599401e-07
Offset_RevB_Chip_5_woShield_Gmx_default_OSC_default_Vsup_pm6V_night,1,326,2026-09-03T13:54:06.003171+00:00,2.147660000000e+02,-3.935686000000e-04,-3.931754245754e-07
Offset_RevB_Chip_5_woShield_Gmx_default_OSC_default_Vsup_pm6V_night,1,327,2026-09-03T13:54:06.667171+00:00,2.154300000000e+02,-3.998531000000e-04,-3.994536463536e-07
Offset_RevB_Chip_5_woShield_Gmx_default_OSC_default_Vsup_pm6V_night,1,328,2026-09-03T13:54:07.331171+00:00,2.160940000000e+02,-3.996285000000e-04,-3.992292707293e-07
Offset_RevB_Chip_5_woShield_Gmx_default_OSC_default_Vsup_pm6V_night,1,329,2026-09-03T13:54:07.987171+00:00,2.167500000000e+02,-3.981954000000e-04,-3.977976023976e-07
Offset_RevB_Chip_5_woShield_Gmx_default_OSC_default_Vsup_pm6V_night,1,330,2026-09-03T13:54:08.643671+00:00,2.174065000000e+02,-3.985710000000e-04,-3.981728271728e-07
Offset_RevB_Chip_5_woShield_Gmx_default_OSC_default_Vsup_pm6V_night,1,331,2026-09-03T13:54:09.308171+00:00,2.180710000000e+02,-3.917287000000e-04,-3.913373626374e-07
Offset_RevB_Chip_5_woShield_Gmx_default_OSC_default_Vsup_pm6V_night,1,332,2026-09-03T13:54:09.972171+00:00,2.187350000000e+02,-3.971549000000e-04,-3.967581418581e-07
Offset_RevB_Chip_5_woShield_Gmx_default_OSC_default_Vsup_pm6V_night,1,333,2026-09-03T13:54:10.628171+00:00,2.193910000000e+02,-3.901441000000e-04,-3.897543456543e-07
Offset_RevB_Chip_5_woShield_Gmx_default_OSC_default_Vsup_pm6V_night,1,334,2026-09-03T13:54:11.284171+00:00,2.200470000000e+02,-4.050313000000e-04,-4.046266733267e-07
Offset_RevB_Chip_5_woShield_Gmx_default_OSC_default_Vsup_pm6V_night,1,335,2026-09-03T13:54:11.948171+00:00,2.207110000000e+02,-3.951601000000e-04,-3.947653346653e-07
Offset_RevB_Chip_5_woShield_Gmx_default_OSC_default_Vsup_pm6V_night,1,336,2026-09-03T13:54:12.612171+00:00,2.213750000000e+02,-3.913353000000e-04,-3.909443556444e-07
Offset_RevB_Chip_5_woShield_Gmx_default_OSC_default_Vsup_pm6V_night,1,337,2026-09-03T13:54:13.268671+00:00,2.220315000000e+02,-4.042691000000e-04,-4.038652347652e-07
Offset_RevB_Chip_5_woShield_Gmx_default_OSC_default_Vsup_pm6V_night,1,338,2026-09-03T13:54:13.925171+00:00,2.226880000000e+02,-4.160244000000e-04,-4.156087912088e-07
Offset_RevB_Chip_5_woShield_Gmx_default_OSC_default_Vsup_pm6V_night,1,339,2026-09-03T13:54:14.589171+00:00,2.233520000000e+02,-4.067345000000e-04,-4.063281718282e-07
Offset_RevB_Chip_5_woShield_Gmx_default_OSC_default_Vsup_pm6V_night,1,340,2026-09-03T13:54:15.253171+00:00,2.240160000000e+02,-3.962356000000e-04,-3.958397602398e-07
Offset_RevB_Chip_5_woShield_Gmx_default_OSC_default_Vsup_pm6V_night,1,341,2026-09-03T13:54:15.909171+00:00,2.246720000000e+02,-3.981558000000e-04,-3.977580419580e-07
Offset_RevB_Chip_5_woShield_Gmx_default_OSC_default_Vsup_pm6V_night,1,342,2026-09-03T13:54:16.565671+00:00,2.253285000000e+02,-3.903233000000e-04,-3.899333666334e-07
Offset_RevB_Chip_5_woShield_Gmx_default_OSC_default_Vsup_pm6V_night,1,343,2026-09-03T13:54:17.229671+00:00,2.259925000000e+02,-4.133364000000e-04,-4.129234765235e-07
Offset_RevB_Chip_5_woShield_Gmx_default_OSC_default_Vsup_pm6V_night,1,344,2026-09-03T13:54:17.893671+00:00,2.266565000000e+02,-4.126186000000e-04,-4.122063936064e-07
Offset_RevB_Chip_5_woShield_Gmx_default_OSC_default_Vsup_pm6V_night,1,345,2026-09-03T13:54:18.550171+00:00,2.273130000000e+02,-3.993996000000e-04,-3.990005994006e-07
Offset_RevB_Chip_5_woShield_Gmx_default_OSC_default_Vsup_pm6V_night,1,346,2026-09-03T13:54:19.206171+00:00,2.279690000000e+02,-4.021504000000e-04,-4.017486513487e-07
Offset_RevB_Chip_5_woShield_Gmx_default_OSC_default_Vsup_pm6V_night,1,347,2026-09-03T13:54:19.870171+00:00,2.286330000000e+02,-3.962299000000e-04,-3.958340659341e-07
Offset_RevB_Chip_5_woShield_Gmx_default_OSC_default_Vsup_pm6V_night,1,348,2026-09-03T13:54:20.534171+00:00,2.292970000000e+02,-3.967026000000e-04,-3.963062937063e-07
Offset_RevB_Chip_5_woShield_Gmx_default_OSC_default_Vsup_pm6V_night,1,349,2026-09-03T13:54:21.190671+00:00,2.299535000000e+02,-4.027464000000e-04,-4.023440559441e-07
Offset_RevB_Chip_5_woShield_Gmx_default_OSC_default_Vsup_pm6V_night,1,350,2026-09-03T13:54:21.847171+00:00,2.306100000000e+02,-4.031281000000e-04,-4.027253746254e-07
Offset_RevB_Chip_5_woShield_Gmx_default_OSC_default_Vsup_pm6V_night,1,351,2026-09-03T13:54:22.511171+00:00,2.312740000000e+02,-4.092004000000e-04,-4.087916083916e-07
Offset_RevB_Chip_5_woShield_Gmx_default_OSC_default_Vsup_pm6V_night,1,352,2026-09-03T13:54:23.175171+00:00,2.319380000000e+02,-3.959549000000e-04,-3.955593406593e-07
Offset_RevB_Chip_5_woShield_Gmx_default_OSC_default_Vsup_pm6V_night,1,353,2026-09-03T13:54:23.831171+00:00,2.325940000000e+02,-3.998886000000e-04,-3.994891108891e-07
Offset_RevB_Chip_5_woShield_Gmx_default_OSC_default_Vsup_pm6V_night,1,354,2026-09-03T13:54:24.487171+00:00,2.332500000000e+02,-3.961737000000e-04,-3.957779220779e-07
Offset_RevB_Chip_5_woShield_Gmx_default_OSC_default_Vsup_pm6V_night,1,355,2026-09-03T13:54:25.151171+00:00,2.339140000000e+02,-4.033263000000e-04,-4.029233766234e-07
Offset_RevB_Chip_5_woShield_Gmx_default_OSC_default_Vsup_pm6V_night,1,356,2026-09-03T13:54:25.815671+00:00,2.345785000000e+02,-4.077046000000e-04,-4.072973026973e-07
Offset_RevB_Chip_5_woShield_Gmx_default_OSC_default_Vsup_pm6V_night,1,357,2026-09-03T13:54:26.472171+00:00,2.352350000000e+02,-4.056648000000e-04,-4.052595404595e-07
Offset_RevB_Chip_5_woShield_Gmx_default_OSC_default_Vsup_pm6V_night,1,358,2026-09-03T13:54:27.128171+00:00,2.358910000000e+02,-4.025759000000e-04,-4.021737262737e-07
Offset_RevB_Chip_5_woShield_Gmx_default_OSC_default_Vsup_pm6V_night,1,359,2026-09-03T13:54:27.784171+00:00,2.365470000000e+02,-3.964748000000e-04,-3.960787212787e-07
Offset_RevB_Chip_5_woShield_Gmx_default_OSC_default_Vsup_pm6V_night,1,360,2026-09-03T13:54:28.448171+00:00,2.372110000000e+02,-3.992007000000e-04,-3.988018981019e-07
Offset_RevB_Chip_5_woShield_Gmx_default_OSC_default_Vsup_pm6V_night,1,361,2026-09-03T13:54:29.112171+00:00,2.378750000000e+02,-4.034519000000e-04,-4.030488511489e-07
Offset_RevB_Chip_5_woShield_Gmx_default_OSC_default_Vsup_pm6V_night,1,362,2026-09-03T13:54:29.768671+00:00,2.385315000000e+02,-4.076814000000e-04,-4.072741258741e-07
Offset_RevB_Chip_5_woShield_Gmx_default_OSC_default_Vsup_pm6V_night,1,363,2026-09-03T13:54:30.425171+00:00,2.391880000000e+02,-4.036920000000e-04,-4.032887112887e-07
Offset_RevB_Chip_5_woShield_Gmx_default_OSC_default_Vsup_pm6V_night,1,364,2026-09-03T13:54:31.089171+00:00,2.398520000000e+02,-4.039425000000e-04,-4.035389610390e-07
Offset_RevB_Chip_5_woShield_Gmx_default_OSC_default_Vsup_pm6V_night,1,365,2026-09-03T13:54:31.753171+00:00,2.405160000000e+02,-4.059792000000e-04,-4.055736263736e-07
Offset_RevB_Chip_5_woShield_Gmx_default_OSC_default_Vsup_pm6V_night,1,366,2026-09-03T13:54:32.409171+00:00,2.411720000000e+02,-4.141652000000e-04,-4.137514485514e-07
Offset_RevB_Chip_5_woShield_Gmx_default_OSC_default_Vsup_pm6V_night,1,367,2026-09-03T13:54:33.065671+00:00,2.418285000000e+02,-4.188656000000e-04,-4.184471528472e-07
Offset_RevB_Chip_5_woShield_Gmx_default_OSC_default_Vsup_pm6V_night,1,368,2026-09-03T13:54:33.729671+00:00,2.424925000000e+02,-4.190323000000e-04,-4.186136863137e-07
Offset_RevB_Chip_5_woShield_Gmx_default_OSC_default_Vsup_pm6V_night,1,369,2026-09-03T13:54:34.393671+00:00,2.431565000000e+02,-4.163353000000e-04,-4.159193806194e-07
Offset_RevB_Chip_5_woShield_Gmx_default_OSC_default_Vsup_pm6V_night,1,370,2026-09-03T13:54:35.050171+00:00,2.438130000000e+02,-4.168506000000e-04,-4.164341658342e-07
Offset_RevB_Chip_5_woShield_Gmx_default_OSC_default_Vsup_pm6V_night,1,371,2026-09-03T13:54:35.706171+00:00,2.444690000000e+02,-4.246944000000e-04,-4.242701298701e-07
Offset_RevB_Chip_5_woShield_Gmx_default_OSC_default_Vsup_pm6V_night,1,372,2026-09-03T13:54:36.370171+00:00,2.451330000000e+02,-4.140778000000e-04,-4.136641358641e-07
Offset_RevB_Chip_5_woShield_Gmx_default_OSC_default_Vsup_pm6V_night,1,373,2026-09-03T13:54:37.034171+00:00,2.457970000000e+02,-4.315501000000e-04,-4.311189810190e-07
Offset_RevB_Chip_5_woShield_Gmx_default_OSC_default_Vsup_pm6V_night,1,374,2026-09-03T13:54:37.690671+00:00,2.464535000000e+02,-4.274256000000e-04,-4.269986013986e-07
Offset_RevB_Chip_5_woShield_Gmx_default_OSC_default_Vsup_pm6V_night,1,375,2026-09-03T13:54:38.347171+00:00,2.471100000000e+02,-4.212930000000e-04,-4.208721278721e-07
Offset_RevB_Chip_5_woShield_Gmx_default_OSC_default_Vsup_pm6V_night,1,376,2026-09-03T13:54:39.011171+00:00,2.477740000000e+02,-4.237479000000e-04,-4.233245754246e-07
Offset_RevB_Chip_5_woShield_Gmx_default_OSC_default_Vsup_pm6V_night,1,377,2026-09-03T13:54:39.675171+00:00,2.484380000000e+02,-4.092530000000e-04,-4.088441558442e-07
Offset_RevB_Chip_5_woShield_Gmx_default_OSC_default_Vsup_pm6V_night,1,378,2026-09-03T13:54:40.331171+00:00,2.490940000000e+02,-4.117274000000e-04,-4.113160839161e-07
Offset_RevB_Chip_5_woShield_Gmx_default_OSC_default_Vsup_pm6V_night,1,379,2026-09-03T13:54:40.987171+00:00,2.497500000000e+02,-4.116725000000e-04,-4.112612387612e-07
Offset_RevB_Chip_5_woShield_Gmx_default_OSC_default_Vsup_pm6V_night,1,380,2026-09-03T13:54:41.651171+00:00,2.504140000000e+02,-4.038552000000e-04,-4.034517482517e-07
Offset_RevB_Chip_5_woShield_Gmx_default_OSC_default_Vsup_pm6V_night,1,381,2026-09-03T13:54:42.315671+00:00,2.510785000000e+02,-4.053280000000e-04,-4.049230769231e-07
Offset_RevB_Chip_5_woShield_Gmx_default_OSC_default_Vsup_pm6V_night,1,382,2026-09-03T13:54:42.972171+00:00,2.517350000000e+02,-4.027449000000e-04,-4.023425574426e-07
Offset_RevB_Chip_5_woShield_Gmx_default_OSC_default_Vsup_pm6V_night,1,383,2026-09-03T13:54:43.628171+00:00,2.523910000000e+02,-4.114336000000e-04,-4.110225774226e-07
Offset_RevB_Chip_5_woShield_Gmx_default_OSC_default_Vsup_pm6V_night,1,384,2026-09-03T13:54:44.292171+00:00,2.530550000000e+02,-4.127264000000e-04,-4.123140859141e-07
Offset_RevB_Chip_5_woShield_Gmx_default_OSC_default_Vsup_pm6V_night,1,385,2026-09-03T13:54:44.956171+00:00,2.537190000000e+02,-4.091009000000e-04,-4.086922077922e-07
Offset_RevB_Chip_5_woShield_Gmx_default_OSC_default_Vsup_pm6V_night,1,386,2026-09-03T13:54:45.612171+00:00,2.543750000000e+02,-4.124964000000e-04,-4.120843156843e-07
Offset_RevB_Chip_5_woShield_Gmx_default_OSC_default_Vsup_pm6V_night,1,387,2026-09-03T13:54:46.268671+00:00,2.550315000000e+02,-4.108574000000e-04,-4.104469530470e-07
Offset_RevB_Chip_5_woShield_Gmx_default_OSC_default_Vsup_pm6V_night,1,388,2026-09-03T13:54:46.933171+00:00,2.556960000000e+02,-4.191694000000e-04,-4.187506493506e-07
Offset_RevB_Chip_5_woShield_Gmx_default_OSC_default_Vsup_pm6V_night,1,389,2026-09-03T13:54:47.597171+00:00,2.563600000000e+02,-4.084045000000e-04,-4.079965034965e-07
Offset_RevB_Chip_5_woShield_Gmx_default_OSC_default_Vsup_pm6V_night,1,390,2026-09-03T13:54:48.253171+00:00,2.570160000000e+02,-4.190702000000e-04,-4.186515484515e-07
Offset_RevB_Chip_5_woShield_Gmx_default_OSC_default_Vsup_pm6V_night,1,391,2026-09-03T13:54:48.917171+00:00,2.576800000000e+02,-4.056796000000e-04,-4.052743256743e-07
Offset_RevB_Chip_5_woShield_Gmx_default_OSC_default_Vsup_pm6V_night,1,392,2026-09-03T13:54:49.581171+00:00,2.583440000000e+02,-4.178951000000e-04,-4.174776223776e-07
Offset_RevB_Chip_5_woShield_Gmx_default_OSC_default_Vsup_pm6V_night,1,393,2026-09-03T13:54:50.237171+00:00,2.590000000000e+02,-4.193247000000e-04,-4.189057942058e-07
Offset_RevB_Chip_5_woShield_Gmx_default_OSC_default_Vsup_pm6V_night,1,394,2026-09-03T13:54:50.893671+00:00,2.596565000000e+02,-4.214330000000e-04,-4.210119880120e-07
Offset_RevB_Chip_5_woShield_Gmx_default_OSC_default_Vsup_pm6V_night,1,395,2026-09-03T13:54:51.558171+00:00,2.603210000000e+02,-4.180113000000e-04,-4.175937062937e-07
Offset_RevB_Chip_5_woShield_Gmx_default_OSC_default_Vsup_pm6V_night,1,396,2026-09-03T13:54:52.222171+00:00,2.609850000000e+02,-4.163533000000e-04,-4.159373626374e-07
Offset_RevB_Chip_5_woShield_Gmx_default_OSC_default_Vsup_pm6V_night,1,397,2026-09-03T13:54:52.878171+00:00,2.616410000000e+02,-4.202227000000e-04,-4.198028971029e-07
Offset_RevB_Chip_5_woShield_Gmx_default_OSC_default_Vsup_pm6V_night,1,398,2026-09-03T13:54:53.534171+00:00,2.622970000000e+02,-4.165709000000e-04,-4.161547452547e-07
Offset_RevB_Chip_5_woShield_Gmx_default_OSC_default_Vsup_pm6V_night,1,399,2026-09-03T13:54:54.198171+00:00,2.629610000000e+02,-4.044143000000e-04,-4.040102897103e-07
Offset_RevB_Chip_5_woShield_Gmx_default_OSC_default_Vsup_pm6V_night,1,400,2026-09-03T13:54:54.862171+00:00,2.636250000000e+02,-4.039272000000e-04,-4.035236763237e-07
Offset_RevB_Chip_5_woShield_Gmx_default_OSC_default_Vsup_pm6V_night,1,401,2026-09-03T13:54:55.518671+00:00,2.642815000000e+02,-4.138160000000e-04,-4.134025974026e-07
Offset_RevB_Chip_5_woShield_Gmx_default_OSC_default_Vsup_pm6V_night,1,402,2026-09-03T13:54:56.175171+00:00,2.649380000000e+02,-4.221883000000e-04,-4.217665334665e-07
Offset_RevB_Chip_5_woShield_Gmx_default_OSC_default_Vsup_pm6V_night,1,403,2026-09-03T13:54:56.839171+00:00,2.656020000000e+02,-4.096630000000e-04,-4.092537462537e-07
Offset_RevB_Chip_5_woShield_Gmx_default_OSC_default_Vsup_pm6V_night,1,404,2026-09-03T13:54:57.503171+00:00,2.662660000000e+02,-4.163208000000e-04,-4.159048951049e-07
Offset_RevB_Chip_5_woShield_Gmx_default_OSC_default_Vsup_pm6V_night,1,405,2026-09-03T13:54:58.159171+00:00,2.669220000000e+02,-4.149376000000e-04,-4.145230769231e-07
Offset_RevB_Chip_5_woShield_Gmx_default_OSC_default_Vsup_pm6V_night,1,406,2026-09-03T13:54:58.815671+00:00,2.675785000000e+02,-4.139481000000e-04,-4.135345654346e-07
Offset_RevB_Chip_5_woShield_Gmx_default_OSC_default_Vsup_pm6V_night,1,407,2026-09-03T13:54:59.487171+00:00,2.682500000000e+02,-4.361827000000e-04,-4.357469530470e-07
Offset_RevB_Chip_5_woShield_Gmx_default_OSC_default_Vsup_pm6V_night,1,408,2026-09-03T13:55:00.143671+00:00,2.689065000000e+02,-4.293459000000e-04,-4.289169830170e-07
Offset_RevB_Chip_5_woShield_Gmx_default_OSC_default_Vsup_pm6V_night,1,409,2026-09-03T13:55:00.800171+00:00,2.695630000000e+02,-4.239170000000e-04,-4.234935064935e-07
Offset_RevB_Chip_5_woShield_Gmx_default_OSC_default_Vsup_pm6V_night,1,410,2026-09-03T13:55:01.464171+00:00,2.702270000000e+02,-4.231725000000e-04,-4.227497502498e-07
Offset_RevB_Chip_5_woShield_Gmx_default_OSC_default_Vsup_pm6V_night,1,411,2026-09-03T13:55:02.128171+00:00,2.708910000000e+02,-4.112634000000e-04,-4.108525474525e-07
Offset_RevB_Chip_5_woShield_Gmx_default_OSC_default_Vsup_pm6V_night,1,412,2026-09-03T13:55:02.784171+00:00,2.715470000000e+02,-4.081312000000e-04,-4.077234765235e-07
Offset_RevB_Chip_5_woShield_Gmx_default_OSC_default_Vsup_pm6V_night,1,413,2026-09-03T13:55:03.440671+00:00,2.722035000000e+02,-4.264767000000e-04,-4.260506493506e-07
Offset_RevB_Chip_5_woShield_Gmx_default_OSC_default_Vsup_pm6V_night,1,414,2026-09-03T13:55:04.104671+00:00,2.728675000000e+02,-4.258683000000e-04,-4.254428571429e-07
Offset_RevB_Chip_5_woShield_Gmx_default_OSC_default_Vsup_pm6V_night,1,415,2026-09-03T13:55:04.768671+00:00,2.735315000000e+02,-4.219285000000e-04,-4.215069930070e-07
Offset_RevB_Chip_5_woShield_Gmx_default_OSC_default_Vsup_pm6V_night,1,416,2026-09-03T13:55:05.425171+00:00,2.741880000000e+02,-4.199019000000e-04,-4.194824175824e-07
Offset_RevB_Chip_5_woShield_Gmx_default_OSC_default_Vsup_pm6V_night,1,417,2026-09-03T13:55:06.081171+00:00,2.748440000000e+02,-4.286571000000e-04,-4.282288711289e-07
Offset_RevB_Chip_5_woShield_Gmx_default_OSC_default_Vsup_pm6V_night,1,418,2026-09-03T13:55:06.745171+00:00,2.755080000000e+02,-4.207791000000e-04,-4.203587412587e-07
Offset_RevB_Chip_5_woShield_Gmx_default_OSC_default_Vsup_pm6V_night,1,419,2026-09-03T13:55:07.409171+00:00,2.761720000000e+02,-4.208366000000e-04,-4.204161838162e-07
Offset_RevB_Chip_5_woShield_Gmx_default_OSC_default_Vsup_pm6V_night,1,420,2026-09-03T13:55:08.065671+00:00,2.768285000000e+02,-4.152118000000e-04,-4.147970029970e-07
Offset_RevB_Chip_5_woShield_Gmx_default_OSC_default_Vsup_pm6V_night,1,421,2026-09-03T13:55:08.722171+00:00,2.774850000000e+02,-4.178756000000e-04,-4.174581418581e-07
Offset_RevB_Chip_5_woShield_Gmx_default_OSC_default_Vsup_pm6V_night,1,422,2026-09-03T13:55:09.386171+00:00,2.781490000000e+02,-4.144507000000e-04,-4.140366633367e-07
Offset_RevB_Chip_5_woShield_Gmx_default_OSC_default_Vsup_pm6V_night,1,423,2026-09-03T13:55:10.050171+00:00,2.788130000000e+02,-4.122296000000e-04,-4.118177822178e-07
Offset_RevB_Chip_5_woShield_Gmx_default_OSC_default_Vsup_pm6V_night,1,424,2026-09-03T13:55:10.706171+00:00,2.794690000000e+02,-3.984098000000e-04,-3.980117882118e-07
Offset_RevB_Chip_5_woShield_Gmx_default_OSC_default_Vsup_pm6V_night,1,425,2026-09-03T13:55:11.362171+00:00,2.801250000000e+02,-4.201551000000e-04,-4.197353646354e-07
Offset_RevB_Chip_5_woShield_Gmx_default_OSC_default_Vsup_pm6V_night,1,426,2026-09-03T13:55:12.034171+00:00,2.807970000000e+02,-4.056102000000e-04,-4.052049950050e-07
Offset_RevB_Chip_5_woShield_Gmx_default_OSC_default_Vsup_pm6V_night,1,427,2026-09-03T13:55:12.690671+00:00,2.814535000000e+02,-4.149003000000e-04,-4.144858141858e-07
Offset_RevB_Chip_5_woShield_Gmx_default_OSC_default_Vsup_pm6V_night,1,428,2026-09-03T13:55:13.347171+00:00,2.821100000000e+02,-3.973618000000e-04,-3.969648351648e-07
Offset_RevB_Chip_5_woShield_Gmx_default_OSC_default_Vsup_pm6V_night,1,429,2026-09-03T13:55:14.011171+00:00,2.827740000000e+02,-4.181318000000e-04,-4.177140859141e-07
Offset_RevB_Chip_5_woShield_Gmx_default_OSC_default_Vsup_pm6V_night,1,430,2026-09-03T13:55:14.675171+00:00,2.834380000000e+02,-4.134908000000e-04,-4.130777222777e-07
Offset_RevB_Chip_5_woShield_Gmx_default_OSC_default_Vsup_pm6V_night,1,431,2026-09-03T13:55:15.331171+00:00,2.840940000000e+02,-4.026542000000e-04,-4.022519480519e-07
Offset_RevB_Chip_5_woShield_Gmx_default_OSC_default_Vsup_pm6V_night,1,432,2026-09-03T13:55:15.987171+00:00,2.847500000000e+02,-4.109053000000e-04,-4.104948051948e-07
Offset_RevB_Chip_5_woShield_Gmx_default_OSC_default_Vsup_pm6V_night,1,433,2026-09-03T13:55:16.651171+00:00,2.854140000000e+02,-3.927262000000e-04,-3.923338661339e-07
Offset_RevB_Chip_5_woShield_Gmx_default_OSC_default_Vsup_pm6V_night,1,434,2026-09-03T13:55:17.315671+00:00,2.860785000000e+02,-3.822076000000e-04,-3.818257742258e-07
Offset_RevB_Chip_5_woShield_Gmx_default_OSC_default_Vsup_pm6V_night,1,435,2026-09-03T13:55:17.972171+00:00,2.867350000000e+02,-3.998607000000e-04,-3.994612387612e-07
Offset_RevB_Chip_5_woShield_Gmx_default_OSC_default_Vsup_pm6V_night,1,436,2026-09-03T13:55:18.628171+00:00,2.873910000000e+02,-4.070933000000e-04,-4.066866133866e-07
Offset_RevB_Chip_5_woShield_Gmx_default_OSC_default_Vsup_pm6V_night,1,437,2026-09-03T13:55:19.292171+00:00,2.880550000000e+02,-3.938106000000e-04,-3.934171828172e-07
Offset_RevB_Chip_5_woShield_Gmx_default_OSC_default_Vsup_pm6V_night,1,438,2026-09-03T13:55:19.956171+00:00,2.887190000000e+02,-4.038098000000e-04,-4.034063936064e-07
Offset_RevB_Chip_5_woShield_Gmx_default_OSC_default_Vsup_pm6V_night,1,439,2026-09-03T13:55:20.612171+00:00,2.893750000000e+02,-3.860470000000e-04,-3.856613386613e-07
Offset_RevB_Chip_5_woShield_Gmx_default_OSC_default_Vsup_pm6V_night,1,440,2026-09-03T13:55:21.268671+00:00,2.900315000000e+02,-3.869046000000e-04,-3.865180819181e-07
Offset_RevB_Chip_5_woShield_Gmx_default_OSC_default_Vsup_pm6V_night,1,441,2026-09-03T13:55:21.940671+00:00,2.907035000000e+02,-3.927110000000e-04,-3.923186813187e-07
Offset_RevB_Chip_5_woShield_Gmx_default_OSC_default_Vsup_pm6V_night,1,442,2026-09-03T13:55:22.597171+00:00,2.913600000000e+02,-3.915646000000e-04,-3.911734265734e-07
Offset_RevB_Chip_5_woShield_Gmx_default_OSC_default_Vsup_pm6V_night,1,443,2026-09-03T13:55:23.253171+00:00,2.920160000000e+02,-3.906128000000e-04,-3.902225774226e-07
Offset_RevB_Chip_5_woShield_Gmx_default_OSC_default_Vsup_pm6V_night,1,444,2026-09-03T13:55:23.917171+00:00,2.926800000000e+02,-3.686904000000e-04,-3.683220779221e-07
Offset_RevB_Chip_5_woShield_Gmx_default_OSC_default_Vsup_pm6V_night,1,445,2026-09-03T13:55:24.581171+00:00,2.933440000000e+02,-3.823709000000e-04,-3.819889110889e-07
Offset_RevB_Chip_5_woShield_Gmx_default_OSC_default_Vsup_pm6V_night,1,446,2026-09-03T13:55:25.237171+00:00,2.940000000000e+02,-3.774895000000e-04,-3.771123876124e-07
Offset_RevB_Chip_5_woShield_Gmx_default_OSC_default_Vsup_pm6V_night,1,447,2026-09-03T13:55:25.893671+00:00,2.946565000000e+02,-3.750093000000e-04,-3.746346653347e-07
Offset_RevB_Chip_5_woShield_Gmx_default_OSC_default_Vsup_pm6V_night,1,448,2026-09-03T13:55:26.558171+00:00,2.953210000000e+02,-3.656964000000e-04,-3.653310689311e-07
Offset_RevB_Chip_5_woShield_Gmx_default_OSC_default_Vsup_pm6V_night,1,449,2026-09-03T13:55:27.222171+00:00,2.959850000000e+02,-3.715530000000e-04,-3.711818181818e-07
Offset_RevB_Chip_5_woShield_Gmx_default_OSC_default_Vsup_pm6V_night,1,450,2026-09-03T13:55:27.878171+00:00,2.966410000000e+02,-3.646926000000e-04,-3.643282717283e-07
Offset_RevB_Chip_5_woShield_Gmx_default_OSC_default_Vsup_pm6V_night,1,451,2026-09-03T13:55:28.534171+00:00,2.972970000000e+02,-3.808551000000e-04,-3.804746253746e-07
Offset_RevB_Chip_5_woShield_Gmx_default_OSC_default_Vsup_pm6V_night,1,452,2026-09-03T13:55:29.198171+00:00,2.979610000000e+02,-3.788319000000e-04,-3.784534465534e-07
Offset_RevB_Chip_5_woShield_Gmx_default_OSC_default_Vsup_pm6V_night,1,453,2026-09-03T13:55:29.862171+00:00,2.986250000000e+02,-3.682486000000e-04,-3.678807192807e-07
Offset_RevB_Chip_5_woShield_Gmx_default_OSC_default_Vsup_pm6V_night,1,454,2026-09-03T13:55:30.518671+00:00,2.992815000000e+02,-3.922646000000e-04,-3.918727272727e-07
Offset_RevB_Chip_5_woShield_Gmx_default_OSC_default_Vsup_pm6V_night,1,455,2026-09-03T13:55:31.175171+00:00,2.999380000000e+02,-3.754986000000e-04,-3.751234765235e-07
Offset_RevB_Chip_5_woShield_Gmx_default_OSC_default_Vsup_pm6V_night,1,456,2026-09-03T13:55:31.839171+00:00,3.006020000000e+02,-3.775946000000e-04,-3.772173826174e-07
Offset_RevB_Chip_5_woShield_Gmx_default_OSC_default_Vsup_pm6V_night,1,457,2026-09-03T13:55:32.503171+00:00,3.012660000000e+02,-3.923247000000e-04,-3.919327672328e-07
Offset_RevB_Chip_5_woShield_Gmx_default_OSC_default_Vsup_pm6V_night,1,458,2026-09-03T13:55:33.159171+00:00,3.019220000000e+02,-3.834484000000e-04,-3.830653346653e-07
Offset_RevB_Chip_5_woShield_Gmx_default_OSC_default_Vsup_pm6V_night,1,459,2026-09-03T13:55:33.823171+00:00,3.025860000000e+02,-3.868652000000e-04,-3.864787212787e-07
Offset_RevB_Chip_5_woShield_Gmx_default_OSC_default_Vsup_pm6V_night,1,460,2026-09-03T13:55:34.487171+00:00,3.032500000000e+02,-4.036801000000e-04,-4.032768231768e-07
Offset_RevB_Chip_5_woShield_Gmx_default_OSC_default_Vsup_pm6V_night,1,461,2026-09-03T13:55:35.143671+00:00,3.039065000000e+02,-3.902307000000e-04,-3.898408591409e-07
Offset_RevB_Chip_5_woShield_Gmx_default_OSC_default_Vsup_pm6V_night,1,462,2026-09-03T13:55:35.800171+00:00,3.045630000000e+02,-4.075388000000e-04,-4.071316683317e-07
Offset_RevB_Chip_5_woShield_Gmx_default_OSC_default_Vsup_pm6V_night,1,463,2026-09-03T13:55:36.464171+00:00,3.052270000000e+02,-4.006539000000e-04,-4.002536463536e-07
Offset_RevB_Chip_5_woShield_Gmx_default_OSC_default_Vsup_pm6V_night,1,464,2026-09-03T13:55:37.128171+00:00,3.058910000000e+02,-4.089454000000e-04,-4.085368631369e-07
Offset_RevB_Chip_5_woShield_Gmx_default_OSC_default_Vsup_pm6V_night,1,465,2026-09-03T13:55:37.784171+00:00,3.065470000000e+02,-4.033967000000e-04,-4.029937062937e-07
Offset_RevB_Chip_5_woShield_Gmx_default_OSC_default_Vsup_pm6V_night,1,466,2026-09-03T13:55:38.440671+00:00,3.072035000000e+02,-3.955581000000e-04,-3.951629370629e-07
Offset_RevB_Chip_5_woShield_Gmx_default_OSC_default_Vsup_pm6V_night,1,467,2026-09-03T13:55:39.104671+00:00,3.078675000000e+02,-4.003967000000e-04,-3.999967032967e-07
Offset_RevB_Chip_5_woShield_Gmx_default_OSC_default_Vsup_pm6V_night,1,468,2026-09-03T13:55:39.768671+00:00,3.085315000000e+02,-4.052939000000e-04,-4.048890109890e-07
Offset_RevB_Chip_5_woShield_Gmx_default_OSC_default_Vsup_pm6V_night,1,469,2026-09-03T13:55:40.425171+00:00,3.091880000000e+02,-4.114213000000e-04,-4.110102897103e-07
Offset_RevB_Chip_5_woShield_Gmx_default_OSC_default_Vsup_pm6V_night,1,470,2026-09-03T13:55:41.081171+00:00,3.098440000000e+02,-4.228907000000e-04,-4.224682317682e-07
Offset_RevB_Chip_5_woShield_Gmx_default_OSC_default_Vsup_pm6V_night,1,471,2026-09-03T13:55:41.745171+00:00,3.105080000000e+02,-4.101253000000e-04,-4.097155844156e-07
Offset_RevB_Chip_5_woShield_Gmx_default_OSC_default_Vsup_pm6V_night,1,472,2026-09-03T13:55:42.409171+00:00,3.111720000000e+02,-4.125097000000e-04,-4.120976023976e-07
Offset_RevB_Chip_5_woShield_Gmx_default_OSC_default_Vsup_pm6V_night,1,473,2026-09-03T13:55:43.065671+00:00,3.118285000000e+02,-4.080130000000e-04,-4.076053946054e-07
Offset_RevB_Chip_5_woShield_Gmx_default_OSC_default_Vsup_pm6V_night,1,474,2026-09-03T13:55:43.722171+00:00,3.124850000000e+02,-4.215409000000e-04,-4.211197802198e-07
Offset_RevB_Chip_5_woShield_Gmx_default_OSC_default_Vsup_pm6V_night,1,475,2026-09-03T13:55:44.386171+00:00,3.131490000000e+02,-4.036623000000e-04,-4.032590409590e-07
Offset_RevB_Chip_5_woShield_Gmx_default_OSC_default_Vsup_pm6V_night,1,476,2026-09-03T13:55:45.050171+00:00,3.138130000000e+02,-3.969568000000e-04,-3.965602397602e-07
Offset_RevB_Chip_5_woShield_Gmx_default_OSC_default_Vsup_pm6V_night,1,477,2026-09-03T13:55:45.706171+00:00,3.144690000000e+02,-4.133947000000e-04,-4.129817182817e-07
Offset_RevB_Chip_5_woShield_Gmx_default_OSC_default_Vsup_pm6V_night,1,478,2026-09-03T13:55:46.362171+00:00,3.151250000000e+02,-4.071265000000e-04,-4.067197802198e-07
Offset_RevB_Chip_5_woShield_Gmx_default_OSC_default_Vsup_pm6V_night,1,479,2026-09-03T13:55:47.026171+00:00,3.157890000000e+02,-4.227467000000e-04,-4.223243756244e-07
Offset_RevB_Chip_5_woShield_Gmx_default_OSC_default_Vsup_pm6V_night,1,480,2026-09-03T13:55:47.690671+00:00,3.164535000000e+02,-4.348093000000e-04,-4.343749250749e-07
Offset_RevB_Chip_5_woShield_Gmx_default_OSC_default_Vsup_pm6V_night,1,481,2026-09-03T13:55:48.347171+00:00,3.171100000000e+02,-4.257945000000e-04,-4.253691308691e-07
Offset_RevB_Chip_5_woShield_Gmx_default_OSC_default_Vsup_pm6V_night,1,482,2026-09-03T13:55:49.003171+00:00,3.177660000000e+02,-4.058239000000e-04,-4.054184815185e-07
Offset_RevB_Chip_5_woShield_Gmx_default_OSC_default_Vsup_pm6V_night,1,483,2026-09-03T13:55:49.667171+00:00,3.184300000000e+02,-4.168537000000e-04,-4.164372627373e-07
Offset_RevB_Chip_5_woShield_Gmx_default_OSC_default_Vsup_pm6V_night,1,484,2026-09-03T13:55:50.331171+00:00,3.190940000000e+02,-4.210248000000e-04,-4.206041958042e-07
Offset_RevB_Chip_5_woShield_Gmx_default_OSC_default_Vsup_pm6V_night,1,485,2026-09-03T13:55:50.987171+00:00,3.197500000000e+02,-4.203894000000e-04,-4.199694305694e-07
Offset_RevB_Chip_5_woShield_Gmx_default_OSC_default_Vsup_pm6V_night,1,486,2026-09-03T13:55:51.643671+00:00,3.204065000000e+02,-4.064291000000e-04,-4.060230769231e-07
Offset_RevB_Chip_5_woShield_Gmx_default_OSC_default_Vsup_pm6V_night,1,487,2026-09-03T13:55:52.300171+00:00,3.210630000000e+02,-4.020701000000e-04,-4.016684315684e-07
Offset_RevB_Chip_5_woShield_Gmx_default_OSC_default_Vsup_pm6V_night,1,488,2026-09-03T13:55:52.964171+00:00,3.217270000000e+02,-4.148017000000e-04,-4.143873126873e-07
Offset_RevB_Chip_5_woShield_Gmx_default_OSC_default_Vsup_pm6V_night,1,489,2026-09-03T13:55:53.628171+00:00,3.223910000000e+02,-4.064080000000e-04,-4.060019980020e-07
Offset_RevB_Chip_5_woShield_Gmx_default_OSC_default_Vsup_pm6V_night,1,490,2026-09-03T13:55:54.284171+00:00,3.230470000000e+02,-4.226394000000e-04,-4.222171828172e-07
Offset_RevB_Chip_5_woShield_Gmx_default_OSC_default_Vsup_pm6V_night,1,491,2026-09-03T13:55:54.940671+00:00,3.237035000000e+02,-4.137755000000e-04,-4.133621378621e-07
Offset_RevB_Chip_5_woShield_Gmx_default_OSC_default_Vsup_pm6V_night,1,492,2026-09-03T13:55:55.604671+00:00,3.243675000000e+02,-4.086888000000e-04,-4.082805194805e-07
Offset_RevB_Chip_5_woShield_Gmx_default_OSC_default_Vsup_pm6V_night,1,493,2026-09-03T13:55:56.268671+00:00,3.250315000000e+02,-4.058943000000e-04,-4.054888111888e-07
Offset_RevB_Chip_5_woShield_Gmx_default_OSC_default_Vsup_pm6V_night,1,494,2026-09-03T13:55:56.925171+00:00,3.256880000000e+02,-4.129567000000e-04,-4.125441558442e-07
Offset_RevB_Chip_5_woShield_Gmx_default_OSC_default_Vsup_pm6V_night,1,495,2026-09-03T13:55:57.581171+00:00,3.263440000000e+02,-4.031769000000e-04,-4.027741258741e-07
Offset_RevB_Chip_5_woShield_Gmx_default_OSC_default_Vsup_pm6V_night,1,496,2026-09-03T13:55:58.237171+00:00,3.270000000000e+02,-3.942272000000e-04,-3.938333666334e-07
Offset_RevB_Chip_5_woShield_Gmx_default_OSC_default_Vsup_pm6V_night,1,497,2026-09-03T13:55:58.901171+00:00,3.276640000000e+02,-4.022294000000e-04,-4.018275724276e-07
Offset_RevB_Chip_5_woShield_Gmx_default_OSC_default_Vsup_pm6V_night,1,498,2026-09-03T13:55:59.565671+00:00,3.283285000000e+02,-4.066163000000e-04,-4.062100899101e-07
Offset_RevB_Chip_5_woShield_Gmx_default_OSC_default_Vsup_pm6V_night,1,499,2026-09-03T13:56:00.222171+00:00,3.289850000000e+02,-4.045880000000e-04,-4.041838161838e-07
Offset_RevB_Chip_5_woShield_Gmx_default_OSC_default_Vsup_pm6V_night,1,500,2026-09-03T13:56:00.878171+00:00,3.296410000000e+02,-3.959973000000e-04,-3.956016983017e-07
Offset_RevB_Chip_5_woShield_Gmx_default_OSC_default_Vsup_pm6V_night,1,501,2026-09-03T13:56:01.534171+00:00,3.302970000000e+02,-3.971363000000e-04,-3.967395604396e-07
Offset_RevB_Chip_5_woShield_Gmx_default_OSC_default_Vsup_pm6V_night,1,502,2026-09-03T13:56:02.198171+00:00,3.309610000000e+02,-3.953984000000e-04,-3.950033966034e-07
Offset_RevB_Chip_5_woShield_Gmx_default_OSC_default_Vsup_pm6V_night,1,503,2026-09-03T13:56:02.862171+00:00,3.316250000000e+02,-3.984314000000e-04,-3.980333666334e-07
Offset_RevB_Chip_5_woShield_Gmx_default_OSC_default_Vsup_pm6V_night,1,504,2026-09-03T13:56:03.518671+00:00,3.322815000000e+02,-4.072621000000e-04,-4.068552447552e-07
Offset_RevB_Chip_5_woShield_Gmx_default_OSC_default_Vsup_pm6V_night,1,505,2026-09-03T13:56:04.175171+00:00,3.329380000000e+02,-4.088796000000e-04,-4.084711288711e-07
Offset_RevB_Chip_5_woShield_Gmx_default_OSC_default_Vsup_pm6V_night,1,506,2026-09-03T13:56:04.839171+00:00,3.336020000000e+02,-4.001673000000e-04,-3.997675324675e-07
Offset_RevB_Chip_5_woShield_Gmx_default_OSC_default_Vsup_pm6V_night,1,507,2026-09-03T13:56:05.503171+00:00,3.342660000000e+02,-3.988683000000e-04,-3.984698301698e-07
Offset_RevB_Chip_5_woShield_Gmx_default_OSC_default_Vsup_pm6V_night,1,508,2026-09-03T13:56:06.159171+00:00,3.349220000000e+02,-3.917177000000e-04,-3.913263736264e-07
Offset_RevB_Chip_5_woShield_Gmx_default_OSC_default_Vsup_pm6V_night,1,509,2026-09-03T13:56:06.815671+00:00,3.355785000000e+02,-4.057082000000e-04,-4.053028971029e-07
Offset_RevB_Chip_5_woShield_Gmx_default_OSC_default_Vsup_pm6V_night,1,510,2026-09-03T13:56:07.472171+00:00,3.362350000000e+02,-4.027659000000e-04,-4.023635364635e-07
Offset_RevB_Chip_5_woShield_Gmx_default_OSC_default_Vsup_pm6V_night,1,511,2026-09-03T13:56:08.136171+00:00,3.368990000000e+02,-3.875793000000e-04,-3.871921078921e-07
Offset_RevB_Chip_5_woShield_Gmx_default_OSC_default_Vsup_pm6V_night,1,512,2026-09-03T13:56:08.800171+00:00,3.375630000000e+02,-3.927219000000e-04,-3.923295704296e-07
Offset_RevB_Chip_5_woShield_Gmx_default_OSC_default_Vsup_pm6V_night,1,513,2026-09-03T13:56:09.456171+00:00,3.382190000000e+02,-3.869143000000e-04,-3.865277722278e-07
Offset_RevB_Chip_5_woShield_Gmx_default_OSC_default_Vsup_pm6V_night,1,514,2026-09-03T13:56:10.112171+00:00,3.388750000000e+02,-3.979851000000e-04,-3.975875124875e-07
Offset_RevB_Chip_5_woShield_Gmx_default_OSC_default_Vsup_pm6V_night,1,515,2026-09-03T13:56:10.768671+00:00,3.395315000000e+02,-3.745758000000e-04,-3.742015984016e-07
Offset_RevB_Chip_5_woShield_Gmx_default_OSC_default_Vsup_pm6V_night,1,516,2026-09-03T13:56:11.433171+00:00,3.401960000000e+02,-3.793563000000e-04,-3.789773226773e-07
Offset_RevB_Chip_5_woShield_Gmx_default_OSC_default_Vsup_pm6V_night,1,517,2026-09-03T13:56:12.097171+00:00,3.408600000000e+02,-3.731493000000e-04,-3.727765234765e-07
Offset_RevB_Chip_5_woShield_Gmx_default_OSC_default_Vsup_pm6V_night,1,518,2026-09-03T13:56:12.753171+00:00,3.415160000000e+02,-3.740883000000e-04,-3.737145854146e-07
Offset_RevB_Chip_5_woShield_Gmx_default_OSC_default_Vsup_pm6V_night,1,519,2026-09-03T13:56:13.409171+00:00,3.421720000000e+02,-3.760666000000e-04,-3.756909090909e-07
Offset_RevB_Chip_5_woShield_Gmx_default_OSC_default_Vsup_pm6V_night,1,520,2026-09-03T13:56:14.065671+00:00,3.428285000000e+02,-3.761624000000e-04,-3.757866133866e-07
Offset_RevB_Chip_5_woShield_Gmx_default_OSC_default_Vsup_pm6V_night,1,521,2026-09-03T13:56:14.737171+00:00,3.435000000000e+02,-3.750188000000e-04,-3.746441558442e-07
Offset_RevB_Chip_5_woShield_Gmx_default_OSC_default_Vsup_pm6V_night,1,522,2026-09-03T13:56:15.393671+00:00,3.441565000000e+02,-3.618992000000e-04,-3.615376623377e-07
Offset_RevB_Chip_5_woShield_Gmx_default_OSC_default_Vsup_pm6V_night,1,523,2026-09-03T13:56:16.050171+00:00,3.448130000000e+02,-3.896467000000e-04,-3.892574425574e-07
Offset_RevB_Chip_5_woShield_Gmx_default_OSC_default_Vsup_pm6V_night,1,524,2026-09-03T13:56:16.706171+00:00,3.454690000000e+02,-3.576580000000e-04,-3.573006993007e-07
Offset_RevB_Chip_5_woShield_Gmx_default_OSC_default_Vsup_pm6V_night,1,525,2026-09-03T13:56:17.370171+00:00,3.461330000000e+02,-3.854658000000e-04,-3.850807192807e-07
Offset_RevB_Chip_5_woShield_Gmx_default_OSC_default_Vsup_pm6V_night,1,526,2026-09-03T13:56:18.034171+00:00,3.467970000000e+02,-3.838548000000e-04,-3.834713286713e-07
Offset_RevB_Chip_5_woShield_Gmx_default_OSC_default_Vsup_pm6V_night,1,527,2026-09-03T13:56:18.690671+00:00,3.474535000000e+02,-3.472306000000e-04,-3.468837162837e-07
Offset_RevB_Chip_5_woShield_Gmx_default_OSC_default_Vsup_pm6V_night,1,528,2026-09-03T13:56:19.347171+00:00,3.481100000000e+02,-3.657559000000e-04,-3.653905094905e-07
Offset_RevB_Chip_5_woShield_Gmx_default_OSC_default_Vsup_pm6V_night,1,529,2026-09-03T13:56:20.011171+00:00,3.487740000000e+02,-3.244108000000e-04,-3.240867132867e-07
Offset_RevB_Chip_5_woShield_Gmx_default_OSC_default_Vsup_pm6V_night,1,530,2026-09-03T13:56:20.675171+00:00,3.494380000000e+02,-3.696043000000e-04,-3.692350649351e-07
Offset_RevB_Chip_5_woShield_Gmx_default_OSC_default_Vsup_pm6V_night,1,531,2026-09-03T13:56:21.331171+00:00,3.500940000000e+02,-3.424946000000e-04,-3.421524475524e-07
Offset_RevB_Chip_5_woShield_Gmx_default_OSC_default_Vsup_pm6V_night,1,532,2026-09-03T13:56:21.987171+00:00,3.507500000000e+02,-3.675207000000e-04,-3.671535464535e-07
Offset_RevB_Chip_5_woShield_Gmx_default_OSC_default_Vsup_pm6V_night,1,533,2026-09-03T13:56:22.643671+00:00,3.514065000000e+02,-3.718345000000e-04,-3.714630369630e-07
Offset_RevB_Chip_5_woShield_Gmx_default_OSC_default_Vsup_pm6V_night,1,534,2026-09-03T13:56:23.308171+00:00,3.520710000000e+02,-3.655753000000e-04,-3.652100899101e-07
Offset_RevB_Chip_5_woShield_Gmx_default_OSC_default_Vsup_pm6V_night,1,535,2026-09-03T13:56:23.972171+00:00,3.527350000000e+02,-3.767942000000e-04,-3.764177822178e-07
Offset_RevB_Chip_5_woShield_Gmx_default_OSC_default_Vsup_pm6V_night,1,536,2026-09-03T13:56:24.628171+00:00,3.533910000000e+02,-3.609245000000e-04,-3.605639360639e-07
Offset_RevB_Chip_5_woShield_Gmx_default_OSC_default_Vsup_pm6V_night,1,537,2026-09-03T13:56:25.284171+00:00,3.540470000000e+02,-3.563119000000e-04,-3.559559440559e-07
Offset_RevB_Chip_5_woShield_Gmx_default_OSC_default_Vsup_pm6V_night,1,538,2026-09-03T13:56:25.948171+00:00,3.547110000000e+02,-3.668644000000e-04,-3.664979020979e-07
Offset_RevB_Chip_5_woShield_Gmx_default_OSC_default_Vsup_pm6V_night,1,539,2026-09-03T13:56:26.612171+00:00,3.553750000000e+02,-3.725418000000e-04,-3.721696303696e-07
Offset_RevB_Chip_5_woShield_Gmx_default_OSC_default_Vsup_pm6V_night,1,540,2026-09-03T13:56:27.268671+00:00,3.560315000000e+02,-3.651258000000e-04,-3.647610389610e-07
Offset_RevB_Chip_5_woShield_Gmx_default_OSC_default_Vsup_pm6V_night,1,541,2026-09-03T13:56:27.925171+00:00,3.566880000000e+02,-3.749605000000e-04,-3.745859140859e-07
Offset_RevB_Chip_5_woShield_Gmx_default_OSC_default_Vsup_pm6V_night,1,542,2026-09-03T13:56:28.589171+00:00,3.573520000000e+02,-3.581651000000e-04,-3.578072927073e-07
Offset_RevB_Chip_5_woShield_Gmx_default_OSC_default_Vsup_pm6V_night,1,543,2026-09-03T13:56:29.253171+00:00,3.580160000000e+02,-3.577343000000e-04,-3.573769230769e-07
Offset_RevB_Chip_5_woShield_Gmx_default_OSC_default_Vsup_pm6V_night,1,544,2026-09-03T13:56:29.909171+00:00,3.586720000000e+02,-3.677647000000e-04,-3.673973026973e-07
Offset_RevB_Chip_5_woShield_Gmx_default_OSC_default_Vsup_pm6V_night,1,545,2026-09-03T13:56:30.573171+00:00,3.593360000000e+02,-3.659586000000e-04,-3.655930069930e-07
Offset_RevB_Chip_5_woShield_Gmx_default_OSC_default_Vsup_pm6V_night,1,546,2026-09-03T13:56:31.237171+00:00,3.600000000000e+02,-3.620111000000e-04,-3.616494505495e-07
Offset_RevB_Chip_5_woShield_Gmx_default_OSC_default_Vsup_pm6V_night,1,547,2026-09-03T13:56:31.893671+00:00,3.606565000000e+02,-3.770279000000e-04,-3.766512487512e-07
Offset_RevB_Chip_5_woShield_Gmx_default_OSC_default_Vsup_pm6V_night,1,548,2026-09-03T13:56:32.550171+00:00,3.613130000000e+02,-3.732615000000e-04,-3.728886113886e-07
Offset_RevB_Chip_5_woShield_Gmx_default_OSC_default_Vsup_pm6V_night,1,549,2026-09-03T13:56:33.214171+00:00,3.619770000000e+02,-3.670722000000e-04,-3.667054945055e-07
Offset_RevB_Chip_5_woShield_Gmx_default_OSC_default_Vsup_pm6V_night,1,550,2026-09-03T13:56:33.878171+00:00,3.626410000000e+02,-3.725568000000e-04,-3.721846153846e-07
Offset_RevB_Chip_5_woShield_Gmx_default_OSC_default_Vsup_pm6V_night,1,551,2026-09-03T13:56:34.534171+00:00,3.632970000000e+02,-3.563234000000e-04,-3.559674325674e-07
Offset_RevB_Chip_5_woShield_Gmx_default_OSC_default_Vsup_pm6V_night,1,552,2026-09-03T13:56:35.190671+00:00,3.639535000000e+02,-3.711745000000e-04,-3.708036963037e-07
Offset_RevB_Chip_5_woShield_Gmx_default_OSC_default_Vsup_pm6V_night,1,553,2026-09-03T13:56:35.854671+00:00,3.646175000000e+02,-3.666173000000e-04,-3.662510489510e-07
Offset_RevB_Chip_5_woShield_Gmx_default_OSC_default_Vsup_pm6V_night,1,554,2026-09-03T13:56:36.526171+00:00,3.652890000000e+02,-3.422041000000e-04,-3.418622377622e-07
Offset_RevB_Chip_5_woShield_Gmx_default_OSC_default_Vsup_pm6V_night,1,555,2026-09-03T13:56:37.198671+00:00,3.659615000000e+02,-3.645198000000e-04,-3.641556443556e-07
Offset_RevB_Chip_5_woShield_Gmx_default_OSC_default_Vsup_pm6V_night,1,556,2026-09-03T13:56:37.854671+00:00,3.666175000000e+02,-3.543042000000e-04,-3.539502497502e-07
Offset_RevB_Chip_5_woShield_Gmx_default_OSC_default_Vsup_pm6V_night,1,557,2026-09-03T13:56:38.518671+00:00,3.672815000000e+02,-3.502723000000e-04,-3.499223776224e-07
Offset_RevB_Chip_5_woShield_Gmx_default_OSC_default_Vsup_pm6V_night,1,558,2026-09-03T13:56:39.175171+00:00,3.679380000000e+02,-3.625763000000e-04,-3.622140859141e-07
Offset_RevB_Chip_5_woShield_Gmx_default_OSC_default_Vsup_pm6V_night,1,559,2026-09-03T13:56:39.839171+00:00,3.686020000000e+02,-3.413364000000e-04,-3.409954045954e-07
Offset_RevB_Chip_5_woShield_Gmx_default_OSC_default_Vsup_pm6V_night,1,560,2026-09-03T13:56:40.503171+00:00,3.692660000000e+02,-3.734532000000e-04,-3.730801198801e-07
Offset_RevB_Chip_5_woShield_Gmx_default_OSC_default_Vsup_pm6V_night,1,561,2026-09-03T13:56:41.159171+00:00,3.699220000000e+02,-3.577700000000e-04,-3.574125874126e-07
Offset_RevB_Chip_5_woShield_Gmx_default_OSC_default_Vsup_pm6V_night,1,562,2026-09-03T13:56:41.815671+00:00,3.705785000000e+02,-3.615262000000e-04,-3.611650349650e-07
Offset_RevB_Chip_5_woShield_Gmx_default_OSC_default_Vsup_pm6V_night,1,563,2026-09-03T13:56:42.479671+00:00,3.712425000000e+02,-3.503562000000e-04,-3.500061938062e-07
Offset_RevB_Chip_5_woShield_Gmx_default_OSC_default_Vsup_pm6V_night,1,564,2026-09-03T13:56:43.143671+00:00,3.719065000000e+02,-3.495756000000e-04,-3.492263736264e-07
Offset_RevB_Chip_5_woShield_Gmx_default_OSC_default_Vsup_pm6V_night,1,565,2026-09-03T13:56:43.800171+00:00,3.725630000000e+02,-3.497640000000e-04,-3.494145854146e-07
Offset_RevB_Chip_5_woShield_Gmx_default_OSC_default_Vsup_pm6V_night,1,566,2026-09-03T13:56:44.456171+00:00,3.732190000000e+02,-3.412789000000e-04,-3.409379620380e-07
Offset_RevB_Chip_5_woShield_Gmx_default_OSC_default_Vsup_pm6V_night,1,567,2026-09-03T13:56:45.120171+00:00,3.738830000000e+02,-3.392193000000e-04,-3.388804195804e-07
Offset_RevB_Chip_5_woShield_Gmx_default_OSC_default_Vsup_pm6V_night,1,568,2026-09-03T13:56:45.784171+00:00,3.745470000000e+02,-3.403711000000e-04,-3.400310689311e-07
Offset_RevB_Chip_5_woShield_Gmx_default_OSC_default_Vsup_pm6V_night,1,569,2026-09-03T13:56:46.440671+00:00,3.752035000000e+02,-3.381252000000e-04,-3.377874125874e-07
Offset_RevB_Chip_5_woShield_Gmx_default_OSC_default_Vsup_pm6V_night,1,570,2026-09-03T13:56:47.097171+00:00,3.758600000000e+02,-3.618727000000e-04,-3.615111888112e-07
Offset_RevB_Chip_5_woShield_Gmx_default_OSC_default_Vsup_pm6V_night,1,571,2026-09-03T13:56:47.761171+00:00,3.765240000000e+02,-3.420778000000e-04,-3.417360639361e-07
Offset_RevB_Chip_5_woShield_Gmx_default_OSC_default_Vsup_pm6V_night,1,572,2026-09-03T13:56:48.425171+00:00,3.771880000000e+02,-3.641046000000e-04,-3.637408591409e-07
Offset_RevB_Chip_5_woShield_Gmx_default_OSC_default_Vsup_pm6V_night,1,573,2026-09-03T13:56:49.081171+00:00,3.778440000000e+02,-3.208000000000e-04,-3.204795204795e-07
Offset_RevB_Chip_5_woShield_Gmx_default_OSC_default_Vsup_pm6V_night,1,574,2026-09-03T13:56:49.737171+00:00,3.785000000000e+02,-3.352593000000e-04,-3.349243756244e-07
Offset_RevB_Chip_5_woShield_Gmx_default_OSC_default_Vsup_pm6V_night,1,575,2026-09-03T13:56:50.401171+00:00,3.791640000000e+02,-3.362876000000e-04,-3.359516483516e-07
Offset_RevB_Chip_5_woShield_Gmx_default_OSC_default_Vsup_pm6V_night,1,576,2026-09-03T13:56:51.065671+00:00,3.798285000000e+02,-3.256092000000e-04,-3.252839160839e-07
Offset_RevB_Chip_5_woShield_Gmx_default_OSC_default_Vsup_pm6V_night,1,577,2026-09-03T13:56:51.722171+00:00,3.804850000000e+02,-3.216875000000e-04,-3.213661338661e-07
Offset_RevB_Chip_5_woShield_Gmx_default_OSC_default_Vsup_pm6V_night,1,578,2026-09-03T13:56:52.378171+00:00,3.811410000000e+02,-3.351474000000e-04,-3.348125874126e-07
Offset_RevB_Chip_5_woShield_Gmx_default_OSC_default_Vsup_pm6V_night,1,579,2026-09-03T13:56:53.042171+00:00,3.818050000000e+02,-3.161716000000e-04,-3.158557442557e-07
Offset_RevB_Chip_5_woShield_Gmx_default_OSC_default_Vsup_pm6V_night,1,580,2026-09-03T13:56:53.706171+00:00,3.824690000000e+02,-3.145625000000e-04,-3.142482517483e-07
Offset_RevB_Chip_5_woShield_Gmx_default_OSC_default_Vsup_pm6V_night,1,581,2026-09-03T13:56:54.362171+00:00,3.831250000000e+02,-3.334718000000e-04,-3.331386613387e-07
Offset_RevB_Chip_5_woShield_Gmx_default_OSC_default_Vsup_pm6V_night,1,582,2026-09-03T13:56:55.018671+00:00,3.837815000000e+02,-3.244840000000e-04,-3.241598401598e-07
Offset_RevB_Chip_5_woShield_Gmx_default_OSC_default_Vsup_pm6V_night,1,583,2026-09-03T13:56:55.683171+00:00,3.844460000000e+02,-3.237064000000e-04,-3.233830169830e-07
Offset_RevB_Chip_5_woShield_Gmx_default_OSC_default_Vsup_pm6V_night,1,584,2026-09-03T13:56:56.347171+00:00,3.851100000000e+02,-3.371165000000e-04,-3.367797202797e-07
Offset_RevB_Chip_5_woShield_Gmx_default_OSC_default_Vsup_pm6V_night,1,585,2026-09-03T13:56:57.003171+00:00,3.857660000000e+02,-3.254652000000e-04,-3.251400599401e-07
Offset_RevB_Chip_5_woShield_Gmx_default_OSC_default_Vsup_pm6V_night,1,586,2026-09-03T13:56:57.659171+00:00,3.864220000000e+02,-3.294632000000e-04,-3.291340659341e-07
Offset_RevB_Chip_5_woShield_Gmx_default_OSC_default_Vsup_pm6V_night,1,587,2026-09-03T13:56:58.323171+00:00,3.870860000000e+02,-3.229998000000e-04,-3.226771228771e-07
Offset_RevB_Chip_5_woShield_Gmx_default_OSC_default_Vsup_pm6V_night,1,588,2026-09-03T13:56:58.987171+00:00,3.877500000000e+02,-3.163205000000e-04,-3.160044955045e-07
Offset_RevB_Chip_5_woShield_Gmx_default_OSC_default_Vsup_pm6V_night,1,589,2026-09-03T13:56:59.643671+00:00,3.884065000000e+02,-2.885526000000e-04,-2.882643356643e-07
Offset_RevB_Chip_5_woShield_Gmx_default_OSC_default_Vsup_pm6V_night,1,590,2026-09-03T13:57:00.300171+00:00,3.890630000000e+02,-2.982493000000e-04,-2.979513486513e-07
Offset_RevB_Chip_5_woShield_Gmx_default_OSC_default_Vsup_pm6V_night,1,591,2026-09-03T13:57:00.964171+00:00,3.897270000000e+02,-3.134136000000e-04,-3.131004995005e-07
Offset_RevB_Chip_5_woShield_Gmx_default_OSC_default_Vsup_pm6V_night,1,592,2026-09-03T13:57:01.628171+00:00,3.903910000000e+02,-3.079259000000e-04,-3.076182817183e-07
Offset_RevB_Chip_5_woShield_Gmx_default_OSC_default_Vsup_pm6V_night,1,593,2026-09-03T13:57:02.284171+00:00,3.910470000000e+02,-3.147155000000e-04,-3.144010989011e-07
Offset_RevB_Chip_5_woShield_Gmx_default_OSC_default_Vsup_pm6V_night,1,594,2026-09-03T13:57:02.940671+00:00,3.917035000000e+02,-3.119172000000e-04,-3.116055944056e-07
Offset_RevB_Chip_5_woShield_Gmx_default_OSC_default_Vsup_pm6V_night,1,595,2026-09-03T13:57:03.604671+00:00,3.923675000000e+02,-3.098733000000e-04,-3.095637362637e-07
Offset_RevB_Chip_5_woShield_Gmx_default_OSC_default_Vsup_pm6V_night,1,596,2026-09-03T13:57:04.268671+00:00,3.930315000000e+02,-3.168123000000e-04,-3.164958041958e-07
Offset_RevB_Chip_5_woShield_Gmx_default_OSC_default_Vsup_pm6V_night,1,597,2026-09-03T13:57:04.925171+00:00,3.936880000000e+02,-3.194769000000e-04,-3.191577422577e-07
Offset_RevB_Chip_5_woShield_Gmx_default_OSC_default_Vsup_pm6V_night,1,598,2026-09-03T13:57:05.581171+00:00,3.943440000000e+02,-3.046443000000e-04,-3.043399600400e-07
Offset_RevB_Chip_5_woShield_Gmx_default_OSC_default_Vsup_pm6V_night,1,599,2026-09-03T13:57:06.245171+00:00,3.950080000000e+02,-2.961757000000e-04,-2.958798201798e-07
Offset_RevB_Chip_5_woShield_Gmx_default_OSC_default_Vsup_pm6V_night,1,600,2026-09-03T13:57:06.909171+00:00,3.956720000000e+02,-3.017788000000e-04,-3.014773226773e-07
Offset_RevB_Chip_5_woShield_Gmx_default_OSC_default_Vsup_pm6V_night,1,601,2026-09-03T13:57:07.565671+00:00,3.963285000000e+02,-3.012678000000e-04,-3.009668331668e-07
Offset_RevB_Chip_5_woShield_Gmx_default_OSC_default_Vsup_pm6V_night,1,602,2026-09-03T13:57:08.222171+00:00,3.969850000000e+02,-3.037433000000e-04,-3.034398601399e-07
Offset_RevB_Chip_5_woShield_Gmx_default_OSC_default_Vsup_pm6V_night,1,603,2026-09-03T13:57:08.886171+00:00,3.976490000000e+02,-3.053003000000e-04,-3.049953046953e-07
Offset_RevB_Chip_5_woShield_Gmx_default_OSC_default_Vsup_pm6V_night,1,604,2026-09-03T13:57:09.550171+00:00,3.983130000000e+02,-3.000276000000e-04,-2.997278721279e-07
Offset_RevB_Chip_5_woShield_Gmx_default_OSC_default_Vsup_pm6V_night,1,605,2026-09-03T13:57:10.206171+00:00,3.989690000000e+02,-2.707258000000e-04,-2.704553446553e-07
Offset_RevB_Chip_5_woShield_Gmx_default_OSC_default_Vsup_pm6V_night,1,606,2026-09-03T13:57:10.862171+00:00,3.996250000000e+02,-3.041764000000e-04,-3.038725274725e-07
Offset_RevB_Chip_5_woShield_Gmx_default_OSC_default_Vsup_pm6V_night,1,607,2026-09-03T13:57:11.518671+00:00,4.002815000000e+02,-2.992823000000e-04,-2.989833166833e-07
Offset_RevB_Chip_5_woShield_Gmx_default_OSC_default_Vsup_pm6V_night,1,608,2026-09-03T13:57:12.183171+00:00,4.009460000000e+02,-2.929813000000e-04,-2.926886113886e-07
Offset_RevB_Chip_5_woShield_Gmx_default_OSC_default_Vsup_pm6V_night,1,609,2026-09-03T13:57:12.847171+00:00,4.016100000000e+02,-2.915484000000e-04,-2.912571428571e-07
Offset_RevB_Chip_5_woShield_Gmx_default_OSC_default_Vsup_pm6V_night,1,610,2026-09-03T13:57:13.503171+00:00,4.022660000000e+02,-2.990786000000e-04,-2.987798201798e-07
Offset_RevB_Chip_5_woShield_Gmx_default_OSC_default_Vsup_pm6V_night,1,611,2026-09-03T13:57:14.159171+00:00,4.029220000000e+02,-2.934640000000e-04,-2.931708291708e-07
Offset_RevB_Chip_5_woShield_Gmx_default_OSC_default_Vsup_pm6V_night,1,612,2026-09-03T13:57:14.823171+00:00,4.035860000000e+02,-2.977692000000e-04,-2.974717282717e-07
Offset_RevB_Chip_5_woShield_Gmx_default_OSC_default_Vsup_pm6V_night,1,613,2026-09-03T13:57:15.487171+00:00,4.042500000000e+02,-2.953301000000e-04,-2.950350649351e-07
Offset_RevB_Chip_5_woShield_Gmx_default_OSC_default_Vsup_pm6V_night,1,614,2026-09-03T13:57:16.143671+00:00,4.049065000000e+02,-3.029955000000e-04,-3.026928071928e-07
Offset_RevB_Chip_5_woShield_Gmx_default_OSC_default_Vsup_pm6V_night,1,615,2026-09-03T13:57:16.800171+00:00,4.055630000000e+02,-2.897965000000e-04,-2.895069930070e-07
Offset_RevB_Chip_5_woShield_Gmx_default_OSC_default_Vsup_pm6V_night,1,616,2026-09-03T13:57:17.456171+00:00,4.062190000000e+02,-2.852671000000e-04,-2.849821178821e-07
Offset_RevB_Chip_5_woShield_Gmx_default_OSC_default_Vsup_pm6V_night,1,617,2026-09-03T13:57:18.128171+00:00,4.068910000000e+02,-2.688280000000e-04,-2.685594405594e-07
Offset_RevB_Chip_5_woShield_Gmx_default_OSC_default_Vsup_pm6V_night,1,618,2026-09-03T13:57:18.784171+00:00,4.075470000000e+02,-3.172860000000e-04,-3.169690309690e-07
Offset_RevB_Chip_5_woShield_Gmx_default_OSC_default_Vsup_pm6V_night,1,619,2026-09-03T13:57:19.440671+00:00,4.082035000000e+02,-3.175658000000e-04,-3.172485514486e-07
Offset_RevB_Chip_5_woShield_Gmx_default_OSC_default_Vsup_pm6V_night,1,620,2026-09-03T13:57:20.097171+00:00,4.088600000000e+02,-3.131997000000e-04,-3.128868131868e-07
Offset_RevB_Chip_5_woShield_Gmx_default_OSC_default_Vsup_pm6V_night,1,621,2026-09-03T13:57:20.761171+00:00,4.095240000000e+02,-2.878140000000e-04,-2.875264735265e-07
Offset_RevB_Chip_5_woShield_Gmx_default_OSC_default_Vsup_pm6V_night,1,622,2026-09-03T13:57:21.425171+00:00,4.101880000000e+02,-2.917330000000e-04,-2.914415584416e-07
Offset_RevB_Chip_5_woShield_Gmx_default_OSC_default_Vsup_pm6V_night,1,623,2026-09-03T13:57:22.081171+00:00,4.108440000000e+02,-2.963256000000e-04,-2.960295704296e-07
Offset_RevB_Chip_5_woShield_Gmx_default_OSC_default_Vsup_pm6V_night,1,624,2026-09-03T13:57:22.737171+00:00,4.115000000000e+02,-2.906823000000e-04,-2.903919080919e-07
Offset_RevB_Chip_5_woShield_Gmx_default_OSC_default_Vsup_pm6V_night,1,625,2026-09-03T13:57:23.393671+00:00,4.121565000000e+02,-2.925805000000e-04,-2.922882117882e-07
Offset_RevB_Chip_5_woShield_Gmx_default_OSC_default_Vsup_pm6V_night,1,626,2026-09-03T13:57:24.058171+00:00,4.128210000000e+02,-2.868840000000e-04,-2.865974025974e-07
Offset_RevB_Chip_5_woShield_Gmx_default_OSC_default_Vsup_pm6V_night,1,627,2026-09-03T13:57:24.722171+00:00,4.134850000000e+02,-2.634566000000e-04,-2.631934065934e-07
Offset_RevB_Chip_5_woShield_Gmx_default_OSC_default_Vsup_pm6V_night,1,628,2026-09-03T13:57:25.378171+00:00,4.141410000000e+02,-2.672378000000e-04,-2.669708291708e-07
Offset_RevB_Chip_5_woShield_Gmx_default_OSC_default_Vsup_pm6V_night,1,629,2026-09-03T13:57:26.034171+00:00,4.147970000000e+02,-3.010059000000e-04,-3.007051948052e-07
Offset_RevB_Chip_5_woShield_Gmx_default_OSC_default_Vsup_pm6V_night,1,630,2026-09-03T13:57:26.690671+00:00,4.154535000000e+02,-3.046411000000e-04,-3.043367632368e-07
Offset_RevB_Chip_5_woShield_Gmx_default_OSC_default_Vsup_pm6V_night,1,631,2026-09-03T13:57:27.354671+00:00,4.161175000000e+02,-2.870513000000e-04,-2.867645354645e-07
Offset_RevB_Chip_5_woShield_Gmx_default_OSC_default_Vsup_pm6V_night,1,632,2026-09-03T13:57:28.018671+00:00,4.167815000000e+02,-2.785793000000e-04,-2.783009990010e-07
Offset_RevB_Chip_5_woShield_Gmx_default_OSC_default_Vsup_pm6V_night,1,633,2026-09-03T13:57:28.675171+00:00,4.174380000000e+02,-2.905021000000e-04,-2.902118881119e-07
Offset_RevB_Chip_5_woShield_Gmx_default_OSC_default_Vsup_pm6V_night,1,634,2026-09-03T13:57:29.331171+00:00,4.180940000000e+02,-2.903099000000e-04,-2.900198801199e-07
Offset_RevB_Chip_5_woShield_Gmx_default_OSC_default_Vsup_pm6V_night,1,635,2026-09-03T13:57:29.987171+00:00,4.187500000000e+02,-2.706219000000e-04,-2.703515484515e-07
Offset_RevB_Chip_5_woShield_Gmx_default_OSC_default_Vsup_pm6V_night,1,636,2026-09-03T13:57:30.651171+00:00,4.194140000000e+02,-2.724397000000e-04,-2.721675324675e-07
Offset_RevB_Chip_5_woShield_Gmx_default_OSC_default_Vsup_pm6V_night,1,637,2026-09-03T13:57:31.315671+00:00,4.200785000000e+02,-2.637441000000e-04,-2.634806193806e-07
Offset_RevB_Chip_5_woShield_Gmx_default_OSC_default_Vsup_pm6V_night,1,638,2026-09-03T13:57:31.972171+00:00,4.207350000000e+02,-2.657015000000e-04,-2.654360639361e-07
Offset_RevB_Chip_5_woShield_Gmx_default_OSC_default_Vsup_pm6V_night,1,639,2026-09-03T13:57:32.628171+00:00,4.213910000000e+02,-2.747096000000e-04,-2.744351648352e-07
Offset_RevB_Chip_5_woShield_Gmx_default_OSC_default_Vsup_pm6V_night,1,640,2026-09-03T13:57:33.292171+00:00,4.220550000000e+02,-2.626662000000e-04,-2.624037962038e-07
Offset_RevB_Chip_5_woShield_Gmx_default_OSC_default_Vsup_pm6V_night,1,641,2026-09-03T13:57:33.956171+00:00,4.227190000000e+02,-2.922203000000e-04,-2.919283716284e-07
Offset_RevB_Chip_5_woShield_Gmx_default_OSC_default_Vsup_pm6V_night,1,642,2026-09-03T13:57:34.612171+00:00,4.233750000000e+02,-2.937321000000e-04,-2.934386613387e-07
Offset_RevB_Chip_5_woShield_Gmx_default_OSC_default_Vsup_pm6V_night,1,643,2026-09-03T13:57:35.268671+00:00,4.240315000000e+02,-2.663925000000e-04,-2.661263736264e-07
Offset_RevB_Chip_5_woShield_Gmx_default_OSC_default_Vsup_pm6V_night,1,644,2026-09-03T13:57:35.925171+00:00,4.246880000000e+02,-2.424723000000e-04,-2.422300699301e-07
Offset_RevB_Chip_5_woShield_Gmx_default_OSC_default_Vsup_pm6V_night,1,645,2026-09-03T13:57:36.589171+00:00,4.253520000000e+02,-2.535349000000e-04,-2.532816183816e-07
Offset_RevB_Chip_5_woShield_Gmx_default_OSC_default_Vsup_pm6V_night,1,646,2026-09-03T13:57:37.253171+00:00,4.260160000000e+02,-2.314392000000e-04,-2.312079920080e-07
Offset_RevB_Chip_5_woShield_Gmx_default_OSC_default_Vsup_pm6V_night,1,647,2026-09-03T13:57:37.909171+00:00,4.266720000000e+02,-2.401278000000e-04,-2.398879120879e-07
Offset_RevB_Chip_5_woShield_Gmx_default_OSC_default_Vsup_pm6V_night,1,648,2026-09-03T13:57:38.565671+00:00,4.273285000000e+02,-2.556866000000e-04,-2.554311688312e-07
Offset_RevB_Chip_5_woShield_Gmx_default_OSC_default_Vsup_pm6V_night,1,649,2026-09-03T13:57:39.222171+00:00,4.279850000000e+02,-2.519243000000e-04,-2.516726273726e-07
Offset_RevB_Chip_5_woShield_Gmx_default_OSC_default_Vsup_pm6V_night,1,650,2026-09-03T13:57:39.893671+00:00,4.286565000000e+02,-2.456843000000e-04,-2.454388611389e-07
Offset_RevB_Chip_5_woShield_Gmx_default_OSC_default_Vsup_pm6V_night,1,651,2026-09-03T13:57:40.550171+00:00,4.293130000000e+02,-2.673658000000e-04,-2.670987012987e-07
Offset_RevB_Chip_5_woShield_Gmx_default_OSC_default_Vsup_pm6V_night,1,652,2026-09-03T13:57:41.206171+00:00,4.299690000000e+02,-2.342593000000e-04,-2.340252747253e-07
Offset_RevB_Chip_5_woShield_Gmx_default_OSC_default_Vsup_pm6V_night,1,653,2026-09-03T13:57:41.862171+00:00,4.306250000000e+02,-2.037219000000e-04,-2.035183816184e-07
Offset_RevB_Chip_5_woShield_Gmx_default_OSC_default_Vsup_pm6V_night,1,654,2026-09-03T13:57:42.526171+00:00,4.312890000000e+02,-2.200218000000e-04,-2.198019980020e-07
Offset_RevB_Chip_5_woShield_Gmx_default_OSC_default_Vsup_pm6V_night,1,655,2026-09-03T13:57:43.190671+00:00,4.319535000000e+02,-2.062641000000e-04,-2.060580419580e-07
Offset_RevB_Chip_5_woShield_Gmx_default_OSC_default_Vsup_pm6V_night,1,656,2026-09-03T13:57:43.847171+00:00,4.326100000000e+02,-2.194985000000e-04,-2.192792207792e-07
Offset_RevB_Chip_5_woShield_Gmx_default_OSC_default_Vsup_pm6V_night,1,657,2026-09-03T13:57:44.503171+00:00,4.332660000000e+02,-2.173491000000e-04,-2.171319680320e-07
Offset_RevB_Chip_5_woShield_Gmx_default_OSC_default_Vsup_pm6V_night,1,658,2026-09-03T13:57:45.159171+00:00,4.339220000000e+02,-2.280905000000e-04,-2.278626373626e-07
Offset_RevB_Chip_5_woShield_Gmx_default_OSC_default_Vsup_pm6V_night,1,659,2026-09-03T13:57:45.823171+00:00,4.345860000000e+02,-2.378081000000e-04,-2.375705294705e-07
Offset_RevB_Chip_5_woShield_Gmx_default_OSC_default_Vsup_pm6V_night,1,660,2026-09-03T13:57:46.487171+00:00,4.352500000000e+02,-2.219555000000e-04,-2.217337662338e-07
Offset_RevB_Chip_5_woShield_Gmx_default_OSC_default_Vsup_pm6V_night,1,661,2026-09-03T13:57:47.143671+00:00,4.359065000000e+02,-2.008018000000e-04,-2.006011988012e-07
Offset_RevB_Chip_5_woShield_Gmx_default_OSC_default_Vsup_pm6V_night,1,662,2026-09-03T13:57:47.800171+00:00,4.365630000000e+02,-2.039745000000e-04,-2.037707292707e-07
Offset_RevB_Chip_5_woShield_Gmx_default_OSC_default_Vsup_pm6V_night,1,663,2026-09-03T13:57:48.456171+00:00,4.372190000000e+02,-2.104629000000e-04,-2.102526473526e-07
Offset_RevB_Chip_5_woShield_Gmx_default_OSC_default_Vsup_pm6V_night,1,664,2026-09-03T13:57:49.120171+00:00,4.378830000000e+02,-2.211659000000e-04,-2.209449550450e-07
Offset_RevB_Chip_5_woShield_Gmx_default_OSC_default_Vsup_pm6V_night,1,665,2026-09-03T13:57:49.784171+00:00,4.385470000000e+02,-2.086654000000e-04,-2.084569430569e-07
Offset_RevB_Chip_5_woShield_Gmx_default_OSC_default_Vsup_pm6V_night,1,666,2026-09-03T13:57:50.440671+00:00,4.392035000000e+02,-2.208140000000e-04,-2.205934065934e-07
Offset_RevB_Chip_5_woShield_Gmx_default_OSC_default_Vsup_pm6V_night,1,667,2026-09-03T13:57:51.097171+00:00,4.398600000000e+02,-2.157500000000e-04,-2.155344655345e-07
Offset_RevB_Chip_5_woShield_Gmx_default_OSC_default_Vsup_pm6V_night,1,668,2026-09-03T13:57:51.753171+00:00,4.405160000000e+02,-2.269275000000e-04,-2.267007992008e-07
Offset_RevB_Chip_5_woShield_Gmx_default_OSC_default_Vsup_pm6V_night,1,669,2026-09-03T13:57:52.425171+00:00,4.411880000000e+02,-2.090818000000e-04,-2.088729270729e-07
Offset_RevB_Chip_5_woShield_Gmx_default_OSC_default_Vsup_pm6V_night,1,670,2026-09-03T13:57:53.081171+00:00,4.418440000000e+02,-2.165204000000e-04,-2.163040959041e-07
Offset_RevB_Chip_5_woShield_Gmx_default_OSC_default_Vsup_pm6V_night,1,671,2026-09-03T13:57:53.737171+00:00,4.425000000000e+02,-2.200741000000e-04,-2.198542457542e-07
Offset_RevB_Chip_5_woShield_Gmx_default_OSC_default_Vsup_pm6V_night,1,672,2026-09-03T13:57:54.393671+00:00,4.431565000000e+02,-2.189177000000e-04,-2.186990009990e-07
Offset_RevB_Chip_5_woShield_Gmx_default_OSC_default_Vsup_pm6V_night,1,673,2026-09-03T13:57:55.058171+00:00,4.438210000000e+02,-2.120977000000e-04,-2.118858141858e-07
Offset_RevB_Chip_5_woShield_Gmx_default_OSC_default_Vsup_pm6V_night,1,674,2026-09-03T13:57:55.722171+00:00,4.444850000000e+02,-2.134879000000e-04,-2.132746253746e-07
Offset_RevB_Chip_5_woShield_Gmx_default_OSC_default_Vsup_pm6V_night,1,675,2026-09-03T13:57:56.378171+00:00,4.451410000000e+02,-1.992112000000e-04,-1.990121878122e-07
Offset_RevB_Chip_5_woShield_Gmx_default_OSC_default_Vsup_pm6V_night,1,676,2026-09-03T13:57:57.034171+00:00,4.457970000000e+02,-1.959985000000e-04,-1.958026973027e-07
Offset_RevB_Chip_5_woShield_Gmx_default_OSC_default_Vsup_pm6V_night,1,677,2026-09-03T13:57:57.690671+00:00,4.464535000000e+02,-2.074594000000e-04,-2.072521478521e-07
Offset_RevB_Chip_5_woShield_Gmx_default_OSC_default_Vsup_pm6V_night,1,678,2026-09-03T13:57:58.354671+00:00,4.471175000000e+02,-1.961462000000e-04,-1.959502497502e-07
Offset_RevB_Chip_5_woShield_Gmx_default_OSC_default_Vsup_pm6V_night,1,679,2026-09-03T13:57:59.018671+00:00,4.477815000000e+02,-2.345414000000e-04,-2.343070929071e-07
Offset_RevB_Chip_5_woShield_Gmx_default_OSC_default_Vsup_pm6V_night,1,680,2026-09-03T13:57:59.675171+00:00,4.484380000000e+02,-2.096592000000e-04,-2.094497502498e-07
Offset_RevB_Chip_5_woShield_Gmx_default_OSC_default_Vsup_pm6V_night,1,681,2026-09-03T13:58:00.331171+00:00,4.490940000000e+02,-2.113357000000e-04,-2.111245754246e-07
Offset_RevB_Chip_5_woShield_Gmx_default_OSC_default_Vsup_pm6V_night,1,682,2026-09-03T13:58:00.995171+00:00,4.497580000000e+02,-1.995390000000e-04,-1.993396603397e-07
Offset_RevB_Chip_5_woShield_Gmx_default_OSC_default_Vsup_pm6V_night,1,683,2026-09-03T13:58:01.659171+00:00,4.504220000000e+02,-1.921331000000e-04,-1.919411588412e-07
Offset_RevB_Chip_5_woShield_Gmx_default_OSC_default_Vsup_pm6V_night,1,684,2026-09-03T13:58:02.315671+00:00,4.510785000000e+02,-1.952993000000e-04,-1.951041958042e-07
Offset_RevB_Chip_5_woShield_Gmx_default_OSC_default_Vsup_pm6V_night,1,685,2026-09-03T13:58:02.972171+00:00,4.517350000000e+02,-2.102185000000e-04,-2.100084915085e-07
Offset_RevB_Chip_5_woShield_Gmx_default_OSC_default_Vsup_pm6V_night,1,686,2026-09-03T13:58:03.628171+00:00,4.523910000000e+02,-1.992914000000e-04,-1.990923076923e-07
Offset_RevB_Chip_5_woShield_Gmx_default_OSC_default_Vsup_pm6V_night,1,687,2026-09-03T13:58:04.292171+00:00,4.530550000000e+02,-1.956730000000e-04,-1.954775224775e-07
Offset_RevB_Chip_5_woShield_Gmx_default_OSC_default_Vsup_pm6V_night,1,688,2026-09-03T13:58:04.956171+00:00,4.537190000000e+02,-2.091651000000e-04,-2.089561438561e-07
Offset_RevB_Chip_5_woShield_Gmx_default_OSC_default_Vsup_pm6V_night,1,689,2026-09-03T13:58:05.612171+00:00,4.543750000000e+02,-1.842156000000e-04,-1.840315684316e-07
Offset_RevB_Chip_5_woShield_Gmx_default_OSC_default_Vsup_pm6V_night,1,690,2026-09-03T13:58:06.268671+00:00,4.550315000000e+02,-2.090612000000e-04,-2.088523476523e-07
Offset_RevB_Chip_5_woShield_Gmx_default_OSC_default_Vsup_pm6V_night,1,691,2026-09-03T13:58:06.933171+00:00,4.556960000000e+02,-2.021662000000e-04,-2.019642357642e-07
Offset_RevB_Chip_5_woShield_Gmx_default_OSC_default_Vsup_pm6V_night,1,692,2026-09-03T13:58:07.597171+00:00,4.563600000000e+02,-1.947025000000e-04,-1.945079920080e-07
Offset_RevB_Chip_5_woShield_Gmx_default_OSC_default_Vsup_pm6V_night,1,693,2026-09-03T13:58:08.253171+00:00,4.570160000000e+02,-1.826430000000e-04,-1.824605394605e-07
Offset_RevB_Chip_5_woShield_Gmx_default_OSC_default_Vsup_pm6V_night,1,694,2026-09-03T13:58:08.909171+00:00,4.576720000000e+02,-1.873133000000e-04,-1.871261738262e-07
Offset_RevB_Chip_5_woShield_Gmx_default_OSC_default_Vsup_pm6V_night,1,695,2026-09-03T13:58:09.573171+00:00,4.583360000000e+02,-1.915377000000e-04,-1.913463536464e-07
Offset_RevB_Chip_5_woShield_Gmx_default_OSC_default_Vsup_pm6V_night,1,696,2026-09-03T13:58:10.237171+00:00,4.590000000000e+02,-1.802247000000e-04,-1.800446553447e-07
Offset_RevB_Chip_5_woShield_Gmx_default_OSC_default_Vsup_pm6V_night,1,697,2026-09-03T13:58:10.893671+00:00,4.596565000000e+02,-1.918180000000e-04,-1.916263736264e-07
Offset_RevB_Chip_5_woShield_Gmx_default_OSC_default_Vsup_pm6V_night,1,698,2026-09-03T13:58:11.550171+00:00,4.603130000000e+02,-1.846278000000e-04,-1.844433566434e-07
Offset_RevB_Chip_5_woShield_Gmx_default_OSC_default_Vsup_pm6V_night,1,699,2026-09-03T13:58:12.214171+00:00,4.609770000000e+02,-1.938093000000e-04,-1.936156843157e-07
Offset_RevB_Chip_5_woShield_Gmx_default_OSC_default_Vsup_pm6V_night,1,700,2026-09-03T13:58:12.878171+00:00,4.616410000000e+02,-1.942730000000e-04,-1.940789210789e-07
Offset_RevB_Chip_5_woShield_Gmx_default_OSC_default_Vsup_pm6V_night,1,701,2026-09-03T13:58:13.534171+00:00,4.622970000000e+02,-1.925225000000e-04,-1.923301698302e-07
Offset_RevB_Chip_5_woShield_Gmx_default_OSC_default_Vsup_pm6V_night,1,702,2026-09-03T13:58:14.198171+00:00,4.629610000000e+02,-1.951532000000e-04,-1.949582417582e-07
Offset_RevB_Chip_5_woShield_Gmx_default_OSC_default_Vsup_pm6V_night,1,703,2026-09-03T13:58:14.862171+00:00,4.636250000000e+02,-2.096851000000e-04,-2.094756243756e-07
Offset_RevB_Chip_5_woShield_Gmx_default_OSC_default_Vsup_pm6V_night,1,704,2026-09-03T13:58:15.518671+00:00,4.642815000000e+02,-1.891325000000e-04,-1.889435564436e-07
Offset_RevB_Chip_5_woShield_Gmx_default_OSC_default_Vsup_pm6V_night,1,705,2026-09-03T13:58:16.175171+00:00,4.649380000000e+02,-2.000268000000e-04,-1.998269730270e-07
Offset_RevB_Chip_5_woShield_Gmx_default_OSC_default_Vsup_pm6V_night,1,706,2026-09-03T13:58:16.839171+00:00,4.656020000000e+02,-2.033315000000e-04,-2.031283716284e-07
Offset_RevB_Chip_5_woShield_Gmx_default_OSC_default_Vsup_pm6V_night,1,707,2026-09-03T13:58:17.503171+00:00,4.662660000000e+02,-2.138794000000e-04,-2.136657342657e-07
Offset_RevB_Chip_5_woShield_Gmx_default_OSC_default_Vsup_pm6V_night,1,708,2026-09-03T13:58:18.159171+00:00,4.669220000000e+02,-2.224984000000e-04,-2.222761238761e-07
Offset_RevB_Chip_5_woShield_Gmx_default_OSC_default_Vsup_pm6V_night,1,709,2026-09-03T13:58:18.815671+00:00,4.675785000000e+02,-2.194598000000e-04,-2.192405594406e-07
Offset_RevB_Chip_5_woShield_Gmx_default_OSC_default_Vsup_pm6V_night,1,710,2026-09-03T13:58:19.479671+00:00,4.682425000000e+02,-2.237462000000e-04,-2.235226773227e-07
Offset_RevB_Chip_5_woShield_Gmx_default_OSC_default_Vsup_pm6V_night,1,711,2026-09-03T13:58:20.143671+00:00,4.689065000000e+02,-2.472366000000e-04,-2.469896103896e-07
Offset_RevB_Chip_5_woShield_Gmx_default_OSC_default_Vsup_pm6V_night,1,712,2026-09-03T13:58:20.800171+00:00,4.695630000000e+02,-2.350618000000e-04,-2.348269730270e-07
Offset_RevB_Chip_5_woShield_Gmx_default_OSC_default_Vsup_pm6V_night,1,713,2026-09-03T13:58:21.456171+00:00,4.702190000000e+02,-2.320842000000e-04,-2.318523476523e-07
Offset_RevB_Chip_5_woShield_Gmx_default_OSC_default_Vsup_pm6V_night,1,714,2026-09-03T13:58:22.120171+00:00,4.708830000000e+02,-2.312990000000e-04,-2.310679320679e-07
Offset_RevB_Chip_5_woShield_Gmx_default_OSC_default_Vsup_pm6V_night,1,715,2026-09-03T13:58:22.784171+00:00,4.715470000000e+02,-2.413998000000e-04,-2.411586413586e-07
Offset_RevB_Chip_5_woShield_Gmx_default_OSC_default_Vsup_pm6V_night,1,716,2026-09-03T13:58:23.440671+00:00,4.722035000000e+02,-2.196897000000e-04,-2.194702297702e-07
Offset_RevB_Chip_5_woShield_Gmx_default_OSC_default_Vsup_pm6V_night,1,717,2026-09-03T13:58:24.104671+00:00,4.728675000000e+02,-2.442729000000e-04,-2.440288711289e-07
Offset_RevB_Chip_5_woShield_Gmx_default_OSC_default_Vsup_pm6V_night,1,718,2026-09-03T13:58:24.768671+00:00,4.735315000000e+02,-2.406651000000e-04,-2.404246753247e-07
Offset_RevB_Chip_5_woShield_Gmx_default_OSC_default_Vsup_pm6V_night,1,719,2026-09-03T13:58:25.425171+00:00,4.741880000000e+02,-2.408699000000e-04,-2.406292707293e-07
Offset_RevB_Chip_5_woShield_Gmx_default_OSC_default_Vsup_pm6V_night,1,720,2026-09-03T13:58:26.081171+00:00,4.748440000000e+02,-2.473185000000e-04,-2.470714285714e-07
Offset_RevB_Chip_5_woShield_Gmx_default_OSC_default_Vsup_pm6V_night,1,721,2026-09-03T13:58:26.745171+00:00,4.755080000000e+02,-2.425612000000e-04,-2.423188811189e-07
Offset_RevB_Chip_5_woShield_Gmx_default_OSC_default_Vsup_pm6V_night,1,722,2026-09-03T13:58:27.409171+00:00,4.761720000000e+02,-2.444022000000e-04,-2.441580419580e-07
Offset_RevB_Chip_5_woShield_Gmx_default_OSC_default_Vsup_pm6V_night,1,723,2026-09-03T13:58:28.065671+00:00,4.768285000000e+02,-2.436653000000e-04,-2.434218781219e-07
Offset_RevB_Chip_5_woShield_Gmx_default_OSC_default_Vsup_pm6V_night,1,724,2026-09-03T13:58:28.722171+00:00,4.774850000000e+02,-2.472711000000e-04,-2.470240759241e-07
Offset_RevB_Chip_5_woShield_Gmx_default_OSC_default_Vsup_pm6V_night,1,725,2026-09-03T13:58:29.386171+00:00,4.781490000000e+02,-2.429458000000e-04,-2.427030969031e-07
Offset_RevB_Chip_5_woShield_Gmx_default_OSC_default_Vsup_pm6V_night,1,726,2026-09-03T13:58:30.050171+00:00,4.788130000000e+02,-2.391392000000e-04,-2.389002997003e-07
Offset_RevB_Chip_5_woShield_Gmx_default_OSC_default_Vsup_pm6V_night,1,727,2026-09-03T13:58:30.706171+00:00,4.794690000000e+02,-2.473053000000e-04,-2.470582417582e-07
Offset_RevB_Chip_5_woShield_Gmx_default_OSC_default_Vsup_pm6V_night,1,728,2026-09-03T13:58:31.370171+00:00,4.801330000000e+02,-2.438316000000e-04,-2.435880119880e-07
Offset_RevB_Chip_5_woShield_Gmx_default_OSC_default_Vsup_pm6V_night,1,729,2026-09-03T13:58:32.034171+00:00,4.807970000000e+02,-2.269770000000e-04,-2.267502497502e-07
Offset_RevB_Chip_5_woShield_Gmx_default_OSC_default_Vsup_pm6V_night,1,730,2026-09-03T13:58:32.698171+00:00,4.814610000000e+02,-2.537245000000e-04,-2.534710289710e-07
Offset_RevB_Chip_5_woShield_Gmx_default_OSC_default_Vsup_pm6V_night,1,731,2026-09-03T13:58:33.354671+00:00,4.821175000000e+02,-2.545109000000e-04,-2.542566433566e-07
Offset_RevB_Chip_5_woShield_Gmx_default_OSC_default_Vsup_pm6V_night,1,732,2026-09-03T13:58:34.011171+00:00,4.827740000000e+02,-2.519402000000e-04,-2.516885114885e-07
Offset_RevB_Chip_5_woShield_Gmx_default_OSC_default_Vsup_pm6V_night,1,733,2026-09-03T13:58:34.675171+00:00,4.834380000000e+02,-2.539598000000e-04,-2.537060939061e-07
Offset_RevB_Chip_5_woShield_Gmx_default_OSC_default_Vsup_pm6V_night,1,734,2026-09-03T13:58:35.331171+00:00,4.840940000000e+02,-2.799226000000e-04,-2.796429570430e-07
Offset_RevB_Chip_5_woShield_Gmx_default_OSC_default_Vsup_pm6V_night,1,735,2026-09-03T13:58:35.995171+00:00,4.847580000000e+02,-2.730529000000e-04,-2.727801198801e-07
Offset_RevB_Chip_5_woShield_Gmx_default_OSC_default_Vsup_pm6V_night,1,736,2026-09-03T13:58:36.659171+00:00,4.854220000000e+02,-2.474420000000e-04,-2.471948051948e-07
Offset_RevB_Chip_5_woShield_Gmx_default_OSC_default_Vsup_pm6V_night,1,737,2026-09-03T13:58:37.315671+00:00,4.860785000000e+02,-2.428032000000e-04,-2.425606393606e-07
Offset_RevB_Chip_5_woShield_Gmx_default_OSC_default_Vsup_pm6V_night,1,738,2026-09-03T13:58:37.972171+00:00,4.867350000000e+02,-2.525013000000e-04,-2.522490509491e-07
Offset_RevB_Chip_5_woShield_Gmx_default_OSC_default_Vsup_pm6V_night,1,739,2026-09-03T13:58:38.628171+00:00,4.873910000000e+02,-2.489716000000e-04,-2.487228771229e-07
Offset_RevB_Chip_5_woShield_Gmx_default_OSC_default_Vsup_pm6V_night,1,740,2026-09-03T13:58:39.292171+00:00,4.880550000000e+02,-2.478223000000e-04,-2.475747252747e-07
Offset_RevB_Chip_5_woShield_Gmx_default_OSC_default_Vsup_pm6V_night,1,741,2026-09-03T13:58:39.964171+00:00,4.887270000000e+02,-2.578632000000e-04,-2.576055944056e-07
Offset_RevB_Chip_5_woShield_Gmx_default_OSC_default_Vsup_pm6V_night,1,742,2026-09-03T13:58:40.620171+00:00,4.893830000000e+02,-2.548435000000e-04,-2.545889110889e-07
Offset_RevB_Chip_5_woShield_Gmx_default_OSC_default_Vsup_pm6V_night,1,743,2026-09-03T13:58:41.268671+00:00,4.900315000000e+02,-2.528294000000e-04,-2.525768231768e-07
Offset_RevB_Chip_5_woShield_Gmx_default_OSC_default_Vsup_pm6V_night,1,744,2026-09-03T13:58:41.933171+00:00,4.906960000000e+02,-2.751769000000e-04,-2.749019980020e-07
Offset_RevB_Chip_5_woShield_Gmx_default_OSC_default_Vsup_pm6V_night,1,745,2026-09-03T13:58:42.597171+00:00,4.913600000000e+02,-2.606603000000e-04,-2.603999000999e-07
Offset_RevB_Chip_5_woShield_Gmx_default_OSC_default_Vsup_pm6V_night,1,746,2026-09-03T13:58:43.253171+00:00,4.920160000000e+02,-2.663587000000e-04,-2.660926073926e-07
Offset_RevB_Chip_5_woShield_Gmx_default_OSC_default_Vsup_pm6V_night,1,747,2026-09-03T13:58:43.917171+00:00,4.926800000000e+02,-2.793655000000e-04,-2.790864135864e-07
Offset_RevB_Chip_5_woShield_Gmx_default_OSC_default_Vsup_pm6V_night,1,748,2026-09-03T13:58:44.581171+00:00,4.933440000000e+02,-2.662235000000e-04,-2.659575424575e-07
Offset_RevB_Chip_5_woShield_Gmx_default_OSC_default_Vsup_pm6V_night,1,749,2026-09-03T13:58:45.237171+00:00,4.940000000000e+02,-2.694124000000e-04,-2.691432567433e-07
Offset_RevB_Chip_5_woShield_Gmx_default_OSC_default_Vsup_pm6V_night,1,750,2026-09-03T13:58:45.893671+00:00,4.946565000000e+02,-2.764016000000e-04,-2.761254745255e-07
Offset_RevB_Chip_5_woShield_Gmx_default_OSC_default_Vsup_pm6V_night,1,751,2026-09-03T13:58:46.558171+00:00,4.953210000000e+02,-2.614648000000e-04,-2.612035964036e-07
Offset_RevB_Chip_5_woShield_Gmx_default_OSC_default_Vsup_pm6V_night,1,752,2026-09-03T13:58:47.222171+00:00,4.959850000000e+02,-2.529181000000e-04,-2.526654345654e-07
Offset_RevB_Chip_5_woShield_Gmx_default_OSC_default_Vsup_pm6V_night,1,753,2026-09-03T13:58:47.886171+00:00,4.966490000000e+02,-2.758534000000e-04,-2.755778221778e-07
Offset_RevB_Chip_5_woShield_Gmx_default_OSC_default_Vsup_pm6V_night,1,754,2026-09-03T13:58:48.550171+00:00,4.973130000000e+02,-2.597221000000e-04,-2.594626373626e-07
Offset_RevB_Chip_5_woShield_Gmx_default_OSC_default_Vsup_pm6V_night,1,755,2026-09-03T13:58:49.206171+00:00,4.979690000000e+02,-2.661557000000e-04,-2.658898101898e-07
Offset_RevB_Chip_5_woShield_Gmx_default_OSC_default_Vsup_pm6V_night,1,756,2026-09-03T13:58:49.862171+00:00,4.986250000000e+02,-2.668144000000e-04,-2.665478521479e-07
Offset_RevB_Chip_5_woShield_Gmx_default_OSC_default_Vsup_pm6V_night,1,757,2026-09-03T13:58:50.518671+00:00,4.992815000000e+02,-2.634004000000e-04,-2.631372627373e-07
Offset_RevB_Chip_5_woShield_Gmx_default_OSC_default_Vsup_pm6V_night,1,758,2026-09-03T13:58:51.175171+00:00,4.999380000000e+02,-2.747956000000e-04,-2.745210789211e-07
Offset_RevB_Chip_5_woShield_Gmx_default_OSC_default_Vsup_pm6V_night,1,759,2026-09-03T13:58:51.839171+00:00,5.006020000000e+02,-2.605659000000e-04,-2.603055944056e-07
Offset_RevB_Chip_5_woShield_Gmx_default_OSC_default_Vsup_pm6V_night,1,760,2026-09-03T13:58:52.503171+00:00,5.012660000000e+02,-2.633418000000e-04,-2.630787212787e-07
Offset_RevB_Chip_5_woShield_Gmx_default_OSC_default_Vsup_pm6V_night,1,761,2026-09-03T13:58:53.159171+00:00,5.019220000000e+02,-2.618165000000e-04,-2.615549450549e-07
Offset_RevB_Chip_5_woShield_Gmx_default_OSC_default_Vsup_pm6V_night,1,762,2026-09-03T13:58:53.815671+00:00,5.025785000000e+02,-2.626693000000e-04,-2.624068931069e-07
Offset_RevB_Chip_5_woShield_Gmx_default_OSC_default_Vsup_pm6V_night,1,763,2026-09-03T13:58:54.479671+00:00,5.032425000000e+02,-2.578337000000e-04,-2.575761238761e-07
Offset_RevB_Chip_5_woShield_Gmx_default_OSC_default_Vsup_pm6V_night,1,764,2026-09-03T13:58:55.143671+00:00,5.039065000000e+02,-2.629872000000e-04,-2.627244755245e-07
Offset_RevB_Chip_5_woShield_Gmx_default_OSC_default_Vsup_pm6V_night,1,765,2026-09-03T13:58:55.800171+00:00,5.045630000000e+02,-2.681916000000e-04,-2.679236763237e-07
Offset_RevB_Chip_5_woShield_Gmx_default_OSC_default_Vsup_pm6V_night,1,766,2026-09-03T13:58:56.464171+00:00,5.052270000000e+02,-2.784844000000e-04,-2.782061938062e-07
Offset_RevB_Chip_5_woShield_Gmx_default_OSC_default_Vsup_pm6V_night,1,767,2026-09-03T13:58:57.128171+00:00,5.058910000000e+02,-2.770767000000e-04,-2.767999000999e-07
Offset_RevB_Chip_5_woShield_Gmx_default_OSC_default_Vsup_pm6V_night,1,768,2026-09-03T13:58:57.784171+00:00,5.065470000000e+02,-2.585549000000e-04,-2.582966033966e-07
Offset_RevB_Chip_5_woShield_Gmx_default_OSC_default_Vsup_pm6V_night,1,769,2026-09-03T13:58:58.440671+00:00,5.072035000000e+02,-2.276384000000e-04,-2.274109890110e-07
Offset_RevB_Chip_5_woShield_Gmx_default_OSC_default_Vsup_pm6V_night,1,770,2026-09-03T13:58:59.104671+00:00,5.078675000000e+02,-2.772647000000e-04,-2.769877122877e-07
Offset_RevB_Chip_5_woShield_Gmx_default_OSC_default_Vsup_pm6V_night,1,771,2026-09-03T13:58:59.768671+00:00,5.085315000000e+02,-2.758444000000e-04,-2.755688311688e-07
Offset_RevB_Chip_5_woShield_Gmx_default_OSC_default_Vsup_pm6V_night,1,772,2026-09-03T13:59:00.425171+00:00,5.091880000000e+02,-2.723759000000e-04,-2.721037962038e-07
Offset_RevB_Chip_5_woShield_Gmx_default_OSC_default_Vsup_pm6V_night,1,773,2026-09-03T13:59:01.081171+00:00,5.098440000000e+02,-2.668286000000e-04,-2.665620379620e-07
Offset_RevB_Chip_5_woShield_Gmx_default_OSC_default_Vsup_pm6V_night,1,774,2026-09-03T13:59:01.745171+00:00,5.105080000000e+02,-2.468435000000e-04,-2.465969030969e-07
Offset_RevB_Chip_5_woShield_Gmx_default_OSC_default_Vsup_pm6V_night,1,775,2026-09-03T13:59:02.409171+00:00,5.111720000000e+02,-2.732255000000e-04,-2.729525474525e-07
Offset_RevB_Chip_5_woShield_Gmx_default_OSC_default_Vsup_pm6V_night,1,776,2026-09-03T13:59:03.065671+00:00,5.118285000000e+02,-2.709708000000e-04,-2.707000999001e-07
Offset_RevB_Chip_5_woShield_Gmx_default_OSC_default_Vsup_pm6V_night,1,777,2026-09-03T13:59:03.722171+00:00,5.124850000000e+02,-2.592183000000e-04,-2.589593406593e-07
Offset_RevB_Chip_5_woShield_Gmx_default_OSC_default_Vsup_pm6V_night,1,778,2026-09-03T13:59:04.386171+00:00,5.131490000000e+02,-2.641621000000e-04,-2.638982017982e-07
Offset_RevB_Chip_5_woShield_Gmx_default_OSC_default_Vsup_pm6V_night,1,779,2026-09-03T13:59:05.050171+00:00,5.138130000000e+02,-2.540407000000e-04,-2.537869130869e-07
Offset_RevB_Chip_5_woShield_Gmx_default_OSC_default_Vsup_pm6V_night,1,780,2026-09-03T13:59:05.706171+00:00,5.144690000000e+02,-2.646648000000e-04,-2.644003996004e-07
Offset_RevB_Chip_5_woShield_Gmx_default_OSC_default_Vsup_pm6V_night,1,781,2026-09-03T13:59:06.362171+00:00,5.151250000000e+02,-2.659485000000e-04,-2.656828171828e-07
Offset_RevB_Chip_5_woShield_Gmx_default_OSC_default_Vsup_pm6V_night,1,782,2026-09-03T13:59:07.026171+00:00,5.157890000000e+02,-2.577514000000e-04,-2.574939060939e-07
Offset_RevB_Chip_5_woShield_Gmx_default_OSC_default_Vsup_pm6V_night,1,783,2026-09-03T13:59:07.690671+00:00,5.164535000000e+02,-2.695796000000e-04,-2.693102897103e-07
Offset_RevB_Chip_5_woShield_Gmx_default_OSC_default_Vsup_pm6V_night,1,784,2026-09-03T13:59:08.362671+00:00,5.171255000000e+02,-2.676275000000e-04,-2.673601398601e-07
Offset_RevB_Chip_5_woShield_Gmx_default_OSC_default_Vsup_pm6V_night,1,785,2026-09-03T13:59:09.050171+00:00,5.178130000000e+02,-2.713122000000e-04,-2.710411588412e-07
Offset_RevB_Chip_5_woShield_Gmx_default_OSC_default_Vsup_pm6V_night,1,786,2026-09-03T13:59:09.706171+00:00,5.184690000000e+02,-2.716041000000e-04,-2.713327672328e-07
Offset_RevB_Chip_5_woShield_Gmx_default_OSC_default_Vsup_pm6V_night,1,787,2026-09-03T13:59:10.362171+00:00,5.191250000000e+02,-2.691329000000e-04,-2.688640359640e-07
Offset_RevB_Chip_5_woShield_Gmx_default_OSC_default_Vsup_pm6V_night,1,788,2026-09-03T13:59:11.026171+00:00,5.197890000000e+02,-2.580606000000e-04,-2.578027972028e-07
Offset_RevB_Chip_5_woShield_Gmx_default_OSC_default_Vsup_pm6V_night,1,789,2026-09-03T13:59:11.690671+00:00,5.204535000000e+02,-2.669820000000e-04,-2.667152847153e-07
Offset_RevB_Chip_5_woShield_Gmx_default_OSC_default_Vsup_pm6V_night,1,790,2026-09-03T13:59:12.347171+00:00,5.211100000000e+02,-2.849409000000e-04,-2.846562437562e-07
Offset_RevB_Chip_5_woShield_Gmx_default_OSC_default_Vsup_pm6V_night,1,791,2026-09-03T13:59:13.003171+00:00,5.217660000000e+02,-2.711040000000e-04,-2.708331668332e-07
Offset_RevB_Chip_5_woShield_Gmx_default_OSC_default_Vsup_pm6V_night,1,792,2026-09-03T13:59:13.667171+00:00,5.224300000000e+02,-2.789976000000e-04,-2.787188811189e-07
Offset_RevB_Chip_5_woShield_Gmx_default_OSC_default_Vsup_pm6V_night,1,793,2026-09-03T13:59:14.331171+00:00,5.230940000000e+02,-2.551007000000e-04,-2.548458541459e-07
Offset_RevB_Chip_5_woShield_Gmx_default_OSC_default_Vsup_pm6V_night,1,794,2026-09-03T13:59:14.987171+00:00,5.237500000000e+02,-2.759928000000e-04,-2.757170829171e-07
Offset_RevB_Chip_5_woShield_Gmx_default_OSC_default_Vsup_pm6V_night,1,795,2026-09-03T13:59:15.643671+00:00,5.244065000000e+02,-2.784560000000e-04,-2.781778221778e-07
Offset_RevB_Chip_5_woShield_Gmx_default_OSC_default_Vsup_pm6V_night,1,796,2026-09-03T13:59:16.308171+00:00,5.250710000000e+02,-2.772204000000e-04,-2.769434565435e-07
Offset_RevB_Chip_5_woShield_Gmx_default_OSC_default_Vsup_pm6V_night,1,797,2026-09-03T13:59:16.972171+00:00,5.257350000000e+02,-2.650561000000e-04,-2.647913086913e-07
Offset_RevB_Chip_5_woShield_Gmx_default_OSC_default_Vsup_pm6V_night,1,798,2026-09-03T13:59:17.628171+00:00,5.263910000000e+02,-2.740479000000e-04,-2.737741258741e-07
Offset_RevB_Chip_5_woShield_Gmx_default_OSC_default_Vsup_pm6V_night,1,799,2026-09-03T13:59:18.292171+00:00,5.270550000000e+02,-2.588434000000e-04,-2.585848151848e-07
Offset_RevB_Chip_5_woShield_Gmx_default_OSC_default_Vsup_pm6V_night,1,800,2026-09-03T13:59:18.956171+00:00,5.277190000000e+02,-2.742827000000e-04,-2.740086913087e-07
Offset_RevB_Chip_5_woShield_Gmx_default_OSC_default_Vsup_pm6V_night,1,801,2026-09-03T13:59:19.612171+00:00,5.283750000000e+02,-2.701384000000e-04,-2.698685314685e-07
Offset_RevB_Chip_5_woShield_Gmx_default_OSC_default_Vsup_pm6V_night,1,802,2026-09-03T13:59:20.268671+00:00,5.290315000000e+02,-2.782780000000e-04,-2.780000000000e-07
Offset_RevB_Chip_5_woShield_Gmx_default_OSC_default_Vsup_pm6V_night,1,803,2026-09-03T13:59:20.933171+00:00,5.296960000000e+02,-2.687932000000e-04,-2.685246753247e-07
Offset_RevB_Chip_5_woShield_Gmx_default_OSC_default_Vsup_pm6V_night,1,804,2026-09-03T13:59:21.597171+00:00,5.303600000000e+02,-2.651557000000e-04,-2.648908091908e-07
Offset_RevB_Chip_5_woShield_Gmx_default_OSC_default_Vsup_pm6V_night,1,805,2026-09-03T13:59:22.253171+00:00,5.310160000000e+02,-2.705506000000e-04,-2.702803196803e-07
Offset_RevB_Chip_5_woShield_Gmx_default_OSC_default_Vsup_pm6V_night,1,806,2026-09-03T13:59:22.909171+00:00,5.316720000000e+02,-2.611322000000e-04,-2.608713286713e-07
Offset_RevB_Chip_5_woShield_Gmx_default_OSC_default_Vsup_pm6V_night,1,807,2026-09-03T13:59:23.573171+00:00,5.323360000000e+02,-2.490946000000e-04,-2.488457542458e-07
Offset_RevB_Chip_5_woShield_Gmx_default_OSC_default_Vsup_pm6V_night,1,808,2026-09-03T13:59:24.237171+00:00,5.330000000000e+02,-2.758601000000e-04,-2.755845154845e-07
Offset_RevB_Chip_5_woShield_Gmx_default_OSC_default_Vsup_pm6V_night,1,809,2026-09-03T13:59:24.893671+00:00,5.336565000000e+02,-2.705294000000e-04,-2.702591408591e-07
Offset_RevB_Chip_5_woShield_Gmx_default_OSC_default_Vsup_pm6V_night,1,810,2026-09-03T13:59:25.550171+00:00,5.343130000000e+02,-2.730546000000e-04,-2.727818181818e-07
Offset_RevB_Chip_5_woShield_Gmx_default_OSC_default_Vsup_pm6V_night,1,811,2026-09-03T13:59:26.214171+00:00,5.349770000000e+02,-2.642442000000e-04,-2.639802197802e-07
Offset_RevB_Chip_5_woShield_Gmx_default_OSC_default_Vsup_pm6V_night,1,812,2026-09-03T13:59:26.878171+00:00,5.356410000000e+02,-2.550639000000e-04,-2.548090909091e-07
Offset_RevB_Chip_5_woShield_Gmx_default_OSC_default_Vsup_pm6V_night,1,813,2026-09-03T13:59:27.534171+00:00,5.362970000000e+02,-2.698523000000e-04,-2.695827172827e-07
Offset_RevB_Chip_5_woShield_Gmx_default_OSC_default_Vsup_pm6V_night,1,814,2026-09-03T13:59:28.190671+00:00,5.369535000000e+02,-2.471060000000e-04,-2.468591408591e-07
Offset_RevB_Chip_5_woShield_Gmx_default_OSC_default_Vsup_pm6V_night,1,815,2026-09-03T13:59:28.854671+00:00,5.376175000000e+02,-2.805068000000e-04,-2.802265734266e-07
Offset_RevB_Chip_5_woShield_Gmx_default_OSC_default_Vsup_pm6V_night,1,816,2026-09-03T13:59:29.518671+00:00,5.382815000000e+02,-2.530162000000e-04,-2.527634365634e-07
Offset_RevB_Chip_5_woShield_Gmx_default_OSC_default_Vsup_pm6V_night,1,817,2026-09-03T13:59:30.175171+00:00,5.389380000000e+02,-2.518242000000e-04,-2.515726273726e-07
Offset_RevB_Chip_5_woShield_Gmx_default_OSC_default_Vsup_pm6V_night,1,818,2026-09-03T13:59:30.831171+00:00,5.395940000000e+02,-2.598435000000e-04,-2.595839160839e-07
Offset_RevB_Chip_5_woShield_Gmx_default_OSC_default_Vsup_pm6V_night,1,819,2026-09-03T13:59:31.495171+00:00,5.402580000000e+02,-2.544441000000e-04,-2.541899100899e-07
Offset_RevB_Chip_5_woShield_Gmx_default_OSC_default_Vsup_pm6V_night,1,820,2026-09-03T13:59:32.159171+00:00,5.409220000000e+02,-2.654811000000e-04,-2.652158841159e-07
Offset_RevB_Chip_5_woShield_Gmx_default_OSC_default_Vsup_pm6V_night,1,821,2026-09-03T13:59:32.815671+00:00,5.415785000000e+02,-2.634735000000e-04,-2.632102897103e-07
Offset_RevB_Chip_5_woShield_Gmx_default_OSC_default_Vsup_pm6V_night,1,822,2026-09-03T13:59:33.472171+00:00,5.422350000000e+02,-2.608858000000e-04,-2.606251748252e-07
Offset_RevB_Chip_5_woShield_Gmx_default_OSC_default_Vsup_pm6V_night,1,823,2026-09-03T13:59:34.136171+00:00,5.428990000000e+02,-2.754590000000e-04,-2.751838161838e-07
Offset_RevB_Chip_5_woShield_Gmx_default_OSC_default_Vsup_pm6V_night,1,824,2026-09-03T13:59:34.800171+00:00,5.435630000000e+02,-2.732535000000e-04,-2.729805194805e-07
Offset_RevB_Chip_5_woShield_Gmx_default_OSC_default_Vsup_pm6V_night,1,825,2026-09-03T13:59:35.456171+00:00,5.442190000000e+02,-2.848574000000e-04,-2.845728271728e-07
Offset_RevB_Chip_5_woShield_Gmx_default_OSC_default_Vsup_pm6V_night,1,826,2026-09-03T13:59:36.112171+00:00,5.448750000000e+02,-2.601621000000e-04,-2.599021978022e-07
Offset_RevB_Chip_5_woShield_Gmx_default_OSC_default_Vsup_pm6V_night,1,827,2026-09-03T13:59:36.776171+00:00,5.455390000000e+02,-2.760091000000e-04,-2.757333666334e-07
Offset_RevB_Chip_5_woShield_Gmx_default_OSC_default_Vsup_pm6V_night,1,828,2026-09-03T13:59:37.440671+00:00,5.462035000000e+02,-2.776856000000e-04,-2.774081918082e-07
Offset_RevB_Chip_5_woShield_Gmx_default_OSC_default_Vsup_pm6V_night,1,829,2026-09-03T13:59:38.097171+00:00,5.468600000000e+02,-2.758681000000e-04,-2.755925074925e-07
Offset_RevB_Chip_5_woShield_Gmx_default_OSC_default_Vsup_pm6V_night,1,830,2026-09-03T13:59:38.753171+00:00,5.475160000000e+02,-2.735091000000e-04,-2.732358641359e-07
Offset_RevB_Chip_5_woShield_Gmx_default_OSC_default_Vsup_pm6V_night,1,831,2026-09-03T13:59:39.417171+00:00,5.481800000000e+02,-2.856431000000e-04,-2.853577422577e-07
Offset_RevB_Chip_5_woShield_Gmx_default_OSC_default_Vsup_pm6V_night,1,832,2026-09-03T13:59:40.081171+00:00,5.488440000000e+02,-2.638305000000e-04,-2.635669330669e-07
Offset_RevB_Chip_5_woShield_Gmx_default_OSC_default_Vsup_pm6V_night,1,833,2026-09-03T13:59:40.737171+00:00,5.495000000000e+02,-2.686271000000e-04,-2.683587412587e-07
Offset_RevB_Chip_5_woShield_Gmx_default_OSC_default_Vsup_pm6V_night,1,834,2026-09-03T13:59:41.393671+00:00,5.501565000000e+02,-2.901124000000e-04,-2.898225774226e-07
Offset_RevB_Chip_5_woShield_Gmx_default_OSC_default_Vsup_pm6V_night,1,835,2026-09-03T13:59:42.058171+00:00,5.508210000000e+02,-2.701602000000e-04,-2.698903096903e-07
Offset_RevB_Chip_5_woShield_Gmx_default_OSC_default_Vsup_pm6V_night,1,836,2026-09-03T13:59:42.722171+00:00,5.514850000000e+02,-2.547035000000e-04,-2.544490509491e-07
Offset_RevB_Chip_5_woShield_Gmx_default_OSC_default_Vsup_pm6V_night,1,837,2026-09-03T13:59:43.378171+00:00,5.521410000000e+02,-2.617713000000e-04,-2.615097902098e-07
Offset_RevB_Chip_5_woShield_Gmx_default_OSC_default_Vsup_pm6V_night,1,838,2026-09-03T13:59:44.034171+00:00,5.527970000000e+02,-2.629807000000e-04,-2.627179820180e-07
Offset_RevB_Chip_5_woShield_Gmx_default_OSC_default_Vsup_pm6V_night,1,839,2026-09-03T13:59:44.698171+00:00,5.534610000000e+02,-2.575823000000e-04,-2.573249750250e-07
Offset_RevB_Chip_5_woShield_Gmx_default_OSC_default_Vsup_pm6V_night,1,840,2026-09-03T13:59:45.362171+00:00,5.541250000000e+02,-2.670673000000e-04,-2.668004995005e-07
Offset_RevB_Chip_5_woShield_Gmx_default_OSC_default_Vsup_pm6V_night,1,841,2026-09-03T13:59:46.018671+00:00,5.547815000000e+02,-2.593425000000e-04,-2.590834165834e-07
Offset_RevB_Chip_5_woShield_Gmx_default_OSC_default_Vsup_pm6V_night,1,842,2026-09-03T13:59:46.675171+00:00,5.554380000000e+02,-2.666399000000e-04,-2.663735264735e-07
Offset_RevB_Chip_5_woShield_Gmx_default_OSC_default_Vsup_pm6V_night,1,843,2026-09-03T13:59:47.339171+00:00,5.561020000000e+02,-2.622510000000e-04,-2.619890109890e-07
Offset_RevB_Chip_5_woShield_Gmx_default_OSC_default_Vsup_pm6V_night,1,844,2026-09-03T13:59:48.003171+00:00,5.567660000000e+02,-2.692001000000e-04,-2.689311688312e-07
Offset_RevB_Chip_5_woShield_Gmx_default_OSC_default_Vsup_pm6V_night,1,845,2026-09-03T13:59:48.659171+00:00,5.574220000000e+02,-2.558648000000e-04,-2.556091908092e-07
Offset_RevB_Chip_5_woShield_Gmx_default_OSC_default_Vsup_pm6V_night,1,846,2026-09-03T13:59:49.315671+00:00,5.580785000000e+02,-2.621279000000e-04,-2.618660339660e-07
Offset_RevB_Chip_5_woShield_Gmx_default_OSC_default_Vsup_pm6V_night,1,847,2026-09-03T13:59:49.979671+00:00,5.587425000000e+02,-2.671174000000e-04,-2.668505494505e-07
Offset_RevB_Chip_5_woShield_Gmx_default_OSC_default_Vsup_pm6V_night,1,848,2026-09-03T13:59:50.643671+00:00,5.594065000000e+02,-2.619732000000e-04,-2.617114885115e-07
Offset_RevB_Chip_5_woShield_Gmx_default_OSC_default_Vsup_pm6V_night,1,849,2026-09-03T13:59:51.300171+00:00,5.600630000000e+02,-2.638307000000e-04,-2.635671328671e-07
Offset_RevB_Chip_5_woShield_Gmx_default_OSC_default_Vsup_pm6V_night,1,850,2026-09-03T13:59:51.956171+00:00,5.607190000000e+02,-2.670548000000e-04,-2.667880119880e-07
Offset_RevB_Chip_5_woShield_Gmx_default_OSC_default_Vsup_pm6V_night,1,851,2026-09-03T13:59:52.612171+00:00,5.613750000000e+02,-2.797061000000e-04,-2.794266733267e-07
Offset_RevB_Chip_5_woShield_Gmx_default_OSC_default_Vsup_pm6V_night,1,852,2026-09-03T13:59:53.284171+00:00,5.620470000000e+02,-2.727679000000e-04,-2.724954045954e-07
Offset_RevB_Chip_5_woShield_Gmx_default_OSC_default_Vsup_pm6V_night,1,853,2026-09-03T13:59:53.940671+00:00,5.627035000000e+02,-2.627730000000e-04,-2.625104895105e-07
Offset_RevB_Chip_5_woShield_Gmx_default_OSC_default_Vsup_pm6V_night,1,854,2026-09-03T13:59:54.597171+00:00,5.633600000000e+02,-2.909371000000e-04,-2.906464535465e-07
Offset_RevB_Chip_5_woShield_Gmx_default_OSC_default_Vsup_pm6V_night,1,855,2026-09-03T13:59:55.253171+00:00,5.640160000000e+02,-2.670201000000e-04,-2.667533466533e-07
Offset_RevB_Chip_5_woShield_Gmx_default_OSC_default_Vsup_pm6V_night,1,856,2026-09-03T13:59:55.917171+00:00,5.646800000000e+02,-2.747195000000e-04,-2.744450549451e-07
Offset_RevB_Chip_5_woShield_Gmx_default_OSC_default_Vsup_pm6V_night,1,857,2026-09-03T13:59:56.581171+00:00,5.653440000000e+02,-2.767134000000e-04,-2.764369630370e-07
Offset_RevB_Chip_5_woShield_Gmx_default_OSC_default_Vsup_pm6V_night,1,858,2026-09-03T13:59:57.237171+00:00,5.660000000000e+02,-2.788869000000e-04,-2.786082917083e-07
Offset_RevB_Chip_5_woShield_Gmx_default_OSC_default_Vsup_pm6V_night,1,859,2026-09-03T13:59:57.893671+00:00,5.666565000000e+02,-2.754172000000e-04,-2.751420579421e-07
Offset_RevB_Chip_5_woShield_Gmx_default_OSC_default_Vsup_pm6V_night,1,860,2026-09-03T13:59:58.550171+00:00,5.673130000000e+02,-2.879617000000e-04,-2.876740259740e-07
Offset_RevB_Chip_5_woShield_Gmx_default_OSC_default_Vsup_pm6V_night,1,861,2026-09-03T13:59:59.214171+00:00,5.679770000000e+02,-2.638102000000e-04,-2.635466533467e-07
Offset_RevB_Chip_5_woShield_Gmx_default_OSC_default_Vsup_pm6V_night,1,862,2026-09-03T13:59:59.878171+00:00,5.686410000000e+02,-2.728056000000e-04,-2.725330669331e-07
Offset_RevB_Chip_5_woShield_Gmx_default_OSC_default_Vsup_pm6V_night,1,863,2026-09-03T14:00:00.534171+00:00,5.692970000000e+02,-2.756575000000e-04,-2.753821178821e-07
Offset_RevB_Chip_5_woShield_Gmx_default_OSC_default_Vsup_pm6V_night,1,864,2026-09-03T14:00:01.190671+00:00,5.699535000000e+02,-2.877653000000e-04,-2.874778221778e-07
Offset_RevB_Chip_5_woShield_Gmx_default_OSC_default_Vsup_pm6V_night,1,865,2026-09-03T14:00:01.847171+00:00,5.706100000000e+02,-2.889924000000e-04,-2.887036963037e-07
Offset_RevB_Chip_5_woShield_Gmx_default_OSC_default_Vsup_pm6V_night,1,866,2026-09-03T14:00:02.511171+00:00,5.712740000000e+02,-2.858835000000e-04,-2.855979020979e-07
Offset_RevB_Chip_5_woShield_Gmx_default_OSC_default_Vsup_pm6V_night,1,867,2026-09-03T14:00:03.175171+00:00,5.719380000000e+02,-2.759958000000e-04,-2.757200799201e-07
Offset_RevB_Chip_5_woShield_Gmx_default_OSC_default_Vsup_pm6V_night,1,868,2026-09-03T14:00:03.831171+00:00,5.725940000000e+02,-2.850357000000e-04,-2.847509490509e-07
Offset_RevB_Chip_5_woShield_Gmx_default_OSC_default_Vsup_pm6V_night,1,869,2026-09-03T14:00:04.487171+00:00,5.732500000000e+02,-2.760507000000e-04,-2.757749250749e-07
Offset_RevB_Chip_5_woShield_Gmx_default_OSC_default_Vsup_pm6V_night,1,870,2026-09-03T14:00:05.151171+00:00,5.739140000000e+02,-2.902647000000e-04,-2.899747252747e-07
Offset_RevB_Chip_5_woShield_Gmx_default_OSC_default_Vsup_pm6V_night,1,871,2026-09-03T14:00:05.815671+00:00,5.745785000000e+02,-2.753730000000e-04,-2.750979020979e-07
Offset_RevB_Chip_5_woShield_Gmx_default_OSC_default_Vsup_pm6V_night,1,872,2026-09-03T14:00:06.472171+00:00,5.752350000000e+02,-2.707474000000e-04,-2.704769230769e-07
Offset_RevB_Chip_5_woShield_Gmx_default_OSC_default_Vsup_pm6V_night,1,873,2026-09-03T14:00:07.128171+00:00,5.758910000000e+02,-2.667676000000e-04,-2.665010989011e-07
Offset_RevB_Chip_5_woShield_Gmx_default_OSC_default_Vsup_pm6V_night,1,874,2026-09-03T14:00:07.784171+00:00,5.765470000000e+02,-2.702484000000e-04,-2.699784215784e-07
Offset_RevB_Chip_5_woShield_Gmx_default_OSC_default_Vsup_pm6V_night,1,875,2026-09-03T14:00:08.448171+00:00,5.772110000000e+02,-2.760907000000e-04,-2.758148851149e-07
Offset_RevB_Chip_5_woShield_Gmx_default_OSC_default_Vsup_pm6V_night,1,876,2026-09-03T14:00:09.112171+00:00,5.778750000000e+02,-2.836968000000e-04,-2.834133866134e-07
Offset_RevB_Chip_5_woShield_Gmx_default_OSC_default_Vsup_pm6V_night,1,877,2026-09-03T14:00:09.768671+00:00,5.785315000000e+02,-2.893167000000e-04,-2.890276723277e-07
Offset_RevB_Chip_5_woShield_Gmx_default_OSC_default_Vsup_pm6V_night,1,878,2026-09-03T14:00:10.425171+00:00,5.791880000000e+02,-2.830513000000e-04,-2.827685314685e-07
Offset_RevB_Chip_5_woShield_Gmx_default_OSC_default_Vsup_pm6V_night,1,879,2026-09-03T14:00:11.089171+00:00,5.798520000000e+02,-2.653903000000e-04,-2.651251748252e-07
Offset_RevB_Chip_5_woShield_Gmx_default_OSC_default_Vsup_pm6V_night,1,880,2026-09-03T14:00:11.753171+00:00,5.805160000000e+02,-2.630814000000e-04,-2.628185814186e-07
Offset_RevB_Chip_5_woShield_Gmx_default_OSC_default_Vsup_pm6V_night,1,881,2026-09-03T14:00:12.409171+00:00,5.811720000000e+02,-2.665088000000e-04,-2.662425574426e-07
Offset_RevB_Chip_5_woShield_Gmx_default_OSC_default_Vsup_pm6V_night,1,882,2026-09-03T14:00:13.065671+00:00,5.818285000000e+02,-2.720773000000e-04,-2.718054945055e-07
Offset_RevB_Chip_5_woShield_Gmx_default_OSC_default_Vsup_pm6V_night,1,883,2026-09-03T14:00:13.722171+00:00,5.824850000000e+02,-2.837160000000e-04,-2.834325674326e-07
Offset_RevB_Chip_5_woShield_Gmx_default_OSC_default_Vsup_pm6V_night,1,884,2026-09-03T14:00:14.386171+00:00,5.831490000000e+02,-2.774574000000e-04,-2.771802197802e-07
Offset_RevB_Chip_5_woShield_Gmx_default_OSC_default_Vsup_pm6V_night,1,885,2026-09-03T14:00:15.050171+00:00,5.838130000000e+02,-2.837071000000e-04,-2.834236763237e-07
Offset_RevB_Chip_5_woShield_Gmx_default_OSC_default_Vsup_pm6V_night,1,886,2026-09-03T14:00:15.706171+00:00,5.844690000000e+02,-2.859074000000e-04,-2.856217782218e-07
Offset_RevB_Chip_5_woShield_Gmx_default_OSC_default_Vsup_pm6V_night,1,887,2026-09-03T14:00:16.362171+00:00,5.851250000000e+02,-2.791329000000e-04,-2.788540459540e-07
Offset_RevB_Chip_5_woShield_Gmx_default_OSC_default_Vsup_pm6V_night,1,888,2026-09-03T14:00:17.026171+00:00,5.857890000000e+02,-2.884928000000e-04,-2.882045954046e-07
Offset_RevB_Chip_5_woShield_Gmx_default_OSC_default_Vsup_pm6V_night,1,889,2026-09-03T14:00:17.690671+00:00,5.864535000000e+02,-2.870093000000e-04,-2.867225774226e-07
Offset_RevB_Chip_5_woShield_Gmx_default_OSC_default_Vsup_pm6V_night,1,890,2026-09-03T14:00:18.347171+00:00,5.871100000000e+02,-2.972041000000e-04,-2.969071928072e-07
Offset_RevB_Chip_5_woShield_Gmx_default_OSC_default_Vsup_pm6V_night,1,891,2026-09-03T14:00:19.011171+00:00,5.877740000000e+02,-2.898600000000e-04,-2.895704295704e-07
Offset_RevB_Chip_5_woShield_Gmx_default_OSC_default_Vsup_pm6V_night,1,892,2026-09-03T14:00:19.675171+00:00,5.884380000000e+02,-2.941128000000e-04,-2.938189810190e-07
Offset_RevB_Chip_5_woShield_Gmx_default_OSC_default_Vsup_pm6V_night,1,893,2026-09-03T14:00:20.331171+00:00,5.890940000000e+02,-2.971050000000e-04,-2.968081918082e-07
Offset_RevB_Chip_5_woShield_Gmx_default_OSC_default_Vsup_pm6V_night,1,894,2026-09-03T14:00:20.987171+00:00,5.897500000000e+02,-2.996849000000e-04,-2.993855144855e-07
Offset_RevB_Chip_5_woShield_Gmx_default_OSC_default_Vsup_pm6V_night,1,895,2026-09-03T14:00:21.651171+00:00,5.904140000000e+02,-2.932961000000e-04,-2.930030969031e-07
Offset_RevB_Chip_5_woShield_Gmx_default_OSC_default_Vsup_pm6V_night,1,896,2026-09-03T14:00:22.315671+00:00,5.910785000000e+02,-2.901726000000e-04,-2.898827172827e-07
Offset_RevB_Chip_5_woShield_Gmx_default_OSC_default_Vsup_pm6V_night,1,897,2026-09-03T14:00:22.972171+00:00,5.917350000000e+02,-3.043624000000e-04,-3.040583416583e-07
Offset_RevB_Chip_5_woShield_Gmx_default_OSC_default_Vsup_pm6V_night,1,898,2026-09-03T14:00:23.628171+00:00,5.923910000000e+02,-3.101918000000e-04,-3.098819180819e-07
Offset_RevB_Chip_5_woShield_Gmx_default_OSC_default_Vsup_pm6V_night,1,899,2026-09-03T14:00:24.292171+00:00,5.930550000000e+02,-3.012255000000e-04,-3.009245754246e-07
Offset_RevB_Chip_5_woShield_Gmx_default_OSC_default_Vsup_pm6V_night,1,900,2026-09-03T14:00:24.956171+00:00,5.937190000000e+02,-3.156149000000e-04,-3.152996003996e-07
Offset_RevB_Chip_5_woShield_Gmx_default_OSC_default_Vsup_pm6V_night,1,901,2026-09-03T14:00:25.612171+00:00,5.943750000000e+02,-2.991841000000e-04,-2.988852147852e-07
Offset_RevB_Chip_5_woShield_Gmx_default_OSC_default_Vsup_pm6V_night,1,902,2026-09-03T14:00:26.268671+00:00,5.950315000000e+02,-2.858767000000e-04,-2.855911088911e-07
Offset_RevB_Chip_5_woShield_Gmx_default_OSC_default_Vsup_pm6V_night,1,903,2026-09-03T14:00:26.940671+00:00,5.957035000000e+02,-2.987569000000e-04,-2.984584415584e-07
Offset_RevB_Chip_5_woShield_Gmx_default_OSC_default_Vsup_pm6V_night,1,904,2026-09-03T14:00:27.597171+00:00,5.963600000000e+02,-2.932430000000e-04,-2.929500499500e-07
Offset_RevB_Chip_5_woShield_Gmx_default_OSC_default_Vsup_pm6V_night,1,905,2026-09-03T14:00:28.253171+00:00,5.970160000000e+02,-2.988168000000e-04,-2.985182817183e-07
Offset_RevB_Chip_5_woShield_Gmx_default_OSC_default_Vsup_pm6V_night,1,906,2026-09-03T14:00:28.909171+00:00,5.976720000000e+02,-3.090185000000e-04,-3.087097902098e-07
Offset_RevB_Chip_5_woShield_Gmx_default_OSC_default_Vsup_pm6V_night,1,907,2026-09-03T14:00:29.581171+00:00,5.983440000000e+02,-3.043677000000e-04,-3.040636363636e-07
Offset_RevB_Chip_5_woShield_Gmx_default_OSC_default_Vsup_pm6V_night,1,908,2026-09-03T14:00:30.237171+00:00,5.990000000000e+02,-3.232179000000e-04,-3.228950049950e-07
Offset_RevB_Chip_5_woShield_Gmx_default_OSC_default_Vsup_pm6V_night,1,909,2026-09-03T14:00:30.893671+00:00,5.996565000000e+02,-3.166357000000e-04,-3.163193806194e-07
Offset_RevB_Chip_5_woShield_Gmx_default_OSC_default_Vsup_pm6V_night,1,910,2026-09-03T14:00:31.558171+00:00,6.003210000000e+02,-3.141667000000e-04,-3.138528471528e-07
Offset_RevB_Chip_5_woShield_Gmx_default_OSC_default_Vsup_pm6V_night,1,911,2026-09-03T14:00:32.222171+00:00,6.009850000000e+02,-3.265167000000e-04,-3.261905094905e-07
Offset_RevB_Chip_5_woShield_Gmx_default_OSC_default_Vsup_pm6V_night,1,912,2026-09-03T14:00:32.878171+00:00,6.016410000000e+02,-3.301217000000e-04,-3.297919080919e-07
Offset_RevB_Chip_5_woShield_Gmx_default_OSC_default_Vsup_pm6V_night,1,913,2026-09-03T14:00:33.534171+00:00,6.022970000000e+02,-3.295614000000e-04,-3.292321678322e-07
Offset_RevB_Chip_5_woShield_Gmx_default_OSC_default_Vsup_pm6V_night,1,914,2026-09-03T14:00:34.198171+00:00,6.029610000000e+02,-3.170267000000e-04,-3.167099900100e-07
Offset_RevB_Chip_5_woShield_Gmx_default_OSC_default_Vsup_pm6V_night,1,915,2026-09-03T14:00:34.862171+00:00,6.036250000000e+02,-3.349085000000e-04,-3.345739260739e-07
Offset_RevB_Chip_5_woShield_Gmx_default_OSC_default_Vsup_pm6V_night,1,916,2026-09-03T14:00:35.518671+00:00,6.042815000000e+02,-3.280534000000e-04,-3.277256743257e-07
Offset_RevB_Chip_5_woShield_Gmx_default_OSC_default_Vsup_pm6V_night,1,917,2026-09-03T14:00:36.175171+00:00,6.049380000000e+02,-3.270320000000e-04,-3.267052947053e-07
Offset_RevB_Chip_5_woShield_Gmx_default_OSC_default_Vsup_pm6V_night,1,918,2026-09-03T14:00:36.839171+00:00,6.056020000000e+02,-3.314430000000e-04,-3.311118881119e-07
Offset_RevB_Chip_5_woShield_Gmx_default_OSC_default_Vsup_pm6V_night,1,919,2026-09-03T14:00:37.503171+00:00,6.062660000000e+02,-3.245942000000e-04,-3.242699300699e-07
Offset_RevB_Chip_5_woShield_Gmx_default_OSC_default_Vsup_pm6V_night,1,920,2026-09-03T14:00:38.159171+00:00,6.069220000000e+02,-3.341014000000e-04,-3.337676323676e-07
Offset_RevB_Chip_5_woShield_Gmx_default_OSC_default_Vsup_pm6V_night,1,921,2026-09-03T14:00:38.823171+00:00,6.075860000000e+02,-3.337166000000e-04,-3.333832167832e-07
Offset_RevB_Chip_5_woShield_Gmx_default_OSC_default_Vsup_pm6V_night,1,922,2026-09-03T14:00:39.487171+00:00,6.082500000000e+02,-3.286237000000e-04,-3.282954045954e-07
Offset_RevB_Chip_5_woShield_Gmx_default_OSC_default_Vsup_pm6V_night,1,923,2026-09-03T14:00:40.143671+00:00,6.089065000000e+02,-3.327859000000e-04,-3.324534465534e-07
Offset_RevB_Chip_5_woShield_Gmx_default_OSC_default_Vsup_pm6V_night,1,924,2026-09-03T14:00:40.800171+00:00,6.095630000000e+02,-3.319115000000e-04,-3.315799200799e-07
Offset_RevB_Chip_5_woShield_Gmx_default_OSC_default_Vsup_pm6V_night,1,925,2026-09-03T14:00:41.464171+00:00,6.102270000000e+02,-3.386239000000e-04,-3.382856143856e-07
Offset_RevB_Chip_5_woShield_Gmx_default_OSC_default_Vsup_pm6V_night,1,926,2026-09-03T14:00:42.128171+00:00,6.108910000000e+02,-3.222249000000e-04,-3.219029970030e-07
Offset_RevB_Chip_5_woShield_Gmx_default_OSC_default_Vsup_pm6V_night,1,927,2026-09-03T14:00:42.784171+00:00,6.115470000000e+02,-3.315627000000e-04,-3.312314685315e-07
Offset_RevB_Chip_5_woShield_Gmx_default_OSC_default_Vsup_pm6V_night,1,928,2026-09-03T14:00:43.440671+00:00,6.122035000000e+02,-3.240487000000e-04,-3.237249750250e-07
Offset_RevB_Chip_5_woShield_Gmx_default_OSC_default_Vsup_pm6V_night,1,929,2026-09-03T14:00:44.104671+00:00,6.128675000000e+02,-3.318560000000e-04,-3.315244755245e-07
Offset_RevB_Chip_5_woShield_Gmx_default_OSC_default_Vsup_pm6V_night,1,930,2026-09-03T14:00:44.768671+00:00,6.135315000000e+02,-3.331132000000e-04,-3.327804195804e-07
Offset_RevB_Chip_5_woShield_Gmx_default_OSC_default_Vsup_pm6V_night,1,931,2026-09-03T14:00:45.425171+00:00,6.141880000000e+02,-3.334979000000e-04,-3.331647352647e-07
Offset_RevB_Chip_5_woShield_Gmx_default_OSC_default_Vsup_pm6V_night,1,932,2026-09-03T14:00:46.081171+00:00,6.148440000000e+02,-3.116212000000e-04,-3.113098901099e-07
Offset_RevB_Chip_5_woShield_Gmx_default_OSC_default_Vsup_pm6V_night,1,933,2026-09-03T14:00:46.745171+00:00,6.155080000000e+02,-3.253997000000e-04,-3.250746253746e-07
Offset_RevB_Chip_5_woShield_Gmx_default_OSC_default_Vsup_pm6V_night,1,934,2026-09-03T14:00:47.409171+00:00,6.161720000000e+02,-3.249041000000e-04,-3.245795204795e-07
Offset_RevB_Chip_5_woShield_Gmx_default_OSC_default_Vsup_pm6V_night,1,935,2026-09-03T14:00:48.065671+00:00,6.168285000000e+02,-3.337776000000e-04,-3.334441558442e-07
Offset_RevB_Chip_5_woShield_Gmx_default_OSC_default_Vsup_pm6V_night,1,936,2026-09-03T14:00:48.722171+00:00,6.174850000000e+02,-3.483175000000e-04,-3.479695304695e-07
Offset_RevB_Chip_5_woShield_Gmx_default_OSC_default_Vsup_pm6V_night,1,937,2026-09-03T14:00:49.386171+00:00,6.181490000000e+02,-3.377360000000e-04,-3.373986013986e-07
Offset_RevB_Chip_5_woShield_Gmx_default_OSC_default_Vsup_pm6V_night,1,938,2026-09-03T14:00:50.050171+00:00,6.188130000000e+02,-3.425249000000e-04,-3.421827172827e-07
Offset_RevB_Chip_5_woShield_Gmx_default_OSC_default_Vsup_pm6V_night,1,939,2026-09-03T14:00:50.706171+00:00,6.194690000000e+02,-3.498822000000e-04,-3.495326673327e-07
Offset_RevB_Chip_5_woShield_Gmx_default_OSC_default_Vsup_pm6V_night,1,940,2026-09-03T14:00:51.370171+00:00,6.201330000000e+02,-3.568758000000e-04,-3.565192807193e-07
Offset_RevB_Chip_5_woShield_Gmx_default_OSC_default_Vsup_pm6V_night,1,941,2026-09-03T14:00:52.034171+00:00,6.207970000000e+02,-3.437437000000e-04,-3.434002997003e-07
Offset_RevB_Chip_5_woShield_Gmx_default_OSC_default_Vsup_pm6V_night,1,942,2026-09-03T14:00:52.690671+00:00,6.214535000000e+02,-3.479141000000e-04,-3.475665334665e-07
Offset_RevB_Chip_5_woShield_Gmx_default_OSC_default_Vsup_pm6V_night,1,943,2026-09-03T14:00:53.347171+00:00,6.221100000000e+02,-3.433352000000e-04,-3.429922077922e-07
Offset_RevB_Chip_5_woShield_Gmx_default_OSC_default_Vsup_pm6V_night,1,944,2026-09-03T14:00:54.003171+00:00,6.227660000000e+02,-3.409632000000e-04,-3.406225774226e-07
Offset_RevB_Chip_5_woShield_Gmx_default_OSC_default_Vsup_pm6V_night,1,945,2026-09-03T14:00:54.667171+00:00,6.234300000000e+02,-3.405386000000e-04,-3.401984015984e-07
Offset_RevB_Chip_5_woShield_Gmx_default_OSC_default_Vsup_pm6V_night,1,946,2026-09-03T14:00:55.331171+00:00,6.240940000000e+02,-3.436918000000e-04,-3.433484515485e-07
Offset_RevB_Chip_5_woShield_Gmx_default_OSC_default_Vsup_pm6V_night,1,947,2026-09-03T14:00:55.987171+00:00,6.247500000000e+02,-3.440239000000e-04,-3.436802197802e-07
Offset_RevB_Chip_5_woShield_Gmx_default_OSC_default_Vsup_pm6V_night,1,948,2026-09-03T14:00:56.643671+00:00,6.254065000000e+02,-3.539433000000e-04,-3.535897102897e-07
Offset_RevB_Chip_5_woShield_Gmx_default_OSC_default_Vsup_pm6V_night,1,949,2026-09-03T14:00:57.308171+00:00,6.260710000000e+02,-3.601842000000e-04,-3.598243756244e-07
Offset_RevB_Chip_5_woShield_Gmx_default_OSC_default_Vsup_pm6V_night,1,950,2026-09-03T14:00:57.972171+00:00,6.267350000000e+02,-3.522975000000e-04,-3.519455544456e-07
Offset_RevB_Chip_5_woShield_Gmx_default_OSC_default_Vsup_pm6V_night,1,951,2026-09-03T14:00:58.628171+00:00,6.273910000000e+02,-3.544097000000e-04,-3.540556443556e-07
Offset_RevB_Chip_5_woShield_Gmx_default_OSC_default_Vsup_pm6V_night,1,952,2026-09-03T14:00:59.284171+00:00,6.280470000000e+02,-3.441006000000e-04,-3.437568431568e-07
Offset_RevB_Chip_5_woShield_Gmx_default_OSC_default_Vsup_pm6V_night,1,953,2026-09-03T14:00:59.948171+00:00,6.287110000000e+02,-3.611900000000e-04,-3.608291708292e-07
Offset_RevB_Chip_5_woShield_Gmx_default_OSC_default_Vsup_pm6V_night,1,954,2026-09-03T14:01:00.612171+00:00,6.293750000000e+02,-3.679670000000e-04,-3.675994005994e-07
Offset_RevB_Chip_5_woShield_Gmx_default_OSC_default_Vsup_pm6V_night,1,955,2026-09-03T14:01:01.268671+00:00,6.300315000000e+02,-3.684430000000e-04,-3.680749250749e-07
Offset_RevB_Chip_5_woShield_Gmx_default_OSC_default_Vsup_pm6V_night,1,956,2026-09-03T14:01:01.925171+00:00,6.306880000000e+02,-3.653501000000e-04,-3.649851148851e-07
Offset_RevB_Chip_5_woShield_Gmx_default_OSC_default_Vsup_pm6V_night,1,957,2026-09-03T14:01:02.589171+00:00,6.313520000000e+02,-3.626213000000e-04,-3.622590409590e-07
Offset_RevB_Chip_5_woShield_Gmx_default_OSC_default_Vsup_pm6V_night,1,958,2026-09-03T14:01:03.253171+00:00,6.320160000000e+02,-3.577094000000e-04,-3.573520479520e-07
Offset_RevB_Chip_5_woShield_Gmx_default_OSC_default_Vsup_pm6V_night,1,959,2026-09-03T14:01:03.909171+00:00,6.326720000000e+02,-3.573175000000e-04,-3.569605394605e-07
Offset_RevB_Chip_5_woShield_Gmx_default_OSC_default_Vsup_pm6V_night,1,960,2026-09-03T14:01:04.565671+00:00,6.333285000000e+02,-3.705301000000e-04,-3.701599400599e-07
Offset_RevB_Chip_5_woShield_Gmx_default_OSC_default_Vsup_pm6V_night,1,961,2026-09-03T14:01:05.229671+00:00,6.339925000000e+02,-3.506325000000e-04,-3.502822177822e-07
Offset_RevB_Chip_5_woShield_Gmx_default_OSC_default_Vsup_pm6V_night,1,962,2026-09-03T14:01:05.893671+00:00,6.346565000000e+02,-3.574384000000e-04,-3.570813186813e-07
Offset_RevB_Chip_5_woShield_Gmx_default_OSC_default_Vsup_pm6V_night,1,963,2026-09-03T14:01:06.550171+00:00,6.353130000000e+02,-3.639250000000e-04,-3.635614385614e-07
Offset_RevB_Chip_5_woShield_Gmx_default_OSC_default_Vsup_pm6V_night,1,964,2026-09-03T14:01:07.206171+00:00,6.359690000000e+02,-3.497270000000e-04,-3.493776223776e-07
Offset_RevB_Chip_5_woShield_Gmx_default_OSC_default_Vsup_pm6V_night,1,965,2026-09-03T14:01:07.870171+00:00,6.366330000000e+02,-3.505876000000e-04,-3.502373626374e-07
Offset_RevB_Chip_5_woShield_Gmx_default_OSC_default_Vsup_pm6V_night,1,966,2026-09-03T14:01:08.534171+00:00,6.372970000000e+02,-3.500723000000e-04,-3.497225774226e-07
Offset_RevB_Chip_5_woShield_Gmx_default_OSC_default_Vsup_pm6V_night,1,967,2026-09-03T14:01:09.190671+00:00,6.379535000000e+02,-3.621398000000e-04,-3.617780219780e-07
Offset_RevB_Chip_5_woShield_Gmx_default_OSC_default_Vsup_pm6V_night,1,968,2026-09-03T14:01:09.847171+00:00,6.386100000000e+02,-3.761672000000e-04,-3.757914085914e-07
Offset_RevB_Chip_5_woShield_Gmx_default_OSC_default_Vsup_pm6V_night,1,969,2026-09-03T14:01:10.511171+00:00,6.392740000000e+02,-3.892490000000e-04,-3.888601398601e-07
Offset_RevB_Chip_5_woShield_Gmx_default_OSC_default_Vsup_pm6V_night,1,970,2026-09-03T14:01:11.175171+00:00,6.399380000000e+02,-3.712344000000e-04,-3.708635364635e-07
Offset_RevB_Chip_5_woShield_Gmx_default_OSC_default_Vsup_pm6V_night,1,971,2026-09-03T14:01:11.831171+00:00,6.405940000000e+02,-3.865481000000e-04,-3.861619380619e-07
Offset_RevB_Chip_5_woShield_Gmx_default_OSC_default_Vsup_pm6V_night,1,972,2026-09-03T14:01:12.487171+00:00,6.412500000000e+02,-3.786506000000e-04,-3.782723276723e-07
Offset_RevB_Chip_5_woShield_Gmx_default_OSC_default_Vsup_pm6V_night,1,973,2026-09-03T14:01:13.143671+00:00,6.419065000000e+02,-3.831128000000e-04,-3.827300699301e-07
Offset_RevB_Chip_5_woShield_Gmx_default_OSC_default_Vsup_pm6V_night,1,974,2026-09-03T14:01:13.815671+00:00,6.425785000000e+02,-3.989355000000e-04,-3.985369630370e-07
Offset_RevB_Chip_5_woShield_Gmx_default_OSC_default_Vsup_pm6V_night,1,975,2026-09-03T14:01:14.472171+00:00,6.432350000000e+02,-3.870069000000e-04,-3.866202797203e-07
Offset_RevB_Chip_5_woShield_Gmx_default_OSC_default_Vsup_pm6V_night,1,976,2026-09-03T14:01:15.128171+00:00,6.438910000000e+02,-3.854879000000e-04,-3.851027972028e-07
Offset_RevB_Chip_5_woShield_Gmx_default_OSC_default_Vsup_pm6V_night,1,977,2026-09-03T14:01:15.784171+00:00,6.445470000000e+02,-3.857447000000e-04,-3.853593406593e-07
Offset_RevB_Chip_5_woShield_Gmx_default_OSC_default_Vsup_pm6V_night,1,978,2026-09-03T14:01:16.448171+00:00,6.452110000000e+02,-3.879945000000e-04,-3.876068931069e-07
Offset_RevB_Chip_5_woShield_Gmx_default_OSC_default_Vsup_pm6V_night,1,979,2026-09-03T14:01:17.112171+00:00,6.458750000000e+02,-3.880611000000e-04,-3.876734265734e-07
Offset_RevB_Chip_5_woShield_Gmx_default_OSC_default_Vsup_pm6V_night,1,980,2026-09-03T14:01:17.768671+00:00,6.465315000000e+02,-3.954755000000e-04,-3.950804195804e-07
Offset_RevB_Chip_5_woShield_Gmx_default_OSC_default_Vsup_pm6V_night,1,981,2026-09-03T14:01:18.425171+00:00,6.471880000000e+02,-3.975631000000e-04,-3.971659340659e-07
Offset_RevB_Chip_5_woShield_Gmx_default_OSC_default_Vsup_pm6V_night,1,982,2026-09-03T14:01:19.089171+00:00,6.478520000000e+02,-3.951441000000e-04,-3.947493506494e-07
Offset_RevB_Chip_5_woShield_Gmx_default_OSC_default_Vsup_pm6V_night,1,983,2026-09-03T14:01:19.753171+00:00,6.485160000000e+02,-3.862297000000e-04,-3.858438561439e-07
Offset_RevB_Chip_5_woShield_Gmx_default_OSC_default_Vsup_pm6V_night,1,984,2026-09-03T14:01:20.409171+00:00,6.491720000000e+02,-3.929271000000e-04,-3.925345654346e-07
Offset_RevB_Chip_5_woShield_Gmx_default_OSC_default_Vsup_pm6V_night,1,985,2026-09-03T14:01:21.065671+00:00,6.498285000000e+02,-4.007127000000e-04,-4.003123876124e-07
Offset_RevB_Chip_5_woShield_Gmx_default_OSC_default_Vsup_pm6V_night,1,986,2026-09-03T14:01:21.729671+00:00,6.504925000000e+02,-4.010900000000e-04,-4.006893106893e-07
Offset_RevB_Chip_5_woShield_Gmx_default_OSC_default_Vsup_pm6V_night,1,987,2026-09-03T14:01:22.393671+00:00,6.511565000000e+02,-3.879529000000e-04,-3.875653346653e-07
Offset_RevB_Chip_5_woShield_Gmx_default_OSC_default_Vsup_pm6V_night,1,988,2026-09-03T14:01:23.050171+00:00,6.518130000000e+02,-3.873030000000e-04,-3.869160839161e-07
Offset_RevB_Chip_5_woShield_Gmx_default_OSC_default_Vsup_pm6V_night,1,989,2026-09-03T14:01:23.706171+00:00,6.524690000000e+02,-3.920896000000e-04,-3.916979020979e-07
Offset_RevB_Chip_5_woShield_Gmx_default_OSC_default_Vsup_pm6V_night,1,990,2026-09-03T14:01:24.362171+00:00,6.531250000000e+02,-3.910949000000e-04,-3.907041958042e-07
Offset_RevB_Chip_5_woShield_Gmx_default_OSC_default_Vsup_pm6V_night,1,991,2026-09-03T14:01:25.026171+00:00,6.537890000000e+02,-4.046454000000e-04,-4.042411588412e-07
Offset_RevB_Chip_5_woShield_Gmx_default_OSC_default_Vsup_pm6V_night,1,992,2026-09-03T14:01:25.690671+00:00,6.544535000000e+02,-3.953391000000e-04,-3.949441558442e-07
Offset_RevB_Chip_5_woShield_Gmx_default_OSC_default_Vsup_pm6V_night,1,993,2026-09-03T14:01:26.347171+00:00,6.551100000000e+02,-4.112541000000e-04,-4.108432567433e-07
Offset_RevB_Chip_5_woShield_Gmx_default_OSC_default_Vsup_pm6V_night,1,994,2026-09-03T14:01:27.003171+00:00,6.557660000000e+02,-3.959138000000e-04,-3.955182817183e-07
Offset_RevB_Chip_5_woShield_Gmx_default_OSC_default_Vsup_pm6V_night,1,995,2026-09-03T14:01:27.667171+00:00,6.564300000000e+02,-3.958067000000e-04,-3.954112887113e-07
Offset_RevB_Chip_5_woShield_Gmx_default_OSC_default_Vsup_pm6V_night,1,996,2026-09-03T14:01:28.331171+00:00,6.570940000000e+02,-4.009996000000e-04,-4.005990009990e-07
Offset_RevB_Chip_5_woShield_Gmx_default_OSC_default_Vsup_pm6V_night,1,997,2026-09-03T14:01:28.987171+00:00,6.577500000000e+02,-3.921859000000e-04,-3.917941058941e-07
Offset_RevB_Chip_5_woShield_Gmx_default_OSC_default_Vsup_pm6V_night,1,998,2026-09-03T14:01:29.643671+00:00,6.584065000000e+02,-4.006393000000e-04,-4.002390609391e-07
Offset_RevB_Chip_5_woShield_Gmx_default_OSC_default_Vsup_pm6V_night,1,999,2026-09-03T14:01:30.308171+00:00,6.590710000000e+02,-4.019487000000e-04,-4.015471528472e-07
Offset_RevB_Chip_5_woShield_Gmx_default_OSC_default_Vsup_pm6V_night,1,1000,2026-09-03T14:01:30.972171+00:00,6.597350000000e+02,-4.169380000000e-04,-4.165214785215e-07
