Frequency_Hz,Supply3V3_10Capture_ASD_nV_per_sqrtHz,Supply6V6_10Capture_ASD_nV_per_sqrtHz
1.05555555555556,97.0938638213289,29.9185195978691
1.11111111111111,82.4017031483393,29.7542358637059
1.16666666666667,68.3593452143226,30.6646122105434
1.22222222222222,81.4237022058223,27.6445547845658
1.27777777777778,86.6899340099882,35.8985475969902
1.33333333333333,76.3223072857857,38.0278976952889
1.38888888888889,53.1920700741111,29.9043653427946
1.44444444444444,48.9920673631629,43.6701112900849
1.5,60.338172949149,35.9989127144063
1.55555555555556,67.0878030668825,34.1298099956923
1.61111111111111,70.2891398642207,31.3035443070925
1.66666666666667,65.1919125940431,34.9708298449416
1.72222222222222,77.4940378299492,36.8947035838081
1.77777777777778,92.5878951398763,40.2538939503893
1.83333333333333,73.761301152188,45.1485907625118
1.88888888888889,77.9513636762058,61.9725984875159
1.94444444444444,95.7216893785049,67.2880639006358
2,113.453959995437,56.1690663335661
2.05555555555556,61.3945736727702,32.4802593081949
2.11111111111111,52.9979564838935,27.0699191018046
2.16666666666667,45.8367641379468,26.876911932798
2.22222222222222,49.131910657179,22.8601500894968
2.27777777777778,47.5550040944598,28.7943511749158
2.33333333333333,50.7015745551358,28.4885460450463
2.38888888888889,65.9499624117214,28.4156738823367
2.44444444444444,75.6039030449767,34.3584898848588
2.5,80.0843155535147,32.2843703780989
2.55555555555555,80.4213373158907,33.9233798384536
2.61111111111111,84.2943416718295,37.39993112273
2.66666666666667,73.428091414951,33.8756452539155
2.72222222222222,63.4175819785879,25.1437820411543
2.77777777777778,60.8052427472298,25.4651766397686
2.83333333333333,45.9742510625631,28.0276404101871
2.88888888888889,44.2806095986713,34.8515793116751
2.94444444444444,64.455324348585,27.147089417738
3,64.2207734124807,32.868204673238
3.05555555555555,52.6121776998113,26.1807227911525
3.11111111111111,44.2498993963568,27.2655497868286
3.16666666666667,48.3837600262241,25.991223341666
3.22222222222222,62.7057885837926,27.8175832262559
3.27777777777778,51.8943533903114,30.5496967074468
3.33333333333333,46.8911312885343,26.8742909539036
3.38888888888889,55.4903414514073,20.1927479911339
3.44444444444444,57.8100906238744,18.1535194530499
3.5,47.074648126603,23.0810336308191
3.55555555555555,55.2184579693149,29.8674962314637
3.61111111111111,54.6533861702975,32.6708403567263
3.66666666666667,59.9994850989088,28.3553154792316
3.72222222222222,50.6541110193864,30.3848517349686
3.77777777777778,43.9244910131843,31.709761795532
3.83333333333333,54.5766698129128,26.9730805077374
3.88888888888889,71.3858033385716,31.1272978908209
3.94444444444444,50.5183970257779,31.839980999072
4,47.3908321808085,31.6611574173356
4.05555555555555,43.4682557203946,26.9621538437633
4.11111111111111,45.7438269901858,25.7625149659956
4.16666666666667,36.8345255487946,24.557005053643
4.22222222222222,36.8127671640492,21.2408843008249
4.27777777777778,53.4100285429833,21.9105725408118
4.33333333333333,60.0279495848001,25.5542249763662
4.38888888888889,46.8492945284803,24.6923850155726
4.44444444444444,39.5566338537845,22.691228155328
4.5,37.4111074769326,23.7326515983601
4.55555555555555,41.3040657309581,24.420261667576
4.61111111111111,43.3335966899815,19.6097960037376
4.66666666666667,46.0289699244654,22.5383954217584
4.72222222222222,39.4395058744826,23.789318283889
4.77777777777778,30.7284241562539,17.5432761523576
4.83333333333333,35.1062194663659,23.0493799591625
4.88888888888889,34.1646910264975,29.1032209696106
4.94444444444444,51.0238604755173,25.6510565067084
5,69.6589242655372,29.2709984161758
5.05555555555556,43.4480775421548,21.1694565663991
5.11111111111111,41.814832470588,20.3965239826266
5.16666666666667,54.2613769783809,24.5579024314633
5.22222222222222,49.6396848781267,22.2955991696199
5.27777777777778,42.5298134892353,21.7753253364693
5.33333333333333,49.6107672192954,27.329455932386
5.38888888888889,35.6599404279303,23.0086876501597
5.44444444444444,38.8245931058481,19.0282600896512
5.5,27.6807027829643,18.4669600678096
5.55555555555555,24.1409486836424,17.7825240613036
5.61111111111111,37.366864860274,20.3614786887542
5.66666666666667,44.2373499559482,20.9705399157415
5.72222222222222,40.4547824921113,20.4364503760064
5.77777777777778,37.7795313519511,26.9277435275647
5.83333333333333,47.6988949534088,25.071292193455
5.88888888888889,41.729036943439,18.7993097469407
5.94444444444444,40.7831422668757,18.1563832467009
6,56.9342457275914,26.9209049148464
6.05555555555556,34.8478391792037,21.6975952610329
6.11111111111111,27.0811848566355,20.5296401630093
6.16666666666667,32.2578714450455,24.394175717978
6.22222222222222,28.4342982829782,21.8398026188167
6.27777777777778,32.9308965411816,23.7083740164124
6.33333333333333,37.8294685527219,21.7192037755913
6.38888888888889,37.9875149124414,20.6360950820864
6.44444444444444,22.6982240314632,16.2913922924597
6.5,23.8241720698644,11.4239406323311
6.55555555555555,36.3379969885639,17.0862533301101
6.61111111111111,38.8491534338131,15.0008892824303
6.66666666666667,32.4436544290333,18.4479240765539
6.72222222222222,22.653593107309,17.4125100109151
6.77777777777778,28.3884063587498,19.1226580712128
6.83333333333333,26.9336975046759,21.7179766446399
6.88888888888889,23.8160009182668,18.2266212750987
6.94444444444444,37.8608893691758,17.9162647337256
7,58.2140284395895,19.0374871847225
7.05555555555555,41.2451517935684,19.2448813723568
7.11111111111111,30.7192606603165,19.1478125727449
7.16666666666667,42.8988099419855,22.0145773492875
7.22222222222222,37.0642616138008,24.0652977489088
7.27777777777778,30.1214650731933,22.6992939705111
7.33333333333333,37.8950214793215,20.313493502869
7.38888888888889,31.0992360080179,23.6488522852944
7.44444444444444,29.6233753473378,17.1921287885666
7.5,26.8108110895981,18.9604233045079
7.55555555555555,28.5956915108636,18.4248585366435
7.61111111111111,39.8168963882256,19.8330335564055
7.66666666666666,42.9133175683378,23.5791640445166
7.72222222222222,44.1419348404613,24.9544125805054
7.77777777777778,41.8641923114943,18.7734132775613
7.83333333333333,26.2656213428222,16.0872470955173
7.88888888888889,34.0396293618861,18.9586365199185
7.94444444444444,40.4275866258249,18.7179620386328
8,44.1335088141075,21.5830711227798
8.05555555555556,32.5056058756873,17.6558465578595
8.11111111111111,33.309396492984,17.1679058861218
8.16666666666667,33.828696145683,17.8192331697586
8.22222222222222,35.4285184169487,14.9963403723937
8.27777777777778,35.8460719401676,17.6255613681064
8.33333333333333,39.6820194435832,22.6521394183746
8.38888888888889,27.8938710411582,19.9745153239028
8.44444444444444,34.8987536491078,22.1222914572362
8.5,41.24283301684,17.8798410747416
8.55555555555555,31.3487418873694,16.1631128725175
8.61111111111111,28.3823163066481,16.732302510621
8.66666666666666,29.9965398421101,17.6910975450479
8.72222222222222,25.8901784080873,13.1960116287473
8.77777777777778,30.8334879720514,17.4369243291866
8.83333333333333,31.2782120438398,21.767919395966
8.88888888888889,33.3887987514618,16.7658702214262
8.94444444444444,33.2842251101397,17.4548638598534
9,36.9952463052873,18.5751039296448
9.05555555555555,28.7394792717177,15.8822892891381
9.11111111111111,19.809697318208,13.0743478539028
9.16666666666666,26.1829413934785,9.53858910547536
9.22222222222222,34.6558072941199,11.2480226069608
9.27777777777778,27.6835976557781,12.3097443526837
9.33333333333333,30.6792828769567,20.1602152300142
9.38888888888889,33.0467520953842,20.9396086857152
9.44444444444444,31.467060465809,19.4498027093283
9.5,45.2623995436917,23.5681345381701
9.55555555555555,43.2238017308747,27.7487472411749
9.61111111111111,34.4382247026909,21.0743168631215
9.66666666666666,40.8185166142157,17.3291476819751
9.72222222222222,37.7857672089709,20.5042952651593
9.77777777777778,26.2992585701158,19.0382254669548
9.83333333333333,29.3897429991306,19.9264980575387
9.88888888888889,37.2148341325743,19.7133703499879
9.94444444444444,44.4841402849421,20.6328560536213
10,57.2133884388171,23.3007796959852
10.0555555555556,41.2897825768507,16.574232644822
10.1111111111111,39.6645576526717,14.7744142475692
10.1666666666667,40.0848826765698,16.4910668683461
10.2222222222222,29.978655245894,15.9657196113165
10.2777777777778,22.4416318258735,19.1719814613795
10.3333333333333,26.9792441249505,18.6937634003031
10.3888888888889,22.8667722449488,13.9324932301456
10.4444444444444,24.7824582926629,17.0929693577567
10.5,29.5514316075281,18.9041355534003
10.5555555555556,28.1260739642058,15.3815977208461
10.6111111111111,33.6000097969626,14.8402139943048
10.6666666666667,42.8399971695906,17.7822377496858
10.7222222222222,33.7155395037275,18.4639535009217
10.7777777777778,36.6626405835993,14.6688507481669
10.8333333333333,35.033967109359,13.8726659646564
10.8888888888889,30.0060621717286,13.3106724779229
10.9444444444444,32.1006878206063,14.512724542716
11,50.513984695832,18.6379078200368
11.0555555555556,33.50276936408,16.19632719435
11.1111111111111,23.5161756934654,13.1798131475537
11.1666666666667,26.8774084220303,17.7001650949276
11.2222222222222,26.6667462881594,19.3413408133056
11.2777777777778,26.9875581003264,17.4787230868092
11.3333333333333,28.4163695353975,18.8254924359795
11.3888888888889,22.3629039059348,18.5261631431444
11.4444444444444,20.1224388336912,13.7262210379821
11.5,24.0859973907372,12.8383415512469
11.5555555555556,24.4953224541785,16.1265515537975
11.6111111111111,26.9743340221952,17.7408687178003
11.6666666666667,31.7343180374817,21.7427809578452
11.7222222222222,34.3057870984636,23.9626619977156
11.7777777777778,32.2621664889733,21.5103869916509
11.8333333333333,29.6514908629803,15.4435620585608
11.8888888888889,31.553284037204,17.3318868575272
11.9444444444444,30.2892324544357,15.4396480209362
12,33.3221458309753,16.5871692132733
12.0555555555556,24.0238571849111,12.0244380531305
12.1111111111111,25.2718231837733,14.3836441589341
12.1666666666667,28.5611222389944,19.1347873184182
12.2222222222222,25.8298144847785,17.3940381137582
12.2777777777778,25.0494040677785,17.9662177791541
12.3333333333333,33.1795951782747,22.6354983167644
12.3888888888889,35.6189344519696,19.9692346021387
12.4444444444444,34.8687321862187,16.9033012180668
12.5,28.9148419464126,17.1889083304787
12.5555555555556,20.6998670383912,15.8265273628211
12.6111111111111,23.3650096385745,16.4871614999673
12.6666666666667,32.5540238924243,13.3009431204417
12.7222222222222,28.0447717891563,16.6033411079968
12.7777777777778,29.0214522560045,17.5280632100757
12.8333333333333,24.9420068174336,15.4570261816986
12.8888888888889,23.0977751598012,17.697106343533
12.9444444444444,28.9416326625518,16.1566386989714
13,38.9301104093179,24.2905730304263
13.0555555555556,38.0204923072521,23.2021880336949
13.1111111111111,34.6635761199471,17.6465004667205
13.1666666666667,28.1298330131545,13.9222388635908
13.2222222222222,29.0629114982029,15.2933398092417
13.2777777777778,24.7597501632754,20.5333559540175
13.3333333333333,33.3839160969837,20.5668106297234
13.3888888888889,27.4783031062119,17.3303429365795
13.4444444444444,23.3574964877249,18.9422364225261
13.5,24.0477325900631,20.60302634978
13.5555555555556,31.5418820191161,17.7860721812605
13.6111111111111,31.3373909701619,19.9377990260602
13.6666666666667,27.0117762462408,18.6640483251774
13.7222222222222,28.1178682382816,18.182249615351
13.7777777777778,30.3096346587499,18.4920223756229
13.8333333333333,30.5560270365408,14.5760370970566
13.8888888888889,26.3579193755866,19.4115910521868
13.9444444444444,24.3775524743193,19.2674823764255
14,27.0814674492372,16.8344092155287
14.0555555555556,20.2868160542043,21.2869185461104
14.1111111111111,15.405029763538,19.3679817213954
14.1666666666667,26.6437844426773,18.9763632599058
14.2222222222222,23.625815301801,18.5714963869129
14.2777777777778,21.540673624019,15.0679446206875
14.3333333333333,31.7079702679639,14.0478529902121
14.3888888888889,29.4579815075752,13.320321966346
14.4444444444444,30.2045847585627,16.5193591913911
14.5,31.0179721436528,15.340152576401
14.5555555555556,25.0656465724006,18.2252863756083
14.6111111111111,33.8672458303651,18.2748587098139
14.6666666666667,40.1488496865107,20.3832526179951
14.7222222222222,33.2683792309948,19.5676118670781
14.7777777777778,33.4684298159504,13.9425648453726
14.8333333333333,35.7780633739398,16.2228469117168
14.8888888888889,29.2128997243532,15.6147217868272
14.9444444444444,27.7976223850495,15.5520254354767
15,39.3711833881142,21.1679931171789
15.0555555555556,34.7961538410939,15.1204537721927
15.1111111111111,26.8721556450542,15.2850991061299
15.1666666666667,26.7092415047487,18.0643778017646
15.2222222222222,30.5082348713154,18.5419322867124
15.2777777777778,35.1558905065864,19.0210921916246
15.3333333333333,34.7887157072847,16.506903428496
15.3888888888889,24.0687933772466,16.8768722357334
15.4444444444444,28.3061697326195,17.3092486607959
15.5,47.0144143826144,19.0690114786656
15.5555555555556,39.7398887418112,22.2416349060818
15.6111111111111,21.2125470145581,22.1880949560531
15.6666666666667,19.347334265136,21.7189009169941
15.7222222222222,27.8489849009724,17.7697962329215
15.7777777777778,31.2381558728186,14.0040654032699
15.8333333333333,29.5017119971098,13.7464365300872
15.8888888888889,33.6928639081301,19.4514802585262
15.9444444444444,32.6816882979,17.1217855884135
16,41.6478221725178,22.5799006688294
16.0555555555556,30.9422331185695,17.2049017395215
16.1111111111111,30.732395901192,14.2913043883807
16.1666666666667,29.1498143588771,16.2120404710991
16.2222222222222,21.3528641383549,15.5518780881999
16.2777777777778,20.9111576985645,15.3469595839183
16.3333333333333,21.5603843755951,16.4611364953307
16.3888888888889,24.973550496809,17.8166378506791
16.4444444444444,23.5784061932082,13.0269648726415
16.5,21.7108556740613,14.2319485617771
16.5555555555556,18.9570279281085,19.5250675725678
16.6111111111111,22.1711044699965,19.2623525805555
16.6666666666667,18.6423567235755,20.7448391205433
16.7222222222222,18.6812303308626,19.0695201589512
16.7777777777778,21.3116904936622,16.3400702710051
16.8333333333333,28.7613289556521,16.5793845351775
16.8888888888889,27.4579891518216,17.4140666911854
16.9444444444444,26.9287510399114,17.1860795321768
17,35.0413208207706,18.2011122745546
17.0555555555556,31.0895385085101,17.4948820211531
17.1111111111111,30.9084685633392,20.2121703427176
17.1666666666667,24.8734193094818,17.3948273983979
17.2222222222222,13.2677362156888,18.1196658354846
17.2777777777778,19.4970870229157,18.6180560123993
17.3333333333333,23.4512220658909,15.2195500520514
17.4166445153146,33.4889161076605,17.12194884653
17.5,27.1807975993629,17.6361296041972
17.5555555555556,24.5134917409863,13.1627078020096
17.6111111111111,28.7663318431605,12.4704113409111
17.6666666666667,29.7687319141026,15.292786549713
17.7222222222222,21.4192280165698,17.377769807669
17.7777777777778,20.0506249346988,14.5997455287389
17.8333333333333,20.1951406794193,15.0370753700494
17.8888888888889,22.8544030492204,13.9406139285456
17.9444444444444,26.2522732978173,14.8784981062177
18,24.6075126937848,14.8320758068328
18.0555555555556,25.3381673415629,12.6720128413212
18.1388676195213,18.0529490800449,15.2857464749487
18.2222222222222,18.3792646068331,14.7326781132037
18.2777777777778,17.8248352057085,15.6519533252516
18.3333333333333,23.5959885388935,17.9343289197452
18.3888888888889,25.5020228370568,15.3481658530577
18.4444444444444,16.5800601902381,13.0398559346201
18.5,17.1783696836102,12.9673109505459
18.5555555555556,23.4967143143929,18.3420631547188
18.6111111111111,32.0931062125413,19.9425282488425
18.6944238071539,23.9444173174637,14.4600403109673
18.7777777777778,16.7227727825969,12.1315934387777
18.8333333333333,22.3942610244836,15.5850366599325
18.8888888888889,21.3935732652455,11.4589466056556
18.9444444444444,24.7101883377242,17.6957932616807
19,30.7986008591344,23.7043287813007
19.0555555555556,28.0235017538039,19.5256643818998
19.1388687308392,22.6668173717954,16.2761915876695
19.2222222222222,17.1531611631468,18.104262006785
19.2777777777778,14.2204828142432,18.8223227279466
19.3333333333333,21.7508469713429,17.7034270639152
19.3888888888889,25.399274154629,14.8020222837171
19.4722024092465,22.9785317130496,18.4586420415012
19.5555555555556,19.7571731794556,14.7407808191688
19.6111111111111,22.6942054881894,14.8984448336741
19.6666666666667,22.0470415814349,14.8721155901419
19.7222222222222,22.1587230620526,13.8171350182038
19.7777777777778,22.0863270294483,16.8453554478608
19.8610916860822,21.6111565040742,16.5307185152726
19.9444444444444,38.6417023182827,31.3782873779188
20,68.4213093195407,52.3364549292999
20.0555555555556,40.6116393892062,26.5337233447978
20.1388697317917,24.0342993114786,16.3565638179606
20.2222222222222,23.2798871748452,13.0529229953739
20.2777777777778,28.6205081779914,14.5383101160698
20.3333333333333,32.4403445336894,16.199413650934
20.4166477702104,28.0552419351348,14.0951805645827
20.5,27.4744700053019,16.7266362364471
20.5555555555556,21.9546881987731,12.4994417930828
20.6111111111111,21.6305751830526,12.4097307737895
20.6944258016322,16.8437261045741,12.0071148347942
20.7777777777778,20.5932330595967,16.1958746433049
20.8333333333333,23.8601474553163,15.8004570874341
20.8888888888889,24.2088913818965,17.3421297763821
20.9722038263348,31.2976586921911,21.8467393759296
21.0555555555556,29.1560071928106,16.1982036958567
21.1111111111111,20.3365394823005,15.8488847035914
21.1666666666667,15.2295838716532,17.8897411080702
21.2499818445819,24.2842322965381,18.0020646188423
21.3333333333333,38.1736931019078,21.9998758437238
21.3888888888889,26.5433471061434,22.0650573770833
21.4722042547,18.763089341797,16.1443144074821
21.5555555555556,14.7430017589101,16.9041916366349
21.6111111111111,20.9408095921424,20.9166250133698
21.6944266609687,26.4399064200502,15.1979929136339
21.7777777777778,23.1554567407815,14.0245766515651
21.8333333333333,19.633688096647,12.8192012031231
21.9166490635051,20.9040981957482,14.7057564467283
22,27.5398489966245,16.6961763108968
22.0555555555555,25.2370114381658,15.4321041852611
22.1388714624217,16.5086324037234,15.052541396459
22.2222222222222,18.0247130302947,15.4402232249788
22.2777777777778,18.5520239152037,12.921290422543
22.3610938578263,19.7866929420307,14.305613269788
22.4444444444444,21.8902126010113,11.8879887407783
22.5,17.8706601681016,12.6033536137574
22.5833162498227,23.0807477636904,13.7545443565176
22.6666666666667,25.6785955708837,14.6250727909063
22.7222222222222,22.7926412948165,17.7623580750384
22.8055386385104,21.0289011184659,15.7793828251545
22.8888888888889,20.989550514004,11.4409889020077
22.9722054279127,25.7397318771729,18.3387830305764
23.0555555555556,19.5620272578305,17.0202046319609
23.1111111111111,20.2680894058628,17.1189029160338
23.1944278110386,18.2465962916605,14.9028359622382
23.2777777777778,26.4746713921205,14.2927227008537
23.3610945963741,27.4674775181386,16.6495956775312
23.4444444444444,21.9128168138323,15.2986522445884
23.5277613800284,18.9864669206605,12.2927901462944
23.6111111111111,19.0974868470455,13.3589203125392
23.6666666666667,18.9880981731011,14.5034454988965
23.74998375568,21.14040200253,14.0629241935256
23.8333333333333,22.7447591638897,10.5118223578737
23.9166505355475,21.7612474585814,15.1636257335217
24,27.7875049958722,27.254807490303
24.0833173138483,24.3397930161464,15.5149282940922
24.1666666666667,21.7654263454149,13.1023584809486
24.2499840906146,23.5724592327934,12.682987448451
24.3333333333333,20.5123235066104,18.6814020120198
24.4166508658778,25.831414029738,13.2230886356977
24.5,20.672018429446,14.7424106384684
24.5833176396686,24.3377672494414,13.5173459481716
24.6666666666667,23.8021256532188,14.6362126791128
24.7499844120165,22.4883301531991,13.6692683345627
24.8333333333333,20.9231245474624,12.3571678639243
24.9166511829507,23.5389759391385,14.7435956116137
25,22.0209012970222,18.7236471919326
25.0833179524993,17.1573471362974,17.8852341256547
25.1666666666667,20.5454313092548,16.1789444583383
25.2499847206897,28.4403066615377,17.511176513672
25.3333333333333,18.3949078340796,21.6791520825833
25.4166514875486,22.2632864401472,17.1611716845918
25.5,20.5925385701108,16.9400623645399
25.5833182531021,18.6938569445653,12.6761022566434
25.6666666666667,22.6936478913767,12.2022939736288
25.7499850173755,19.7476760854464,14.0474606589014
25.8610961928588,23.703652959045,12.1002335324936
25.9444444444444,22.2610750284413,12.9363153800909
26.0277629550533,24.5806032214466,18.3677042255092
26.1111111111111,20.4487958255404,16.6329834779686
26.1944297160321,16.2681244348617,16.4201700036292
26.3055408893541,25.3261406473367,17.182229783475
26.3888888888889,26.4069970473196,14.6042861137782
26.4722076483579,19.18446744431,10.1984063951348
26.5555555555556,20.4190662718919,11.0181816994144
26.6388744062062,20.1064300184233,13.0217603906734
26.7499855774739,20.0610529435045,13.8360442957596
26.8333333333333,17.6001561681579,12.8807285011464
26.9166523334442,20.6436673497105,15.1486708968057
27.0277635034791,27.1508828947308,16.6822039883068
27.1111111111111,21.9481133595066,15.5167544416826
27.1944302576288,25.1561519601586,15.3408643339592
27.2777777777778,26.2051707804272,13.7738174030483
27.3610970107127,23.6765476378471,14.3223009663537
27.4722081788527,21.4346832958375,13.1793238032612
27.5555555555555,19.2945895266501,13.2030331977837
27.6388749302031,19.8045954964386,16.1081250895423
27.7499860972048,23.7541068573926,13.5636235430182
27.8610972637608,18.6111485938779,13.5108581000538
27.9444444444444,18.4421795198743,14.1309249901535
28.0277640127705,19.7564055235666,11.1423218473783
28.1388751782351,14.6850629673369,11.8191493601527
28.2222222222222,21.7272799327395,13.6692122443196
28.3055419256319,23.0000514577502,15.3554704435608
28.4166530900369,18.7927636076267,13.6071679244021
28.5277642540269,20.7578327952075,16.1689498465929
28.6111111111111,22.8569339104716,13.2587791948684
28.6944309992439,22.1541026067908,12.5216915548046
28.805542162217,19.1983082930071,11.7579744508713
28.9166533247914,16.6922697596458,14.1669570891292
29,23.118006687313,15.9081594179151
29.0833200679159,33.0473644298145,13.0166310328898
29.1944312295139,19.7699834571092,16.0401023517726
29.305542390729,28.8066209721593,21.2260530907677
29.3888888888889,21.5669668245288,17.3340292807953
29.4722091318433,23.1089225979087,19.8562483615905
29.5833202921202,20.3736264209307,14.556034208299
29.6944314520292,26.7897247302906,22.3730864593139
29.8055426115743,35.1579924966652,21.1157897925742
29.8888888888889,52.2566646793808,22.9607009364543
29.9722093502186,31.1333136155043,20.8297358456101
30.0833205088718,26.4748541829352,17.0772238449667
30.194431667175,21.6750276028173,18.5554846870358
30.3055428251323,23.7402913021162,17.3378854364056
30.4166539827472,19.5976000733922,15.1722687886062
30.5,17.4973407498928,13.6510308957571
30.5833207185361,22.2243861411552,13.9756746276253
30.6944318753116,25.5485414379333,18.0453554515593
30.8055430317578,23.161563324941,16.0369940261031
30.9166541878781,23.5377937381759,14.3568567552896
31.027765343676,27.1564019282014,16.2187759915936
31.138876499155,23.7396424715113,16.8318922003594
31.2499876543186,14.6030777802433,13.8425073048599
31.3333333333333,17.4024590923146,12.9838012706839
31.4166543864796,20.6725289751798,15.7169854145424
31.5277655408689,21.2751453769693,15.2287450739546
31.6388766949542,22.2096830050991,14.9716456165165
31.7499878487388,17.090242131678,15.2057341889998
31.8610990022257,21.4223880688216,13.9018649764509
31.9722101554181,45.4682451403066,23.1339810685723
32.0833213083191,28.9075821209521,17.0498639991059
32.1944324609315,17.8732041189344,16.0937271726159
32.3055436132585,19.9966577340089,18.1774336076608
32.416654765303,14.6837562298802,14.2822400800826
32.5277659170678,16.4328665072292,12.8051729076416
32.6388770685558,20.9876565514083,15.5036900781894
32.7499882197698,22.8696495250966,13.0031813924182
32.8610993707127,22.3051677900389,14.0309744074946
32.972210521387,25.5261417613847,12.9548583189665
33.0833216717957,18.9099188662522,12.6852864268351
33.1944328219412,18.0222292405764,12.46891698935
33.3055439718264,31.5199378986043,15.2450218816306
33.4166551214536,22.3810916027282,13.5297785037498
33.5277662708256,20.6690134211415,13.7039653262584
33.6388774199448,18.0040559993504,15.1522680350419
33.7499885688138,21.8365236640006,10.9972268035648
33.861099717435,18.6896719957786,12.8636806908294
33.9722108658107,20.9684154491271,14.2979996870795
34.0833220139436,17.8022525831031,14.3321921178346
34.1944331618358,19.8412264138353,11.7547137732727
34.3055443094898,22.0662327164263,13.5748397940451
34.4166554569079,23.3090609155976,13.7453557418555
34.5555257829921,14.1853405730883,13.5941757162624
34.6944333244355,13.9001719104629,12.7059105828867
34.8055444710455,16.6139187039722,12.8627148914418
34.9166556174295,24.421019111287,12.1467279590379
35.0277667635898,20.2842491785578,14.5795407642014
35.1388779095284,16.9083543728588,11.0316857855005
35.2499890552474,18.0134638037885,11.4408476412978
35.361100200749,20.7499678108778,13.5358384773009
35.4999710195092,21.2899973498487,14.3598967131284
35.6388780635646,18.9291611793464,13.7666718608616
35.7499892083209,22.2994196058164,14.1650982384868
35.8611003528687,21.0425821287196,13.3731690849917
35.9722114972099,26.9581403505188,18.5504756088215
36.1110826210601,21.3941587569835,14.1027305607355
36.2499893571717,19.2515118458508,14.3764060357973
36.3611005008048,19.7826195185375,14.9484617904706
36.4722116442398,24.3315022529381,9.53440483107943
36.5833227874784,29.8462906627086,14.703687931518
36.7221942062878,15.3806398440367,15.5428078423993
36.8611006447276,20.1036858275496,12.9489702861892
36.972211787293,18.1736164681427,14.7632918106295
37.0833229296698,20.9337778523573,11.4433258463741
37.2221945826218,23.3036736187158,13.7033128498355
37.3611007847982,27.8596207443069,18.5394343537434
37.4722119265285,24.6476819156143,15.2509994086098
37.5833230680778,24.0089945091953,15.5701810888264
37.7221949489794,17.2814506606367,13.3077277698605
37.8611009211692,15.6261505997041,11.6918495927317
37.9722120620973,16.6310172724401,12.1739344428151
38.111084116167,20.1881523132581,12.3078687588696
38.2499899136596,18.4702272810146,16.811522834109
38.3611010539853,23.8966132087275,14.952512150332
38.4999732777325,15.897983950647,10.3645259858607
38.6388789040645,17.4171787111785,16.9200982354948
38.749990043806,18.5941479118126,14.0550761982905
38.8888624338444,20.1451660336912,14.3827427516358
39.0277678924463,20.8373686418684,11.5817804352815
39.1388790316209,17.4026400340716,14.3683637811421
39.2777515846648,23.1985649144656,11.936891901118
39.416656878865,19.1664528660881,14.7986041774268
39.5555295463832,19.8999224950782,14.3137377432253
39.6944347251368,16.5571824061142,11.569154711736
39.8055458633779,22.7017810283355,12.6082533036312
39.9444186884911,27.4515092108273,23.911820007199
40.0833237083226,23.5131842056452,17.4789335194996
40.2221966441417,17.2451279067843,12.9501130437394
40.3611015523427,16.1587502498454,12.361819355257
40.4999745973523,18.5537890374796,11.3631933214166
40.6388793954572,18.9411811825613,12.9307205942975
40.7777525481729,22.0705829430383,9.23859307243802
40.9166572376847,22.7205711728471,13.0386557868849
41.0555304966519,21.6880964623811,14.6526691115358
41.1944350790429,18.7294574912665,11.4372568797737
41.3333084428364,22.8398427299166,13.1255143016226
41.4722129195494,17.9326537631312,12.4474348808289
41.6110863867726,26.2828819384144,16.8489983677182
41.7499907592213,18.3296124338256,11.9943488747036
41.8888643285051,20.7477619126362,12.7697826686566
42.0277685980749,21.4616357320039,13.2997234071714
42.1666422680774,19.2046326078263,13.3149106090461
42.3055464361265,17.384185186182,12.4356474417084
42.444420205532,19.0226928674202,13.8404993668785
42.6110869670055,24.5320712962923,27.098389675422
42.7499909753799,17.2324090987226,20.2252853610943
42.8888649011572,18.8759465724833,13.8972251394066
43.0277688114186,14.4429299038911,11.70766930721
43.1666428332963,20.6247134410162,11.9395905136873
43.3333095916299,22.45868059739,14.1394549748955
43.4722133475319,19.4777287484113,12.6664215055446
43.6110875206289,21.4251880494718,14.9170874704423
43.7777542771071,15.6975596517301,13.3442830070177
43.9166578817898,21.2430207601002,15.1905016073407
44.0555322030608,22.0715286017228,17.2183876175901
44.2221989577395,17.425875636596,14.0013076218629
44.3611024142481,16.0990916029962,11.5087756614949
44.4999768807389,18.2146940572187,11.6979173324268
44.6666436336715,19.9418768251167,13.6015379008237
44.8333103859628,18.2425019221004,11.1383615567546
44.9722136435377,23.7043981489048,13.2305213428944
45.1110883050423,18.5064408657487,12.7618413159932
45.2777550556578,22.8259149644978,15.5297173672096
45.4444218056575,21.2860513438531,11.6880612943253
45.5833248696586,16.6576441626476,11.4338427551074
45.7221997209736,17.4290346120522,13.1637251515291
45.888866469364,18.6024598464715,15.4952786249535
46.0555332171629,17.5070400309255,13.3472123109035
46.1944360927366,18.4198035761979,12.2811402114676
46.333311128864,19.5254283084888,14.7013378635226
46.4999778751167,15.1090756318368,13.0538958522295
46.6666446208009,22.3055279902602,16.2418570594834
46.8333113659226,21.1497473480971,13.3412167478432
46.999978110488,20.5137509302316,11.5575606769362
47.1666448545028,19.5252111007085,11.9736717770143
47.3055474000124,17.4714705361206,12.2480726876131
47.4444227599866,17.2494160611756,11.773860978101
47.6110895025616,19.4854274507917,12.8444395078467
47.777756244607,18.8823729167798,12.6141995145238
47.9444229861283,22.8095480110174,14.7929433168241
48.111089727131,22.8430122708446,15.3184505074027
48.2777564676205,18.7863962909292,12.9610510060601
48.444423207602,20.992821185455,14.9918463803194
48.6110899470807,18.6660468602433,14.4617353426798
48.7777566860619,18.5724633417408,13.8052513361266
48.9444234245506,19.0238368936035,12.5178777348103
49.1110901625518,16.859104811323,13.49972087135
49.2777569000705,18.4728517393456,12.4871455592759
49.4444236371115,19.5398719658594,13.1068568394413
49.6110903736797,24.0077916296859,12.3901536594482
49.7777571097798,29.4510090206368,14.6585493386078
49.9444238454165,631.28779303867,455.758860013987
50.1110905805944,388.081589017843,291.301073580085
50.277757315318,31.9347455956368,10.9616526386688
50.444424049592,23.5952819624675,12.1241048688965
50.6110907834207,20.9615204711408,13.3963652136943
50.7777575168085,14.6010838565282,13.7782603153793
50.9444242497597,18.2928164827167,14.5423802348355
51.1110909822787,19.3350402991143,10.2393857947567
51.2777577143696,16.2754981543846,11.0562299395228
51.4444244460365,18.4995568770934,13.2473335924917
51.6388515330515,18.8327132934382,13.9755592247365
51.8333134849672,16.5909797294189,12.7421413797609
51.9999802152504,17.0103135326301,11.1551731823709
52.1666469451272,15.37673153444,12.6088937399562
52.3333136746014,18.2380667520142,8.95152320246256
52.4999804036768,18.678469011157,11.2054614504027
52.6944078369065,22.656692373798,11.384992067955
52.8888694366564,15.937047513931,12.2145507268292
53.0555361644296,23.2961387502372,11.7885160105906
53.2222028918201,20.0531772810501,12.4121804075556
53.4166305540832,24.477396825879,16.0356194871525
53.6110919209296,18.9375469530367,14.4634562995129
53.77775864707,16.2225531406425,11.1934978574797
53.9444253728429,14.9862372698348,11.9743335610642
54.1388532580543,16.2131218247746,11.5670815786225
54.3333143982362,17.0327614778793,11.9743216058371
54.4999811228084,15.8440580690617,13.1474182082261
54.6944091755285,15.159291187319,14.0002570488896
54.8888701454427,21.1781658327337,13.1835485703907
55.0555368688504,15.375948905086,10.7083228549816
55.2499650857242,18.7951767879886,11.4696724139862
55.4444258888084,17.0599809602968,12.4637348065153
55.6110926110865,19.536663554052,14.1563200763869
55.8055209888589,18.2482633595972,12.7385903193577
55.9999816284478,18.8064913381746,13.5499461024265
56.194410116964,19.0345029110728,12.7402197097183
56.3888706440371,23.548343178709,13.5853120116358
56.5555373644706,23.034616891153,10.9478173544956
56.7499660085698,18.8401683464314,12.8711124788942
56.9444263775913,18.8414366589635,11.9673068639608
57.1388551288056,19.8812199064452,12.5383190271415
57.3333153890268,19.7673659424295,14.6841695040231
57.5277442459137,16.9556431515554,11.9363819498831
57.722204398811,19.4383078736461,12.772888381904
57.9166333599568,24.5497414496072,13.9403538698184
58.1110934069771,25.8541144751476,14.7015022585786
58.3055224709965,22.8918692144855,14.0365832884333
58.4999824135573,22.218833672495,12.2000057214042
58.6944115790924,21.3003411788201,15.4177040158147
58.9166339252765,25.6529625675989,13.3926917931157
59.1110937064833,21.2741660374927,13.5942500345335
59.3055230288633,21.9111295830953,16.0737385385468
59.499982709128,24.7274699927772,16.5600548145695
59.6944121296528,34.9037971751406,15.4344563491158
59.916634471726,55.861649729826,55.8473028526969
60.1110939960244,48.3170919721228,34.6358831498034
60.3055235682287,34.1371984000407,19.8857851887639
60.5277459078897,31.5268525676512,15.0270891619152
60.7222052793826,19.9477651157856,14.1890130335078
60.9166350002345,20.0479216501376,17.7019218981961
61.1388573375553,24.818679760888,13.4318379172668
61.3610796740423,18.7847831750811,12.5138388034726
61.5555388420867,20.4217457179052,13.1304975085617
61.7499687609157,21.1614917230729,12.2875383184996
61.9721910951563,25.4530375867027,14.481860746319
62.1944134285963,22.3645938165189,14.5390076732726
62.3888723986633,28.9340558544586,18.2290533710861
62.5833025102159,23.8764410801233,13.4521829582783
62.8055248414985,23.3719556107727,14.8223784491625
63.0277471720118,22.5347227532491,14.7291788687328
63.2499695017643,21.1967349401965,11.997551550159
63.4721918307639,19.7072853330219,12.6930788417254
63.6666505073968,16.8737046398072,12.0602533887875
63.8610809047249,35.0274276435263,22.9105056166744
64.0833032316941,60.236927342888,47.3989715024161
64.3055255579394,20.7982231073332,12.4292592068711
64.5277478834682,17.4540641743535,12.864576021293
64.7499702082879,19.1326183455476,12.5858005496951
64.9721925324058,20.2814121115359,11.1422137265003
65.194414855829,18.2669611479805,12.0474957262029
65.4166371785647,15.5983630845048,11.0042406706143
65.6388595006197,15.2551488169304,11.3519944538338
65.8610818220011,14.6500797090435,12.0083220716386
66.0833041427157,17.9502746491881,11.6333196379114
66.30552646277,17.0151567446969,11.8777099213335
66.5277487821707,18.4336468245764,15.5025729451519
66.7499711009244,16.4876374418909,10.9904345461234
66.9721934190375,22.6434236788621,13.3235122581561
67.1944157365162,16.5366243184418,12.4767186683806
67.4166380533671,15.5521447410158,11.1999970968665
67.6388603695961,18.0843454731645,11.3715365158688
67.8610826852095,18.8045106985585,14.3349257519568
68.1110657965924,19.6302455663686,11.9227055084013
68.3610828931196,17.3792559645177,10.9697461910953
68.5833052067732,18.6128625838446,10.7642657657333
68.8055275198362,20.431413853667,12.7291925387341
69.0277498323144,16.5579819707698,10.7836622605215
69.2499721442132,25.6314721116083,13.3100043066299
69.4999555910486,17.6585764894935,13.8246567877894
69.7499723438965,18.807982791456,10.4940544291946
69.9721946539508,14.2112199759458,10.9690496073334
70.194416963449,15.611280939693,10.9326769867516
70.4444006308821,16.4668929597072,12.3733568566095
70.6944171578138,13.8898715584382,12.3558110138644
70.9166394655406,18.2049693154739,11.2895805145741
71.1666232977391,15.1487410613373,12.1629134954648
71.4166396559804,18.1530253300166,10.4753556853196
71.6388619619892,14.6002099517684,9.35527555686653
71.8888459556621,15.8794295583615,13.4035343461626
72.1388621486217,15.8154608122934,14.0164596244531
72.3610844529638,17.3223271409171,10.7532537095625
72.6110686049178,15.4794153934102,10.0103662202387
72.8610846359021,17.9759972224774,12.7057047096028
73.1110688956141,18.3655674800353,11.0621712337099
73.3610848163467,15.7853229374157,12.3063472688018
73.6110691823613,17.2163242810085,11.9484586374898
73.8610849943483,19.0689709386321,11.8593349992876
74.1110694652392,13.6334544858393,11.9665065195408
74.3610851699561,16.3732906168131,12.984957021662
74.6110697443259,21.6848353610118,14.0965379246938
74.8610853432181,14.8003712499589,13.1751573275582
75.1110700196969,14.7639436820528,12.4013534657219
75.361085514181,15.1652434795668,10.5704010994363
75.6110702914259,17.0197686033533,11.4260658898436
75.8888482186171,14.5086696900102,13.2984912163087
76.138863553438,12.7098625500963,11.4697683302584
76.3888484848229,13.5618807570422,11.3732971242878
76.6666264089923,15.1233852144737,10.1579127851791
76.9166415874069,16.8526823492017,11.3629485287359
77.1666266698415,14.7459665788736,11.551400141369
77.4444045910801,15.0550318634556,10.3479493327314
77.6944196162465,14.4602973379102,11.4788367840911
77.9444048467328,16.3028741473581,10.6865815647495
78.2221827651276,17.9092827182188,11.3482645131662
78.4999606825273,16.2063164021827,12.0950962760459
78.7499755045964,18.3649552069299,9.25996130782512
78.9999609313723,15.2454482782269,10.291837920051
79.2777388460411,15.1405434776579,11.7985226080229
79.5555167597538,15.0569007896581,12.7423000411252
79.8332946725206,16.1785547735256,13.1737389736409
80.1110725843513,18.5270564532053,13.2210300932823
80.3610871068013,14.8635060638323,10.1049652265248
80.6110728233184,16.9157587023972,11.74158724549
80.8888507325791,17.7725169287386,10.2538611086527
81.1666286409399,14.6404976416742,11.5877954409129
81.4444065484099,14.3445059613239,12.724239038984
81.7221844549984,17.9493119110947,10.3609343094258
81.9999623607139,15.5054253041537,10.5121010766648
82.2777402655658,13.2835860066198,10.671061108927
82.5555181695625,16.8786576769287,10.842592223432
82.8332960727126,15.2615314611957,11.2412946631963
83.1110739750246,16.6728635419945,12.3077309527141
83.388851876507,12.5585930159997,11.4009428802052
83.666629777168,14.5150679605331,11.2101919652733
83.9444076770157,17.271121270238,10.6455807862226
84.249946575284,15.3055758111463,11.7120254546175
84.5555190538575,17.2503574175961,9.81074980797707
84.8332969511564,15.643748031604,9.14999928760215
85.1110748476751,14.8086723905618,10.220260538433
85.3888527434212,20.0834616394812,19.5389444462324
85.6666306384024,14.8999060014388,10.2487363772469
85.9721698677283,14.4720681366002,10.2087341964431
86.2777420047043,15.5256761794944,12.285043485069
86.5555198972866,14.5377749680243,12.0877308351668
86.8332977891344,16.7680871218911,9.5601212523839
87.1388372353488,14.5411754946151,8.78216970011704
87.4444091486487,14.9643610498846,9.89141466192277
87.7221870381929,13.0262465008648,9.51979288935158
88.0277266458267,14.0579772675615,10.290884241736
88.3332983927157,16.7898784371492,8.34769474379998
88.6110762800254,13.684481922909,10.6146877601414
88.9166160458761,15.1507663764441,11.0252422554279
89.2221876297058,13.4447693786021,11.0272442176529
89.5277275025221,15.2730422639452,9.8084812568088
89.8332989761403,20.4123609705788,12.2020677555521
90.1388389544829,25.9058450691509,14.2171292245455
90.4444103193949,16.452436749183,11.9656480870637
90.7499504018531,15.4997618973824,10.5157527893299
91.0555216595333,13.5179445277906,8.84356218336591
91.3610618447248,15.0326156211159,9.92808100554914
91.6666329966182,15.3835996121171,9.69515861216079
91.9721732831877,12.1326212154146,10.2562233587822
92.2777443307099,14.1012634845036,10.5101065406364
92.5832847173292,14.62198816173,8.16797409856736
92.9166182250699,14.3005207312394,9.13723126606895
93.2221891140104,14.8287281706364,9.6409477968488
93.5277296526992,14.3697067105807,10.8098407433564
93.8610631569415,15.1039151243775,10.2681906107625
94.1943966599743,14.7509939372893,8.95007734625223
94.4999673394599,15.2853311570021,10.7098197425557
94.8055080791017,14.504378262043,8.44522300442209
95.1388415787761,12.7820419074227,11.182755818187
95.472175077289,15.8841531311741,12.6468597076965
95.7777455529646,13.1204594165037,9.9628019324523
96.0832864882527,18.8342917432059,14.1346475994718
96.4166199835397,12.8787197346123,10.4955459928105
96.7499534777108,14.0186650331997,10.2467211647884
97.0832869707776,14.1312945410782,8.51392636373194
97.4166204627511,14.2300608187729,10.223688220024
97.7499539536428,14.4083993006155,11.0790119963436
98.0832874434635,14.3061720900011,10.278609920333
98.4166209322242,15.1754810361359,10.7696374480664
98.7499544199356,16.4626712637448,11.847884118043
99.0832879066082,14.7881178636933,10.4693577740732
99.4166213922526,17.6823875322981,10.0425188968629
99.7499548768791,18.9426243813087,11.6626797795553
100.083288360498,78.6053377360088,52.9939224414309
100.416621843119,17.1174249891977,9.48220126547611
100.749955324752,15.6849239434072,11.178284729463
101.083288805407,13.9668059120767,11.3916562612159
101.416622285093,17.8772470656724,8.20629601198578
101.777717127563,14.3529836395653,9.88779206217233
102.138844821137,14.2749106619845,11.0483207450841
102.472178297819,13.8116053025333,9.3418463563845
102.805511773572,15.3292969081695,8.97469933561641
103.166606832961,12.2526784263674,8.04967059591042
103.527734301223,12.664229058012,9.83114750850421
103.86106777409,14.4096095256221,7.86123755212268
104.222162994509,12.0376009574172,8.70015878284283
104.583290295586,15.3190796753462,8.37502601433952
104.916623765656,15.3489331259101,9.97445718348235
105.277719143905,13.3762795690769,9.10612830123706
105.63884628118,13.4247361832472,9.34634708038822
105.972179748535,14.4768364009008,9.58796886451842
106.333275281512,13.6085796387296,9.59228969885633
106.694402258265,14.5362995284628,12.2104642005944
107.055497895366,11.713452019869,9.38267429377321
107.416624764129,12.8971025933904,9.73395140396008
107.777720503971,16.5938905249413,11.4333552273197
108.166609598775,13.2818147741873,9.62605615940691
108.52773630424,12.5732259072099,9.66176162918593
108.88883219951,14.2566490991987,9.93413684280801
109.249958800632,12.5313636647072,9.70650648319289
109.611054795256,13.773033460023,9.65330358135599
109.999943883241,14.75074827854,10.1885767015148
110.361070326538,13.7514931138602,7.92401649255477
110.722166471504,14.3231425824428,9.23792878816414
111.111055555521,13.489252699122,10.3066991432499
111.499944638176,12.0746683863987,10.3002096625595
111.888833719485,15.406054803908,9.86813480639829
112.24995990173,14.4679602047932,8.61192963416261
112.611056295532,14.7108869391604,9.32028876385091
112.999945373069,11.3774712539872,9.65087472163709
113.388834449311,13.0254011209611,10.4209311702737
113.777723524273,14.4752756486142,8.99985995965275
114.166612597967,12.6666855068958,8.98570919611713
114.555501670407,12.629936749517,10.0396356296939
114.944390741604,12.940078215762,10.4226601900755
115.333279811572,12.8868650104952,10.4667489073185
115.722168880323,13.9699410571833,9.50614705627856
116.11105794787,13.8961118945788,8.3602556889606
116.499947014223,13.5629219001196,10.6706650135104
116.888836079396,13.5277192902797,11.4954612916681
117.277725143399,13.9793223991152,10.5465894132326
117.666614206245,12.5529461430203,10.0299506512082
118.055503267945,12.7620299950733,10.9596508681139
118.472153836084,13.9756456663759,9.43762918899183
118.888836967781,14.3999438568704,10.5624448673398
119.277726025951,16.1686709421684,11.2556654295425
119.666615083022,17.247892016652,11.6836079003452
120.083265864706,151.440454315925,99.0914237683962
120.499948773089,15.2829030105292,12.4631598497964
120.88883782677,17.0591504354875,11.2727612472932
121.305488766714,15.8113219327079,11.3081427244905
121.722171509685,14.2338205992503,9.42018381138315
122.138822555737,13.1496387229676,8.89360352034839
122.555505187846,13.3250239713042,10.6134763468967
122.944394236054,11.4466480762006,8.23907344356815
123.361045435168,14.0559193238347,9.6820172020604
123.777727907416,14.2861673829677,10.1996755069666
124.194379209182,15.075236028713,10.207705401334
124.638823886246,14.6016373925202,9.75839128910435
125.055506194753,14.5627366229666,11.0469680139582
125.4721576513,14.2198390797792,9.92034659407596
125.888839854835,12.5863228480711,9.54717800262553
126.305491410657,14.6204719800457,8.57455431750082
126.749936080024,13.4822858855192,9.03989244628873
127.194380747818,13.1993441846054,8.56424577225843
127.611062738815,12.8862906001129,8.82869278405009
128.027714495754,17.9986485583682,16.3943390896015
128.47215915912,14.1982094415329,10.9742132057546
128.916603820977,12.2270779434343,8.80327042698978
129.36104848134,13.040410622023,8.63023759530749
129.777730213068,16.6196746196963,9.07711543677662
130.194382215547,11.9554169101134,9.97127309293672
130.6388268717,15.7498959025728,10.0478393863675
131.083271526417,14.0883525587774,10.337116370209
131.527716179713,16.7991183530242,12.7286230209117
131.972160831602,14.9046696520255,11.7100408250232
132.416605482098,16.6900110909577,9.85359573072513
132.861050131217,19.493991919901,12.1278430694178
133.333256172783,56.7186206260241,28.4151576608126
133.805495006078,18.0417399084976,11.7163015718392
134.249939650976,17.6337080768122,11.191045299096
134.694384294551,16.7744088187478,12.3094726153563
135.138828936817,14.6570672128458,10.2653272530019
135.583273577785,13.8645824879929,8.24608424186267
136.055479938848,14.9857022311088,9.984667321175
136.527718435595,14.2396130068397,8.43711033956664
136.972163072592,11.9255913693697,8.76162457808431
137.444369591852,13.0100495804625,10.3989870420838
137.91660792209,12.6788628290178,8.36543182197598
138.361052555234,13.0869125714504,9.34263847676913
138.833259229567,13.4944446612716,8.6047086420092
139.305497396668,12.8802504937356,8.54877493340348
139.777704174714,14.096170124724,11.3175431736624
140.249942232755,11.6310383150416,8.57405635518988
140.722149113139,11.9470955743138,8.12281122647276
141.222149371984,13.1155864418269,7.82542220386533
141.694387266084,12.2254375552216,7.75412579268568
142.166594300389,13.2889817152117,8.41099519384951
142.63883208912,11.1255775144984,9.19841770968278
143.111039222406,11.8456853505748,9.0400977520206
143.611039472696,11.1420415363995,9.49050512981994
144.111039721249,11.2067969700924,9.05860567440149
144.583277297443,11.7052228965372,9.44510912436451
145.055484630508,11.5841214348833,8.49982666630162
145.555484874143,10.4461712880206,9.16324037077595
146.055485116111,12.3129911066129,8.57260067905173
146.555485356428,11.0016711316374,9.44932335131088
147.055485595111,11.5046174017771,7.90239042910452
147.555485832176,12.1603518082127,8.08709235122842
148.05548606764,12.0712891323054,9.67495421334696
148.555486301519,11.7405287968234,8.67302039953711
149.055486533828,15.4856579338142,9.40771643844436
149.555486764585,16.6051950562503,13.3010255726051
150.055486993803,533.869667976311,342.922878361743
150.555487221499,13.4008052895284,9.47829224669266
151.055487447688,11.719704043929,8.62333003949294
151.583249343292,13.3079223784734,8.61445285389436
152.11104347587,13.0564716229266,7.39831347815677
152.611043697464,12.074497728924,7.78602348693786
153.11104391761,12.5155931433641,9.15397807735713
153.638806022563,12.3668782417297,9.71976311637566
154.16659993323,11.0833107344904,8.62773475558081
154.666600148963,10.7128053346772,8.79987933984923
155.194362408711,11.3830227436291,8.68322578732085
155.722156155406,11.5679731971963,8.85789306324173
156.249918518464,10.765824689654,7.91722927073776
156.777712155778,11.6719853960376,8.79590739925042
157.30547462078,11.3748001410011,8.86216498727866
157.861030461167,12.1038182639266,7.72608599901728
158.388823934388,12.0151307052255,6.80232371967839
158.916586552416,10.5551639081493,8.28667460069012
159.472142387067,9.51161017229113,7.81954039551976
159.999935699555,13.7301216396584,9.35410438789956
160.527698467582,11.2657531160578,7.87257560930232
161.083254296668,11.3205676524425,8.01991273396447
161.638810123875,10.1799061998212,7.77397876580396
162.166603225325,11.3738524706082,7.42551732658365
162.694366190455,11.3242219309468,7.97901004276259
163.249922012317,10.9237001354149,9.26347521159452
163.805477832372,12.2931995836665,9.46394778730725
164.36103365064,11.1029812216876,9.06556189377078
164.916589467137,9.62330748987196,9.6684773134591
165.472145281882,12.0528641495021,9.66584068331421
166.027701094893,11.0396463757888,8.95144806108357
166.583256906186,12.8535053511077,8.82799491401819
167.166574350956,11.8773716692571,9.08545636921239
167.749924104389,9.42682003961414,8.84408284316328
168.305479910466,11.1744776622919,8.0678208423122
168.861035714895,11.0830783138467,8.06211763812771
169.444353369701,11.8696270326855,8.47103163716896
170.027702898903,11.1298717316291,9.81233203123546
170.583258698324,11.3144534086143,8.57421237496758
171.166576508288,11.8947310037713,8.50592228162533
171.749925871974,10.4461220982195,8.37989102650705
172.333243785312,10.37235344005,7.58506588800235
172.916593038782,10.7487421311349,7.55201042928649
173.499911054127,11.1557552663607,9.27743191910054
174.083260198886,10.9342160636826,8.86603656992653
174.666578314899,10.7038447152309,8.79280425979103
175.277689734051,11.3536150636393,8.61003412099192
175.86103871598,10.9309474474955,9.96023221617853
176.444356982872,11.1131323541446,8.0034939376205
177.055468395859,10.3424039925083,9.3106796949156
177.638817218276,11.3527349297374,8.52627464017042
178.222135633085,11.1866137029799,8.93567801319063
178.83324704009,12.4696874640248,8.22584935923651
179.44435844508,14.47446010734,9.580917374291
180.055469848074,19.3719389513073,18.9999888309125
180.666581249094,12.5918374889807,8.69140918895136
181.277692648159,11.4319662922618,9.0093845859704
181.88880404529,10.3998776670065,9.11223093940624
182.499915440505,11.6429093670032,8.76439999850406
183.111026833823,12.4933021246812,8.85899572276492
183.722138225264,11.5309371854808,8.70895945219331
184.361011361601,11.4854791884625,7.78730752032556
184.999916583202,9.97958741999758,7.57718350153457
185.611027968957,9.33553893124401,7.88989816202648
186.22213935291,9.56156536059154,8.37760522214309
186.861012696144,10.7604212030853,8.06299140166482
187.499917695427,12.1101606120435,8.98437888837995
188.138791142325,11.1845275202263,8.51705932939527
188.777696030299,11.0059412228648,7.96385125159473
189.416569579488,10.908784930161,7.60748250267909
190.055474357681,11.6352366741608,8.10925280241718
190.694348007814,12.7274009672957,7.73240875062008
191.333252677721,11.6572338037453,7.57920431794754
191.97212642748,11.4486197677126,9.97188868610145
192.638793425665,10.6307473198731,9.84619675083802
193.277697933591,10.4554494429849,7.76378496006016
193.916571832481,10.6453632460826,7.39310454981966
194.583238824061,10.7049330294673,7.74855030148441
195.249905813423,12.2607694745744,7.9097114957101
195.916572800589,10.2151657147139,7.59262779032255
196.583239785581,11.3235365391751,8.51971060847411
197.249906768421,11.3305955244708,8.59771161497284
197.916573749132,10.7589006555277,8.67181253959808
198.583240727733,10.6996724298369,8.6909451307945
199.249907704248,11.25932844142,9.1191508823161
199.916574678695,20.0668458531381,23.5891549981196
200.583241651097,11.7456681660371,8.50414215545352
201.277670438789,10.7621357496984,8.5149490396038
201.972131170452,10.7535943147599,7.95755116542443
202.638798136673,10.5198590471069,8.38969335304051
203.305465100929,11.0929860900559,8.59119601314617
203.999894093369,10.077253366777,7.75578800553791
204.694354603569,10.0144968901188,7.67707209757302
205.388783698425,10.2096862426069,8.13479601429728
206.083244097937,10.6764784878305,8.51501798218839
206.77767329386,10.2964675090906,8.55531151204457
207.472133584198,10.7845618434551,7.70669941590502
208.166562879867,9.5945155799626,7.65718400658722
208.888785460927,10.5352311494062,7.54578553050362
209.611008039514,10.7978847903753,8.54146029361308
210.305468111705,13.9653548636853,8.59316883363664
210.999897606864,10.3932500607034,8.02532066598165
211.722120178368,9.3231529466791,8.25767567444717
212.444342747497,10.1552137533607,8.39876178594518
213.166565314275,10.6468483856828,7.99040910501275
213.888787878727,10.6048988189266,7.8470844940363
214.611010440875,10.3927796107653,8.70673524772607
215.333233000742,9.85384837767601,7.76462428213653
216.055455558353,11.2280922844284,8.63101871709061
216.777678113729,9.50396786843127,8.79631297771311
217.527662495133,9.62647970601496,8.35313656839436
218.277678798619,10.1141544784955,8.13683394293455
218.999901347257,10.1669786657826,7.33900890605091
219.722123893749,13.1476998855867,12.1758770716878
220.472108479199,10.770258148322,7.52146223413601
221.222124560467,9.90055557947005,8.17617400945003
221.97210924783,9.66552255553773,8.26340935669537
222.722125218204,10.1646043976406,7.41108302923823
223.472110006142,10.452526852743,8.53889125121153
224.249888173125,10.1317538737609,8.55536505380857
224.999903978,10.7510112457351,7.44500090831884
225.749888916162,10.709490091273,7.57251874924985
226.527667075344,10.8171946368321,8.03184491471146
227.277682718111,9.34710344373355,7.74525749667275
228.027667803562,9.58198677767541,8.8177483786012
228.805445955175,10.8161115559373,8.50980461469072
229.583224104255,10.548566800215,7.69886483836357
230.361002250828,11.3169102468058,8.3222211890692
231.138780394919,10.5747599593497,8.3038109630929
231.916558536553,10.3091990326446,7.84859325964224
232.694336675754,10.7257067359677,8.54975564455558
233.499876631246,11.2417019957744,8.11807283557031
234.305448527896,10.7297514701649,9.09141651828921
235.083226659777,10.6279779650556,8.10082980623582
235.861004789323,10.8899889710247,8.50373649002858
236.666544948624,10.6438720355132,7.76398496660441
237.472116621767,10.4746856372504,8.2972703651033
238.277656882731,11.0285109765623,8.15471255120889
239.083228444488,12.5133766267643,9.14124900458369
239.888768805783,88.259439409776,63.3339803875812
240.72210255482,10.9754948634305,8.77694096639273
241.527673950489,11.7744259380848,7.22815624662699
242.333214461521,11.3460812777507,8.22872285513197
243.166548202229,10.3609697965722,7.92617096219151
243.972119435217,10.1909509227675,7.10259562400451
244.777660093066,9.88048262988241,7.82563329700017
245.610993825692,9.75990224920693,7.76145282696322
246.444327555618,9.38329718627934,7.89227995689596
247.27766128287,10.4314590381519,7.27241633744154
248.110995007477,10.4377549362817,8.255635780079
248.9720905078,11.7499269478959,7.86325118786554
249.833218030059,189.094091436811,115.030481084299
250.666551746714,10.2145899965063,8.10947100873399
251.49988546083,10.2592298111003,7.56542569281566
252.360981165449,10.7835440395422,7.68833069150565
253.22210846206,9.92162007648116,8.81632517938878
254.055442168541,9.96047861154125,8.25339476895
254.91653802372,10.0867006055106,8.05661765954079
255.77766515423,10.8590747210902,7.69548208902106
256.638761109225,10.698196933483,7.32628606817576
257.527650439162,9.28644327893829,7.35087659752273
258.388777403443,9.74758033144578,8.12954373496546
259.249873507307,10.6609879318658,7.92864165296613
260.13876282842,10.9194209729312,7.53744617791013
261.027652146588,11.549986493981,7.42572157719539
261.916541461843,10.183510532675,8.09660318421297
262.805430774213,9.46166619763169,8.0028935753073
263.694320083729,10.4750173440477,8.20609141873819
264.583209390418,11.1347314254805,9.16160072061055
265.472098694309,11.3838867977205,9.07921878156515
266.360987995431,26.9731771344369,13.7805353683352
267.24987729381,13.4047303262162,8.24058949005252
268.166528554566,12.2751011855758,8.03592172709391
269.083211463173,10.908102384343,7.86021763942262
269.972100753322,13.3619996076392,9.44650646731109
270.888752164709,10.2909011567859,8.41534173127309
271.805434905966,10.1881574279334,8.74416111707728
272.722086417151,9.84464334072332,8.0315030332167
273.638769047632,10.7055403242775,8.52106398063916
274.555420657318,10.1365175832666,7.71720324068572
275.499865564209,10.1513138671622,7.39873850605683
276.444310467941,10.243319844714,7.76453581632353
277.388755368544,10.6859963957252,7.67910558323313
278.305437723816,10.0062162205584,7.99057317680147
279.222089578554,11.1035488886863,7.8269793915874
280.166534470142,10.60251072733,8.30817337227334
281.138741139518,10.1963563854198,7.80326659467283
282.110979825749,9.37605925270172,7.61138977120609
283.055424708241,9.83355223885527,8.4508266844092
283.99986958782,10.6404740076809,7.70908767235137
284.944314464514,9.76060693882855,7.56223491877455
285.916521386248,9.98714310873865,7.8429480836011
286.888759789924,9.43620912912933,7.59942155548127
287.860966812033,10.0324623314043,7.40192794793286
288.833205103472,9.96099983100549,8.20540391404964
289.805412224651,10.7679637101314,7.95844746452682
290.805412717527,10.5941584858303,7.90289519628967
291.777650841936,9.79362061376821,7.50160454076357
292.749858110702,11.0879652468457,7.68462865031727
293.74985859373,10.1992939729466,7.11126369055064
294.749859073481,10.035324305924,8.15106093871055
295.749859549987,11.0797182171961,7.63334776092929
296.749860023282,11.7292576978797,8.40385446022846
297.749860493397,12.1636129305152,8.98023102380425
298.749860960365,13.0342675169543,8.83273406997357
299.749861424218,21.561119738328,18.0429378680245
300.777623855745,13.2665124943113,8.59152849007121
301.805417923595,12.3178779862873,8.13249013885907
302.805418378118,11.0913655046248,9.46284353889822
303.833180959248,11.3060030516486,9.17560537609752
304.860974858607,11.2301425468138,8.18213980962482
305.88873753875,11.0510465270076,7.60029718347981
306.944293614786,10.6810737877391,8.86215502432709
307.972087346131,10.9055156456014,8.57476075650364
308.999850173704,11.0061156739435,7.4988354407138
310.05540623933,10.0152076170952,8.53093279965916
311.110962301495,11.4806268715959,8.62647554388878
312.166518360234,11.5450783982453,8.54193889832225
313.222074415581,11.1333764336023,8.31244101129293
314.277630467572,11.4855511596806,8.36983839544045
315.333186516238,11.6163845564183,8.91685258908141
316.388742561613,11.1193918087677,8.84372873118756
317.472060596232,13.2316023477752,8.19866218084072
318.555410223531,9.57889328498722,9.3373247006185
319.610966259065,11.0909486816132,7.64355912984692
320.694284442416,10.1822002342852,7.26069418778382
321.777633901083,9.63942708292088,8.04987872890039
322.860952182831,10.3133376701224,7.55446026138376
323.972063839011,10.0429124939101,7.49968198241952
325.055413129678,9.16885189490274,8.69348164454392
326.13873155788,10.1354032709077,7.88485251654149
327.249843203177,9.77474683098329,7.64787342745339
328.360954844859,9.29488384403974,7.75925670899625
329.472066482963,9.84300171402819,7.59881167441155
330.583178117524,9.32196345234369,7.68512776761336
331.694289748578,9.30682706787162,7.57518762821847
332.833163325122,9.92572480557339,8.0414729729051
333.972068581424,8.66853247326007,7.42932991029183
335.083180201997,9.19188181869925,7.38568574872516
336.22205392758,9.23040192738927,7.74403147174714
337.36095901368,8.9545857137967,7.67677028716256
338.499832837819,9.23687424073809,8.10250394219455
339.638737811496,9.22986371470542,8.07304870663063
340.777611732919,9.78172974933646,7.64618566479191
341.944278966109,8.55273906535933,7.68383692468924
343.110946195445,9.27801713617514,7.78586937437204
344.277613420968,8.79847981747598,7.73999265788548
345.444280642717,9.78534837012464,7.2383207063688
346.610947860728,9.78971373084299,7.04970195540589
347.77761507504,9.39934875015354,7.18463367538856
348.944282285691,9.18245709298873,7.5975167290338
350.110949492716,57.0264199793024,32.6431473315576
351.305378745832,9.14495899289869,7.29225334803984
352.499839476892,9.39200867974318,7.14596973797865
353.666506673089,8.63110623813805,8.1347608210645
354.860936072948,9.60209527699755,7.10737318370863
356.083158895972,9.07788558557745,7.27261383560641
357.277619401304,9.36353749887741,7.70643424687399
358.472048947328,9.83340754205411,7.67637619518072
359.69427175833,38.2236932314373,30.8639066228118
360.916494565343,10.0131301335426,7.98674453642077
362.13871736841,9.40644384806246,6.89906468165111
363.360940167569,10.0930699548945,7.23641693049376
364.58316296286,9.5565802695557,7.76202668822806
365.805385754321,9.46490383102547,7.59144447042951
367.05537056645,9.88648373091084,7.59827729274001
368.305386906906,9.16617734469657,8.16628661539151
369.527609686939,9.31796030397229,7.36470271356575
370.777594645772,8.8211529535155,6.96431777244969
372.055373052494,9.7351842694473,7.25705135753508
373.305389165765,9.36915617014107,6.64795637900293
374.555374270627,8.7371926291226,7.3946966973044
375.833152664748,9.25304131292083,7.22085064207439
377.11093105469,8.47077326298838,7.43004240808898
378.3887094405,8.98097453689282,7.16383606386161
379.666487822217,9.13217460049171,7.92565832465508
380.944266199882,8.68332936398652,6.61358040616585
382.222044573537,8.42102799571462,7.36852284285406
383.527584974216,9.11892091753683,7.70799710813968
384.833156890003,8.89142016802237,7.50410148573328
386.110935251694,8.66205026574603,7.66337358499502
387.41647579847,9.12677468167888,7.63114250210412
388.749809786443,9.07135517617186,7.02692224000014
390.055381474523,11.4110655339893,7.92865591281713
391.360922166637,9.34326463009416,6.82402576349457
392.694256141502,8.97312974142756,6.93642541482736
394.027590112027,8.29497344821379,7.61283037777051
395.360924078253,8.77071772794035,6.87278802707539
396.694258040225,8.22204837791636,7.48496431775735
398.027591997985,8.85743197466798,7.33554270887362
399.360925951576,15.8724104967546,9.27724833696568
400.722021966381,10.6240908041865,9.49838216155719
402.083149427384,9.18675278408428,6.25929805923494
403.444245539822,8.88412092161989,7.28808046482453
404.805372886333,8.1413603090351,7.08540284265091
406.16646909515,9.28932523735245,6.52227867635012
407.555358657335,9.81952746716492,6.57375540975382
408.944248214945,8.25001410192679,6.73509214436822
410.333137768028,8.84737465739295,6.60806195951384
411.722027316632,8.26805294049884,6.76785784239441
413.110916860799,7.81106618063436,6.60053278020995
414.499806400573,8.35898886805352,6.68234443469983
415.888695936002,8.33417592615467,6.37523315142154
417.277585467126,9.03144938602257,7.3354473607061
418.694237119957,9.14781630075043,7.47282997959977
420.110920097452,11.1773842234705,8.19028024879813
421.52757184684,8.11289933171175,6.82749593379118
422.972016994537,8.64272257689973,6.29637142479984
424.388699800621,7.74801899081944,7.09314839528703
425.805351693468,7.73745785357634,6.64223204060693
427.249796827129,8.39009822228875,6.53390145680417
428.694241956146,8.08239409123453,6.60782993036641
430.166449026696,7.58049685268742,6.96913122127333
431.638687781875,7.90693983594735,6.48538294831547
433.083132897064,8.39290339305083,7.00025031071984
434.527578007794,7.88095102302453,6.96076684196156
435.999785271882,8.3345623521461,6.89998975038813
437.499786008094,7.54594346903761,6.60886846585048
438.972024474843,7.62789560261777,6.77914817406334
440.444231883113,7.70143081951158,6.53790767510654
441.944232604566,7.72976667096833,6.71344807057074
443.444233321139,7.93186246622723,6.63142454022281
444.94423403288,7.92746798263677,6.53925264267982
446.444234739838,7.71477345954447,6.52063774647423
447.944235442063,7.98747391227285,6.26726374692869
449.444236139599,25.9121675071433,10.3023562083284
450.971998939049,14.4627081607345,8.51862120019752
452.499793101757,7.7061256262937,6.64697347158589
454.027555997276,7.25700033430057,7.09966953434386
455.583112310086,7.91869439810917,6.44940903238585
457.110906299958,7.89502363689459,6.34712553035207
458.63866933815,7.69160609134935,6.97464662263891
460.194225635835,8.59780006378297,6.60364343642527
461.74978192852,7.93445509866348,6.40604743190675
463.305338216254,7.71165387969041,6.6693411931225
464.888656522051,8.09756633000026,6.61417442766726
466.47200635834,8.28113963696529,6.98443026950284
468.02756263135,8.44058149919317,6.60314440882265
469.610881080863,7.66743314476072,6.54613757603146
471.221992978451,7.88743092304685,6.60888332581247
472.80534258322,7.50419431115593,6.88296523892706
474.388661175379,7.51328423359022,6.44290501992851
475.999773057231,7.72667330367105,6.67293733216885
477.610884933882,8.01124331272887,7.18102586348609
479.221996805386,31.0290777667407,19.4967973965209
480.833108671794,13.3436192196922,9.46480850693731
482.47198259762,8.57384371831418,6.4724618585811
484.110887970693,7.73090259552747,7.16395608906845
485.749761992355,8.06733710026307,6.69091475683438
487.388667249132,7.43216599654442,6.87196293366189
489.027541365415,7.21506775597809,7.19052174043641
490.694208835068,7.75352890729875,7.07768210573652
492.360876299285,7.9307324097635,6.67812850156108
494.027543758121,7.69521051167494,6.01230573616821
495.69421121163,7.97579527266798,6.28603028837264
497.360878659864,7.79235425825815,6.51490265919075
499.027546102879,7.99339156989402,6.80603117264758
500.721975664623,11.5651893723923,7.88884588677761
502.416436554458,8.10008996390936,6.77014262061994
504.110866210998,8.05706669169461,6.84918268177866
505.833089267039,7.97912363351407,6.39398568969733
507.55531231742,7.40566284105777,6.97696014437006
509.2775353622,8.7751806629673,6.65556277337959
510.999758401437,7.65120627283983,6.85188056711572
512.721981435185,7.65953568900121,6.93501434125304
514.444204463497,7.75879220847641,6.81093487508912
516.166427486432,7.70999739602445,6.64718907452932
517.916412651428,6.97805455673562,6.97045794220175
519.666429097334,8.10231764014875,7.17942233502505
521.416414356503,7.29790514576991,7.11387189814267
523.194192991613,8.17993024283199,6.91040845667252
524.971971620918,8.18241622731894,7.0245779817472
526.749750244475,7.6321759257475,6.2831996147929
528.527528862341,7.97049921695318,6.6066896218329
530.305307474576,8.12967351753334,6.55852067067965
532.083086081233,8.60526328369241,6.80754908793468
533.888626816035,12.4232718886809,8.00050621791
535.694198859071,8.18991129463654,7.09371253958224
537.499739687844,7.87811513934331,6.33094442066171
539.333073906047,8.21950515963865,7.75091231462225
541.166408118254,8.01048013547863,7.25108468657952
542.999742324527,7.41904251348547,6.57327832538311
544.833076524926,7.75141987249345,6.52384777202397
546.666410719507,7.24091135680426,6.5263201280631
548.499744908332,7.57115818804704,6.70820312540337
550.360841226408,24.0624951750113,6.81426406594714
552.221968849986,7.30461396718196,6.49069353914837
554.083065261665,7.64641615488036,6.83050473694505
555.971955061315,7.95617205941548,6.67590711189626
557.860844854798,7.67335913487443,6.17547868230379
559.749734642176,7.33347809973474,6.68902770908286
561.63862442351,7.94331403681507,6.75979964075701
563.527514198862,7.81820045288719,6.70310571924751
565.416403968291,7.80731022095594,7.06342537516086
567.333055881793,8.00002597174534,6.9864200505814
569.249739070637,7.80038369466278,7.1297714200281
571.166391077218,8.52772255262117,6.9952063039226
573.11083645668,7.84865119424489,6.86263089597134
575.05528182982,7.69990186994536,6.44259654733495
576.9997271967,7.7766127887785,6.44047704687851
578.944172557384,7.68121565476639,6.8255370744206
580.888617911932,7.86814656132922,6.62544180500949
582.860825385801,7.9486195255182,6.80705086056838
584.833064184001,8.05317624816289,6.65868844365413
586.805271750863,8.00162852535883,6.65532181296725
588.805272714866,7.77925842816157,6.13027517021042
590.805273672341,7.74554101654868,6.99022750886013
592.805274623357,8.19432267924423,6.48406572049348
594.805275567977,7.31064728256367,6.47901215223088
596.805276506264,7.82564389533675,7.07970527272873
598.833039552029,7.94624430763257,7.18856997633261
600.860833945286,21.1238618200622,21.7597475145084
602.888597083816,8.16552496473118,7.11473273617353
604.916391359052,7.67611020110055,6.67676631011126
606.944154589191,7.95799806948527,6.85132960294845
608.999711123097,8.15242159241033,6.6225400009551
611.055267650419,7.90019983413876,6.5732305173109
613.138586231351,7.86487019047315,6.62795836236883
615.221936266959,7.49192593724875,5.98844070549351
617.305254940887,8.04369404277037,6.58970920844979
619.388604857267,7.76006685400881,6.67571816296638
621.47192362303,8.0531593322489,6.3204089614292
623.583035745035,7.43567220670016,6.80069614817202
625.694147860219,7.72236730395184,6.82240494391662
627.805259968651,8.33320104396903,6.98378209284219
629.916372070397,8.39655639417226,7.15557432198029
632.055246289425,8.05417291909675,6.67158323471593
634.194151835291,7.81214983151685,6.54903909113697
636.333026146261,8.07806136935914,6.70468624457029
638.499693855328,7.70665677100876,6.40021975986726
640.666361557346,7.99426056202288,6.52702823855299
642.833029252382,7.49134066015769,6.56731889050967
644.999696940512,7.75568180317647,6.65183223039208
647.166364621801,7.33536565210062,5.93223305972118
649.360794441631,29.3662659883371,8.78670473703411
651.555255545271,7.74645177493054,6.91999718907353
653.749685456451,7.60718707039615,6.69276899116111
655.971908744247,7.58053962410524,6.55256706616926
658.194132024848,8.07543869641812,6.37342812078078
660.416355298325,8.98028946384633,6.77693990189925
662.638578564752,8.13628339070094,6.5753668784447
664.888563948101,7.44972958842203,6.3367151747349
667.138580657959,10.7285246690672,6.62129577931452
669.388566132533,7.62167624817624,6.47765995986018
671.666345004854,7.5280857441374,5.98127797034659
673.944123869779,7.42891921858315,5.91575452041753
676.221902727376,7.53693519217965,6.25028152801454
678.499681577722,7.39753066133703,6.04168476461677
680.777460420895,7.32558533991223,6.20184881366567
683.08300142157,7.76813243805752,6.31766512513061
685.388573667099,6.71620103453437,6.31635200659282
687.694114758209,7.38688507959298,6.24564388684718
690.027449206379,7.52376978446708,6.94941645345113
692.360783647038,7.32681509149507,6.15876648827543
694.694118080253,7.83391772949964,6.08301907126736
697.055214615053,7.21005099750633,6.3085015583447
699.41634250598,8.64462526473769,6.79798826096761
701.777439131446,7.34722510574779,6.65159472517039
704.166329169195,7.25770944447095,6.48946666166496
706.555219199176,7.23720813979251,6.89027589174749
708.944109221468,7.78364137467034,6.67527095144144
711.332999236146,7.16340142439079,6.60367132035066
713.721889243288,7.14729855902242,6.24422522914872
716.138541410553,7.02690344679122,6.16788097589026
718.555224816392,7.90099833134756,6.59932636208803
720.971877073352,25.7630836430666,16.0484930043096
723.416322684066,7.59053090411361,6.49530267008533
725.860768286924,7.54632198431073,6.30700421645746
728.332975958187,8.30419778642204,6.09694740227302
730.805215050833,8.41763223748434,6.23625724605337
733.249660630424,7.97393125272277,6.05620432421492
735.721868436213,7.24365827750292,6.54350745897761
738.221869634316,7.26956189731703,6.39433195898946
740.721870824332,7.34450852651311,6.70841559929724
743.221872006342,7.19497711119551,6.32370900942678
745.749635278695,6.96773287823505,5.8198578859861
748.277429928047,7.9499692984174,6.47580565088124
750.805193290108,10.7829745729594,8.33361654520541
753.332987817996,7.04176149221902,6.58901176683914
755.860751268668,7.57709786174315,5.73170433509689
758.416308036748,7.25782030531149,6.02818998959022
760.999626871487,7.59873464390297,6.21275275029449
763.58297713003,7.29281669340624,5.92242338228002
766.166296054359,7.08523529464362,6.02961206708429
768.749646190695,7.2623892996333,6.0905176236337
771.332965203524,6.92079352633188,6.23425050647884
773.944077556621,7.1842569206789,6.20787428751121
776.555189901367,7.06911503003975,6.06249473217387
779.194064349482,8.30191947594861,6.36385196827601
781.832970147502,7.28834982505923,5.98285935837687
784.471844684468,7.11548820852464,6.23854291445878
787.138512630158,7.19012118773839,6.16938985919576
789.805180567211,7.24098998458712,6.31729649604
792.471848495713,6.74903909733224,6.05971072707549
795.138516415751,7.22444720831451,6.4776435620867
797.832946482901,7.5339734748294,6.49312060180341
800.527407812011,9.07087228094658,6.71394831032846
803.221837967207,7.45792100413664,6.31998520602979
805.944061487322,7.06131313994727,6.32879016031874
808.666284998697,7.57620263163631,6.59548340315533
811.388508501422,7.33134451020312,6.37478791423505
814.138494148306,7.56848149198149,6.17732743397878
816.916273268329,7.1487132096219,6.31125639860088
819.666290120722,7.23923429637692,6.17362379003061
822.416275899227,7.40609508347119,6.39090301903438
825.194054992412,7.58651503656998,6.50187744585867
827.999596180734,7.7502007230992,6.04955837337075
830.805168733815,7.56581613307782,6.25617958449979
833.610710009992,7.37885409589111,6.22866732979747
836.444044701999,7.54126340912063,6.20455898363802
839.277379384831,20.8178101600381,13.3522360754995
842.110714058584,7.96683022045044,6.53458328654697
844.944048723346,7.32411784720429,6.34836734469076
847.80514554616,7.18290644417381,6.18940241861197
850.666273607488,20.6270704983072,7.11415960977846
853.527370517171,7.6413189188323,6.45200843421353
856.416260779845,7.42793173613628,6.6673342782594
859.332913110671,7.26935419321843,6.55620367288491
862.249596859107,7.78781123722899,6.44613750852686
865.138487094172,7.82298152995707,6.14514829110521
868.055139555296,7.75603628158796,6.43801399126904
870.999585406045,8.32986094112679,6.81278057197947
873.944031247318,7.76395481687248,6.36863056835373
876.916239178343,7.60904381158079,6.633253050385
879.888478483286,7.48115089121697,6.63788141400773
882.860686501136,8.13704293079094,6.47881785620267
885.832925681788,8.15343368791938,6.69986674334722
888.80513378543,8.17968290323719,6.8510838954123
891.83289727749,8.16517651367919,6.854675500966
894.860692195123,8.25535198000425,6.52206756047683
897.888455773903,8.51292560607686,6.49379852087048
900.916250566446,9.46687043147422,7.13143976076899
903.944014230915,7.78583191794492,6.48975756438177
906.999571235801,7.90245131695308,6.58145428193603
910.08289033672,7.90919204929976,6.42498824667463
913.16624079794,7.84513926392113,6.34309753038718
916.249559984903,7.88313587388059,6.36211799518756
919.360672585025,8.37863350091776,6.72865936600057
922.471785175101,8.16894610849973,6.88504720360743
925.582897755236,8.12475846008535,6.79780906237244
928.69401032553,8.3711207356435,6.74287243866957
931.832885081785,8.42380752038517,6.743763308496
934.999553266596,8.6782100483732,6.65487415094117
938.166221441158,9.17791703114497,6.96900237156584
941.332889605576,10.0184011933646,7.55590158108182
944.499557759949,10.5830833579394,7.42786557742393
947.693988089717,10.7770472224606,7.55028244389058
950.916211858321,21.1819641777969,8.0216848900992
954.138435616477,10.3760972774386,7.42220968270805
957.360659364296,9.49012283565059,6.91822015575444
960.58288310188,19.8587370945669,11.9220085622473
963.83286900913,8.08285953551669,6.39121333832647
967.110648360619,7.95865484089457,6.30814596172796
970.388427701476,7.49297278035081,6.38552748975456
973.66620703181,7.52899069005215,6.15776944281694
976.943986351725,6.95330585821718,6.08237772607341
980.249527840192,7.17783863056636,6.18549521189794
983.555100541978,6.84558664135416,6.41943470039546
986.860642114367,7.03253877861669,6.15380020682565
990.221739103025,7.00433336476557,6.49679157441403
993.582867509654,6.84435849601654,6.25168730509748
996.916202400537,6.64167218493767,6.2655203785459
1000.27729951527,7.75036331655119,6.60276476901121
1003.66619001902,6.83219851097194,6.49649027090818
1007.0550805119,6.8288172264621,5.9225327514677
1010.47173313082,6.4728957224752,6.34996565058446
1013.8884170469,6.66222979844103,5.65738338041705
1017.30506974943,7.07063434946316,5.66221137345498
1020.7495158332,7.48451015352626,6.59654439154604
1024.19396190593,6.47719228518988,6.10044529412378
1027.66617011618,6.53403261017502,6.18339841327611
1031.16617180158,6.30768491352712,5.91861193867146
1034.6384112215,6.33776969811837,5.72345318741424
1038.11061955643,6.69670131372216,6.10754697396761
1041.63838331953,6.3104198059502,6.34366518236068
1045.1661784303,6.61669220006242,5.94084071270432
1048.69394227653,9.33757725067192,5.99337009010519
1052.24949952892,7.27751433233833,6.18826299598353
1055.80505676987,6.38595620053317,6.14386838868982
1059.36061399952,6.72887186986853,6.01577962478268
1062.94393340154,6.24629480196476,6.05801837172996
1066.55504624293,6.60080960030032,5.94830045879514
1070.16615907264,6.41266621760454,6.12806736651127
1073.77727189079,6.53066347993999,5.91405213880001
1077.41614685205,6.7246918612961,6.1909724909588
1081.05505307425,13.5694483296943,9.75623389479915
1084.69392811754,6.32406957369547,6.02083744136169
1088.3605965237,6.64778868458417,6.0425246573003
1092.05502704686,6.44525350227603,6.33678667184735
1095.74948888257,6.53872604808759,5.74520133236864
1099.44391948763,7.03188335466085,5.96032136358823
1103.16614348112,6.7435254560017,5.71491782716495
1106.88836746271,6.27996538288166,6.03573088464412
1110.63835359161,6.58450787690095,6.04657719724113
1114.416133184,6.47832560537241,5.88752119662446
1118.16615049957,6.56129950097775,6.09575084806173
1121.94389883783,6.04484351456504,6.00763208815796
1125.7494718881,6.47609832729864,5.97703414983801
1129.55501362533,6.49892373296284,5.74451769160556
1133.38834879157,6.33078304632371,5.7166014441305
1137.22168394546,6.59550473394625,6.02631364203395
1141.05501908712,7.06253117436988,5.97406623394934
1144.88835421666,6.5607603322123,5.66014611296933
1148.74945156403,11.2451742214039,5.80275896370918
1152.63834230329,6.86135977851407,6.23633380397994
1156.55499514274,6.27237752921852,5.97470156066499
1160.47167932615,6.55594855944893,6.02231775010135
1164.38833224621,6.14302441936636,5.7294431637571
1168.33277856995,6.39428354783902,6.03641660750732
1172.27722488105,5.96006089838847,5.90200759293239
1176.24943333604,6.30389139572388,6.03930429589297
1180.22167304722,6.23088758489782,5.92624889696236
1184.19388158209,6.47617470456717,5.8814987484044
1188.19388347694,6.45093223174238,5.93695683968064
1192.22164750922,6.36018992424252,5.79838227248884
1196.27720501314,6.53654531331143,6.08567608888273
1200.30500024823,11.0218463598831,7.91638856794244
1204.36052649414,6.45522732213541,5.89008385913252
1208.44387744643,6.28644756110578,6.08522114779179
1212.52719709834,6.08086550606207,5.90375987772321
1216.63831017161,6.29287420550609,5.68679133922739
1220.74942323167,6.14264325539438,5.83127043504154
1224.86053627864,6.33916134697584,6.00555759048531
1228.99941151222,6.09069734531028,6.13794984373673
1233.16608016729,6.19177814997487,5.71217140233104
1237.33274880897,5.89553324164787,5.91293200317202
1241.4994174374,6.25823984049015,6.12552650035276
1245.69384825473,6.35395481975557,6.00255327709596
1249.91607249088,11.7253485079285,6.10697899982577
1254.13829671348,6.21876728150659,5.58137368756251
1258.38828307763,6.17880029666661,5.78270791188718
1262.63830069997,6.10369615578217,6.00688225334811
1266.88828714224,6.24244039219443,5.67482212905919
1271.19382905527,6.12743558362093,5.71212706426551
1275.49940231584,6.26709155756417,5.74245275548008
1279.804944307,6.24953642933569,5.97317266634525
1284.138279703,6.19297891491876,5.83485017516006
1288.47161508512,6.17132997607573,5.68098675684751
1292.83271262716,6.17158708872642,5.7460349356382
1297.22160361608,6.10677691649989,5.81803480285874
1301.61049459084,6.60146170081748,5.7672350628218
1305.99938555159,5.94396440210383,5.77317550577013
1310.41603868535,6.0866660059336,6.07844726689743
1314.86048525248,6.07456712036891,5.55959526259524
1319.3049318053,8.38939760254786,7.14726513877959
1323.74937834397,6.12293419448842,6.04818450422111
1328.22158707104,5.52258914881634,5.79627582806737
1332.72158921565,6.50576689064926,6.03661804877819
1337.22159134584,6.01261936041355,5.92839994748199
1341.74935562968,5.97146407875972,5.9026926772886
1346.27715114491,6.10788724483016,5.70253910501984
1350.80491550498,6.98204222446951,5.71859821298231
1355.38823534729,5.97500869074579,5.91045561794991
1359.97158648581,5.79217709186235,5.85738633966241
1364.55490640425,6.22741136428859,5.79373585015057
1369.19378180709,6.30849585523845,5.7419005178828
1373.83268856589,6.21251992343633,5.80511313048456
1378.47156404475,6.27771561294635,6.15410702135994
1383.13823293208,5.90928901436369,5.81333829437706
1387.80490180449,5.97750189954625,5.70391605130221
1392.4993328453,5.98357090635039,5.62611692960764
1397.22155732232,6.08586723908926,5.76873510235817
1401.94378178415,6.25316436103669,5.5605606143674
1406.66600623095,6.10296871303357,5.7548842563704
1411.41599287295,6.09761044758582,5.81700708270931
1416.1937729239,6.22603677879278,5.38665261561991
1420.97155295955,5.88611117282102,5.60571304027801
1425.77709516675,5.99743162974727,5.8846956978254
1430.6104308063,6.05360575095768,5.94505839961442
1435.44376643031,6.08008155013503,5.64075001085001
1440.30486420448,7.65852836565917,6.53661751791556
1445.19375543212,5.63773691226901,5.88851658397786
1450.08264664398,9.05441697307625,5.73270453917128
1454.97153784023,6.00094462680909,5.72395307979732
1459.88819121994,5.97801349514808,5.92886019959981
1464.83263801932,6.11184987044662,5.83484535170922
1469.77708480286,5.87778643252449,5.52332779176872
1474.74929375235,5.78535762824097,6.0422681953646
1479.74929613873,5.81806944688998,6.00353622377885
1484.74929850904,5.92165301445141,5.88626652239512
1489.74930086343,5.99622219682134,6.18170769945543
1494.77706542074,6.00576934747061,6.24591659471616
1499.83262337747,6.18739124275805,5.88409624851497
1504.91594347085,5.85932032852879,5.65661242601655
1509.9992948242,6.38857341625494,6.12939412961612
1515.11037707873,6.33571258666437,5.65904748802311
1520.24928409838,6.23824772491177,5.97115214048757
1525.38815980228,5.86745022786786,5.7691511955797
1530.55482893012,5.80242974616194,5.92037699008655
1535.72149804139,6.0009803515244,5.59732119214818
1540.88816713627,6.08002043903086,5.82567878685513
1546.08259845123,6.24899206364096,5.90164794909089
1551.33258527066,7.31246562430599,5.66979387885682
1556.58260340841,6.13949972435513,5.82338687587499
1561.8325902998,7.08226434363882,6.66136302359928
1567.11037057999,6.09869273840891,5.72194944538529
1572.41591301317,6.16292365619026,5.86826701072103
1577.74924889411,6.21612610881007,5.99771569696962
1583.08258475789,5.94233724651285,5.65568340695595
1588.41592060467,6.018166906678,6.02857807798543
1593.77701865231,5.85349700049623,5.84639696420685
1599.16591009931,6.3612157690444,5.8160938812964
1604.58256369149,6.13463767044486,5.73267156124117
1610.02701073855,5.9078834999228,5.95399617715531
1615.47145776806,5.98911117009103,5.92155414153235
1620.91590478021,5.73731145887976,5.58536277945888
1626.38811398883,5.86698347320166,5.78061389613901
1631.8881166005,5.95146847599001,5.82664444713509
1637.41588135621,5.81682276656932,5.6012374167867
1642.97143956722,6.03835835205861,5.84508229661171
1648.52699776033,6.7209474706095,5.94883956700563
1654.08255593573,5.95139204615748,5.48503335585236
1659.66587630964,6.05969019806763,5.74302744241272
1665.27699008384,5.94426436250022,5.53509347630355
1670.91586600723,5.97154487458421,5.68863994841909
1676.58253538004,5.86829780497584,5.86194956230446
1682.24920473462,6.89030703791477,6.31489655000647
1687.94363624345,5.74998435654677,5.84911686674104
1693.66586119626,5.71843651014169,5.84008979913279
1699.38808613069,6.07140352786345,5.87151438857446
1705.11031104691,5.91100197297101,5.81035160029993
1710.86029817618,5.95408324580439,5.74014276845875
1716.66584082413,5.95213035603179,5.66803577676793
1722.47141476726,5.95081052111816,5.79055805027165
1728.27695748351,6.08255513606835,5.93013859283118
1734.13805571966,6.23513378875394,5.75888485816709
1739.99918523199,5.81755759119725,5.70431700422823
1745.86028353604,6.13866078017533,5.82559305943163
1751.77693736117,8.17505414356503,5.77907371624048
1757.72138464782,6.08234743414642,5.4074645060782
1763.66583191532,6.13025340929851,5.97406450956571
1769.61027916385,6.10565913048508,5.93047837645782
1775.58248861245,5.94622386646228,5.81699147557303
1781.61025358461,6.02483421061543,5.92768195409702
1787.63804986468,5.93433199505052,5.74976852771331
1793.66581490377,5.95508015948239,5.9796417516
1799.72137332527,6.99490377284687,6.06716630835571
1805.80469392219,6.14047273743501,5.71534950281964
1811.91580793936,6.3652077160279,5.83628848967077
1818.05468409532,6.21512570675123,5.69292090751528
1824.22135370791,6.04454922934103,5.68526734809063
1830.38802330064,5.86429630750451,5.88981388090578
1836.55469287373,6.1610616493103,5.65074892008597
1842.74912465548,6.37150912605133,5.83157388362172
1848.9991119652,7.52784375561596,5.93041795883665
1855.24913055324,6.11537869938148,5.90910233112345
1861.52688003735,6.07460355823104,5.87926756035819
1867.83245425259,6.14555448840719,5.95851085661721
1874.13799718938,6.35684497626963,5.56308694030513
1880.47133352591,6.31001793014702,6.03681282719821
1886.83243202514,6.64795830328044,5.99063705327128
1893.2213239556,7.01353538001713,6.11070431822715
1899.6102158656,7.01822142437751,6.06946969924864
1906.0268699604,7.01451259661615,6.08768146030794
1912.47131746391,6.71458140391841,5.99592164431802
1918.94352712286,6.90230521990654,5.86691977896933
1925.4435302196,6.20656881240728,5.49570951790765
1931.9435332955,5.98562882369258,5.89628965819563
1938.47129855133,6.10172084668951,5.59909370830401
1945.02685722005,5.79357024060086,5.68129016649024
1951.61017804162,6.07174106988153,5.83685377749781
1958.22129230285,5.78885565972523,5.74535280611452
1964.83240654288,5.94201331365326,5.87299839622281
1971.47128296253,5.81707348296981,5.7541939121521
1978.13795279466,5.96546704912452,5.78153729716661
1984.83238478154,5.58415716855792,5.63908114446352
1991.55461020547,5.66951673452315,5.58834469646437
1998.27683560786,5.84320120039916,5.84107148208982
2005.02682319388,5.9283715519583,5.67252627102284
2011.80460418766,5.82561902002225,5.78164119077008
2018.61014734229,5.84706010278752,5.80740491653966
2025.44348392713,6.0322887728495,5.67681955190353
2032.27682049012,5.80161504094299,5.88567739414872
2039.13791924484,6.43113922898098,5.80667953638972
2046.05457353896,6.06704900381098,5.70161078961361
2052.97125911184,6.66227966228756,5.6578422125007
2059.88791346711,5.84960741343459,5.81189523247527
2066.86012336243,5.79895096205362,5.71080212647754
2073.86012669643,5.67066552333358,5.62859235757805
2080.860130008,5.7954028489932,5.77297436730734
2087.88789550492,5.80351744717021,5.55620710944503
2094.97121654368,5.67593330624282,5.87521977528844
2102.05456886644,5.78779336654214,5.63345859502235
2109.16565208633,5.58732396691106,5.43724937337563
2116.30456001473,5.76586730088147,5.70500876262231
2123.44343668602,5.84104457363378,5.55043176242909
2130.63786890063,5.70024378131153,5.61904283940453
2137.83233235773,5.72500946196061,5.84258842192895
2145.05452677498,5.8358444735033,5.7609621634676
2152.33230803142,6.52359611848525,5.82771779189802
2159.61008926441,6.28382118950359,5.65122887997747
2166.8878704742,5.62101391534781,5.70083432386348
2174.22117601234,5.79297731050046,5.63453601006023
2181.58230627492,5.66614729941637,5.6595536342395
2188.94340527108,5.79053248345185,5.82876935651889
2196.36005981349,6.02203667888985,5.6302433246097
2203.77674559896,5.78870992675441,5.79274682003879
2211.22116234555,5.9321004776593,5.61325019116089
2218.72116592827,5.83107355838459,5.71305047956369
2226.22116948687,5.9460700998255,5.62954984957396
2233.74893521043,5.60605727331931,5.55674781594883
2241.30449435545,5.82551438086916,5.43480683496354
2248.86005347635,5.76152531227606,5.63757367127448
2256.47113692324,5.80589495023799,5.51808362098593
2264.11004509376,5.55393838641497,5.63831810340953
2271.74892199979,5.73287581810631,5.84677493702849
2279.44335445541,5.99364307281569,6.06637883336082
2287.1655803578,5.81226148546966,5.70720636071078
2294.88780623542,5.73087699736604,5.53966167283518
2302.63779429733,5.76289994309925,5.66571639779503
2310.41557575994,5.6031227327099,5.46327761842184
2318.22111940045,5.92610130106683,5.63128237915277
2326.08221859253,5.72431184176401,5.47215098219022
2333.94334905165,5.65339279395943,5.80405040442041
2341.83221043904,5.88696852894827,5.61219727525243
2349.74889648687,6.99020510039125,5.84983542077304
2357.69331344982,5.83634363081412,5.61848593373461
2365.66555508519,5.73248722078493,5.59882688072991
2373.66552762494,5.93103990751189,5.36791725361087
2381.69332484671,5.83605482589229,5.67798213625529
2389.74885296444,5.77640093900846,5.56766940272417
2397.8322057715,6.22431592401805,5.88916383225311
2405.91552733866,5.75233650912388,5.60319796726772
2414.05440446013,5.79789428115638,5.67047831922813
2422.22107500779,5.99979852210075,5.45948359081325
2430.41550771083,5.58139993634945,5.61355545522604
2438.63773384065,5.57695393395825,5.47062001348466
2446.88772212564,5.53826095752711,5.73037430445206
2455.16550383725,5.9356426771567,5.6193704422836
2463.47104770453,5.88061244102747,5.5928513461048
2471.80438499759,5.65497737092687,5.90658723541623
2480.13772226403,5.80304206545798,5.57653523686932
2488.52658387241,5.95690758553234,5.66557681176581
2496.94327016899,5.66868482259819,5.58406528380383
2505.38768736287,5.86338522707259,5.66585108788006
2513.8599292373,5.73600764327576,5.68040090176365
2522.35990201761,6.17363437089059,5.8719207971565
2530.88769946887,5.86092463230952,5.47725513393696
2539.44322783657,5.84493054352304,5.62560567471245
2548.0543430592,6.40214480614914,5.7272395897464
2556.66545825412,5.70764965450568,5.58119926668939
2565.30433562175,5.89802793238479,5.60066827446392
2573.97100639599,5.66660096570781,5.60296594428112
2582.66543934799,5.58129545482405,5.79759586630787
2591.38766570119,5.66766809227463,5.55675479155515
2600.13765423779,5.62458924001595,5.77071750548703
2608.9431983348,5.58351327758122,5.63334652177769
2617.77653587297,5.60712179517417,5.66875393937547
2626.63763555539,5.62705582241407,5.4591074734369
2635.52652867142,5.9480414957076,5.67868103160165
2644.41542175904,5.90726947018725,5.51263325816215
2653.35983918717,5.74478130818571,5.64180296807369
2662.33208129801,5.74313796714439,5.51541260221087
2671.3320543208,5.66356417706814,5.45963262937586
2680.38761419745,5.56427275135339,5.76851237594428
2689.44317404498,5.60916842524002,5.61256555155952
2698.52649607103,5.59092397118863,5.74582819802221
2707.63761149505,5.78798903733824,5.50237485362412
2716.80425123038,5.81795868678879,6.31041693004677
2725.99871568931,5.62104489217907,5.68723662156981
2735.19314888834,5.57782859101335,6.65237723038266
2744.44313765101,5.7595941407028,7.215370048749
2753.72091983162,6.13262285856636,7.08083936000758
2763.0264641814,5.82452606085711,6.58120711918463
2772.38756409574,5.77853640715495,6.39696361391824
2781.77645745601,7.60464120170275,5.69123347494549
2791.16535078618,7.34828213911339,5.65497600426138
2800.60976844329,6.90475787740356,5.69990067880666
2810.08201079694,5.84977462865669,5.6945347742073
2819.58198405578,5.93568008037938,5.59249027089259
2829.13754416859,6.21171974253235,5.66076360309568
2838.69310425072,5.9898298838051,5.77079436021643
2848.27642651638,6.59802329063637,5.69050596067898
2857.91530434832,6.11730896934379,5.83105337143995
2867.58197560738,6.21385814244811,5.89146683952463
2877.27640902774,5.95840451906201,5.70749303337093
2886.99863585936,5.93231883761194,5.68158444239398
2896.74862486823,5.61948779720456,5.53983004894618
2906.5541694444,5.43877139180403,5.60824731138777
2916.38750745136,5.61495945177061,5.53050105783063
2926.24860761644,5.55620684040722,5.60304999567917
2936.13750119487,5.64459016983593,5.65515181808851
2946.0541569489,6.51832085481043,5.61868221110749
2956.02636827118,5.90140066494173,6.04614137382994
2966.02637302336,5.42147605122615,6.18108657481756
2976.05413993495,5.50436065244198,6.57179877547291
2986.10970025753,5.42216428830119,6.6001707655932
2996.19302275845,5.83272884400714,6.31873903498956
3006.3319008285,5.58834130970304,5.99641372657104
3016.49857232322,6.64054118842603,5.60707248627724
3026.69300598291,6.62111979468091,5.59985295772509
3036.94299521237,6.27735077810459,5.4910201052869
3047.22077787817,6.27092137744239,5.5833381350362
3057.52632269754,5.64367230660405,5.69190716286345
3067.85966093196,5.84494937499888,5.5022526047868
3078.22076134123,5.57658861580988,5.51291943882042
3088.63741732104,5.39843204348725,5.54292126957006
3099.08186672492,5.77793093603775,5.51715446959382
3109.55407829485,5.60354671047035,5.603567935588
3120.05408326632,6.00782054920288,5.76886151470469
3130.60961256633,5.88561159247306,5.48292203346425
3141.22072873956,5.5942928732104,5.6086611326232
3151.83184487871,7.02717548916735,5.64459026253428
3162.47072320034,5.56563801553124,5.53537551506481
3173.16515709377,5.5210053580452,5.55317415914631
3183.8873843997,5.57885714204415,5.53348704357927
3194.66513601534,5.7819416633593,5.4321004902264
3205.47071233706,5.54381267527496,5.69977128414156
3216.3040195685,5.60110157655128,5.39521777764746
3227.19291363997,5.58670188179587,5.56113320994006
3238.10956985954,5.925346802761,5.69468200074365
3249.0540194957,5.81951830716214,5.37391298796201
3260.02623130593,5.61303295806531,5.71894995982119
3271.05399868938,5.60010259566714,5.57781733001302
3282.10955948914,5.43610197178699,5.62369932166246
3293.19288246334,5.58096461020464,5.71507180894469
3304.33176101119,5.63692428863143,5.56679907847165
3315.52619513303,5.48830200053207,5.44384589741521
3326.74842269404,5.70119489706948,5.73081555639348
3337.99841240683,5.58005016489365,5.74154692282316
3349.2761955304,5.91399449926889,5.53113866068081
3360.58174083405,5.77287191526817,5.71851707565085
3371.94284171213,5.47207985969955,5.41696053191734
3383.35949816495,5.83231257975713,5.48544152161277
3394.80394804691,5.54981478719809,5.36105127055874
3406.27616009072,5.61852158513232,5.67840348064977
3417.80392770963,5.6453594451246,5.28197841818967
3429.35948875036,5.50236565318511,5.5150996293855
3440.94281196025,5.62488169050265,5.55838855946531
3452.58169074555,5.60693911058617,5.53650763533727
3464.24836294402,5.83871011945377,5.40015286809893
3475.94279732026,5.76121053752521,5.55774888955482
3487.69278727223,5.64842855547888,5.41703498292924
3499.49833280019,5.65712972715655,5.55281024016498
3511.33167175206,5.50250114586304,5.55403003769807
3523.19277287099,5.70090156204979,5.40100040620034
3535.10942956619,5.61289614039366,5.61328015670057
3547.08164183793,6.15885058664733,5.4982048017368
3559.08164754109,5.54474760654929,5.6165142143049
3571.10941540378,5.69188471699314,5.61708957192081
3583.19273884326,5.65346924922275,5.57150904464354
3595.30385569984,5.8366045745164,5.61592016263868
3607.44273473016,5.79952591660301,5.502001194755
3619.6371693375,5.66072415294383,5.5915933823737
3631.88715952208,5.67371233515156,5.53202391504442
3644.16494312638,5.69429828061364,5.67606025008854
3656.47048890172,5.76841191677357,5.5926397919406
3668.83159025452,5.72308234383154,5.46011729290798
3681.24824718498,5.81219378346269,5.50224197306185
3693.72045969334,5.69238439405029,5.46582931590826
3706.22046563784,5.640395221128,5.61975714814202
3718.74823373685,5.77418060610709,5.49901458902128
3731.30379523575,5.74385130058483,5.5822008826884
3743.9148810872,5.83208221431279,5.54446647455141
3756.58155377459,5.8869347875558,5.60599012917635
3769.27598862035,5.97988308071934,5.57776342246536
3782.02597904453,5.97843769176575,5.74268321294286
3794.80376287896,6.05560405266625,5.65439904535963
3807.63707104675,6.04525499038862,5.74011296525896
3820.52596606831,6.02436816633807,5.61860603650275
3833.44262324006,5.84090711374367,5.60955489326851
3846.41483599073,5.84353151643896,5.66828009791767
3859.41484215716,5.58644698360477,5.51208938316554
3872.44261049787,5.6127905540945,5.68530369076065
3885.52593441758,5.53959986281038,5.36107121918874
3898.66481391645,5.69557525822182,5.55358278547796
3911.85924899466,5.46898608134314,5.44031775092699
3925.10923965236,5.66348009902126,5.51068207777625
3938.38702373952,5.52698064252162,5.41752855082115
3951.69256998692,5.70914820672052,5.4363281841594
3965.05367181388,5.60611428342649,5.44631726047124
3978.47032922053,5.62109146380869,5.57800992619008
3991.91478004046,5.55559357467344,5.51839517518094
4005.3869930365,5.49702755680602,5.61175433216319
4018.94252375589,5.48937667798264,5.72599686709039
4032.55364134993,5.62108360749154,5.51812252596214
4046.19252108565,5.55462336040578,5.5472119238901
4059.85919422692,5.45501843811972,5.47027092246467
4073.58139171568,5.6483793718816,5.47219923753199
4087.35917603832,5.59313717416114,5.46399387865024
4101.16472252331,5.57097532773183,5.50069347531039
4115.02582458858,5.54683280431628,5.50548726319476
4128.94248223426,5.62143933237792,5.52974243438006
4142.91469546044,5.51996280708438,5.32120982812798
4156.91470209924,5.58755328500685,5.55749088260075
4170.97023307273,5.42404571736631,5.36779733722647
4185.0813508908,5.44560083195696,5.53763129576283
4199.22023086653,5.71312869451616,5.46010315743996
4213.41466642297,5.55488254388466,5.56564908970331
4227.66465756021,5.4390862822115,5.44809687226959
4241.97020427835,5.55606749557747,5.51215298548579
4256.33130657747,5.48953121353488,5.59036247262367
4270.7202022949,5.55787920915037,5.49109183160974
4285.13686018163,5.53242331770335,5.54266752611166
4299.63683579745,5.61355599562129,5.49260555794965
4314.19239827989,5.66568764851511,5.41671632183707
4328.77572290971,5.48040624795798,5.53664966470519
4343.41460312071,5.54101152756613,5.41235308080436
4358.08127673203,5.53218725541063,5.487821643551
4372.80347470454,5.46873718012046,5.45444084110961
4387.60902165949,5.62731787446228,5.55220360698462
4402.4423620329,5.45819082882538,5.44615310062214
4417.33122673176,5.67224078142443,5.57145756364735
4432.2756782791,5.54807849953595,5.56485890868588
4447.24789198333,5.44187499271627,5.59008972955317
4462.27566126895,5.57192642214583,5.45378772234729
4477.35898613608,5.6011601316619,5.32492503171874
4492.49786658474,5.39180419337699,5.37783383487386
4507.69230261498,5.64114224747588,5.43066120405613
4522.94229422687,5.55597336290049,5.49744320133258
4538.24784142043,5.52888257393832,5.38976111534597
4553.58118202238,5.45067152926347,5.52901821298803
4568.97004697075,5.5028746895742,5.38042913667391
4584.44226090957,5.54036659190447,5.3347181693615
4599.94226826724,5.58231748711734,5.38099958775757
4615.49779995076,5.55454145076492,5.40315904124488
4631.10891847808,5.50777413452127,5.61227666106816
4646.74779916509,5.51290763768791,5.53060489082626
4662.46999758574,5.61452892508165,5.45451139294534
4678.24778286629,5.53603425519423,5.38255016479971
4694.05333029863,5.55440283934938,5.39355786706701
4709.91443331275,5.64944500999056,5.61754850414028
4725.83109190873,5.69318077631017,5.49168813281865
4741.80330608655,5.62153043399251,5.48045195273234
4757.83107584623,5.62233663713253,5.63062997146368
4773.94216332773,5.56478397025348,5.43044776665391
4790.10883769319,5.57806056744796,5.39003657550955
4806.30327419857,5.64080235966242,5.42001261770423
4822.55326628586,5.57613601748281,5.47280717411179
4838.85881395508,5.58683907130696,5.40017807608278
4855.21991720622,5.45180394351497,5.31375762668664
4871.63657603929,5.43503508819778,5.3170190179396
4888.1087904543,5.6132955004815,5.42294654733962
4904.63656045122,5.47090882793161,5.38792549060306
4921.21988603008,5.48206431752041,5.35328471194763
4937.85876719086,5.46398382326244,5.42872074951834
4954.55320393357,5.60825360460703,5.40605384269309
4971.30319625818,5.41495793484039,5.51780707962824
4988.10874416471,5.44570616564228,5.33426800094551
5004.96984765312,5.34601175224198,5.28556845345655
5021.88650672342,5.40218367872541,5.29973276049047
5038.85872137556,5.50282100453064,5.36247143294989
5055.88649160959,5.47980063341277,5.38756820042413
5072.99757957537,5.54182048498655,5.42263615501971
5090.16425440496,5.39745705393577,5.3556888175121
5107.35869138439,5.56405321743307,5.28993378201597
5124.63644610259,5.49430314337466,5.37429967444411
5141.96978767044,5.30444798302835,5.40064900021773
5159.35865355762,5.4351104862904,5.26736883335525
5176.80310628336,5.48684726824154,5.30554584979629
5194.30308333998,5.4586544187102,5.34252306608915
5211.85864722292,5.38287997590381,5.31531024164203
5229.46973544946,5.36983182892043,5.4683202046417
5247.16417266777,5.58616174851909,5.53375579871352
5264.91416546775,5.57381356689384,5.47518652523258
5282.71971384937,5.45400156984313,5.3594678627543
5300.58081781259,5.3916873600337,5.45082527905302
5318.49747735735,5.42675899495778,5.32875447565387
5336.46969248363,5.43846997479488,5.27243163511382
5354.52522534711,5.51628640985212,5.44464832102918
5372.63634506244,5.41410339328105,5.39829927177122
5390.80298909851,5.54854269281406,5.21291527157979
5409.02521996675,5.21113414159098,5.35766015171252
5427.30297517574,5.4253197762833,5.29568109744439
5445.66407937742,5.46726699532337,5.30148599437116
5464.08073916037,5.43609020550387,5.41821338036906
5482.55295452457,5.40206328108131,5.36138190508609
5501.08072546999,5.37149517799389,5.40278263818554
5519.69181415412,5.54361536277012,5.23184408784393
5538.358489686,5.43512949018178,5.28058976213998
5557.08068954485,5.37972652053189,5.24730019174466
5575.88623840285,5.41320522698876,5.29368697542629
5594.71958065842,5.3625528818219,5.4364056575895
5613.63620942417,5.35635548689864,5.3769017138014
5632.63621846252,5.36236451142152,5.31750646738304
5651.66398964415,5.45113690784396,5.24234327481133
5670.7750785724,5.49621099212185,5.33284698982535
5689.9417543314,5.48464742707031,5.38065344205072
5709.16395443591,5.36746691186352,5.38681594486437
5728.46950352962,5.56286458352637,5.40417117319993
5747.85837035561,5.47060517250467,5.40786294075601
5767.30282404049,5.49232081068357,5.39388568709345
5786.80280204372,5.42540206787345,5.36046690584219
5806.35836687298,5.48631013823231,5.19809548356069
5825.96945605351,5.40137211629065,5.2769997901701
5845.69165636928,5.36759839907917,5.22837466190812
5865.46944354819,5.34045818308079,5.2641600647995
5885.30275504208,5.36795094281749,5.31501664264307
5905.19165336321,5.31768983507952,5.15218595851105
5925.13607603526,5.38309808127127,5.25236561721923
5945.19160984447,5.31055984794596,5.51903098183132
5965.30273051199,5.43296368021192,5.33798973309672
5985.46937550003,5.43341579469501,5.30532421383796
6005.71936948845,5.4885668593106,5.28439633109745
6026.02491905648,5.45789648662604,5.40836077347028
6046.3860242041,5.3963189221333,5.33952981868409
6066.83044709962,5.51455140568748,5.21828372905482
6087.35821899831,5.28867419734297,5.24583385502376
6107.94154647634,5.34392254923039,5.28849110041642
6128.5804295336,5.38728694115848,5.29541268351408
6149.30263033888,5.45422120327564,5.26802488569891
6170.10818014715,5.47141936194411,5.1721860639159
6190.96928553442,5.47047977240271,5.24735210723927
6211.88594650062,5.4243622849315,5.24563455140039
6232.88592521765,5.37877511208438,5.23327638442727
6253.96925293469,5.40081090899786,5.20333700703128
6275.10813623042,5.28954187242109,5.33941258831432
6296.33033727067,5.41773767369535,5.34157665450503
6317.63588731719,5.36894648111383,5.25440522788321
6338.99699294207,5.33942953091354,5.28103727723313
6360.41365414525,5.48252208292575,5.2060283101215
6381.91363310063,5.38213673736767,5.27124419789283
6403.49696105434,5.41475702385685,5.32404110956396
6425.16360674511,5.3907381153303,5.29631664745618
6446.88583927748,5.37176868328425,5.28269599422773
6468.66359614948,5.40916470305572,5.23982682489505
6490.5524641673,5.51350081521153,5.31172132758028
6512.49691902846,5.57514710575351,5.360355613166
6534.49689822772,5.61442768681821,5.24784605732971
6556.60798857366,5.46088714282643,5.34182178316194
6578.77466576147,5.34806553115596,5.37131598569735
6601.02462943597,5.43183299485616,5.22512686365939
6623.35797338523,5.52626621952005,5.25628728812115
6645.74684165123,5.51062121855408,5.13119015200194
6668.21905891518,5.44899489214176,5.30524378602108
6690.74683175583,5.49047619373436,5.34727734418833
6713.35792235191,5.4662851960483,5.2579835763148
6736.08012409704,5.40013771074485,5.19790425057904
6758.85791269015,5.36312938442814,5.21820550383089
6781.69122561719,5.45871190509184,5.17744592792415
6804.63564969397,5.38635991221194,5.20057520115901
6827.66342278221,5.40520265714149,5.1675672999241
6850.74675144632,5.38689369240906,5.21265683798797
6873.9133978555,5.37269927036798,5.19572375475763
6897.16339326825,5.3490959895697,5.2719110634453
6920.46894425653,5.37630251733206,5.18965145347886
6943.85781299871,5.43882388496253,5.14461406786057
6967.33003073517,5.47793144022512,5.21906801906785
6990.88556621992,5.37466496090169,5.20162458601645
7014.52445070438,5.36450727280275,5.267665588123
7038.24665293232,5.43373600838631,5.14761907890023
7062.05220416448,5.40800275160501,5.20080409881175
7085.9410731361,5.4232349687814,5.1044654459627
7109.91329111567,5.33911614913012,5.27035972777794
7133.94106466961,5.3479895328421,5.222642944198
7158.0521559763,5.29370032608275,5.33460954611798
7182.24659627714,5.38158946941894,5.20872136745337
7206.52435432842,5.39102437813543,5.27056779494296
7230.9132235339,5.40224335234904,5.13555481518758
7255.35767957881,5.4097778238683,5.24058373621084
7279.88542212306,5.38662859447681,5.10221957181879
7304.52430708949,5.37156374800852,5.15972574123273
7329.2187476291,5.32757131359219,5.09208164048299
7353.99650591662,5.40287735892843,5.22752968587847
7378.85761320181,5.40512266902878,5.15215948682564
7403.80203823546,5.40466593193726,5.19706635019898
7428.82981226584,5.38369457836786,5.19361238738843
7453.94090404592,5.3506016690757,5.2330276366444
7479.16310698222,5.41789913738988,5.12071004916069
7504.46865892985,5.38625672515953,5.08072770039381
7529.82976644944,5.38840646189508,5.16406502279383
7555.27419172324,5.3743764850144,5.10536569673226
7580.82972815397,5.36926447543803,5.1193890591606
7606.46861358978,5.33884988971646,5.11449243072146
7632.19081676809,5.34407804946005,5.17524659147798
7657.99636894729,5.37362650539309,5.06087477664298
7683.88523887338,5.39461388111264,5.08901470366983
7709.85745779558,5.37294612588502,5.11613423045265
7735.91299446957,5.41927446765316,5.01635937820271
7762.07964230173,5.47485198161947,5.0351054518214
7788.32963913825,5.34463949965376,5.12757086443713
7814.66295371878,5.24478035311183,5.19449757642332
7841.07961729714,5.58927879372127,5.10568853701787
7867.57959862614,5.4611226508273,5.07408805532561
7894.19069111414,5.35939126459566,5.09280802113464
7920.8851326053,5.54366194200051,5.17942823588231
7947.66289184212,5.45844963907,5.13977633257877
7974.55176223838,5.36514361134359,5.07259973984477
8001.52398164147,5.3802641282333,5.12804880815615
8028.57951878681,5.42595881651014,5.15001379546809
8055.71840492978,5.46365090211973,5.15956330764709
8082.94060882419,5.46987859985541,5.17747853495479
8110.27392387869,5.42310712138666,5.33161817398347
8137.71835009353,5.37751728916072,5.12815182116842
8165.24612531753,5.61788523374359,5.83921011796808
8192.82945610915,5.35346046871886,5.13475847091874
8220.52386682486,5.36268448393799,5.08883387393608
8248.32941995771,5.3533607825343,5.15886558589081
8276.21829083224,5.47375521220118,5.03555353898355
8304.21827286782,5.37297950618484,5.14452515129775
8332.30160390832,5.44768989293066,5.01229590085702
8360.46825269348,5.5601967354648,5.32341752384838
8388.71825047051,5.48410961558283,5.10601252796394
8417.07932816609,5.39161740190474,5.05857100627134
8445.55154828307,5.41441923500062,5.03870495813601
8474.1070861408,5.37829011514271,4.97195392198232
8502.7737351603,5.43355752217317,5.11840339247792
8531.52373318216,5.42909155420315,5.19604835592636
8560.35704895125,5.38527377500729,5.19284888217533
8589.30147588236,5.47506628300185,4.98732806800214
8618.35701397566,5.45006401444235,5.06384099047802
8647.49590107024,5.50037721926345,5.1750800212642
8676.71810591305,5.35940837453388,5.11765693312181
8706.05142191822,5.3854087250588,4.98815533805425
8735.49584908589,5.3991413723264,5.10632627806412
8765.02362525089,5.4371881365046,5.1208651301411
8794.66248132726,5.40598084572044,5.07332620185595
8824.41247982945,5.4824966509301,5.08160220706621
8854.24579607185,5.46116246101143,5.11489971418938
8884.19022347711,5.37856404544336,5.06965087029922
8914.21799987828,5.48339351275377,5.12636365040424
8944.35685619477,5.47609906035403,5.01106401823184
8974.60685493177,5.43650446244337,5.08524529187434
9004.94017141207,5.41283732123203,5.20383796985876
9035.3845990556,5.5422611940962,5.0629669175283
9065.94013786231,5.51135371729846,5.05421259723511
9096.60678783244,5.44473827593893,5.11442906971759
9127.35678680035,5.52375935207274,5.09016644254581
9158.21786568098,5.54880298295542,5.0245429531997
9189.19008698276,5.44808551220432,5.0843013010017
9220.24562602807,5.37083394161352,5.02382835881777
9251.44003838965,5.42714953294544,5.07473000788724
9282.74559319122,5.50188015651515,5.03670929454872
9314.1067035521,5.47062454634971,5.05375729901155
9345.5788938449,5.64878591172775,5.07826077245376
9377.18998870828,5.55221415792975,5.06442778717065
9408.91219473536,5.51531417907487,5.03778596364373
9440.71774975961,5.54909044924403,5.01529891899753
9472.634384699,5.6139330470326,5.07259451884366
9504.66216205406,5.53804789190297,5.05976908355769
9536.80101931804,5.45535326410411,5.18073798834295
9569.05101900328,5.53009597871426,5.14632564602137
9601.41209859275,5.61750746190638,5.08617818198652
9633.88432060751,5.59331981835461,5.38220723857796
9666.43986036435,6.83336132658091,6.75673206982756
9699.13427344349,5.57370318357898,5.03138382080673
9731.93982895124,5.55114366127713,5.14516483362259
9764.82870219951,5.56463243082446,5.02995637556727
9797.85644877006,5.56955070877136,4.98693809052385
9830.99533776925,5.61454574956652,5.03435665837514
9864.21754450889,5.57791114521101,4.97052482797154
9897.57862457248,5.55412995938022,4.98163818501984
9931.05084706141,5.65531092005325,5.03799974782178
9964.63414945448,5.70842669206884,5.15212608717659
9998.32859426897,6.13957926184924,5.43561676953969
10032.1341189921,5.61368220904771,5.00635703551592
10066.0507861314,5.55573038296527,4.98763775666027
10100.0785331851,5.59290503500258,5.01424748036974
10134.2451848183,5.57746845126237,4.95110650210468
10168.4951854433,5.63407884625098,4.97535836101392
10202.8562659939,5.65446033455187,4.96253120983302
10237.3562511182,5.60348744168288,5.04477893691553
10271.9951095601,5.60358020109365,4.98937698057007
10306.7451104394,5.67613655794751,5.05092372828197
10341.5784290544,5.49820614553656,5.0182752052143
10376.5506209956,5.65892379702459,5.03416143130747
10411.6339553565,5.56389659405598,4.9986876841027
10446.8283696311,5.67807049385344,5.0621259848006
10482.1616884849,5.6717952423537,5.04435448455426
10517.606118502,5.68659389823601,5.03346292421944
10553.1616596825,5.64823092313195,5.02993479815358
10588.8283120261,5.62363279520862,5.06952916432518
10624.6338376974,5.68000947715079,5.00439166286303
10660.5782679534,5.73491900821412,5.10151180955222
10696.6338093725,5.70510473107811,5.07638915259281
10732.8004619546,5.65349077482105,5.02150959873584
10769.0782256995,5.70205753468392,4.95235988190821
10805.4948627715,5.71171687594013,4.98768135707033
10842.0226422594,5.67913546421376,5.0546523713922
10878.6615016673,5.69890025258097,4.93477010463308
10915.467027807,5.73071865472507,4.97525621571932
10952.3836963774,5.64714644912443,5.05853973056969
10989.4114448535,5.75606793097314,5.04975325734827
11026.5780979114,5.70797228519587,5.02919912684126
11063.8558621315,5.73076550253485,5.02708004664101
11101.2724996774,5.68999322614558,5.06439069816977
11138.80027964,5.70369798936239,4.9805020984472
11176.439139523,5.80665551519442,5.06323500066443
11214.2446661401,5.80460103658668,5.02251205445679
11252.1613351799,5.81680637042985,4.98639576762615
11290.1890841345,5.85209362905617,4.95936861922647
11328.3834998242,5.77935843754991,5.10359826168955
11366.6890579391,5.75818511876248,4.99851831214431
11405.1056959665,5.83059283421793,4.98892727048096
11443.6890007298,5.81409251667852,5.01190923996584
11482.3834479177,5.85682676067549,5.00933515367095
11521.1889750191,5.75716076258271,5.0306647209001
11560.1611688571,5.87300233866345,5.0210588734085
11599.2722672851,5.94071990306199,5.00384217887628
11638.4944768739,5.87639643411406,5.04365618928541
11677.8277976231,5.92478684292356,5.04092807655104
11717.2999917058,5.90398667654645,5.06738674611571
11756.9110903665,5.90995171477028,4.98667621847529
11796.6610623563,5.9766367843292,5.06180272903801
11836.5499389281,5.9054016467733,5.04784472663233
11876.5776888258,5.94278514075731,4.97686887028196
11916.7443433085,5.96464034186228,5.1425945090881
11957.0498711145,6.02918384018662,5.0768988898421
11997.4943035079,6.08831150952773,5.12833496912449
12038.0498470607,6.16023706791134,5.21117787124127
12078.7442639446,6.00896382166384,5.15014296470636
12119.5775854075,6.09355753492283,5.09362523302613
12160.5497802006,6.0373188347828,5.0461965344276
12201.6886417341,5.97211544622891,5.1479912485554
12242.9386456865,6.07768643990549,5.11512624920213
12284.3274917194,6.07089143122224,5.0548126125253
12325.8830357527,6.1655819648086,5.01962291288449
12367.549690944,6.08916802497865,5.04647359848442
12409.3552194668,6.11901640290518,5.11033909620265
12451.327414731,6.08784920637765,5.05181650488226
12493.438514582,6.12441898962174,5.12948129708228
12535.6607255902,6.1896271226345,5.09254769641882
12578.0495720922,6.22784043163772,5.11994935935955
12620.6051166021,6.18628982576049,5.16145949866342
12663.2717722688,6.06559650933362,5.09524681914696
12706.0773012659,6.1108992261745,5.10390755832398
12749.0494970057,6.16532310853329,5.06162596046692
12792.1605973301,6.14898551479436,5.06587590956695
12835.4105709814,6.16486441035808,5.06092193736745
12878.7994492122,6.21788009526687,5.15399812483857
12922.3272007751,6.25355976221388,5.11579819295116
12966.0216190812,6.2643998125719,5.13236407394854
13009.882704131,6.33856124838267,5.13791682324744
13053.882693768,6.28004027671065,5.09110726384768
13098.0215567297,6.30816833749327,5.15131020992323
13142.2993242714,6.39335178553456,5.16906042622421
13186.715965145,6.27465739867023,5.10192095515125
13231.2992727627,6.37436944712854,5.12588641916318
13276.0492471246,6.39260240505936,5.19478351343106
13320.9381260697,6.41374348791207,5.21154458445851
13365.9658783437,6.40118989473273,5.18636500010423
13411.160297362,6.44993145231295,5.13222951946033
13456.521383125,6.50387987216609,5.16181331879543
13502.0213734717,6.37134210161973,5.13656293219727
13547.6879993036,6.47830296438601,5.17093040518623
13593.4935609769,6.5456751074011,5.10294724285983
13639.4379647315,6.50815070465043,5.20303658432546
13685.5768286415,6.57622581919611,5.24087038598923
13731.8545971361,6.5797533387456,5.21854961521482
13778.2712389579,6.59151598526677,5.2707928642374
13824.8545475249,6.56254921931656,5.24137279279014
13871.6045228372,6.59972700693146,5.21681672921798
13918.5211648948,6.68550725631037,5.26948623627025
13965.5767115337,6.67974148256623,5.23145652839675
14012.7988936647,6.83142210070989,5.28065557844078
14060.1877737994,6.68023134017717,5.2389055300583
14107.7155272594,6.68018934516995,5.28746462936228
14155.409947465,6.86331642188471,5.23073905253621
14203.2710344163,6.80733649263618,5.32709350601829
14251.2987881131,6.81093501341367,5.26129049587824
14299.4932085557,6.9062146158275,5.36631355354105
14347.854295744,6.85127335883839,5.27597784439176
14396.3542875108,6.79176906505659,5.25101111454046
14445.0209147761,7.02365415899674,5.34088101536445
14493.8820022018,6.90484327036579,5.34459611496786
14542.8819942079,6.96943704740512,5.38219446392542
14592.0486217089,7.00433918885505,5.40723736546711
14641.4097093722,7.00243666680149,5.38162919101205
14690.9097016159,6.99096860977224,5.4232705592829
14740.5763293545,6.99965922481294,5.36243979910871
14790.4374172554,7.00647630628326,5.34847011332142
14840.4374097352,7.02916907087795,5.41505769928009
14890.6040377126,7.13935917780718,5.40653319177504
14940.965125851,7.03990473605371,5.45575066008535
14991.492880735,7.07586755065662,5.42804156769037
15042.1873023648,7.19909854111961,5.50945994039152
15093.0483907403,7.287577312091,5.52282101493251
15144.0761458613,7.23242089637619,5.48004769445867
15195.2705677279,7.30468138438073,5.52440211940358
15246.6316563401,7.26281735645649,5.55798110690452
15298.1871738615,7.25784791197088,5.54009001806926
15349.9371515488,7.29209699859029,5.53515654281341
15401.826033813,7.273649464998,5.56270550989576
15453.881551578,7.41730577881052,5.68694954786255
15506.1592916591,7.47204560536697,5.58736179507156
15558.6037297522,7.54179831161451,5.57242929685956
15611.1870411661,7.49382050218656,5.64116052118469
15663.9647814925,7.45387037666791,5.58903050410016
15716.9369819819,7.44758512057056,5.65234830797837
15770.0758492162,7.58205341817644,5.73480019333416
15823.4091453578,7.59987247830072,5.7080875621988
15876.9091395013,7.62717921451209,5.67167095543918
15930.5757691406,7.67275286257425,5.71932696654833
15984.4646210988,7.73659874597829,5.74488754608416
16038.5201710658,7.5761433224323,5.81154998018308
16092.7423565222,7.64743272718284,5.86957608499398
16147.1590021416,7.74075306611724,5.76160264031756
16201.7423145051,7.76161913184937,5.76955720779855
16256.52005578,7.72106352357922,5.7723198032977
16311.4922572189,7.86828784982292,5.79546610594304
16366.658887564,7.89573931802483,5.74901140054026
16421.9922159101,7.89627857353138,5.85989731879043
16477.5199419122,7.88562696642158,5.82446093218388
16533.2421593372,7.93341305883166,5.84460797704793
16589.1310122523,8.01994515082555,5.96612838969487
16645.2143253283,8.00703506003589,5.94167801189054
16701.4920673152,7.99052655626125,5.96607838477692
16757.9642694657,8.11051203168997,5.87397061662443
16814.6309005249,8.00086306767519,5.97469234224339
16871.4919917497,8.1510066331581,5.91049108941722
16928.5475118817,8.03505958210969,5.99934202798053
16985.7974921806,8.24400286250375,6.06757061721466
17043.2141392217,8.20175693610225,5.96277914954687
17100.8252151766,8.31689107434378,6.10697912722172
17158.6585134553,8.36392650287301,6.08286422634804
17216.6862719015,8.47337321349266,6.15715077207705
17274.9084592543,8.31224710549995,6.08969793291541
17333.3251067732,8.4723359808932,6.18644506117862
17391.9361832002,8.40458065477612,6.1763421774028
17450.7417197917,8.43500220191713,6.17051718067433
17509.7416852931,8.45144051903098,6.20370842258848
17568.9361109566,8.47305113422703,6.21605977544295
17628.3249655326,8.55002377472432,6.18678642502119
17687.9360424342,8.66196866618641,6.32063557258939
17747.7415795004,8.60116381223846,6.29025311872739
17807.7415454769,8.64445752183293,6.18286641625504
17867.9637337793,8.80176639550579,6.42106948473893
17928.3803822471,8.74486979545829,6.38081553721399
17988.9914596248,8.8359362931927,6.38800514486426
18049.8247593287,8.85471655201762,6.39916321776812
18110.8802813592,8.86124186504531,6.38967625925576
18172.130263558,8.9837569609937,6.54727991846253
18233.5746746639,8.90077509041985,6.47646395789313
18295.2135459316,8.97668044422191,6.41805437395828
18357.0746082742,9.01675207352208,6.53099740430055
18419.1579242024,9.0755734859011,6.54055704727054
18481.4356690373,8.9839781750888,6.57365285042468
18543.9078740329,9.08892155348249,6.57280298769343
18606.6022701068,9.06753687067109,6.67980141495528
18669.5189197619,9.25833327310836,6.62241310351749
18732.6299983264,9.20148720209338,6.65729509894444
18795.9632992181,9.26458647294358,6.66990057443012
18859.5188224372,9.23213787738411,6.84841435437285
18923.2965679839,9.28045070184635,6.75201868896977
18987.2965358581,9.36201902549992,6.76660760721921
19051.4909638958,9.44290010948401,6.70758763308038
19115.9075830077,9.44298408198815,6.75992455138522
19180.5464557027,9.45092126054363,6.78209788219268
19245.4075194681,9.42119772154729,6.8347104226749
19310.4908368202,11.0181848818333,12.8169463836789
19375.7685830795,22.4149851090078,6.91678732097232
19441.2685516664,9.57139752149398,6.9583094953909
19507.0185047411,9.64692920419866,6.88470770013395
19572.9907114051,9.66108168108044,6.97199499371715
19639.1573469749,9.61575430856635,6.99280862043737
19705.5462048726,9.72378942992987,7.00452941311979
19772.1850472594,9.86046901316787,7.06896045592335
19839.0461432327,9.84467432346983,7.09905032912437
19906.1294302765,9.83596921390411,7.01001193094713
19973.4349709031,9.8002906642001,7.08315171834223
20040.9627026043,9.87225973417087,7.03473071823389
20108.7404500507,9.88760744266403,7.15640106593276
20176.7404198247,9.90206764045207,7.14167629781612
20244.9626119261,10.0554568410959,7.2074991197927
20313.407026355,10.0427896056909,7.22652960168255
20382.0736631112,10.2013801185903,7.25403778359029
20450.9902843593,10.0763898629573,7.33237403272314
20520.1569213544,10.0900025399681,7.18128496044075
20589.5457806766,10.0332952088928,7.23979478189696
20659.156862326,10.1627137659135,7.25028720461215
20729.0179284657,10.2033177817737,7.3267043879203
20799.1012481875,10.2937513658307,7.23085375719385
20869.4067589874,10.1758640403723,7.39362084851597
20939.9900476903,10.2680705862857,7.26451565832286
21010.7955899798,10.3549594482622,7.29236495439567
21081.8233233435,10.2067434048317,7.29039250154672
21153.1010724508,10.1088809051184,7.30295335375066
21224.6288060491,10.0672752128674,7.34047373431375
21296.4065553951,10.1890891349214,7.21330540091766
21368.4065270671,10.319941783769,7.34937847877381
21440.6564832314,10.2721861374929,7.26256730541362
21513.1564551419,10.000724487067,7.17583565286536
21585.9064115421,10.1695217381265,7.31089998041252
21658.9063836909,10.0667511211163,7.17562540035544
21732.1285781651,9.94361747699462,7.28444889882606
21805.6007571325,10.0658856744402,7.20084343309518
21879.3229518444,9.85030906328999,7.13614799630165
21953.295131049,9.99481056986435,7.07304757787584
22027.5450881602,9.88506321618746,7.08556538960406
22102.0450610223,9.84295959407269,6.93847864730251
22176.7672562084,9.68410935122816,6.9677408986293
22251.7394358882,9.77878574138273,6.96577583714087
22326.9893934754,9.64036643933804,6.829550705432
22402.4893668106,9.46008914222345,6.72360765687736
22478.2393246362,9.44240649568595,6.75880157290535
22554.2392982074,9.38546390045201,6.61155141179759
22630.4892562713,9.30181045986392,6.54275605763286
22707.0169922433,9.11538493568303,6.49505213452135
22783.7947439622,9.10654990647398,6.38208086120738
22860.8224801729,9.02720402744043,6.34198848662108
22938.127994292,8.89046900012291,6.29554162850143
23015.6835241575,8.70836026693195,6.21714731405723
23093.4890385153,8.5960733514536,6.06233427271306
23171.5723307822,8.4872279082082,5.95508325418772
23249.933400958,8.32139816144515,5.88531426914913
23328.5444868802,8.09994667535993,5.79650443559319
23407.4333194552,8.00189299791132,5.70412492237911
23486.5999612002,7.79426617315772,5.5269242493522
23566.0165874335,7.69446390093283,5.48749753030213
23645.68322941,7.56518697566017,5.36947902798255
23725.6276180457,7.38810313562883,5.26187674950657
23805.8498158442,7.30423134706376,5.15928265982109
23886.3497602959,7.10439769369276,5.00468241044
23967.127513916,6.97161908122886,4.95729032735921
24048.1552520252,6.89929063164329,4.86403521498588
24129.4607680441,6.72158529675084,4.76066076718558
24211.0440619726,6.59770145781592,4.65802630172564
24292.9051338105,6.41418320904429,4.5170188645535
24375.0439835584,6.35212363936828,4.50495057968015
24457.4606112157,6.18389255581802,4.36391646022167
24540.1550167827,6.15052425704531,4.31619235284782
24623.1272002595,6.0480321027899,4.26776916257368
24706.4049238056,5.98674436489241,4.19176752545321
24789.9604565233,5.96566097089496,4.17018349785798
24873.7659737287,5.93780702907079,4.18440049589146
24957.8492688436,5.95892465285633,4.14633576820325
