Frequency_Hz,COB1_1uA_Input_ASD_nV_per_sqrtHz,COB1_2uA_Input_ASD_nV_per_sqrtHz,COB1_4uA_Input_ASD_nV_per_sqrtHz,COB2_1uA_Input_ASD_nV_per_sqrtHz,COB2_2uA_Input_ASD_nV_per_sqrtHz,COB2_4uA_Input_ASD_nV_per_sqrtHz,COB3_1uA_Input_ASD_nV_per_sqrtHz,COB3_2uA_Input_ASD_nV_per_sqrtHz,COB3_4uA_Input_ASD_nV_per_sqrtHz
0.111111111111111,148.21926464451,157.448611316574,440.801369735805,85.8908084591376,119.38827051812,5546.79946196192,132.533887059175,133.218037208097,5694.29850195047
0.166666666666667,89.7243414984613,128.797504765445,324.334347190218,77.7373629575725,102.215582773299,4412.47908910075,100.479979108708,80.362508083202,4198.4868930931
0.222222222222222,82.2563150591903,96.3701919032208,248.858607614941,64.3055124909444,88.1239260419673,4044.40564731975,106.460094390401,60.5518135641303,3195.74682479136
0.277777777777778,86.0861951321001,101.809940878349,301.391979109925,76.0854879532023,74.1500659373596,3951.2689114714,89.7657607970367,84.8406215330317,2950.09224059884
0.333333333333333,70.0913846796953,112.193772750112,317.21230385106,97.7580552369525,66.1148815660744,3134.79560749668,71.0237019441974,69.058147235718,3022.93816832803
0.388888888888889,69.7617967053555,108.660599880756,292.557809227758,73.2554834363796,71.4901401040528,2090.35462410276,83.9103447540036,54.3312235019209,2939.34160896858
0.444444444444444,59.0816970068365,92.6645615515892,283.952139355264,55.6466137680091,77.0524300072043,2188.09090969253,73.096712405925,32.4334705242437,2474.14841605669
0.5,85.1060315815347,82.8889696002342,296.779607747142,42.9661302610237,82.822980462353,2017.64255859236,70.6199824831391,47.5870262611364,1746.20928883078
0.555555555555555,76.3854393217459,68.6826377252924,182.114076937375,38.6868029264179,58.7809669763454,2466.12926507927,68.4109501792461,51.0476346184421,2351.77721104585
0.611111111111111,64.6396969265849,86.2420869954353,176.902779717003,56.9330261412323,57.3594377844704,2248.5018159799,84.9777326926608,36.0291913000499,1726.33228848108
0.666666666666667,50.7959671046601,103.117006386006,225.116153329933,59.1780180588319,64.0240615817124,1887.86429206901,61.0420705127789,39.1781194443913,2120.39321981648
0.722222222222222,57.246408622005,74.2809043664493,188.807093047259,52.4841994423175,54.311024688564,1999.3415091928,61.4950004002005,43.4747776951104,2345.01989129586
0.777777777777778,52.2492154288669,62.8236645439926,176.813669095326,52.8405597103173,37.4879935413662,2599.099572319,57.1153474094421,48.7186640428421,1881.10440195554
0.833333333333333,53.6124339879756,80.5453550717622,167.69272452276,44.42361815267,44.320102248123,2126.42875769304,40.7873206172255,40.0344403743365,2092.778313464
0.888888888888889,50.3588758960887,69.6818232581262,163.829450596395,34.065056501032,36.7328053091676,1865.29523592769,46.8687891751763,38.3116350094078,1510.89361028227
0.944444444444444,44.2921282059567,64.2561493545951,156.916613958555,40.5356424458739,35.0944094626297,2001.56520053243,38.4096339268495,32.6400209260513,1499.54400929759
1,61.2041008279311,48.9953678394508,145.116598217971,52.4895044599089,47.4114028428842,1696.10825715933,48.6145115127222,41.9975741835811,1758.01232245306
1.05555555555556,47.0634440875721,60.5667386432201,133.489458878354,37.1365386248393,41.1338721704249,1876.05669610495,34.4436807441656,39.4290900299085,2068.6667915382
1.11111111111111,36.5793337882695,54.6243959144314,198.250226270069,27.5539344766122,37.8892649688875,1887.18202695044,35.5576248487543,23.2736797777801,1972.3313037301
1.16666666666667,26.287410189286,55.1010947737276,202.427124311747,34.8659158679882,51.177586012753,1670.99765232821,39.5370853276904,26.9460376716511,1971.84345371386
1.22222222222222,34.6848216917453,46.7461766635982,134.739970862916,32.6538156049865,40.7012335163338,1349.74842571291,52.4419342556546,28.5038498299801,1911.55062450009
1.27777777777778,38.4767968756543,44.9728954687318,137.770000707062,39.1263076614956,36.2515077964288,1531.81082251649,51.8295389155571,32.7307130892466,1743.67612134707
1.33333333333333,52.28737779459,50.3152722016507,147.833394623486,50.8314219975938,43.5312821300222,1663.93940411068,44.781272344389,37.9978660894335,1730.67468674973
1.38888888888889,46.2330609655992,62.457662929451,131.262952505744,43.1280489233579,50.1519117636003,1624.51311719338,40.7136548955618,32.4107696325482,1761.16992772081
1.44444444444444,45.451022819734,44.2837368142812,139.467509485274,44.3159105591693,30.1104469570139,1343.29025203612,57.3280064463777,35.2255001255312,1516.21468522361
1.5,48.371584351232,43.8691621556928,145.380961771901,38.1815424166647,30.0364128621527,1443.66530271619,49.3455980477036,40.0392580971568,1484.94403007322
1.55555555555556,47.2038599529821,48.9565541147684,111.979958018155,36.7168998938684,32.6765529244004,1601.62684873583,27.8014124690273,25.255138928516,1143.09463288776
1.61111111111111,33.2233686333105,56.6749905115341,111.127677549428,33.073693208743,33.0024498102535,1129.40542735401,49.6495882300795,29.9958183456231,1092.95577307899
1.66666666666667,35.2038980383293,46.9173314998643,141.398841947688,29.5993607622268,37.8162275127433,1352.93078954826,49.3885627278669,34.1243866611719,1004.89229994358
1.72222222222222,38.2822151445018,31.8293484358507,145.099254914479,29.9919199751292,28.250005679611,1136.31953022034,32.4673505239435,26.9169305317269,1180.59019510791
1.77777777777778,33.6312462078942,46.2544871665902,100.372295948671,32.0661047127573,29.1277750428617,1060.36203338243,32.0651918812925,24.8366394110045,1466.71135998012
1.83333333333333,35.9105116041678,52.7002344432505,115.944356589775,26.7170496225754,32.9284737806276,1054.54077698671,39.8189223176509,25.037971378782,1392.39560218999
1.88888888888889,41.1506710686013,58.2360328453089,117.844070526125,23.607603926257,41.1113253390257,1045.3384622396,45.5305417467827,27.1107964395343,1068.89892014881
1.94444444444444,42.3325382172331,60.7134887982354,114.762740817305,30.5886381241158,44.405014202973,980.394621755432,43.5626767410085,36.1292616633006,867.566108921861
2,46.773047445699,54.6818467252202,153.808402762308,37.552689541245,42.902272806323,1326.19119855837,39.4576728136401,50.9110991434505,1035.03389975073
2.05555555555556,33.3884608504816,52.8697672508254,141.529228758381,30.4453766253985,27.7913922276643,1141.02735269251,46.4519227410304,38.9140663451226,1001.06859404495
2.11111111111111,34.8904286137886,33.8140997506385,127.539196146683,28.6252298208587,25.1569463169137,964.466991721144,45.9522579607252,35.5538776380015,1299.32828245348
2.16666666666667,35.0623599385549,47.5523255481922,131.246895075284,27.9809000453488,29.9386144740361,876.298941693142,31.3106199995191,30.7513223735556,1458.59381561355
2.22222222222222,40.1288381693842,52.3035543897754,143.918689121426,24.4344140373883,27.8817157479058,894.718147080104,40.0412801775879,31.8337278584134,1565.10961533239
2.27777777777778,35.3445600127258,49.4448783784889,134.681050678274,31.6257958355139,30.768762439138,1102.85308782255,35.4599955876154,28.9932609578857,1311.07074388583
2.33333333333333,32.1673401573404,47.2832979219387,118.721425788858,34.3959118402195,33.3490406981743,907.245029026137,36.0116150303141,27.5691753166836,1245.26746628833
2.38888888888889,30.074492732829,41.1033947122214,105.843218428079,31.3774911892069,28.9074731614496,1047.66462731974,27.842672471439,20.3902446705941,1264.11293104334
2.44444444444444,34.4893594548355,39.7365594082687,113.089280633045,38.6858802139866,29.486807989506,1106.58343012261,34.20636858955,30.7165468528885,1141.48067987395
2.5,29.6289608795178,44.5208893969268,109.483402981369,33.3448023972133,27.7851797620238,925.90104196092,38.5954222965703,31.6525322380347,988.657386201
2.55555555555555,28.8821651303554,41.5831755375772,76.178979498875,31.353477949778,33.730937072252,905.157929086709,28.1728130125006,28.3588355531074,1092.6998498674
2.61111111111111,45.2054906602741,50.0302481198543,92.6327407052937,30.086359906459,30.4786943918884,942.810940168867,29.2437375551322,34.050241613282,1177.93898380995
2.66666666666667,43.5524342045869,39.3114166047589,101.322642741888,29.0680280738045,28.9507376146909,1105.33019661394,28.7174346392058,27.0249407430841,1176.26514028189
2.72222222222222,37.4368676701981,39.6857274300492,108.464750435702,24.9092793135929,24.2722768306031,1215.10269320698,30.5124203104564,17.506059760278,1070.16355416312
2.77777777777778,32.3797288967723,37.4465459227462,99.1816952179735,28.8034113924262,27.6073414179961,1067.80440655981,31.9863259474295,32.2318386270513,1019.21161629599
2.83333333333333,26.733914823889,39.3102065012936,84.251996111374,22.2233407507964,24.5575729645858,828.829416922751,34.8714813421437,27.946346263476,1184.78869953534
2.88888888888889,23.6289408382659,29.8655503745567,102.256472946174,26.6782671862879,33.1424186322564,1008.26323209779,29.4344325871851,23.9158760451501,727.973098989593
2.94444444444444,30.7270107529312,41.569032507401,101.710909781858,36.1682575244628,34.1870977804657,965.633034966489,29.3532568838963,35.593271885387,976.121510961867
3,36.0051734702343,50.9969797324506,109.680427327303,47.1229281560429,36.4437261277623,1182.9224087531,30.9274293780159,38.9237588377163,1241.23864819107
3.05555555555555,28.431654845549,45.5791941844259,99.7682460095508,24.8942171194659,32.0868650988292,926.432885798679,18.9471237395045,22.1395154950664,1114.12389637672
3.11111111111111,26.9276581569315,40.0440466992729,85.753140414603,24.672599151803,23.3585055704176,722.566394075402,23.797410299717,18.1941763689831,866.547144675477
3.16666666666667,23.2057438491705,45.3777729589284,90.6050447064651,25.3281561864155,22.7955729994063,883.106682298752,20.4723351748583,21.9079703449102,1203.91016121682
3.22222222222222,29.2065162983463,40.8405641854572,79.9652849328685,24.9564611216897,19.9624266680712,840.965271565705,31.6878456925676,23.0694329910941,1361.81738891972
3.27777777777778,36.5925562965314,40.5906741830113,82.3889533559031,24.9403732063732,24.9207096036905,902.648159318764,29.493245626327,17.1820687402686,952.432421861183
3.33333333333333,33.9141553777102,34.4375008713482,83.2972182493165,27.6213278853498,28.4303413240094,828.332911426035,33.4866347305118,20.8404681194196,981.564007250599
3.38888888888889,32.123352887309,32.2746468592357,91.9379495946401,22.1719306059112,32.7558060936544,732.255345763043,37.0933895793704,20.6855253410845,1047.53277048965
3.44444444444444,26.2904270668056,48.0504421409196,87.1874100367944,15.7436253719131,29.1499889890254,1038.23981354555,33.6868498941003,23.8363672962135,1141.44278060483
3.5,20.5477522875141,36.1018211567478,83.9304219534474,25.235442738412,26.1433890901126,1118.64981625892,27.2380996194511,25.186883871809,1023.82271071734
3.55555555555555,25.4129338986294,34.1440145333426,83.5318775159303,29.0979363731574,30.1029858188238,1184.88252575795,29.9423983161232,26.9948780408613,894.443305939096
3.61111111111111,28.136322737231,40.2835053498624,85.4302179111758,21.083303816805,24.3290330424833,1255.10479929628,32.4109527555678,29.4889335870903,936.044559239573
3.66666666666667,26.8512648079257,41.8843785633114,88.8562800961366,23.8259623041471,24.9926054672712,925.913549497651,28.7207535179599,32.656486181192,989.599139105951
3.72222222222222,28.9765481100941,42.7517231137785,89.2174644215504,28.894785984991,30.812749119669,793.121020343212,17.3120618118877,26.6864013917718,998.836272623893
3.77777777777778,24.1638818112947,35.7555768925104,78.1456412318877,26.511889011915,28.7414476120613,828.541134433136,21.9005233042528,22.4062182999254,962.759575827536
3.83333333333333,25.9375635530034,33.3727113024509,90.6930241323937,27.0126828656995,27.610376363279,1033.45541707005,29.1773003319027,33.9714197450499,736.931143476102
3.88888888888889,39.7133492837381,36.3295042012697,99.8647570291098,27.8415821606183,38.1970919454514,1080.33851748607,29.5219370211151,35.341540077822,736.079782044291
3.94444444444444,38.5790222499409,33.9713924043501,102.333071525693,26.591393948652,28.7335049570997,1069.93178288788,38.1939145420137,23.2493135891511,834.20195911369
4,38.274087190972,41.0653800697034,104.613803020146,28.8278605258563,29.9174104148694,1026.30207939016,39.8994605491574,28.2362530687157,921.993567849335
4.05555555555555,26.5528439669364,30.5048243562281,82.4820835124013,26.0827585243418,23.0815973659263,871.604806752893,26.0063071322862,25.9516409380299,963.743223390556
4.11111111111111,33.0264573390289,30.1225809661711,62.3880160892597,19.5665526338197,16.8319325247462,690.742644684595,20.6668394905738,21.4975141830733,1065.01661110249
4.16666666666667,30.343614174005,36.3714007933548,66.6264608424279,21.8494691710997,19.0236944680317,528.760937250401,19.2167910344761,23.0107652370311,1084.11920018722
4.22222222222222,19.1671396090577,38.1255735799452,76.6698062127036,23.708654799416,17.7750672892574,856.433262690528,20.0307759605531,21.4745349899495,1002.80904720547
4.27777777777778,22.5765664912183,32.2010997933839,91.7043606360886,21.9979325857907,19.0906123178296,802.318711573205,23.0905797603028,23.0489008988635,928.833877372537
4.33333333333333,27.3648769692765,29.4929541326899,88.8291671809597,20.5048745317917,20.5127618780582,975.218930580681,30.1542989861542,23.147825347519,786.424851505057
4.38888888888889,26.5604657693597,31.4621610120937,88.7036707919145,20.2330170439643,22.4355046948548,1113.9219506967,31.8772598667655,21.9366043716256,754.432751322176
4.44444444444444,18.3583641571217,30.1452828771442,74.4558934891946,19.4810918279539,26.1018581130525,883.253938656314,21.1739041604183,25.3264170568547,1061.51208874703
4.5,16.3568323973989,37.7886594961126,72.3235362379428,20.2916435570363,21.6977182102453,780.347856162016,23.0621951700354,23.1333312441029,1113.93871389163
4.55555555555555,20.8094440301157,33.3530324802529,78.5810825004197,17.1637176028654,20.5719622755164,1008.18029722309,23.7902945940992,23.682980451675,883.169262373309
4.61111111111111,18.7944756097783,24.4593752133661,70.1296605028934,13.2634529934573,21.6656479660514,902.980325052206,24.3112663526323,21.4265762513007,713.982105569357
4.66666666666667,21.9092929945966,22.5988818365238,68.7259599726125,23.845316247811,18.8947844522924,697.456959226556,26.8897645792506,22.3676511485404,643.864760890629
4.72222222222222,24.7656180522548,28.784807978915,63.4820362851594,22.8334256547227,18.7932105298735,757.719492335301,30.3073591598475,24.4259920633785,855.68221780002
4.77777777777778,26.245334118736,31.5263442528843,80.2787378863135,16.2432714404333,24.4054399117174,784.274842036366,30.5313358732141,19.0881168296388,823.620382804086
4.83333333333333,23.1987225293459,25.7376680250107,75.2435221136149,20.9858111165251,22.6017732631964,884.394081844347,28.9937783304117,23.990226997102,777.812832472944
4.88888888888889,18.6907994042072,29.2704044046386,57.6899127004657,25.4033950220868,19.2365772370911,876.165506021863,24.5897810989548,26.0998998655365,784.324888053282
4.94444444444444,27.9450052158192,34.1857051098883,71.7079388334248,20.2645902825977,22.484918609857,731.745012007191,23.6127396214525,26.1352944108587,754.96004927484
5,36.829902473455,37.0314341641375,71.6805218748313,27.7325095602508,33.430347739138,598.997987969133,30.5157990381343,31.6754394739895,787.888001498821
5.05555555555556,26.3458240877013,35.4428007338842,62.1376786970097,22.2873018649739,22.8974712605643,493.090015193992,28.3499854189026,23.7587584725369,780.394700581184
5.11111111111111,20.3293114328748,36.8953416396475,68.9349072781792,21.203540639102,20.9645711493355,700.650739691558,22.8818077870376,22.6884763533141,803.335825960023
5.16666666666667,19.7305042922303,33.536021567164,67.2782085444382,17.551038126398,17.9239706723982,878.284635180194,20.7070008788007,24.470230011703,832.323380931048
5.22222222222222,17.9710435810539,31.3910552988399,60.6002433281061,19.8500319748764,16.9777719828518,943.541400278458,17.0875577357145,22.6447465691468,952.52492399777
5.27777777777778,20.145433876379,30.5330342509093,61.0540985545754,18.5980022567186,18.561192530636,806.280450355115,16.0125341400751,18.5608665727141,785.209202754188
5.33333333333333,18.5607870655112,30.0024706710363,65.8454200228014,19.0480450567109,24.823346086253,659.943407009726,24.7611612926926,21.7341124124688,793.254155819896
5.38888888888889,19.822478413651,23.2539972598248,63.8140339399437,15.5895598535565,20.3103357595478,674.421003373795,24.6295555037693,18.8581200182278,932.005012832375
5.44444444444444,20.836332105085,28.1105839165868,60.0600879325772,15.46060074222,18.4215155694469,744.349200651221,14.6152317553993,19.2400637484036,939.936843656923
5.5,24.3160068291292,28.1736387603885,68.0709394946253,16.226381664468,17.3321789905365,848.985051905659,18.7448126595146,22.7421807654618,879.39961033838
5.55555555555555,18.9498643100331,28.0899652599301,73.0313620865177,17.2959449084986,16.5772444915342,1081.0505557273,24.0028774917816,20.884950915915,765.519873118004
5.61111111111111,19.883636819456,29.6319459281083,67.4373606617869,14.9177235240654,14.7865364316232,1085.77721224247,20.186081890161,18.9611558048655,653.143814756278
5.66666666666667,22.4605434648872,18.3323439898633,78.832959797234,15.3341086540719,14.1911883715227,820.801172908531,14.9454665436185,19.1498300704389,757.289682627608
5.72222222222222,22.2400729348674,22.6124685920573,81.4078229797444,11.4066319933377,16.4483525790315,800.598790703524,15.3206051468411,11.7975537969805,661.810679700277
5.77777777777778,18.9216537278801,34.4160543427885,69.4637419226866,22.7389310021467,22.4699032276652,760.38522232168,20.345763155743,16.2932911032746,712.113657890068
5.83333333333333,23.1734039243986,33.9852760133079,63.310224429842,23.1832159137225,28.8930970795432,736.260079767662,22.0748491258144,18.930922080265,663.060942014569
5.88888888888889,22.6836565722926,24.0084188593554,69.5729019531891,17.5573455989675,22.8409161641441,795.074046022564,22.433083018991,22.0134095780274,586.067395613504
5.94444444444444,16.2531146123496,32.4365062337379,75.8576380846048,20.9710688855131,18.4343324799568,755.003289169253,24.5534425056873,22.0993038276313,619.401648169984
6,16.7404721048602,32.1070923419501,72.1182121431853,19.5541151920572,24.4568323166442,827.914070166721,25.5475167764847,22.6535254930797,565.208835041539
6.05555555555556,15.6229857170871,21.2092191285548,66.3278725850465,14.128461857144,19.6592818299079,955.335755970736,15.370431962018,15.5889810280472,544.651839625333
6.11111111111111,16.4799432080782,26.5799341737567,75.2642621241054,17.3862891978066,18.8318871953121,860.302928636205,12.8899125802049,14.5088325925423,740.072287133924
6.16666666666667,15.7224394426521,28.6432045341778,70.3990072247858,19.5703935192077,17.989681797325,490.777479275962,20.5939660146752,14.7506130733344,668.87680744277
6.22222222222222,13.9463068380454,21.1386388161781,66.3731973314831,16.091842540428,13.6290991961615,617.29834371928,20.0086241667617,21.7872361044602,646.473285477942
6.27777777777778,15.1841281947738,20.5849562339337,72.4240359729267,17.0119839862428,14.5804545577557,940.721181076062,15.9464193840578,19.3413122075526,630.905444642976
6.33333333333333,16.781678420251,18.7054734221392,72.7831812743738,19.7295362714553,18.659747370228,882.096093073808,16.9091852957748,17.633781020127,617.866160098308
6.38888888888889,18.32040596144,19.9654343629442,63.6849773852798,20.1018997437693,16.6225065290703,548.997575268559,14.6498323686828,17.6909037919709,707.820132061817
6.44444444444444,14.755511917837,28.761808601436,40.7341014403198,20.6266659279601,17.1519993529204,723.111235165458,18.0640243182291,16.193511029449,778.376005668606
6.5,16.1858483249092,26.0093613978107,41.8146538433839,21.3727481299055,18.2276225350592,845.25500620747,19.2830573038426,13.908975059752,597.505320195119
6.55555555555555,17.7202147810378,24.21739717465,49.3268557169347,18.5672201435593,24.3738538301967,706.509641307283,17.1537658261596,19.2588905163904,632.291839787976
6.61111111111111,17.8724300767202,28.4859033755253,53.6384776370825,19.4889606360474,22.5837740880047,569.38001298903,16.2972197462091,19.3706616511231,600.321584648241
6.66666666666667,17.4141303624678,23.809011628834,51.7123878891386,20.2623106569692,26.1641010440323,835.119961733386,17.7128895705388,18.161354538454,686.148181623734
6.72222222222222,16.2058420163353,26.5842033106312,48.4889073887142,14.1536945011197,22.4449429302697,666.303846487865,12.6238279808999,20.1227684747188,705.853823191903
6.77777777777778,14.8258653925281,23.508063472434,47.8857570161946,15.5823818733503,17.1793517189066,662.964106506756,14.3627578480159,19.8162861128046,800.85459160705
6.83333333333333,14.2227803831565,21.4840752426775,51.6124200348774,15.6085578647579,15.3430574426984,738.857842951297,17.7380418925268,18.9955873585466,772.99436131793
6.88888888888889,14.5835708747484,21.2808025197276,62.2971409233815,12.396326043526,17.5168130965946,744.634097851408,15.7462804961758,18.409570776944,684.642508205401
6.94444444444444,16.5488915350785,26.6514661130701,70.4232983817963,9.58957175437403,14.2220485789637,611.263434717153,23.0631079309918,19.1747390165016,614.904235818187
7,16.9050763730206,30.981164650687,69.8830608799652,19.0187243054358,18.9927960939875,572.538084928962,26.2109653554443,30.7564655203544,577.945956248904
7.05555555555555,13.2581461949938,17.368312718394,67.3194616909341,17.8515402503907,18.6761447584527,578.98725855611,17.9981074223628,23.9859956137787,667.464596458969
7.11111111111111,13.807837689755,22.9712391069368,51.1835193299824,14.8354630810555,19.6661605342759,680.018765125255,13.8145044319398,11.7438820670198,675.574156328894
7.16666666666667,16.9154381138279,23.3346820152306,57.2797980855994,10.6086296243476,21.4501732547349,739.530502585996,13.9491921212791,14.5236645230779,594.53073420766
7.22222222222222,16.9616773984039,23.0733673567993,69.3407806885344,13.220668523051,24.9093349588278,760.821481431423,15.4159774387919,13.5089496890319,637.006694946386
7.27777777777778,16.3602749603841,27.1993054481315,69.0220420668573,14.6606814149174,19.2321902366433,705.999408750587,13.032528203701,17.940248088342,790.56218485639
7.33333333333333,20.6027736015811,30.913598819778,63.7503376733058,17.3901025519945,20.4882603233091,657.934934437418,18.8512066844505,19.3328528007356,567.277684681178
7.38888888888889,19.5165536035647,28.1961463915283,47.7062960763541,11.0830578898016,19.983470872878,752.241100218144,16.6291742374585,16.6413370424251,654.056960506849
7.44444444444444,17.0115666638095,26.7921359257907,60.8331812103568,11.4302277186086,18.1374233564856,768.499716591729,14.0368286245065,15.0958898330261,611.710270122624
7.5,14.5091154914863,24.0772599657758,55.7204367153697,14.7063156976614,20.9006240514184,689.095769178389,11.7038757464965,12.5957138605392,582.381043103295
7.55555555555555,15.0036856216546,18.099454647467,43.8266215196861,16.0645354962023,23.0859017032462,768.182662666852,15.6931909120476,16.3414906424966,552.253570319584
7.61111111111111,13.4199982203858,21.094560249001,55.5344375831536,13.099905312397,17.5311265319307,588.894351566316,16.5099673452708,18.2536419141214,653.389303482532
7.66666666666666,16.9544952117494,29.5222583566899,65.9203385656723,16.506256561574,13.8765595972832,544.685461570897,13.3308224616228,16.2006640359004,545.737308973536
7.72222222222222,17.9457750330797,35.291670472318,54.2347087496767,22.9092234299234,14.8844681428745,624.91333929329,16.3332232762258,15.7057379537179,606.219420482993
7.77777777777778,17.5821316245161,28.8135268275199,59.098417755153,22.6728961192314,19.0835985180519,788.734472865352,21.0110599246072,19.782451034863,741.876930463578
7.83333333333333,14.8193636258229,18.9889949673418,37.793156668551,14.5649623591916,17.085331337038,479.935780449625,12.5540493220334,18.4650886910586,568.409086977522
7.88888888888889,11.6865847988297,17.3815129247638,33.9635645866387,13.9331827791522,16.6639548789257,648.357764968827,14.425740321303,15.8612852673364,609.964138173717
7.94444444444444,15.6135354520917,24.5660429527349,62.2245379323298,16.0158543143252,13.2042274272818,629.9932931044,21.9861285684592,12.9147734750505,574.278630747566
8,20.0736115464244,29.0844163452313,75.1356447596945,24.9200784852818,17.9756397765649,529.199196194268,21.39851022318,16.3747313516852,556.377364617766
8.05555555555556,15.518015250226,21.9285740003332,70.502500069023,18.0973820230369,20.4518735070914,609.889586413327,14.7000249328712,16.1804245464314,628.465058760488
8.11111111111111,10.6488364864804,20.9674710679742,46.5420619900407,15.4161190330591,19.7595893102188,543.5080295003,12.8639301537233,17.6493446087873,651.522984817618
8.16666666666667,13.4016388606684,26.9670987799683,57.3517176280977,14.9923336329446,18.9481057250059,653.167968687213,16.4915748379345,17.2644232082748,682.594467339069
8.22222222222222,15.1489167590409,30.2098611022799,60.2671413802839,17.6876534081038,18.0325320913961,787.856918983065,15.9091862984565,13.1261938053154,597.671304777173
8.27777777777778,15.9805464086866,31.9981561834873,55.9145967214269,18.9298362402048,19.114573630647,771.349313202392,17.5447706696444,12.5583774274947,680.288276345276
8.33333333333333,17.1070331107637,30.5870565692526,65.5168175509199,16.5711665522701,19.1222074216554,624.670263768026,21.1779571272315,13.4172148750533,589.830020260095
8.38888888888889,15.0172095582212,20.8234635792004,56.8738138946379,16.7625753026615,20.8639885576452,753.820001658136,16.0363504038566,17.2000804269202,629.205423673469
8.44444444444444,19.2933582476091,23.1645848762629,52.9914387402973,16.3031802573697,18.6057258548517,932.644535387918,15.9952425454922,19.4973588326693,609.04133842557
8.5,21.4283707835242,20.9672346409352,50.0729505176921,14.2070496051869,14.8045717825406,662.972944828803,18.407023930623,17.9990172023118,453.541327434832
8.55555555555555,20.6492671602366,22.082150094701,55.8123359901392,13.9083231202973,13.0596417230882,494.211504207268,14.9349087235747,13.6937543758649,712.820750691351
8.61111111111111,19.6517396056695,17.4667950547073,66.3614374223719,13.9504585269998,15.3225890510357,516.653416841931,15.5967834891459,14.1974060977679,519.511051647665
8.66666666666666,18.410807799748,20.8834211783339,58.6458191960315,15.2429821661887,14.8993489728887,469.875427500208,13.5250710403175,17.5116706315723,530.377181823185
8.72222222222222,13.0510097783261,27.8499851662514,52.3070846870275,18.2694916858681,19.79675054975,761.334572239331,10.8034691878977,15.4995403199558,602.083425600377
8.77777777777778,13.1842968219508,27.6180682631969,53.5298124749129,15.5476293131722,24.0886666375989,721.18336667897,13.8597642312933,14.3667762391455,549.326391213628
8.83333333333333,17.1223027856094,22.5313119715871,50.0920674932954,13.6702409853914,19.6544483980683,672.585129449453,16.5897734777676,16.2309508977152,481.234088944735
8.88888888888889,11.6201058162857,22.7805007891094,41.3650329003036,14.3400087352594,18.4186705963419,821.326945138289,17.258438110799,16.908425086543,602.177134138438
8.94444444444444,17.783048691634,17.5514812672398,56.3574437193764,13.8159080801491,15.6993541669501,682.07809077239,10.4748859790836,18.6565252644577,625.457035313565
9,21.6488311288789,23.7512674483538,59.0877518084006,16.5052691882684,18.7305373625205,499.122914275173,13.6722642584018,17.6745815426236,662.745547976379
9.05555555555555,18.1235804360739,26.7152387488266,57.3166998022527,15.6419495952491,17.5411416041526,515.934925891192,13.7579761248185,16.4673563181465,540.373834334089
9.11111111111111,12.8977030406749,24.265501798155,59.5145718625618,12.9786744431016,13.5700642368772,497.196137575229,10.051765797833,18.2204052513607,606.496086025561
9.16666666666666,14.1224637622226,21.0159712669274,51.2282603925105,13.2445020322974,16.3395615210637,655.597376133963,14.8165540701405,21.1672852370645,436.437295506862
9.22222222222222,13.9582244712207,19.3374179134684,45.7591642020209,12.4567967717599,14.6260080588656,598.258440125593,13.919776785578,19.3924596466539,611.596101996119
9.27777777777778,15.4506583996869,24.6541051469096,49.3752260480665,12.9471994063571,15.0021392997961,616.820004177792,10.1529617143197,17.1542845207448,600.816202880622
9.33333333333333,11.1049709366763,23.5367861079644,55.6210161209073,14.3449192511015,16.2781286315146,625.718845810373,12.6477137783551,20.9386958146674,646.036034956623
9.38888888888889,13.6360042342481,18.1182474550723,52.613883177571,13.5260279517431,18.4278996027662,564.33370940329,16.4685943080139,17.0536419091665,599.316096144375
9.44444444444444,16.2210479510429,18.4907677418265,54.0352056354842,10.4608160635066,16.4766751071822,627.716909279096,18.5909592045385,14.8092957339249,429.125718453201
9.5,12.8956086821316,19.3018396978276,58.9731914973172,15.6640404201344,12.8187560673061,521.229899709877,14.6166671295986,20.3884148532537,525.180192404895
9.55555555555555,11.0963206126584,17.1734833093461,50.683440670755,17.2422628914878,14.9002460528886,574.792885468429,15.4346390356817,16.387969328621,679.460956608777
9.61111111111111,10.5132406667304,24.8606386327992,44.932201524352,14.7028192930094,20.011500976049,515.866784599968,15.2152235444121,14.1886769536602,671.295498463501
9.66666666666666,17.9715589577368,22.7814644989751,75.0633240078764,15.6520250875473,23.476078942964,426.720226206262,18.1144960954198,17.7372106942777,822.505570049319
9.72222222222222,20.840013954602,24.1752525569926,73.9282563184266,16.9530431694568,22.7906517060334,541.367729927213,17.5747504506425,17.3081539480975,813.287990081384
9.77777777777778,17.1139569829893,19.3832191970781,56.4401984678406,15.2494712830945,21.0177242203093,512.926087869751,19.72089644539,12.4182200501589,646.559528517962
9.83333333333333,20.166052298843,17.763053930324,47.9667535454118,12.3774204733555,21.2638471245989,539.638169907406,15.6851298673714,13.2328226162891,628.013134348312
9.88888888888889,14.2738960946214,25.7879176303819,37.5266126306105,12.0092609836992,15.7790103834348,622.070976342803,13.1228558535875,13.2643571569675,617.46329689947
9.94444444444444,15.6777463009823,29.5329659547736,58.2193811255397,11.7275456344464,15.9085454171746,639.016734248622,18.4844322893686,14.0969742777714,703.468374082483
10,19.7109895119018,26.3832756352276,66.2303981232859,12.5307288966507,18.5361918461723,471.980988715889,21.702396411093,17.1995762279676,652.571692566793
10.0555555555556,19.1659902751767,22.1569514175084,44.6102994464231,11.7510999443061,15.8180234681771,514.550395534353,11.6453793484073,14.4826935346489,633.108467504955
10.1111111111111,17.4855379120483,16.3947385877749,37.0447946930666,13.0110598131663,14.2156529619671,543.277409090018,11.0086563916705,15.9499052273914,556.286026382711
10.1666666666667,15.1803564048445,19.1375577218169,47.2930859499073,15.4449576744053,14.3352092842743,637.354455805504,13.5170597101917,15.3722250792165,674.11397258887
10.2222222222222,16.5036769771023,24.0221725843329,45.9587019591108,18.1512958863839,17.2842318024378,410.142718507709,12.5758318381911,15.3456816533089,620.142734905973
10.2777777777778,16.8372409220972,19.7237689799341,52.4684213338753,15.3087065626158,16.1997883501962,479.815069391528,13.5636427402023,14.3950699470338,724.702540835641
10.3333333333333,14.1820891668465,20.7238274853466,48.6663651895088,11.5057578510526,12.3095831347527,618.293156681829,14.7981479836674,17.0766671527768,751.109490263903
10.3888888888889,15.5556310006179,22.8486061250468,36.9230993297595,13.1650602186719,13.1810327622634,492.931553325298,14.1097291105355,18.9770263397979,621.938453360531
10.4444444444444,13.4136256463596,23.5715478055868,43.1039256316761,11.685552754584,13.1704350132349,387.422077723348,12.0095272078355,14.3545509899768,622.268627819346
10.5,13.1485505591604,23.4658231080263,46.1065682579643,13.5236655782228,12.5991082458034,434.264866771402,11.0682237602369,11.4194701743584,640.626927443043
10.5555555555556,14.4927318679145,21.8505934104516,45.6672235291408,13.3975367613345,15.5846400071277,522.144039694227,11.5652883777177,15.8403603905333,535.381213431775
10.6111111111111,18.1513536648313,24.8558611092258,53.463764484327,9.19896344171356,15.4837145079495,515.677611268054,10.6779611872587,17.3008648971481,606.998312763805
10.6666666666667,20.4644236742342,24.5917503118785,59.5743925382519,13.1737791925013,16.6899016055263,473.457742873726,12.4701191799322,18.092282502013,669.72000092229
10.7222222222222,15.7930840239064,20.554375059202,63.1771284691233,11.4738681549695,18.9924380413029,589.169275400398,13.1526399659694,13.4828493904878,618.155831039548
10.7777777777778,14.5846062765039,25.6362769518161,59.685518360585,13.015091259294,15.0140069723113,612.674362062374,13.1802106724586,11.3181295393875,568.639414274668
10.8333333333333,13.6866869341167,20.5158014702039,49.1832757946369,11.5380323677923,13.3387766302785,542.75148109744,12.4993208400889,12.426585556082,459.998904782098
10.8888888888889,16.2180755601779,20.5336510606816,42.6835615669405,11.3288028725797,16.2904514026976,690.246880159402,13.9874601289769,13.0761527974251,454.453042211751
10.9444444444444,17.5592717386845,19.9880045392578,55.266199771169,10.804905313214,16.2215169134788,565.930890434442,17.5917077944061,15.2632894596763,404.003810681367
11,20.5641069329271,17.1021048495875,60.8404029184363,16.743762023804,18.1514281118526,436.974818099619,20.0079370390715,21.5141273936191,492.520436355998
11.0555555555556,16.0977205385746,16.8757715815234,51.8663522258833,17.0875746809536,19.4517889008054,492.434561008205,12.9534732094814,14.8277466436405,616.937982360861
11.1111111111111,15.7746364547181,23.7046880576154,54.6800909396005,14.7787010636633,20.3891679897767,440.985708327011,7.91012185604613,14.1120554351063,517.047013013138
11.1666666666667,13.7900135834257,21.8449415525503,49.3520940210095,16.0367013727224,18.8145844982552,468.994708893615,10.0393061961113,14.8252123519298,496.818538172808
11.2222222222222,15.5538818132815,22.401708691867,49.5241899697983,16.610770393522,15.8486884970812,533.697547998256,11.719717267749,16.1422342015557,445.762775998796
11.2777777777778,16.7066668708635,20.2410426677034,46.8744266305152,15.0064170120842,15.6148133030096,573.899735748038,12.5656826862889,14.3568232077037,486.053917449118
11.3333333333333,16.3336647943213,18.4084951070523,31.2117865374657,13.7901862223561,14.2712586080451,390.73620264917,17.5035915814536,17.4478458865678,367.734319666396
11.3888888888889,12.8667183454795,24.3189366471095,48.0827864705465,13.6946632662682,12.0954912649047,468.394328016352,15.5803394653,15.0395081297718,441.404220647057
11.4444444444444,14.4614605965545,20.9477571715272,43.3019037414838,15.1173628950824,13.6295423450271,631.542196096223,10.035860245558,11.4437577750076,532.146313247116
11.5,15.8317567967385,19.6968740993814,40.7440168385292,12.6920439190183,16.1457923578094,555.10548740922,8.26652994687124,11.2955677084965,505.270149349842
11.5555555555556,13.2684191138015,16.594598837974,45.9905101307927,13.7024948537986,17.7878061270626,578.183395730607,10.0721106233558,14.7366496704372,475.351067645642
11.6111111111111,15.4597367323096,19.5508644580803,59.4595366141875,24.8703291751884,18.6080431562399,528.61439352525,17.3608935339555,17.7077892430551,427.36901434622
11.6666666666667,17.56718597909,28.6139316204445,46.7243432872158,21.4420830960087,18.8501152623709,539.884059906303,19.6729496913927,17.5998623759671,596.254835499202
11.7222222222222,19.292513012646,22.0332887152676,48.1286554302597,17.2064160018408,14.9572143453581,498.17442665856,11.7315590206146,15.4980603648459,464.594584572687
11.7777777777778,15.0543826643357,18.9733960348665,50.0801170001949,10.8551623791824,15.886398586559,411.73348847401,8.98779969680026,11.7188439997455,369.476629364586
11.8333333333333,13.275065731034,20.2804097488828,60.2494605382802,10.8594392803549,17.7049261105147,415.218586583166,9.37809369907144,12.6565607940256,434.467458627986
11.8888888888889,13.9907706299067,18.0989050635656,69.7954922499892,10.639270911112,14.7470490780134,501.772671034641,11.5092078035991,14.7079222580119,536.238235523358
11.9444444444444,14.582882255519,17.9373453625962,61.6793244439256,11.2645444106546,11.8956847083096,544.972169995387,20.8569906257585,13.8405079269453,575.771750094306
12,17.8060603429191,25.4465920827679,65.6745515896572,15.2233376838997,13.7647171942152,507.940543382449,24.0758963789072,12.3254719430189,540.03167838947
12.0555555555556,16.0202110447386,25.8257060174693,57.561832889095,13.6697064250672,15.2982857038464,370.016734345844,18.4146284370366,7.1663221567901,328.164207686961
12.1111111111111,19.6119807375441,23.0505937053574,49.7525870915629,12.6711054783494,16.3371521921648,456.590846379,13.1935086486701,11.1832964090976,408.432328638602
12.1666666666667,18.1331421493252,19.4039587763051,43.5281139592837,10.4409552723817,12.82616430579,474.955200992612,11.2969236781644,10.6991254729417,511.189497657923
12.2222222222222,14.1155722714305,21.1937895892158,45.2888400614665,10.9175288085369,12.3237167905158,398.416606588275,14.8175565504573,9.59122914012194,560.972191704275
12.2777777777778,15.3806540218664,19.924613299439,44.73663532384,14.1380749034019,13.0076840553801,416.789490256204,13.6710613462346,13.5029331910871,553.598360016837
12.3333333333333,14.4732419473388,17.2870050482452,57.0672595830376,15.1629944242089,13.1598055962377,441.516620131872,14.2265335615628,19.5167846558249,592.157064068301
12.3888888888889,15.068076396877,22.7109769929012,51.0903641227532,11.1698269715135,14.1648370744928,486.309361355038,8.65643704480482,15.0328162275838,608.225045880009
12.4444444444444,15.509928421104,27.2751165667129,44.1831152263253,12.0761635412533,14.698500553318,443.508114766945,13.0877135858896,10.939100299384,481.258761349601
12.5,12.6313582767045,21.2477450118115,42.2125324463415,12.8938051342528,16.2173681724457,522.948682098154,14.7993728100261,12.599922332484,485.909587198723
12.5555555555556,12.5446208932862,19.3551768282804,46.8407875682944,12.1843074511747,13.8834344774504,452.613434137736,13.4512723995344,18.0054884828099,545.153528461824
12.6111111111111,16.5884079163845,15.9522230109856,52.592842164684,11.7934583784171,13.305067893807,366.182981581377,13.1092650188224,14.9614444724243,620.56986891099
12.6666666666667,12.8107116976179,17.9604719602017,49.12527344513,11.4815978844675,14.0838756049524,361.55743786112,10.6147914068129,12.4246795685833,449.425939337561
12.7222222222222,11.8874985780302,18.1916382500583,52.5373258302743,12.5696445499745,16.792153336632,331.622792126604,13.3760645781246,11.3167269733295,409.891828422312
12.7777777777778,11.9348060690799,18.7653228689755,45.5951347628821,11.8925744554535,14.5231488466721,537.790236505481,13.1137741269182,11.2447260111422,458.675432932328
12.8333333333333,12.5759662940017,18.8792688972223,42.8748025991052,11.4924371610931,12.1101946486766,466.961299502796,10.0240443851306,12.3876781826559,472.310610553974
12.8888888888889,12.6379661772845,20.4895058901296,41.5547238025694,12.7722531334068,11.1403580069891,315.436508229964,8.8414494227254,14.4710852154941,543.708309396342
12.9444444444444,12.9830696434583,21.7330784180153,44.0337145924862,16.9014263224821,14.0021993194574,481.542273782835,8.96265354309271,14.6357143511612,516.557486381855
13,14.2217003054299,24.3147429615091,43.1272971893372,19.5158993797884,12.6586168683902,514.399458927106,12.2987009140669,18.0203200143573,486.901344083959
13.0555555555556,14.7252486874171,20.3422134280379,45.0776113894077,14.0119336639374,11.8272829879504,438.200329579488,12.5257946533181,14.0045443966828,593.801593101271
13.1111111111111,13.5228582343108,13.2271582128526,48.6321807051196,12.5118937732778,14.6035526341834,493.550162158027,12.0438840537093,15.8672543757054,536.817381852527
13.1666666666667,14.1068550365901,20.602536983116,47.5504333415422,11.9300268103283,19.1907965859048,508.233285433602,12.1832830210678,17.0773182888949,527.850045968784
13.2222222222222,16.5957152727345,15.5948385530601,44.8117582922811,12.7191492792015,15.3147752961464,412.228630337439,11.5431816125116,17.5076415404783,587.478702225152
13.2777777777778,15.5461976195346,16.3755434012521,46.5942838582532,15.3843363599372,17.5919445570786,355.510127720448,13.3419052764407,15.1057116399993,584.277240458071
13.3333333333333,17.726230275106,15.7170629770676,46.0791131182069,15.1064693924544,22.2099515524511,404.116095073514,15.3771965445814,14.2702651000639,652.034279279299
13.3888888888889,15.0499284463856,16.4146680290662,35.2971724995113,14.1690145737997,17.1210004623975,477.535663664233,9.64231129272381,13.3671746465335,653.32602308061
13.4444444444444,11.5640111616563,21.5956443761965,40.5556347989087,10.8871574394825,14.3869053946223,505.42433577213,8.79788295773652,11.1233944675159,557.971998142448
13.5,12.7985125817356,17.8924602319736,47.3266162378978,9.44060929238997,13.1019684541089,460.503790804579,6.47226417207287,9.74886645329674,536.561350598403
13.5555555555556,16.4495219320737,25.5635614880734,54.2048049327769,14.1937040411597,16.7349730586606,387.175513174877,11.0977840733539,13.6844181796172,472.074342345819
13.6111111111111,15.00691387793,25.1081790518875,43.1572185976602,14.2076249409544,15.9024599716694,391.508255227422,12.8492507154824,14.6373206067947,396.965130269504
13.6666666666667,15.8208269038544,18.3983418377851,43.8350346926086,11.286382073967,17.8925544087533,385.18165261001,13.7404373497347,17.0629257191778,451.577953159927
13.7222222222222,15.3272617266598,17.9307416500385,42.3666652020832,12.5590199575807,15.6866239118719,383.587636217581,11.1395753737423,14.675868835896,482.361319436717
13.7777777777778,14.1402545682478,18.2350663425198,32.593221087727,11.9641329708317,12.4391310976387,473.190926923469,11.5836915401548,11.4003346177312,397.883308064207
13.8333333333333,10.9899498437682,18.5048551672626,41.3121207557561,8.11469035719654,11.0543319597604,510.290133607897,11.5274479444047,13.9830573419377,494.507117361032
13.8888888888889,11.2890224689849,14.1591962744159,43.9712584652017,12.6343855349337,14.9042722534329,534.066969467076,13.0707749704837,14.998891396508,520.515746108932
13.9444444444444,16.0811499384368,16.2429408794367,45.917019853018,13.7702776800018,14.7401347241362,370.119654187489,14.7785632966638,17.5002987166813,510.60149700896
14,22.6939654580838,15.7252090089395,51.6695177395536,14.5284983366361,17.4854258609783,297.021525703379,15.6194806509075,21.3368864128473,555.395622508855
14.0555555555556,18.6978453991446,12.7889675416476,46.9878404240544,15.1447495294964,16.0117264620209,366.796809504895,14.3716499135914,17.2583997330843,345.458145346965
14.1111111111111,11.5074128204124,17.5640707139562,37.7404458982354,10.2783036530735,13.8476483286579,441.320369236078,11.4398122653566,15.8446798172632,399.247220492154
14.1666666666667,10.076611504447,15.2567729611699,40.2822256236505,10.3138652132493,13.7260728631551,441.474454102515,11.7588432322435,16.7722206571781,449.096486489853
14.2222222222222,10.599671974438,11.4553989333075,51.2835307530086,8.60417017330649,13.0136751374281,450.208689755181,10.8506740138857,13.9835252296229,461.320560842478
14.2777777777778,13.2929442610209,17.7331329667493,44.7595562933505,12.7588017561345,12.2719430575688,496.458482971144,10.5953522544678,12.2956045729167,502.177108940967
14.3333333333333,13.1170988019985,19.2223247170911,50.9501036596402,12.755496402121,11.9565701112828,520.821774669139,12.0679674334722,11.6097457963632,470.812826870001
14.3888888888889,12.2844868170462,16.1292933335841,38.7583238578559,9.85551313202129,14.0253921161891,433.127401211825,9.51189988430969,13.5962640354312,413.4599377477
14.4444444444444,15.3097820327678,15.6376622384513,40.5104939094273,12.0033000228076,16.7075956918775,509.652442261004,11.917662624375,15.2956661695656,393.890177508861
14.5,14.0060828569434,16.694064464214,39.1097961658358,13.1433975708821,14.3708422372812,521.478757495435,12.9036552835353,15.5587649696007,483.716471084929
14.5555555555556,12.4229220949936,17.4851438099096,38.3191380619822,11.3855937098789,14.4758473420522,492.396689565042,13.9987410702681,16.4212661754158,461.465033071017
14.6388625342373,16.4111409630905,16.9757364267337,42.4849406978237,17.0734271050101,14.8718778858162,414.359482682132,10.364312691258,16.2483291371116,392.359471367903
14.7222222222222,14.4112624872324,14.861062944139,49.9181249118107,13.1327586725245,10.3634920722353,489.834005238375,10.4773340060542,11.841491422759,402.172975803521
14.7777777777778,16.0070104822607,19.8777276411978,53.6747741555401,10.029022759961,12.395390469021,507.080058086573,12.2646964438159,12.6792180763441,471.207844076799
14.8333333333333,10.9582429913654,21.0877258795487,46.9584249974372,11.2910949608192,9.74146074684545,478.186344682376,8.92529169663677,9.9964017367938,518.595941276619
14.8888888888889,9.72574772366591,19.3096884763503,44.575020309256,12.8060357277901,8.25749786899698,458.304793751734,13.8709889158887,13.0939071525841,494.75716152706
14.9444444444444,11.8273441636458,18.0164320581029,44.3862181742403,11.4350759384057,13.3849366835685,453.660690970569,15.6466735790126,18.1766989271713,506.19108514809
15,11.7300592948371,16.9597208963006,34.0309893033811,11.8176791416407,16.4601527647288,454.22021954506,13.376784630856,19.3061842806323,525.057494287757
15.0555555555556,14.2354941379718,12.6260371943079,41.007383099991,11.1357868808208,11.3391960930139,592.369124298117,11.3220603183397,15.0729435395059,530.584833756634
15.1111111111111,12.6318445681823,14.414591773093,35.9009115823191,11.3782704737005,10.6010723970186,689.265054285941,13.2678830700314,13.8485061806927,601.726964077238
15.1944190534015,11.6353552261491,13.4572831930283,37.8020651506403,10.479845234043,6.83618421827233,475.405651260377,10.8408902388217,12.7177761298753,593.225760396609
15.2777777777778,15.3336870644594,19.4465556145196,40.4372557533891,9.35923124222643,12.2682600277086,534.181910149643,14.0031973979495,11.243963580847,536.747569933618
15.3333333333333,14.822414376088,20.6528598675115,29.7082474242334,9.69036353988425,12.4911925985447,419.147903657699,14.5411629949172,13.7362438903067,352.098625422419
15.3888888888889,13.1030643938149,19.6119513398872,37.8735756372839,13.7327826952926,11.5288798102719,346.912295520483,11.8297029351869,15.1771232516958,493.190980804
15.4444444444444,11.2959148255925,18.778709058752,40.1486428331651,13.1287309498733,12.4203430362505,334.183317921557,10.4666673671165,13.9660475060247,486.712177500047
15.5,17.662930333545,20.0715360965145,37.2793294926054,16.3360126744319,17.0773886673638,360.744363649527,14.0769016728058,19.1943921328391,440.535051483061
15.5555555555556,14.5165664546204,21.1680630755191,40.3131190157011,16.3527404551907,14.6944286722329,455.782421047261,13.4181911453152,15.8664049368715,558.439331051632
15.6388642194398,14.0809008064626,18.0862251723058,38.0509656531541,12.7456374101507,8.75643041942518,496.963332893303,12.6112446450948,10.8073661907391,374.275987337932
15.7222222222222,11.2184860049382,14.8731145409019,44.4069386661863,11.5283915378128,10.1935138912457,508.253741163895,8.65863884765292,11.7822442264879,580.477852357911
15.7777777777778,12.900420220052,14.2830421992878,39.2375611102107,12.0321563169722,9.89232660790055,337.936172407053,10.0409154923637,12.2780644118349,590.390152705636
15.8333333333333,13.8185635817755,20.5845217299207,31.0270325324965,12.0152644774199,14.2069011372084,383.128110435227,10.5938213810202,13.5119267194684,536.684063660348
15.8888888888889,17.102747162679,23.8111005863644,33.9210010086011,12.6092732340759,10.9606218405172,373.468942566318,10.1795133097106,12.8917044198548,511.009334481737
15.9721980676146,18.2573952413587,18.1449714303736,49.3835134326229,12.8833949240506,15.2362756352375,374.021075384432,12.8355998218316,14.3167579667329,599.967106995481
16.0555555555556,14.4690100984807,14.4884790752748,44.4682617249076,9.02159613223831,15.0770686544916,308.033110657405,11.3170441518014,11.8001096808842,526.130924797609
16.1111111111111,12.5750630235418,14.5387334559987,48.0470980961155,11.355534134019,17.2025129579685,365.010461990494,12.157965900771,12.8612816080243,505.490950010624
16.1666666666667,13.5854301751393,15.2059601722093,47.4844039830382,13.1201667294693,12.2155413210375,398.48030574006,11.0379958411378,10.4034628387312,544.937451312968
16.2222222222222,13.0823154766886,15.2346947183486,35.7754420541138,10.0391168743163,9.81537189122674,456.520093892629,11.0745438530394,11.6139244734077,574.223575339913
16.3055318947396,14.0653544041447,20.7134811348908,37.6976144331345,16.3640997256143,12.1490632321634,413.451216468563,10.7829982246453,13.3689303075059,552.837358679872
16.3888888888889,14.0715663953468,17.859362466604,38.9849348876521,13.8762361448655,14.1725852755636,445.297812903867,13.0689527153065,13.260743869277,447.049786169631
16.4444444444444,11.1080006835298,14.9146172056093,35.9731693719411,12.8114097842099,14.6739452446392,487.282623866386,13.1581521624976,14.7700411605058,409.789456622899
16.5,12.0124753231054,14.2633414240199,38.51054540866,10.0127698706643,13.521975623683,556.863610422709,10.8234846000074,18.9017834474794,312.081719106117
16.5555555555556,12.6975100410508,16.4112296384427,42.5248110499506,6.87395714650988,12.7092813661162,659.417012143359,13.6328862454833,14.7155258736112,452.573996878954
16.6388657020799,13.4185999565575,17.2813502368319,47.3525661976095,11.0485455541959,13.0080017798227,572.734118275678,12.4710522111418,12.5148151735483,332.303156856307
16.7222222222222,15.2739849044663,18.6511300881417,51.3666612637323,13.0675351090833,12.7509050254284,494.595064996748,8.63974085099763,9.4905730485297,424.440524144597
16.7777777777778,12.0654985145892,13.8645940262155,38.976962045135,15.1720857422228,16.1567982841094,376.956374442328,8.60610154906252,12.1475800328498,460.988609768052
16.8333333333333,9.99666812596081,18.0313334650821,42.476239603899,12.7741302798371,14.0548185244578,432.734793325674,10.5270803564545,15.5246562570375,468.814174815173
16.916643860594,14.4515124427155,16.2717070201258,37.8410395736735,12.1915337817711,12.7073297951375,431.594282002851,12.0285330232156,14.0939013855273,425.999570450878
17,16.1980613750422,15.9442927560191,34.5643465633011,12.4623355974375,13.1133914964105,363.960829845561,12.2873915501783,12.5143698591778,509.336677975323
17.0555555555556,14.9943671505832,14.8184020302653,36.0824178246123,12.1945570720811,11.8241479804099,349.267058587815,8.5041701695645,11.2120319746028,462.487949868716
17.1388663785193,11.5678311899712,13.4611520787606,35.2864712350903,12.3198086994432,12.410685822766,432.542130792681,11.3166465919781,13.0458484674661,425.109751213678
17.2222222222222,13.2877453661575,16.1650346958696,39.1173358666101,14.5181140909897,9.26838759072125,399.703085189806,14.1372709788852,11.8034517867002,458.321916283488
17.2777777777778,13.7717826089283,18.8391599424358,37.6186446407159,14.7078958080652,10.406004070314,425.354690773727,10.2660915998006,12.1440655211956,460.90341232168
17.3333333333333,17.7120882255605,17.1188922738355,49.8597349353118,12.89574622665,15.5542017516079,438.578804699682,10.8150849660913,14.5386092382974,529.926207292238
17.4166445153146,20.1180981262387,17.9604346942864,43.4834520499041,13.3009762426096,13.8530533144798,516.089036034043,13.3018296361711,17.0996267612795,399.533596366332
17.5,19.9751196060498,20.9352007368478,33.4842459095619,10.2837288251306,10.3996100561551,384.86710113289,12.9501195591308,13.8051876895718,486.244816007847
17.5555555555556,11.7005542278693,21.5555860118628,46.520683604402,10.1717741214587,11.4199454014354,462.573911575769,13.2017776263898,9.79874154835588,514.565893121237
17.6388670166094,12.6243539163962,17.6491450201168,38.7817073650908,16.2033318093206,14.2381343637952,469.204359866399,12.8280704678958,13.894929709383,414.670642786073
17.7222222222222,10.6709009112679,20.3087149580716,41.7327027906152,12.1213229144693,13.2294828227333,381.202069278372,12.4799808362851,8.54057393591186,398.256735350496
17.7777777777778,10.8841291854817,16.2325372701734,40.4220200584081,8.75323473060172,14.6582621267254,374.634413333921,12.4990690434286,9.73821002166548,361.637152350445
17.8610895109598,11.4196546809363,12.5785397295139,33.2319133729633,8.96544773312654,9.75389478088929,458.098132076809,11.2156389771702,14.82554047167,411.760079529002
17.9444444444444,12.3374504419821,17.6535213130113,36.782390483256,14.2132315977924,10.3676171267051,331.279564187682,12.6495543394448,10.382768383239,418.122082160116
18,17.3481958991586,19.0325489781091,42.6086353636995,15.7971916465484,14.1141963938915,375.206079249388,12.0949860564215,11.255804564453,398.898625647595
18.083311998622,12.4280273735921,14.7249631656866,39.0740163314639,10.9488960791177,11.8434055475479,464.36394365417,10.2906468567297,9.67663608869433,379.957300485312
18.1666666666667,12.2377883998469,16.8679765553634,31.3024900279986,11.8035325290451,10.7521996484421,371.208854307085,11.0558204084589,13.070097826684,420.290026457682
18.2222222222222,14.0350619394636,16.6536393326353,33.0820726998786,10.7721954189896,12.7385570395748,384.245952120728,12.8565035492228,13.6565174231349,429.315941309339
18.3055344798395,13.6744430389268,17.6535145113645,40.9385401862522,13.2265993327601,11.4181329069063,465.508208851512,13.7482203258511,13.5781124926182,353.180397180917
18.3888888888889,15.2910808188699,17.7980280247235,33.5541668080783,12.2225432974029,11.6556674263497,430.554521439352,13.6574702033127,11.7537716618222,554.952877145093
18.4444444444444,10.9369214553539,15.0090383127962,44.6070928183397,8.53228455791188,10.608465968866,472.344774082689,12.9005968811296,15.1703632535537,492.225475646836
18.5277569548442,11.2364346316645,17.0252953965618,48.1948547280553,10.3519721138511,15.2471047288385,433.663507117606,9.00159012370124,14.8376650839192,430.717955897397
18.6111111111111,14.0659034456792,16.5046717885998,30.696721048622,10.0655259925678,14.599528378648,439.977218440602,11.5290413062605,11.4180263294615,404.830160557459
18.6944238071539,12.3531152171272,15.4422389774063,37.6845114145572,11.7988808335083,12.3070863505159,427.527730092695,11.9551948463495,11.4358562922358,378.088421594824
18.7777777777778,17.1753709284206,12.6433505033583,37.194532838094,9.70613576779679,13.1498438889758,386.500019051718,13.2309342224262,12.9267170042464,456.581193659534
18.8333333333333,23.4160992382355,14.1139143856713,32.9034613350159,12.4595335092589,11.7909008533829,410.966389977151,10.2636767498099,12.5834356850586,397.594922897577
18.9166462718115,18.8850361119448,11.31320896826,35.5286282365148,12.0496616528038,8.29706596671119,403.785408742384,12.9046066679054,10.3701441014457,330.982994531148
19,24.9046726287043,13.6665837093781,37.6575229852194,11.3254867779541,13.7992407769428,464.96893718809,15.3814407822858,12.2630986946274,398.296257922901
19.0833131165993,21.7076935741684,15.520271011386,33.0180824268223,10.5020846066983,13.5701187762457,361.664668987328,13.0436223888693,10.5577985434641,390.220518046774
19.1666666666667,22.6507331419131,16.4645068249842,27.2779015023395,9.09939509398398,12.3515477681416,272.863399756399,14.6473236286867,13.9594292623562,458.241090903466
19.2499799583029,17.2681378739147,17.7330128749015,38.4525150023652,10.6878574920966,11.4714300016575,198.56925498594,10.090336566786,13.3318586128325,505.757456672603
19.3333333333333,17.3464533328666,16.5324990461981,51.462128852657,9.34278441522219,15.1022547459556,340.85416200542,8.97040812197565,10.4770747522764,413.00522289319
19.3888888888889,15.9810832642455,11.6889031111359,49.604698195706,11.5523285428442,17.4101733726301,392.555983889562,13.198855506577,11.9064795162723,354.193062857777
19.4722024092465,11.6359000430933,12.2885379009313,35.9252478855414,10.305107364925,14.4576243252417,412.726762160034,11.6164325650232,12.9933272036823,347.517899046633
19.5555555555556,11.4120384396982,13.2632549548348,41.1025111001398,11.5266760581988,12.5352562121526,369.316121512007,12.1351036177458,11.2115728810675,395.054533491812
19.6388692440574,11.1954925177591,13.1164204644856,34.8945165894576,10.7480943872676,10.591738410163,394.791853599904,12.1682310141857,10.7229876012679,473.849520325709
19.7222222222222,12.6656094893336,21.7359261162023,28.1170843819714,11.6306793956546,12.1200110408961,433.079899592437,11.3851900870739,10.5390575549179,425.166651176435
19.8055360760384,12.356761325633,12.520295593539,30.3344582253421,9.54187421937304,11.395658150027,358.371614368198,13.0551536259208,13.0826790484513,404.763277102697
19.8888888888889,15.9295487805378,11.8387208443159,36.7908552167857,10.0984365004405,11.6566358324363,374.252076059554,9.22054971930764,11.2486921234868,394.452970704698
19.9722029052603,29.3093367594994,19.1159443411361,65.9664821934059,22.2332353013483,35.4607277393887,387.854457964674,19.9596479697388,29.8610889195431,341.0395231699
20.0555555555556,24.0668823729734,11.6302385289563,51.4949678748954,15.9842291717413,23.4479364565755,390.229156577215,15.6421834316794,19.8856121721719,343.182902251983
20.1388697317917,12.5376515530324,12.8932596375752,41.9232031706337,10.9842551840435,9.90460977991967,347.805585211391,8.02403399885443,10.3028258275653,568.335835967177
20.2222222222222,11.6572943518327,12.6190616948763,34.8564649573093,11.4131806429847,10.7208069942197,438.028361464516,9.76911824507091,9.88330077390767,484.341813506804
20.3055365556987,9.55904092917565,13.2108704664933,35.4858524488211,11.800753756168,13.0959579792721,367.595318596463,12.2512201906235,15.2273630766959,416.438116929495
20.3888888888889,12.2009882267739,15.9602048114809,32.1322454026335,12.2622015005993,11.6897738743917,406.757881794507,13.6217366976529,16.4822935417677,335.428418906104
20.4722033770454,11.4167763467636,16.3000451354755,34.9532768502271,10.8419719295451,11.5999656891403,430.986695751388,9.30706884711046,13.5741923747167,405.415323433946
20.5555555555556,10.4199146440389,12.4628258212776,40.9656254513522,10.7241986942405,11.696527562286,433.914664637401,6.65783068530494,17.1288408401287,434.097976345491
20.638870195894,7.68934080446581,12.2598981859959,34.2779967806374,9.90149028162575,11.4707069003202,330.579420703357,12.6585138829711,12.6609416713821,433.166097873306
20.7222222222222,9.64440449014094,10.8881466833701,31.2059218648529,8.65724205738247,12.9560464700342,311.76672821044,11.3529600154802,15.2025584087599,367.911570291563
20.8055370123045,9.57118497714847,14.1579156422205,32.5937845266111,8.82673946743073,13.0877666308464,330.62340345384,13.2973621814247,12.4938363003327,484.236846074344
20.916648221919,10.5905929271028,12.0261709871939,32.9379417450536,11.3951859148656,12.4022096190419,399.904087374327,13.8727160981486,8.90812046840162,398.683018919025
21,11.6824057158245,14.7598732222286,42.9068496275752,11.9379260216818,12.3439109375763,357.188616002657,15.617710128829,10.8219554449735,388.632076202865
21.083315034394,14.0894182112023,13.9257243851938,38.2138834916333,14.9275723929143,12.5956100240216,351.240110965415,15.4511459674105,13.3199148036942,405.872086654001
21.1666666666667,10.4329573617951,15.6511669857867,30.5185572155946,9.72386388898521,12.6028276603191,415.548309821623,12.1103957344084,13.11353041273,385.976525448216
21.2499818445819,11.7072616862195,15.6894726351551,43.7396137438326,8.49589949521028,11.4464840579294,290.823320340364,10.325245259432,12.391353182376,427.076847680137
21.3333333333333,14.250322766881,15.0265281340099,49.8048924932507,14.7741471814013,15.8078166474939,350.207888014718,13.7144710718885,18.4133157822376,458.518384420831
21.416648652536,12.2726865549234,13.4504097619654,39.566138982665,10.8016865506073,12.7588348202151,436.547677935139,11.3123821098838,13.5802027331123,489.677159162905
21.5277598566234,13.2865212570673,15.1550818464546,29.9241494236837,6.92547831755327,7.46575552386583,323.248281854738,10.5594413101237,10.7836660232863,373.612949350666
21.6111111111111,18.3483355577314,14.9363224129394,38.1806476826882,6.58464102437799,10.3066385115238,376.688227901434,7.93808971175645,10.4705822805401,421.747386063073
21.6944266609687,14.0070987163796,13.4031315894497,38.2126592549705,12.9640442239164,11.3346750928041,482.0633853731,8.09649843113625,10.4107916883682,426.863952176489
21.7777777777778,11.8662703731212,13.1950717424265,40.7488796097086,13.4351521383533,7.3001784968286,367.762246249894,10.9407959899121,11.463612987535,381.488089075006
21.8610934632147,12.3881096438479,10.9490654223561,44.3219449436194,11.8824466864124,11.1377916553268,394.574864043651,11.7609170437219,12.5394871448929,503.96287578361
21.9722046635693,14.4307524411689,13.3670803943268,44.0621137125999,9.83107428504965,9.32087115721071,351.939338853901,11.2572672725478,11.7962416283787,434.770195984677
22.0555555555555,13.281171662496,14.4718550463932,43.9046403981822,7.16204208531417,12.8007383070355,396.648961842796,9.71968852610839,13.4138621991248,351.218238424923
22.1388714624217,12.1126643786701,12.6407112473244,31.024942101741,10.7623455526783,9.24524251892129,358.148976630223,9.06376825006996,14.5565102810903,440.711637605492
22.2499826605564,11.6830629842245,13.1961738150905,32.4806466542887,9.737374914608,10.9072046273705,350.091669615226,9.20281102997517,13.9401792146421,379.677592576413
22.3333333333333,7.65287933567325,13.6529525091301,32.1909098749561,10.8029771133346,10.0387815413936,393.7334651121,13.7960439586996,15.8369509619929,531.814863496982
22.416649456141,8.49856474963664,15.3824775729505,30.6522906839341,10.7623281329038,9.88315915855923,429.998584739067,11.1227623203904,11.2727606022195,407.294906533951
22.5277606521376,9.61500782092038,12.7256559553294,35.1815113494311,11.2451059512527,9.53218637941263,343.584893052121,9.69843131713639,13.1900191636218,380.312964341986
22.6111111111111,11.1306683762725,14.0910355297181,30.5218685966545,10.9437971534054,10.0863335230422,386.722265242007,11.6956808640062,12.5662773269622,350.226101694148
22.6944274445741,8.46455939829991,14.111434166381,33.3953667085876,10.5737566282838,11.5247557001965,364.581376803646,10.042699670522,9.33230254869407,333.399587567156
22.8055386385104,10.025514188695,16.388680856874,33.9029785944455,8.72659783868123,11.3503789405235,335.996447490972,10.660860082079,9.53150203521023,333.065884321492
22.9166498316436,10.6514014487284,15.9843352328938,32.0642858045895,8.12533370706283,11.8735112883909,344.049712265514,8.86645183678563,12.2666556409879,342.917100248042
23,12.9700567029602,11.0841561747339,32.4133481681768,10.0288625736135,12.5103288085144,368.624594218421,13.3789817465419,9.34497154153473,275.917369118246
23.0833166198629,10.5526318585254,15.7547138361903,31.6923177408881,10.0775546735017,12.0151192413174,329.151396994673,11.0883732008752,9.91860148504786,384.660575964816
23.1944278110386,10.2761781878649,14.4122840865963,30.8502138621049,11.1829180573801,9.98178167285981,310.54259853823,9.82310016996548,10.6096145407761,381.948376240385
23.2777777777778,16.2165222994083,16.0797173693429,36.7952503796949,15.2682727325957,15.6847006387298,332.980936708897,11.5004167503463,15.863928873232,361.159420372269
23.3610945963741,13.3640825072655,12.9510165611132,36.1254525796257,12.1016650007942,11.2670227002021,365.410298977936,7.02330432502452,13.7766238146113,371.293607180758
23.4722057856616,10.5469664069867,15.0367516278721,22.9735511251103,10.2601585937665,10.1448465874584,401.422014934584,7.26692635318242,12.6997707266123,463.805283836547
23.5833169742123,10.35339211297,13.517497429978,30.563866835202,8.25046425556773,12.00131968158,324.937154712425,8.9633308468633,12.7302164734179,341.99798592628
23.6666666666667,10.5880650405397,12.6780968552458,30.7811566716676,9.36720906568755,11.4903444251971,301.666325606331,10.0849687065037,10.925611610118,311.962444358981
23.74998375568,9.84963480644107,14.0445980295342,32.1665555322513,11.7718547029016,9.8795030351315,424.199578978833,10.1908885173808,12.6109113243691,352.874911214094
23.8610949424341,9.50468649589893,12.9693749650323,32.0206017985088,11.7899761353465,10.8824050456211,429.750351709773,10.610914554809,13.5646350767814,394.955237324644
23.9722061284869,10.0966594608662,13.7998922144722,26.9023718242951,11.4198147678196,12.0368709616206,327.694154775432,8.87201950738309,14.5242356012343,288.194484552589
24.0833173138483,12.8379746804662,13.0917284035244,32.8482614791431,8.69353165164178,9.17989903154308,409.373173373431,10.5950861332859,10.4747385146028,314.21423871059
24.1666666666667,10.952832297138,11.1842235831783,36.7817476944462,6.79146536680045,9.59998636007913,373.186885876477,9.04702867601955,13.3720895100109,437.09742342217
24.2499840906146,13.2204655140472,11.2804876149238,33.3099262749537,10.3015384678469,9.93829204557189,356.23649394623,9.91832857630382,16.9643993753244,409.380508859065
24.3610952742885,9.75893889072464,18.4152588494782,32.7708698244177,11.2063720964771,10.8458369506317,401.865272553308,9.12370074853354,14.1509645402271,379.467640237918
24.4722064573035,11.1422242169273,16.5766211980455,30.1912723220502,9.46921277384885,8.61271028807925,394.62197539357,9.8440519023886,14.0693207279039,467.966302180033
24.5833176396686,9.09803891925695,13.1502392270564,27.3952003720172,9.0808681323888,9.56937112290297,366.420308008956,9.77582606850239,11.9939388241485,420.273188704845
24.6666666666667,11.9432922835333,13.9928118992558,31.0820935318974,10.172074030856,9.24608110360229,414.31193565819,5.40054826951907,12.3127627279051,490.03048552672
24.7499844120165,10.2597162186157,11.3394252004237,34.5170190585422,15.6420047194392,10.3972611835452,313.647870794619,9.28759825583174,10.637570853898,442.978087503335
24.8610955927947,9.82976416757776,13.3354664316403,28.511869737791,12.1983399746077,12.8478039359301,277.667174603819,11.5927589496823,11.3753349221702,456.829954387796
24.9722067729528,11.6190241342579,14.8649018300594,35.2048473228588,17.2319071661657,12.6509586460229,416.252758524844,10.6332847711256,12.9818203450196,387.345849446443
25.0833179524993,11.4555701644451,12.225911457131,32.7552247001809,17.126556838608,8.60048444906033,390.13948524828,8.97607606140804,11.6359272486257,426.849845581668
25.1944291314421,10.645878544997,15.2937672896602,34.2471364577872,11.8407272018906,10.183181011556,407.476042837564,10.736315192831,13.5356688465013,312.002293835541
25.3055403097893,11.5718150647276,17.5746698850883,29.8440796595743,12.9590730691311,8.55128820746196,252.389896696412,10.1865850365522,11.3533903815843,370.163437717777
25.4166514875486,9.22528324169739,14.1758418934036,31.8641383906837,9.19351877838331,12.1117422939325,410.006141677376,10.2348933412606,14.4336318237743,408.368902515701
25.5,8.72680021555896,14.8551834197505,32.3368349528846,9.08210350447471,9.79817229606286,396.794273750431,10.1133272979024,10.5033246146123,381.911216900179
25.5833182531021,7.88520019344285,17.0462488052595,31.9046233899833,12.2723904831161,7.80613439027478,279.067096505007,8.35941437199058,12.1846246431777,286.935965482089
25.694429429425,9.43625097937592,13.3676827007213,24.8387965981882,11.2041234304669,10.1038273016045,453.418402655458,9.14899881381372,13.7601904127557,388.699194389687
25.8055406051864,8.10684646374387,10.3551028600856,35.5677366245061,8.88269947713044,11.5682788007583,269.50316599781,9.38423587394404,10.9422198180593,379.396800910444
25.9166517803935,9.13230862162903,13.8115880811087,37.0928969116164,12.3588404236933,9.20063488816015,308.398786424144,9.19722113605606,10.6539559659404,379.668780340792
26.0277629550533,9.43199280645899,15.1725239293445,30.5675531914081,12.4930551934796,13.0115828179377,357.581063744981,8.79607553901321,10.3245938526413,355.324830026721
26.1388741291728,9.2876818871489,12.0946928046768,31.0461224396562,9.13289194930074,11.6926502477812,369.109524541493,9.92974491821821,14.6366884157245,321.525625526043
26.249985302759,11.0742150040602,9.91208941031798,29.3233921607522,10.0478074292685,9.85353695143403,423.818564437659,8.93936578916596,12.0619439566268,345.667306562373
26.3610964758184,12.0565042213853,13.2882120713806,25.1973968042723,13.2702457700462,9.93385663998027,336.198039701959,9.54721196052942,11.8630920793089,371.214673281076
26.4722076483579,12.4671681977675,12.0645134585505,29.8898639830816,10.693150914809,8.80965677532089,330.903547645735,9.44115014722827,9.53377739188106,343.127083823555
26.5833188203838,9.84744102324284,13.5474615447783,36.2628148410673,7.098240171971,10.4303786996667,360.576259823445,7.68300778782391,12.1576562779619,308.209606267052
26.6944299919027,10.279510200573,12.0750807742533,27.2866251576931,9.519713163468,10.6268399735223,289.049068469562,8.88601463957434,8.49973184141504,379.411552986492
26.8055411629207,10.261519622992,11.6003543321238,27.704839785299,10.2685459972372,9.65334067363111,327.961195469324,7.44534961805658,14.312665522688,379.839563516258
26.9166523334442,6.97155513793132,11.2711446947491,35.7854405364521,10.5288274759939,12.8250360021219,372.492606576894,12.4492570209158,13.6375730387699,330.086906416387
27.0277635034791,11.0102389342786,13.8737728974654,30.8713427285534,9.01354650832262,13.098883420346,344.868566840753,12.5601232789512,12.3404643431907,266.692402545911
27.1388746730316,14.3244333481834,15.3204687274865,37.2500924060775,11.3293516282948,12.8534818376807,305.850156442639,9.09068068003266,13.9085204756849,272.45498368385
27.2499858421075,9.84218462857155,13.3325934906515,36.1845781517558,10.1670538450204,10.8262378913193,347.76824185769,8.60743250487614,11.4246671970498,394.993839850532
27.3610970107127,9.82761827633833,14.3713772309984,31.182796727801,9.64316185824693,10.1366245065107,345.578056840695,9.57739572944263,12.2623671136136,330.587629837963
27.4722081788527,8.84789090972964,14.2222314703834,32.7114480743386,9.74434417809008,8.49670363146128,350.398438265043,8.53789592347201,11.5026493252636,328.406005635416
27.5833193465333,9.2053381425435,13.1911889817242,29.8014543791359,8.86539841514733,12.2470458346015,348.185337746898,11.2013858297047,10.6680924982545,328.214056160477
27.69443051376,7.6299940480549,13.1146713333051,41.0005760453025,10.2233712663499,11.0559491477507,280.266282787079,10.129330530026,14.5848068329199,391.319227491827
27.8055416805382,11.0634056710027,13.274123323429,39.9742683372145,9.27359768088582,13.1051700460195,271.833985038807,9.25252646656926,14.6217625796423,316.307215236004
27.9166528468733,7.87144350062845,9.61045352864192,32.5797467254128,9.85517989991634,11.1610889645368,307.398442813402,9.0007269960516,11.8189910442873,284.053174068903
28.0277640127705,10.821639291034,13.485263485236,25.8587120828404,8.34380821982723,12.6028188176136,322.546834222106,10.4432921132524,13.0556331930762,267.837855489589
28.1666301409417,11.1613872829967,10.9429601059148,28.2189005947088,8.39763664773763,11.4232886173847,328.884598961026,10.1163406931083,10.3283425829962,357.410708418483
28.3055419256319,8.9698692504794,12.685219690588,27.1127548737446,11.9862417008016,7.3258378713168,306.012911217532,10.4163774168134,11.4463565833795,333.680088424639
28.4166530900369,10.2467950135131,11.3311517870363,30.0185229064476,10.3859334408255,9.36405715633649,304.992295203677,9.11189586575719,9.07533831311069,320.597940095412
28.5277642540269,10.9464623283973,13.819859304917,35.5518029005177,10.5914196185568,12.599710731135,323.812597927295,8.34983207548823,11.2213926268077,306.068556355995
28.6388754176065,11.3454739171947,8.48839853543024,38.5438119255387,8.53149920289802,10.5680115652535,344.968547540513,11.18874946896,13.6316675362006,392.579694968439
28.7499865807805,7.99751170972324,8.46253221605893,28.670842943297,7.939418390554,10.8823596919294,381.981932908389,7.85742437932994,13.7956585662031,344.807509604559
28.8610977435537,10.3751885841581,13.3174202260008,28.8151766753966,9.10946170366816,13.1266817475546,373.444895157925,8.67235743784852,8.83317246571045,343.983832474508
28.9999645238675,9.61034110198957,10.1880257482777,30.0803790057473,9.25568002292815,11.7707767060106,277.607686937656,9.40497889508454,13.3521922208495,375.229702624323
29.138875648763,6.95826644444671,13.9880082818993,33.7256842547328,8.25037847285068,14.3229477765356,306.547306016715,10.3582808269445,13.0183173949448,288.089989431774
29.249986810169,9.08065678391289,9.87635771473724,28.8182877858739,10.1434894892966,11.6316140014528,401.765450990263,10.1054225365253,12.1020894531343,312.778787067179
29.3610979711944,9.6031841125501,10.3284977566897,36.4684923929876,12.7694800856227,13.3034067700062,311.798843824845,6.86693703160629,12.8919192841741,366.273082940105
29.4722091318433,11.0501147773801,11.0355930657739,28.9908149140997,13.05961562478,12.2945179245159,410.363055322861,11.3175120405312,11.0528247467969,350.438400723507
29.5833202921202,12.2148958371592,14.4844476022347,37.2136991919394,13.1491440544613,11.4414142565805,346.862547320126,17.8448620366289,13.1771280548398,350.404168179423
29.7221876081286,15.3435175340458,14.5838944377508,34.7561344820751,16.8305825554548,14.941396563583,300.542982335736,12.7979927510316,16.9847695932681,285.165880790181
29.8610981912117,18.3964546478525,14.6217913780606,34.5369964979945,14.6240345535138,12.3839698745996,344.841692079812,11.5129564130304,12.8537759456555,321.241131942776
29.9722093502186,13.8832136292489,15.300351418228,32.0430959475249,16.264324480682,12.0777430596506,291.080715522019,11.0778271980731,17.3490338447794,322.332511986149
30.0833205088718,9.95923534841261,13.2294338271571,36.1694521357842,13.4818927606789,11.1354235127472,282.583828296406,10.8757099005002,13.2342481864287,340.646992693524
30.2221881807895,11.7990241516633,14.8116662806161,29.1513358077689,12.4335491731578,10.912390116002,261.145201859092,9.64632014108619,11.7761331397846,378.492523471463
30.3610984039823,10.8894043941826,11.9355811274487,27.4151080342585,11.2743829021809,9.09910655473395,434.653052002997,8.96521126386552,12.0238559227599,417.196731434447
30.4722095614275,10.4528635953103,12.1495826672748,32.507780101796,10.1307887774317,10.855592377377,344.500594989986,7.90872160292239,10.2881627111976,423.764898385318
30.5833207185361,11.6645783510596,12.8566261532045,32.7154331012725,9.82278145834668,14.9552849431386,370.279485532823,7.86667621407909,9.3721598184224,299.207743568779
30.7221887348105,9.32518166055267,12.4086190360386,26.1364530939712,10.8787480064928,12.1387045071594,271.791502867101,8.61774101574715,12.9113092852389,281.69477082997
30.8610986098584,9.71272122083482,8.69122953433209,29.7172431878368,9.98502756124795,8.65459079976267,324.465064985131,10.5749750028559,12.7415664627503,367.511188497183
30.9722097658171,10.249792172891,14.0468110342027,23.7986628670602,9.52235390292521,13.5557815674033,298.944858684073,9.42784200134673,11.2182798615747,348.307494519668
31.1110780422929,8.51961855346592,11.203704895314,24.0504603756603,8.56872500101263,11.1423346059269,383.464975401796,9.9304506175718,10.6005261339773,399.985442085559
31.2499876543186,9.3945316291896,9.75258183379769,25.6712330321265,8.05318109004549,9.75229562031647,300.201169214579,10.7726869223982,13.539733298297,413.683657307308
31.3610988091699,9.27622920204435,11.1046840145476,31.9402285192041,9.28608887846633,9.26001198332194,308.863648296642,8.72474972140894,12.8167362468384,380.688665030167
31.4999673394397,9.52942690069867,11.1024250033358,26.5223673005998,9.06061692664081,6.83047782067265,269.412287309755,10.9623771080714,10.2845397370996,344.79950211946
31.6388766949542,9.82909643117569,12.4076261102106,31.5478878076539,11.7506334307407,10.4976720306456,287.644856573286,13.0118481371077,10.7459389515673,412.470290869071
31.7499878487388,10.2792734928903,14.4205880477169,30.2681073675944,10.7069437043487,7.40829374644869,252.212391960892,9.90873341425794,12.2714583660079,373.33444774479
31.8888566266289,10.149765616358,12.2454861343709,26.1333075625737,10.982392156326,10.1313406031786,342.57477653894,10.9785295075455,11.6755979460814,339.145825932812
32.0277657319048,10.1178931490142,13.1072510312378,34.8060600657398,11.5713788732307,12.6283056106373,352.971109999929,12.6629155949823,11.4223580890052,275.914507170455
32.1666346830105,11.1725217630191,10.0072136403143,23.2992139577617,8.65113117668387,10.7432699983641,344.781051447681,9.18078032937999,10.9966656294123,319.967679200047
32.3055436132585,9.22324874808211,9.2262627472811,30.6774748376572,9.61534310886764,9.90440606950158,283.102673208263,9.14241085260321,9.70816856058426,352.089125489145
32.416654765303,10.6786254887327,8.89547980889234,26.2688197346141,12.5134223781189,9.94374011406854,326.436027155425,7.51727951709314,10.8854719906428,337.807344952463
32.5555239539574,10.0570173440244,12.3873272762076,30.6029800852517,11.6740638480485,12.4438908723967,316.250664723896,8.94003280720646,10.0619087712414,389.982088264466
32.6944326441969,9.36022924124075,9.95081061012165,26.4167273920177,11.1000019945109,9.94246351964921,280.435043740887,8.94994266046622,9.37486425639334,338.607583502527
32.8333019990927,9.30026974027037,12.5955284408109,32.4448191549909,10.1714355103779,10.8687952587993,263.943301860835,8.13638577811569,12.0998372730853,290.302700114574
32.972210521387,12.1477380783339,10.410054058849,24.4757457826867,10.5808287267651,13.523297273063,302.70502466248,10.4590613098032,11.3075534325201,278.011072025222
33.1110800397422,10.6475949206259,10.2691181393583,27.1450834308095,11.2037337799726,10.5098336019395,311.842894789827,9.81079971882104,11.4624096199684,280.43864029796
33.2499883969162,7.79125065089608,12.5642834717153,26.6663284624097,10.748434319615,9.13175751703215,367.654177832166,7.6311000758407,12.3712248497744,257.098981628331
33.3888580760177,11.1660998718318,13.0396890100843,34.0016820189909,13.8777066502888,12.9497943442396,285.72013486323,11.4474851241831,17.4475568527244,252.942940949963
33.5277662708256,10.4288575928494,9.93148102931439,30.36668590854,9.98886433463086,8.06316932637787,260.875788249276,8.98817805080919,13.3586478069198,287.092005837321
33.6666361080275,10.5543461295462,10.3380446870885,26.3016117916445,10.4123408821212,11.1385716170751,307.572133779394,10.922345793225,11.1464030545524,411.874791298217
33.8055441431552,13.6383305085651,12.4035342202653,31.0156121459188,9.03747200644676,10.1309334910518,311.921266076654,8.285199744749,8.14623126697965,335.142240078606
33.9444141358764,9.31024804920138,12.4401768429408,25.2599288961199,10.0004635021686,10.1673197429305,295.526571379633,10.3061453398454,11.9117305996026,298.290495555827
34.0833220139436,10.3825296836679,10.3466817439567,34.383870107781,8.62229557864331,9.36440494751874,313.646318107298,8.6324468477305,9.18797480997291,276.669651267758
34.2221921596657,8.50391614987888,12.0845797265547,28.1834912205158,9.20779456854219,11.9073202040906,294.746412341874,8.76090386420875,11.5254111563571,289.487043953393
34.3610998832282,9.73928030269863,11.2671509763231,24.765627045445,10.7768395556083,9.60314649640375,250.019964515667,9.27631268472171,12.012193491169,358.221625556953
34.4999701794935,8.35130965546938,11.4066415716019,24.3743797245388,9.8332827861898,9.61384205801405,212.250614007032,9.89082627985445,9.56410274244211,283.019526215544
34.6666369895283,8.99187653106937,10.610266387084,24.909507407668,9.24522531781137,9.95853389196781,314.796547936952,9.16736292256593,9.29263797259201,268.979954307181
34.8055444710455,12.0393610384354,10.2291526718312,30.8218756111754,9.74206623545473,10.7489786401137,303.894483306455,9.62173799597854,8.77464708720471,304.573844186318
34.9444150032137,10.2215342386727,11.9842190591677,32.2168666168159,10.0797559946136,13.2326864829575,293.462811553337,10.3025152369221,12.8136632793987,361.886839515592
35.0833223365866,6.86271130254367,11.6405015925631,23.527525348048,9.02137565445598,8.53451063245524,285.924512268302,9.02568751067228,12.1351236476491,323.073658777828
35.2221930131782,6.96137844442508,9.76113715275437,31.1811568219335,9.1075158977645,7.05520376854316,250.178550134435,6.4737231299045,11.4719319936592,248.481341328207
35.3888598174074,8.2348291895101,10.9372014782777,29.7991932079526,8.52189202802224,8.13625262145509,294.360761107181,8.97372699415761,10.2232116139248,263.681974986417
35.5277669185979,11.0125845457609,12.8832454786065,28.6147467381829,8.91385724894969,8.28379616515696,310.705564070558,10.6783350051083,12.9292662652714,355.603072669536
35.6666378215989,10.7022880954046,12.4370620586479,24.0570341664361,9.38557477390263,10.2342929476054,301.464277529548,8.30640317768401,10.2899690928858,295.889534645565
35.8333046224289,9.15530164506355,12.5114534538681,28.2686821522658,9.34359490416903,9.09027625664182,266.699144960374,9.94708145252081,10.0345047274181,293.116830224711
35.9722114972099,13.2680887405026,11.5716752045064,44.1847375602399,17.4131362371203,19.1619909728463,302.56737457134,10.874879073519,19.8791362451444,282.123032447144
36.1110826210601,9.01766631490812,11.6366505724985,32.9360220772163,10.7350792667726,9.54494431048909,313.592463030524,7.47117370784824,10.5190329085846,297.020907674558
36.2777494186155,10.2350609614111,12.0806114995526,22.0418313603204,8.77693793157445,9.02970976765545,302.332451416634,7.91754356673827,11.3761556561971,319.605128616108
36.416656072547,9.51682955553218,10.0721576517918,29.5560629844213,8.6538505668481,8.05462942866711,322.733227665612,8.73540547193718,11.5401882452466,327.953209382359
36.5555274118887,7.80488012369782,12.4490316124547,34.1550266429005,9.92019615645175,9.56266584779018,293.594163612638,9.26306495988418,9.51913014632398,298.692913416143
36.7221942062878,9.02690989588418,10.4737312498887,26.2916978107296,9.9139999995155,10.200263822768,277.330229671772,9.25287252311041,10.1580193680464,330.481325195159
36.8888609995327,8.56162522653637,10.3969716454378,28.0230084436511,12.64698015108,9.99016943008562,334.102682562244,9.07562486326467,10.4088407304526,272.177478228237
37.0277673585048,11.1475562361157,12.9471473209676,28.278094269193,8.52777304805395,8.91204095928719,310.863431290254,7.47525171960383,11.6557082616436,273.760441048529
37.1666389857514,7.90517357667841,10.9940797780667,26.2065505490657,8.63657328280668,9.39682895255338,303.942901663956,7.4183096178988,10.6736853794506,286.340835745565
37.3333057759938,8.81250795759135,9.98324839010699,25.904911987179,8.16934555418074,11.1408685058221,326.591050624845,7.19563512747757,10.5670889083832,346.746415449255
37.4999725651377,9.85261674273995,11.6605969426085,25.2009001782978,8.91117699297616,7.89153362525864,263.505114859261,6.34103968631909,12.0988666623636,353.272753574975
37.6666393531977,7.47348123479608,8.68678012779364,30.3249675472404,9.525075237122,8.92044387668056,330.414340332351,7.67829246399389,11.7230758699448,274.110998754544
37.8055453506395,10.2946469085279,10.8274815375223,21.5398597660219,9.05055579103869,6.83923967274249,307.352573300418,6.9100224540726,12.5936551861557,271.261068313577
37.944417330928,9.20043861209317,12.7406314305074,24.298019935277,11.2069323161253,12.2223170194733,263.32326719172,7.83498124443214,11.0910869799545,287.260398895206
38.111084116167,8.87962884902984,9.33637011611284,25.3772509097691,8.81790258672839,9.63830346555723,270.282722555258,7.89597074573347,10.4046215516217,298.143589584719
38.2777509003735,10.1122892487585,9.48884862277506,29.3816066811768,9.9747120600314,10.5549729326416,253.110893365798,9.20950281678119,9.07491001366195,270.369165026154
38.4444176835609,10.2579290074059,11.5243227573905,21.9016009105904,11.040285485855,9.73748953604749,277.692732581478,8.19705583955558,9.36647372689924,330.89767701566
38.6110844657423,9.87184159134677,12.3092918070632,24.0457127913252,10.3003705754693,12.3475354555367,236.240089620873,7.55463063156747,11.9655904270389,268.11050026737
38.7777512469308,9.61089873169976,11.3346501408771,25.8465664270456,8.6342982758665,9.60954528089853,276.932268836596,8.6831248416965,12.3090615436969,256.891435981707
38.9166567531116,10.4298149045762,12.8237182757448,26.5668410855682,9.01687589255289,11.7952096704707,270.183718033218,8.9528906382563,11.9250136817878,333.292361920489
39.0555292134062,7.08219713739651,10.4314766842299,26.4241120335274,9.84484496557902,9.71859289317894,246.300455702899,9.18064909060982,9.99157783389339,314.879690527555
39.2221959920085,7.06987684476259,10.3676956279749,22.7353126802493,9.35016024880232,8.66851224675599,303.864276193264,9.78723828404133,11.4843587960816,312.273836352472
39.3888627696635,9.39201801289246,11.9019475366987,28.441946418663,8.63703047837605,10.4911590807928,223.966227836444,8.23267914446508,11.0383211322765,267.511169520457
39.5555295463832,8.18428385024641,10.3999735232233,24.268299254307,11.2408416104753,10.2757515937513,282.986079973425,8.03039085089779,11.8032809066158,310.063895114733
39.7221963221794,10.2416965840411,10.1675064165713,25.9689595359442,11.4155689997052,11.6849233110463,272.827727996291,8.99063323751338,13.4843201730281,261.75310692496
39.8888630970637,12.5194445907203,10.9917180546556,26.2952886536518,11.0112990519344,12.1300762740519,273.525145517719,9.25179520198304,10.780630585247,262.974852132701
40.0555298710474,12.2655651036934,10.423794409089,29.0540995196892,12.9411518146208,15.3264140444945,275.310979475935,12.6996452892864,16.9536515554825,320.732373974344
40.2221966441417,10.0052783646567,13.207471985341,25.2343508622614,9.9736886643918,11.1314848584639,222.825003936496,10.1699477192502,10.6017458642109,262.172715561561
40.3888634163577,10.9207931514825,11.5341630376511,24.222644615076,12.1336156354243,9.22896614278424,240.867482220677,8.39013324059874,10.8270120944084,289.643401506061
40.5555301877061,9.81859137829794,11.2756321619577,24.6368024080297,9.00856213408872,9.86270861523388,249.021120044205,9.46829036982285,8.99335199397155,313.514380837535
40.7221969581976,9.09041502219929,9.98453208406285,24.2309905954617,10.4426929850781,9.81096703976637,356.516525083044,7.71931544072723,10.4501084976797,304.082814129679
40.8888637278428,8.30221802958577,11.8491070405356,24.6998507044597,9.33085873703826,9.74165958758489,294.755911245786,9.26082177978888,10.4301346174468,219.895884896549
41.0555304966519,9.01007014902635,11.9311634845212,24.5214050829179,10.1586260459513,8.98376472925281,328.693458422349,13.1972654653253,10.5884528710716,301.450972325671
41.222197264635,8.59667351601949,10.4498763383901,26.4301303955609,8.67536750754265,10.7350252429246,305.03497947301,10.3677402396273,12.0698081887184,260.095586804433
41.3888640318021,6.49728745405914,11.9420181222041,27.2456289625972,8.96157243955472,8.24239311119195,287.542190160535,7.83644586123363,11.7136526927534,306.049191044291
41.5832869441999,7.54612847797547,11.8344438302518,24.6605899619879,10.9587992888118,9.5967315182475,278.710487602361,7.73234319359774,9.92450720388857,296.660368702703
41.7777531520737,9.05533982258216,10.9675685282375,26.8270944068306,8.85463744402448,10.2052317582466,253.691959829281,7.6208766429284,10.2823752255645,261.852635375147
41.944419916591,10.2703895354976,9.88050023012181,23.2420063673287,9.65822514636307,10.5787873692592,227.44091028593,9.13750202808415,10.665366553563,265.988278489579
42.1110866803337,7.17950408118528,9.29516414380549,27.7379958136968,9.74088179501544,9.65391942661865,248.432289932962,10.0252344862545,10.1080337255019,226.382569468409
42.2777534433111,8.55263437350778,11.0244096213361,24.4365655178481,9.90278056778427,8.92914938548495,227.237188850015,8.41353386922111,12.5015421732303,255.111959063457
42.444420205532,10.6632631846694,9.4395160641985,24.9126177562988,11.0261799229865,9.21877709125609,326.80637983124,9.72988929200435,9.40668336196413,308.516268700088
42.6110869670055,10.0422722677228,14.1027992084131,25.655376547963,10.4737936281153,10.9283252225297,283.455526152846,7.72406082603368,14.4282783081543,272.634845748285
42.805510490969,9.30064064512079,11.6029445294528,27.3691590227548,11.6623170855719,9.67690034140136,278.586747899934,9.0589627827887,10.946293982459,264.225249746488
42.9999760742522,8.26552606637816,8.86945357712126,24.8883058563397,10.3887956061192,10.7644316426413,333.187887436378,10.3168110578211,8.6605570210042,264.702703371127
43.1666428332963,6.46698594467455,11.5551657803978,21.6536274900914,10.05315850868,8.83777427722867,256.506890608771,8.57301088475447,8.59994362961209,313.153347389964
43.3333095916299,6.89501689862745,9.02880068587894,26.2489456007276,9.50469955771882,10.7140327943621,217.440587882486,8.69061351244101,8.79651538019139,248.740234412121
43.4999763492611,9.60686904084866,9.72557474791356,25.694944203654,7.61228639082577,9.81423466115097,287.145914605936,7.67991038024731,9.36580552580631,277.123613379287
43.6944002966222,9.55221166285655,11.7659051990289,23.243713656573,7.7128004666298,12.4945423811012,248.424069425343,9.72133633038516,9.1435824923652,292.397825605643
43.8888654477137,7.87963037162266,11.3523834148816,18.1392073958529,10.100175357194,11.1717743647418,259.38959003565,7.03533275775912,10.1671077454841,263.412104507279
44.0555322030608,10.8993920216642,10.3302562556548,22.9941536517716,9.51149355851534,10.7232171728935,295.830674097463,7.39884925596741,9.2921483814069,271.722545812274
44.2499564064517,9.60707546005062,11.8905709829129,28.1825881026688,8.47804024280844,10.8974200517429,287.519606391795,7.91771205585787,8.41454965154283,207.438844704834
44.4444212962842,9.88892093348149,11.073117991302,23.2250235359617,9.05603787580069,8.9814670055722,206.422859090531,8.7283054747025,10.6607304517636,222.583465817982
44.6110880494323,8.07801858225685,11.0632296066447,21.7343320528922,8.01672543798644,7.29973047238625,264.874756432204,9.25780044465735,9.42801708797275,261.084798701631
44.805512502536,9.12677551626698,10.5653021760195,28.9335732968377,8.56761704649974,8.69586824139524,244.842978727658,8.6287971740623,9.3318331016214,248.754657851075
44.9999771376198,9.38030218610306,9.63442429781985,23.0216158380908,9.53309806410541,9.33574563975868,302.947191108378,9.18367858729452,10.3285708368726,260.675324336172
45.1666438886496,9.04882312191232,9.43135719198304,22.6458103446231,9.40965821875404,9.26619361698216,247.204608099865,7.87693831115007,11.0426394170054,211.606927248363
45.3610685853801,10.4408693558869,9.26982228013046,28.7682764295649,11.2084306104705,10.2204200432812,318.492353267426,8.49786839778722,10.6650733385492,283.361828173416
45.5555329719852,10.5006451222339,9.04566179972699,24.2923279654529,8.20983596511042,8.87325571869036,267.995935552207,8.41392896081806,11.7204744935469,283.157697578394
45.7499578357514,9.75703841737736,9.54863346522885,23.0998597606529,9.31684334024272,10.5088222992325,296.891541156336,9.90882922736377,12.1210580180657,218.635063050264
45.944422052029,11.1293489623235,10.6286235495075,22.5291313626461,8.65483301778152,9.13372764071012,317.665497743056,9.31662175622818,12.8254062074215,297.131660463271
46.1110887996322,7.91299897183814,10.1261502094351,26.0704350428244,8.43630201446152,9.9091904745073,253.572059086673,8.46227487788531,8.94241048919494,258.451554428966
46.3055138971778,9.35034867784362,8.96248572487374,23.2231090901,9.59684533207357,8.81374493052603,246.699979899859,8.72167608960252,9.75998058019163,294.575975454593
46.4999778751167,8.16973715054303,9.58295709461543,28.7291266883487,9.08904573562731,10.4348840891277,288.671766589584,8.46278318384042,8.83761263863166,289.003919987433
46.694403133014,6.55332030475489,11.1718299378278,23.5669548346521,10.6379289105942,10.1080508244199,292.559210284044,8.27703183041992,10.6487616265561,242.742099811658
46.8888669475059,9.2808991292259,11.010987848332,22.4780659623839,9.77098054803991,9.3909189200994,249.932818453272,8.2471958162922,8.56823958173465,254.046833828341
47.083292363119,8.31728732993197,11.7481519448265,20.1717851716199,7.76130560122419,8.44948478532495,254.68232737023,7.67085968664392,8.69159954302555,239.566880147095
47.2777560168764,9.34804547271937,10.0793101503168,26.6025478579049,7.91443672541,6.66131390228581,265.922971889075,8.80791147274812,10.8545589302398,253.399878858146
47.4721815876334,9.16598959434924,8.84542222901425,24.035163815064,7.67342993602633,10.5722798079553,273.3991001964,8.34341080966043,9.15796765298141,279.350350199799
47.6666450833019,7.52402391792363,8.60896451583353,27.5196422195591,9.36531163184766,9.24071063380209,285.289638136651,8.67982230674017,11.5308011045907,206.311353862225
47.8610708066937,8.0087573169781,10.4427321296815,28.0857677878699,10.5920839951836,9.35089017930842,265.267621591744,8.01664800427012,9.82086155034687,242.015462806705
48.0832932151875,10.9182141041779,10.4083071844126,26.05336638441,10.7517183310991,9.79652873408377,310.892088718108,9.39053615945337,10.1353945307288,242.289428213836
48.2777564676205,9.75614414662268,9.46630726296918,22.0561603719442,9.13248269285155,8.14787192899051,232.958191137153,8.38342349769807,7.92142500787895,253.848383215944
48.4721824259417,9.65132169161818,10.7277046039352,25.0294748442254,7.52175206108435,7.5758684157108,263.922317923587,8.99896448754952,9.14177666565298,312.634430739007
48.6666455267962,9.15108259413431,9.96971544535309,23.7914008242775,9.85535638956234,7.78723758095624,263.428186474329,9.53899306890376,10.0948215176543,257.895153825043
48.8610716315725,9.87467818974084,9.53982125454071,21.2308252056526,8.25111418305237,8.94169045900946,202.24918253977,8.53233512421723,11.0576859433525,252.158711934285
49.0832940325366,7.99185045204279,11.4554510387369,20.6131843987142,8.03908756668429,8.38271687029864,211.480964315378,8.10352481209849,10.426207221969,212.800406892348
49.2777569000705,9.71770352244225,11.8145046005642,21.8674403457053,9.08513965040151,8.84332170437175,228.620181319649,6.24242442326794,9.50390054107691,310.502497624443
49.4721832303599,10.0025226055945,9.68675065942088,22.5141591614085,7.80438618024966,7.90387882009442,198.941622190108,6.94495059072345,8.84418197842929,261.163639923949
49.6944056269451,8.7102773058425,11.4595602574394,24.6986782713957,8.88552559518206,8.94935538104792,293.26875452955,9.82766179801513,9.53328895560141,256.37784603378
49.8888682669221,178.985720353103,165.9524563774,282.155139410002,78.3862196767578,114.963533059024,458.457063094339,185.258433536447,112.062215918916,370.638877819573
50.0832948172461,216.996914692825,326.936934356514,453.807795915186,234.564516209023,237.07825469234,453.197107683023,236.552712855894,265.531250460384,386.162696886236
50.3055172096114,8.39037174175252,11.2194145056692,23.0252490018322,9.92626344236915,7.97274856894321,235.528747136228,10.111515903043,11.2256798767373,290.934101170188
50.5277396004802,9.76306700726049,10.4085250019566,25.1100080631141,10.8553280849225,7.96137433033638,250.615858998851,9.80602934023204,9.80890026371333,275.795879318812
50.7499619898721,8.99039658343929,11.1302605197177,25.4379462434414,8.52799727321961,9.86572878381806,226.700214527278,8.22759523238298,10.2284311761288,263.538319870743
50.9444242497597,7.97978990680879,9.42729399732679,25.3729332060576,11.6366333262532,10.3806717810179,223.982104276369,8.32659476847523,11.1893155362883,286.772156088638
51.1388511678118,8.19395109967638,9.23977519106747,21.8911793139688,8.94998357665613,10.5684294792653,274.91093232012,8.35011579136301,10.495561337297,232.728427798634
51.3610735532407,8.14730226734386,9.57784378015731,21.8946531786132,9.41384519648656,10.5976652252741,185.945845403069,7.28452414291848,9.50623441705821,253.3335342804
51.5832959372634,8.49056526998889,9.79375758993838,22.6386799523265,10.4888485997599,8.07403386159359,259.386888535115,10.4670577003322,9.27501839420473,233.470973163116
51.805518319898,9.33968172723986,10.8406352965394,23.3777642392419,9.33454625421983,10.1741009936324,231.572389218253,9.22748757754795,9.99206586083318,277.384232522268
52.0277407011622,8.46587326996913,8.91885985400149,25.7828902505328,10.4036020714785,8.99312689082276,231.684184905401,8.14486425532595,8.71449284406265,272.58215225114
52.2222025216632,8.83279633184672,7.99566654961564,19.4270770560002,8.09172386205436,10.229644115571,233.486065744659,6.48486439748436,7.72403410639044,220.224350379734
52.4166298651298,8.4615966661533,9.01706388370892,26.149210389182,7.73217842866393,9.20657542768192,239.153590494051,8.19173738614883,8.97553105291666,258.758942877881
52.638852242715,8.25208830951553,10.2778775599321,24.2199762469257,9.48668229774206,9.48687429323388,218.924230487453,9.95508774061725,9.7571680929466,245.39503007747
52.8610746189939,8.40533297999282,9.24765694560124,21.6816988377763,8.52735384883614,8.79683799254031,213.642855005376,9.54202372809853,9.85822336490901,245.176624391215
53.0832969939829,8.86370770527089,10.0766426012423,21.4810588189931,9.01368715209001,8.56549107872825,205.729775795313,7.69283336322798,9.91058973221313,254.646397167914
53.3055193676982,7.97197821304716,9.41037971689946,21.9111356157821,10.1689365623634,9.02873315855838,248.851022308291,9.35488641181654,10.5243323628474,273.672798319285
53.5277417401557,8.37457077305936,8.38831133222223,21.5149866607943,9.67307110575645,8.69963633327938,249.073071528001,7.12493714950862,8.19960350388717,265.679802683814
53.7499641113709,9.27136109044127,8.94460640308862,19.6600847808385,10.6960188578716,9.68994544139739,273.811709648505,7.69678717644426,10.6302315983872,252.496583604301
53.9721864813592,8.02902910548383,9.53007772341166,18.6643855757665,9.36720885453875,10.2228938483971,243.45460608803,10.7130032808477,10.8715458178658,277.134934985144
54.1944088501356,9.38998495590944,8.80578356754399,20.2805306221351,10.349658350263,8.62875398091795,216.187769621586,7.34972193482475,9.31048872445778,262.083071429466
54.4166312177151,9.04957743539615,7.65757652624916,25.3636081006837,10.8022079051971,9.48658597129569,248.626443095468,8.07548744130057,11.0952476594224,258.351676861301
54.6388535841123,9.23287858205939,10.6696742690273,22.0816280677853,9.12123172994906,9.21547120289777,227.533337469036,9.35087333656706,11.0563440919182,251.988359937565
54.8610759493414,8.46412137390237,7.58202628279465,22.8318407718134,8.8116206515284,9.10660988166299,245.126738021952,7.64280007180312,9.3678160329048,199.178845985141
55.1110551074586,9.24794727344516,11.4184135595173,27.0712520923166,8.39588183975686,9.01691163363189,239.002272439868,8.52873757380188,9.60586494479015,279.082104937015
55.3610762669093,8.4392915525113,9.20358551291468,21.852062987618,9.82907710721242,9.06731545984731,208.475403578458,9.10717696558402,9.93790261028762,243.16598596544
55.5832986284388,7.29387991894295,8.48864646870482,18.6762487615572,8.49337409478747,7.28165023537955,236.719516501132,8.75390987851438,9.64100009009148,212.259897640229
55.8055209888589,8.44650855500833,11.5673315550624,20.3441907227207,9.50261054807554,10.7546505313454,242.217711146294,9.41597051094987,9.13553338219603,266.952019498844
56.0277433481828,9.03352386844572,9.9377274707847,26.2303680448392,9.89395949628163,9.30619748086834,245.585660539868,7.76273396577272,9.76370509569931,248.887189556393
56.2499657064233,10.1489191290245,10.6226317512039,21.7591120383526,7.1390305659565,9.88371420516526,270.595124781754,8.03920311042527,9.23453440919183,189.578743254571
56.4999453730384,9.69089540570664,9.65484622477954,22.2719803961598,10.3972617247963,9.51277441518423,213.648192268667,9.77823697144045,10.8844925639087,266.086762536244
56.7499660085698,9.94913494244175,9.17347245853029,21.5169761672503,8.91527520393792,9.04556511127158,198.862262076867,9.75282895588037,10.9200026510235,231.300148818795
56.972188363377,8.93668241217898,9.48035035411552,21.6871679625404,8.37835445937375,9.20291388401796,247.051982835439,8.45397323342397,10.4092835372496,190.563185501573
57.1944107171539,9.84978725059041,8.597990016626,20.3103939705445,8.88141168604102,9.44089578975586,227.612788641709,9.84498920199018,9.70054966831614,298.272407093045
57.444390715607,9.52324881762029,9.75399469780416,22.5892101636693,10.437517952488,10.2675305440281,238.784164426783,9.64038384193451,10.9420291682516,233.29522650695
57.6944110094467,8.48219820765005,9.70512272932007,22.0204041103159,9.84433012723616,8.39020430308147,196.905454831739,9.15636852930665,10.3423281682227,271.356419247706
57.9166333599568,10.3799899324064,11.3081866892815,22.4736172664607,10.3117155384696,10.3921469562476,208.124373846782,9.8724504069599,9.41136935629565,207.161781157158
58.1666136049509,9.11873405969126,10.5732986299075,26.2523325476076,8.99833043916993,11.6365547126161,231.3874491409,9.34260946139119,10.1551654627067,223.657235429603
58.4166336450361,8.16170170710783,8.18211805310055,25.5717823472432,9.51205600466751,10.6392077002126,190.104839951806,12.0201483945461,9.55412573000904,241.537556744696
58.6388559923996,10.3460729338031,11.0765641133782,23.6828456254199,9.84090713771802,10.759351385989,198.786472307049,9.29386800823915,9.67953346357989,252.52600797661
58.8888364779315,9.75780569375512,12.6112984875203,24.9610143455003,10.448531676492,9.91036919545047,234.626815144214,10.1698529127428,11.7383796989105,247.974132700339
59.1388562705291,9.1758637775942,12.2638559920028,25.1615976574208,11.5004362695704,10.4452515263972,225.630475609751,9.15964092311364,11.8801587172459,217.048142447847
59.3888369191846,12.3491906839025,10.7562160420278,24.9214173244183,13.8965600779945,11.1996983768736,211.622442201131,9.91660332179204,11.6269825228359,265.467141925292
59.6388565439949,12.799676876992,12.9046050816322,25.5588425064015,15.0631746344516,10.5547570088474,227.000606344646,11.221069284865,13.1956023226259,213.466300607022
59.8610788862911,22.9332807306661,24.8839631131352,47.2034756971327,24.1460731354261,15.7419326973697,261.361495684882,20.1572042034055,21.1601910116664,207.269890572266
60.1110597658131,34.5785180408987,28.0740546145026,68.4646713562106,30.8422674411211,22.0151666409047,218.420778219874,28.0309453988018,27.4966701098757,213.438922586273
60.361079153225,13.9430295979612,11.3396483813805,32.0334646273512,14.6317802171552,11.1229407102396,185.114037766191,13.1081748094456,13.365117489415,225.567887248899
60.6110601893773,11.9780820529043,10.4448039013272,22.6142887696764,10.999102559709,9.73874978059006,155.302899651941,10.5627535238572,9.8043165095996,251.152335504038
60.8888381994627,9.03076085507612,10.3241543182397,23.9184244557237,12.5735173085943,9.15492926698538,199.10481329568,11.5181161543069,9.3125608253098,233.780742383534
61.1388573375553,9.7460316338428,9.92503415017772,18.8771773681581,10.7246226190367,10.3230425205367,214.497275232231,8.79992203559971,9.3362457807334,204.530248972299
61.3888386123187,9.2030326897336,10.0359936002875,25.3119014555132,8.86081732080226,11.3553034383822,205.033864079221,9.80709401335253,9.42493001535025,222.600285193959
61.6388575934925,8.31135372318644,9.43148340858491,22.5754287086026,9.89512236123739,8.59049895619729,258.718702727142,8.31101809419134,9.2138066433319,286.335783708068
61.8888390185036,9.22897858145552,9.70181952998404,23.2890478208265,10.959438301394,8.38372648702874,242.350407381691,8.58142301834981,10.120559572481,240.593481536439
62.1666170191164,8.96346758061659,10.3414888415083,22.2197402442345,10.6094441764748,9.73920313616148,224.691382639908,9.33681654440751,10.1522922860174,234.645698244326
62.4166357612445,8.90828062264533,7.83794865702368,25.4294987195815,11.5109254514346,8.71793623471073,211.926726226341,9.74645182177895,10.213075155018,272.806009102538
62.6666174152412,10.5046057505273,8.5536753218526,22.3016724420416,10.8991834500194,7.60608009229773,251.298238149551,10.5247729595668,9.08463158361454,233.898405782251
62.9443954103689,10.0472608296123,9.83930202219291,19.9594155234397,8.65636752394198,9.54587250629285,200.745026035817,7.80655771735214,9.69642351681246,263.471419985732
63.1944139193971,8.1657777661002,9.08692966308007,19.543261736631,9.64504868156619,9.51336825405112,187.014568846223,7.85166195713142,9.74311677856383,258.098034377882
63.4443957968029,11.3599917448234,10.8048151665558,19.9930679056807,9.46540457931321,10.7377370567925,234.338453832985,8.80876330990944,8.420539918204,215.021059209238
63.7221737866457,7.78482945650107,9.78445657265708,20.0195464355824,10.5401281542819,9.7853009884882,210.873276272205,8.06682501439747,8.6435822967571,221.499581017525
63.9721920683005,25.7635736784997,21.3761838438989,54.6203426184655,30.4086041573286,30.5359100762328,230.237874093752,28.6716387276353,28.7398051631177,218.059072045421
64.22217416374,8.47808640523886,8.70083657784882,20.427970321683,9.17075976071043,10.5458385264554,252.510651871485,8.37097971888787,9.99404972779028,230.576308988758
64.4999521484884,9.88114251178224,9.29325441471181,22.5035284754113,8.24927606841457,8.95213051015056,223.694557434691,7.87484157593401,8.48027488454237,246.068484165407
64.7777301314617,8.43145325856059,7.91843031247126,18.0335283649833,8.91833981210409,7.70117371873063,245.4667692492,7.88697685920561,9.53163502131767,238.584947048089
65.0555081126826,8.47130158033695,7.06344758290662,21.021797597558,9.2445899610767,7.49693324502156,225.340420368974,8.00816688497227,9.64190705766864,254.306806494596
65.3332860921738,7.85847421001483,8.35775653800639,22.9643038422138,8.73129866440422,6.29142021511975,245.228004157952,9.67884951840349,8.10713538962164,238.069695737328
65.6110640699567,8.63323366389958,7.8533795164022,18.6009490182397,10.4262525374205,8.35277144185986,179.277822784422,7.71292571139067,7.11080003532752,227.749568426786
65.8610818220011,9.18718634564894,10.0492633312914,22.110041943225,9.62993617761981,8.5717194059614,226.730288658072,9.19351421131588,7.76049118321448,241.608802859088
66.1110644257307,9.44763215123412,7.89906608560255,19.7182334245704,10.5850271793249,8.38658142914994,209.431175802184,7.67932314432739,8.68811302409164,231.088466507505
66.3888423988452,7.93856728084407,6.7152299956119,23.8090202178783,9.05493864730275,6.53711113765865,225.334682300865,10.1350893820324,8.83623247992522,209.77568087861
66.6666203703318,10.4260631016092,9.29766269464133,18.8472608253304,10.0839061812206,8.31333169474855,193.908933863136,9.75698591335828,11.125304739417,228.535909553896
66.9443983402108,10.8864363397633,9.63100300639223,22.2752919816173,7.57558865198425,9.44713405203174,211.519902846252,8.06817895791416,8.7455062549171,256.218052731221
67.2221763085023,9.07230718312372,9.92981191512175,20.2765538919943,8.56945529506747,9.88954909073758,175.468783886375,8.50042443171437,9.18278504122225,240.1644616672
67.4999542752258,8.91262686729928,9.31877648393652,20.9738403605407,8.84234172877021,9.09019229761501,218.545079948816,6.77423495641873,8.2318430447678,224.64231254285
67.7777322404005,7.875624489284,7.81985458348398,21.2505494294789,7.09511646476564,8.45062578714381,278.095379959721,8.58493943229493,8.9647223565742,201.253776176202
68.0555102040454,8.72359227416115,8.84056879868489,19.1959525665831,9.7703394080037,9.64680287051014,217.65250134809,7.92453945455554,8.93662631664689,193.609076227821
68.3610452690838,9.02744624508639,7.78948182034432,19.0262598229042,9.61979361442052,8.64168208745238,213.244814191547,8.80591111040921,9.33330418936364,207.451050065979
68.6666217187708,9.56645065445105,9.54114608697395,22.7837957546292,10.0258244992271,7.85496589227627,195.149691190644,7.38512470262419,8.62828755675151,246.933512737246
68.9443996776444,8.59445216345879,9.57958022218894,20.1782825512623,8.70707874187213,9.66941974665487,199.590612080157,8.23923778203961,8.46449207483361,191.573203175401
69.2221776350645,9.78697321431919,11.1756807789056,21.4825056632223,9.62425120350056,10.7844358862244,223.75411308604,10.1949359460668,10.9958132229552,211.501806834697
69.4999555910486,8.99038129352829,8.27475263165571,18.877121256321,11.8863922434515,10.476173725545,176.827636815881,8.85224915130724,10.1079747718351,206.443208962168
69.7777335456139,11.0284898114399,9.54508696539346,21.6841457981248,9.33745317898197,9.23713232590921,212.38911919439,7.69140310914429,7.99387754098541,200.087825459819
70.0832691093064,8.25046189618681,8.5311177333492,23.2031204378227,9.42587759217465,8.13708503031653,195.606094807027,7.4273313105465,9.70943096973011,192.970522110561
70.3888450407459,8.44579474762193,7.89873449034885,18.1610829624004,8.43520817305964,8.44442528211175,231.686041921718,7.28746536262203,8.75050987047717,207.806743287057
70.666622990883,8.22866696366025,9.24083203204894,21.0786355433548,9.02753235321887,8.20213241371888,212.98739845643,8.13920986410691,9.76658554055694,235.052242990621
70.9444009396703,6.93726030277259,8.29322271728535,20.0590303546499,9.71767762581889,9.49500816727554,181.65528093182,7.23461022114495,8.43740542096484,227.932955360135
71.2499368275969,7.84113203664693,8.48476463280228,20.4123776214387,9.60504695486484,9.56085392016829,206.683921860821,8.02117044293643,9.36520690779863,218.29338249319
71.5555124223291,7.28240807295209,9.59127072748528,20.0477342226963,9.67913911237205,7.47439917276108,209.854694319001,8.47312066240734,8.46452106870687,241.763540520547
71.8332903669022,8.64556641558164,8.26504107933907,19.8541086048613,7.37035840968811,7.46852387632789,237.060544568758,7.62009488426705,8.40144410235341,196.18875697541
72.1388264948921,9.12399293838589,7.75810150765145,19.3049177594946,8.71269006635081,9.61497501645285,209.454599528519,8.07701775038299,7.98510279435653,202.2987860911
72.4444018404608,8.92908321215321,7.13867571979768,16.622528177165,10.1852297288644,9.15266735531579,226.081396380858,7.76671681470155,9.26244003554046,212.995028989354
72.7499381301234,7.54247314444376,8.06113760776784,20.9798466703514,9.53107153283164,8.84462433161913,241.54347907662,9.40893450780282,7.88882455226278,201.127144538962
73.0555133079555,9.72658062734324,9.94959760329563,20.5863298330058,10.2017224687753,7.5296452614455,183.909492589042,7.01037950322016,8.09170813915901,215.133933938022
73.3610497566227,8.24324278131191,8.15023961681163,21.4398372980725,7.91405107430797,8.43814330165987,217.301107786401,7.74255567794919,9.59848614371629,238.210319000469
73.6666247695374,8.30919281388498,7.97510067345923,18.7653182822915,7.87202913294114,7.67021866163383,251.219350904682,8.0927069412191,8.95943135183233,164.047702291045
73.9721613746063,8.64666188427614,9.02302800774594,19.0159276361956,8.36747350019706,6.91705140453277,213.635075809022,8.7796930479049,10.4772618146854,233.819274903976
74.2777362253523,8.37913913525934,9.31564532327382,18.8259533060171,8.21264395177403,9.17833111430206,197.345284249021,7.82019098504116,9.4762132818961,194.923051667093
74.5832729842836,10.1683815643435,8.67992941764234,21.4766146311269,9.19618315645557,10.6855046206301,197.442776559475,8.23111122449148,8.49611132423592,206.269124284132
74.8888476755415,8.16427600991798,7.78061940987104,20.8070665196781,12.1850331726181,8.07946983613841,217.963871824025,9.23515080816242,7.02059038692343,222.60788019956
75.1943845858571,8.0462868682407,8.77575155517485,18.8077443451529,13.8208703691444,7.84033161308839,225.56384292086,8.59990431274337,8.27154284031989,227.100745871671
75.4999591202416,7.92262211802255,8.2742415227029,20.2458134314349,9.86873061015539,7.45617261611779,233.969840202486,7.14881788143497,8.77034421894942,208.283489946486
75.8054961795229,9.62568855850693,8.71975939112844,21.1676075176482,9.94276715781418,7.29230270909521,193.945323206555,7.17757686910258,9.2431972958516,247.701617028147
76.1388297728028,7.65478156889645,8.65096746420722,18.8759590860498,7.23692520377174,7.37729043041587,188.53152827099,7.98468273175357,9.17593415113934,163.677613041581
76.4721633638166,8.20378350128752,8.37554606808607,19.8359582169621,7.68241421119988,9.0756937216795,204.722441926937,8.50069955615471,7.65420241154492,209.312991828085
76.7777375783635,9.49460032380854,7.51707286571857,20.3603662531523,7.66417865726136,8.68347591323476,218.577022912526,8.40646183278901,8.19223687698859,202.86808075398
77.0832749415538,10.0821155076245,8.82011340980599,22.0050588838115,8.76329254389954,7.8641804609052,201.617306160578,9.28122574574359,7.5574107311845,208.730050104433
77.4166085263054,6.77039811188985,6.75638218439774,19.2852312121518,8.93832857598358,9.06937146797541,173.533148839303,8.50737330741549,6.62107748673167,215.804264063458
77.7499421089012,8.81989561758913,8.3208871576005,18.4686999371483,8.34329563205087,8.17444481568362,184.157716685132,7.17423632331716,9.53927394699305,199.917788017561
78.0555160142109,7.88488706445103,8.25954733769889,18.3895267820165,10.3596969707244,10.1644011671583,180.491489983102,8.68551708298632,10.3906744295325,194.694321669106
78.3610536714857,7.59185578426384,8.77374619921414,19.4087551475813,9.78926089770024,9.46238572293608,225.811451277649,6.82349858548633,9.41304014837874,206.144959724105
78.6943872481218,7.5440442902027,8.88690260438062,20.757320714184,8.30540582902753,9.46499311254093,164.863627363256,7.54209793468502,7.77310440617302,201.466438814496
79.0277208227054,9.30998136107967,8.90988491519597,21.5262945016774,7.73885259130303,8.35729767139445,208.448137153014,8.03272101753068,8.45483438794766,195.28732976352
79.3610543952624,6.43536648101189,8.5854338999079,19.5032023744051,8.31258939132276,8.24685011336104,210.951943368552,8.23555107341356,9.12923063474588,221.88604943372
79.6943879658182,7.10617626820889,8.36525050850207,15.9803916277639,8.26035359841829,7.88469043047414,186.788934393471,7.38359061467892,7.89836682612397,200.363413371615
80.0277215343979,7.30502946344177,8.68102398515295,19.0980808519561,7.77953103966542,9.4472641282128,187.767238288796,9.98668549003079,7.5405474778164,214.678606786894
80.361055101026,7.98189806902492,7.5548261770635,18.7240202546286,8.32171691438813,7.74319431922816,208.276656950482,8.20731535129764,8.39089434950217,203.279938478597
80.6943886657267,7.40892468771151,7.15724684913582,17.0098737211417,7.68148716246169,8.09282784609114,163.898787016092,7.95631819264858,6.68659180095286,229.066581892631
81.0277222285238,7.24877387242655,8.72465622609464,20.2019990358856,7.94054647139427,8.13369037895885,217.941629457813,8.21354711567584,8.57481286547965,182.398498853333
81.3610557894406,8.29530561114063,7.67494839011512,15.5980626513829,8.27212522026964,8.93600323089727,181.733128956585,5.82920286393029,8.04072604733968,197.426688282208
81.6943893485004,7.92639032940197,7.10276121070091,18.6916057824535,8.11131778532961,8.51194572073556,211.643637872003,7.34983284550116,7.94820343238767,208.087585393647
82.0277229057254,8.42309994193209,7.71447473232234,21.9774288078435,7.18751606941809,8.4103927218726,173.040696308549,8.23695496000092,8.1139497613347,199.651923977396
82.3610564611383,7.93607207852967,8.51348008199402,18.6805713992487,8.51921353184297,7.69904847821644,174.803873861763,8.17696867073882,8.70878218871949,193.218018279252
82.6943900147607,7.72959627957978,7.12306836905149,15.7377543004307,8.39494338030962,9.26117500804884,200.505787693175,7.97237176341383,9.04553460634036,195.105465959875
83.0554812336589,8.73992766889764,7.22398775641568,18.0374537549828,7.96044473256126,8.09625405672084,196.057266809624,7.90268888071012,7.61946019860146,205.191708840932
83.4166127082363,7.54070938067132,8.01802622105094,19.7388293146162,8.33613900205882,7.70703683063053,186.310328584214,7.42308011258546,6.98687942301528,201.382167855802
83.74994625633,7.68238463053498,8.37856555320601,17.0096519185801,8.3378887343687,8.30881238321217,163.919759088685,7.88675631361817,7.80330701354293,235.75798782903
84.0832798027208,7.26675563324466,7.86585624310349,21.5791643007535,8.88282186793442,8.62226173466811,207.513864328518,7.81283330127744,8.81549297734337,186.399226234791
84.4443713449501,8.26600609830388,7.15192951892603,19.3920920352754,9.88374819136553,8.40378458922454,177.827151874096,7.87426585489956,9.85754483716649,199.256632501925
84.8055024808219,7.69069128263578,8.29965570358728,20.0264842450582,8.64255816575006,8.07616285908822,196.563639053219,7.51521848757759,7.9249745382825,193.155683306232
85.1388360219521,7.96869431704953,7.49319353239533,21.8201407551954,11.146044252433,8.9757250927637,216.755193048886,7.68509111668406,8.60117438785814,215.642902618021
85.4999278029704,8.76358738509506,9.80877782666842,17.7485909994799,8.30871194865343,9.78180238104914,190.422385145697,8.77926528160804,9.93857515184112,197.589352692708
85.8610586888663,7.5030605196257,7.92740033479141,22.5353810878308,7.8476276203747,8.38128415588206,196.531447574982,9.37071501388502,8.15612692529645,184.393754045408
86.2221506299371,8.59076352460944,8.09697221307441,18.3574628624866,8.5687071099199,9.54006881296853,201.229790194575,7.73705578277222,7.74115523337545,210.495258082602
86.5832813483616,8.14585843254399,7.49075965382411,19.1484055199068,9.31096215075611,8.26240801263708,210.716920885669,6.50297096578745,8.92415798216066,174.702653976408
86.9443734468568,8.48478070952398,7.58844916435084,18.4030945763867,8.14537120980238,7.89969806578507,192.569950708044,8.15007258973061,7.34470272246827,155.524589687307
87.3055040006224,7.66862332988139,9.12270981835222,17.5880919296176,8.14894988693325,8.03499252943586,211.216815250118,8.03619624481398,9.471279852055,193.03728088603
87.6665962539779,8.156000257341,7.27276353600352,18.9596666079235,8.12983065412373,7.93456554932721,189.199304435882,8.28532888620192,9.94332647756486,200.577661814854
88.0277266458267,6.86083786466369,8.29832090238824,17.3420481561144,8.14939872263836,7.39320870209482,183.305279300904,7.89531442931985,8.29566815693909,197.498737390377
88.3888190515408,8.82032331911824,7.44379597595448,21.4857506014601,9.1716357635771,8.88281325748567,171.561397652016,8.26337133172823,8.37522065287543,241.699200112428
88.7499492841468,6.60381205509468,7.7286214787475,20.5567377242205,7.91161190076166,8.18055518574618,176.425867250632,7.94539313133281,8.46689934147687,205.157657725513
89.1110418397775,7.76116128148046,8.2728343563409,20.418631371453,7.85486420926011,9.11854732922959,179.089843054677,7.83983771388829,9.42937456078366,202.779352093208
89.4999310296597,9.14295474894976,9.32193168193172,17.7086275604736,8.71534488613553,8.22497579535404,171.430458537882,8.6004179640005,7.96530254814185,194.173725244577
89.8610610223481,9.21485430028291,9.8189732751297,21.6569318638632,10.4396569347323,9.34944884646957,192.587998077343,8.6272198454034,8.72867532997939,166.99877986076
90.2221538039855,11.7237316003854,10.6876545461715,25.154177728056,11.149410275626,10.278705431267,168.179446002089,11.5264741931955,9.88322542812447,177.431088453338
90.6110429865155,8.1647696718321,9.65596866203377,18.0802052073277,9.81869391292287,9.54164955680035,187.721013480241,8.71553395463318,8.53571120476024,202.105960409889
90.9999321665356,9.14493455433902,8.11142076671146,18.4340126773281,8.49998818222192,7.54113214350932,175.859521064274,7.61831336862775,8.35362114133304,223.650015257941
91.3610618447248,7.69125302853669,7.36994149547987,18.572854381021,8.502084744327,9.43273063397056,155.397005788307,8.60615533935819,8.620476367623,223.962710468549
91.7221549228806,8.94047222273201,8.11189028174148,17.379319276788,8.10803407680917,7.81083625852982,195.80083476338,7.60554869084831,8.95922843232179,184.126276848861
92.1110440959047,7.19421725530311,8.08396404816505,15.7524149224704,8.51527445531208,8.89490442907022,199.658395896784,7.88154033960394,8.62998330020638,190.542470892009
92.4999332665398,7.69375638745551,7.20659923404923,17.133479439522,8.14742819120882,7.5845577651181,165.95758353972,7.17749604161528,8.36057596402913,196.841664492558
92.8888224348156,8.80547471651917,7.0430014245605,20.1485332664563,6.96030927562144,8.42537337800795,187.95202716546,7.43640206072294,7.7743128419253,186.662264539883
93.2777116007618,7.47673232701461,7.41280511573678,14.8705012096667,8.94630893687282,8.07041080429257,181.216616893912,8.08968139059081,8.42840991974319,193.251843779926
93.6666007644076,7.40843282896954,7.38926232354689,17.1125817831645,7.35817874222367,8.40817220648631,178.885362370399,7.64576543448969,7.79704765352635,211.978579706346
94.0554899257811,8.03337913004496,8.50393100151541,18.4812541340727,7.88785857360518,8.79538100169541,191.264671406919,7.88165634689254,8.61092126635457,190.536273360664
94.4443790849108,8.25914262395942,7.79563168254422,15.7648785037099,7.79638529649812,8.47930310060052,174.21574625188,7.28687506790956,7.2194133738346,174.141349537627
94.833268241824,8.05334483279411,6.9557935714221,17.5766296085115,9.47567304015027,6.95165151860394,162.849600106735,7.37007639515486,8.54235492785487,189.46556079316
95.2221573965479,8.54007615674653,6.94585034072373,19.2039735639858,9.14860451345324,7.19637606218557,231.398773255133,8.1331316474363,7.37549415628535,193.365080338918
95.6110465491094,7.25971334371832,7.59672542318873,19.4742064820763,8.16136661426767,7.84767390231229,204.334676278097,7.79552264432494,6.72205231624098,193.041736968477
95.9999356995346,8.10081917851722,7.81141958929433,17.4087481428491,9.83216062027689,9.1518280888768,160.09716677129,9.07550765643229,9.22336180150447,149.106526079358
96.4165826369958,7.72599144478541,6.60921714717203,16.6287729728877,7.64898680232668,7.4941469019091,189.426812683787,8.17621820626869,8.96338236078317,181.742176422493
96.8332695862292,7.53005771007411,8.25199173455441,17.9553392520577,10.0236827108477,7.89119440696828,173.407603593358,7.93188281789621,8.30811882525204,144.719608816311
97.2221587301068,7.83295383405579,8.10214103140892,19.5266463043619,7.42968308393639,7.09310774852258,203.350591247528,7.13303820079415,7.51561780449234,158.13190579538
97.6110478719528,6.4997930962478,7.42349320444659,18.9693323269028,7.26000142430437,9.06829524630521,160.86280880995,7.99881569746412,7.7042908392657,186.015010026887
98.0276951291585,8.18490115855442,6.05953221596134,17.7260324077481,7.02355201068582,8.2595088457112,176.33605163836,8.0625748908707,6.91236170719186,180.640047945482
98.4443817406072,7.55997902923596,6.86069749564928,19.8886201088891,8.71257068603305,6.79178200348257,185.835425489695,8.81367548921318,7.45631373878333,183.437169863167
98.8332708762232,7.57427478261771,6.6606137380847,22.8916290914935,8.84268232345722,9.25057164588365,197.792530764158,7.95853766409723,8.86186513299199,173.119000934948
99.2499183691662,8.33686904696884,6.24003067032026,18.1381468459469,8.64223338446075,7.84901672819981,218.632410939726,9.38077444972074,8.57644721853444,167.363631366273
99.666604731774,8.81102403576473,8.16129928128714,18.9044690887222,7.6870530774934,9.27231780972817,169.673966578071,9.93305917392516,8.5463683528327,153.116040241694
100.083252382191,29.3084824660259,12.6669725560869,58.7722436943743,39.8968563939901,33.6772881655026,251.048960492516,29.1659045702891,32.3325476234924,235.456764487492
100.499938578665,7.66525005737034,6.90389634822869,17.8650435009223,8.85456194368986,6.86790355714616,197.453547575652,7.9916850383553,8.85835898657796,206.454545470121
100.916586383991,10.0660851688518,7.82476599321406,18.6466265239044,9.57869834252037,8.00475871204135,179.729239150036,7.67534400294052,7.17375671190375,193.808306129114
101.333272417108,9.36256992452538,7.96503083027849,16.6838361785807,7.51175432688716,8.50943010955728,185.155514057927,8.16058670353499,9.455385028589,179.645227293312
101.749920374842,7.63772605296624,6.58027401564756,17.3227782010181,8.83657092527436,7.52925234879415,170.778190788203,7.20616151276931,9.09114714935639,171.260539462306
102.166606247312,7.62566764014761,7.08798902488214,17.8391105822861,7.92151856106367,7.76682145206109,185.068821445264,7.77930929503776,8.11630071727166,181.615655778077
102.583254355009,6.70663158198412,6.78138117261628,15.9721806934048,8.03227789297165,7.21591009017096,155.007588991715,8.35331881249251,9.19457992195498,187.78479523197
103.027699140154,7.04604801622291,6.90151898805549,18.3580417257694,8.43703938332904,8.56174342380868,196.898550667206,7.02859449481848,8.74693405202401,193.659181285237
103.472143922371,7.82403789825568,7.42639155243731,16.0922574066692,8.99438727891583,6.28205365193481,199.621749005884,8.14875563754883,7.47379851223554,171.943933826915
103.88882947114,8.30139178762638,7.10716214180071,16.3327032021059,7.61085218529704,7.08470594857376,152.945848796972,8.09691597508195,8.50256332939145,171.418451849163
104.30547788127,8.13486576330399,7.30505439755165,14.5901756672807,7.52804600092835,7.21368319859794,171.690224916987,7.38032782578869,7.6883743531008,166.682219555038
104.74992265528,8.0005890785014,7.14670247937593,15.0743653884859,7.43989424409979,8.38399792312022,144.851253423219,6.02578906030285,7.66903490148132,179.893982408854
105.194367426505,8.11272722624883,7.21348454301052,15.5051688501393,7.9550928568971,6.62152263137939,189.026859974983,6.84164270851264,6.69644157842618,183.319352705603
105.63881219498,7.2737960053061,6.90730616408419,14.9588253678105,7.41551731231322,6.3521281767936,183.150685151519,6.62686873908456,6.47607543736479,175.250371378274
106.083256960741,8.02642352343027,7.17374021202463,15.6204456613816,8.17147166317003,7.29390192483557,159.368736365579,7.70255901500664,7.04191618871808,161.641892335613
106.499942039026,8.67868791880201,7.85687604717921,15.4246470303082,7.34710045669908,6.60146210979466,172.230246841132,7.63645334337982,8.34369238038805,174.408581195362
106.916590889341,8.24738750774794,8.58075378434803,17.5537758276119,7.19866349851457,8.55276460254185,168.458575963208,7.11765391842377,8.4120204755945,161.67230656738
107.361035647482,8.12896517273676,6.55590626955146,16.9391965697715,8.62313152961043,8.63796857770577,171.858045075791,6.88370102361525,6.75921208814761,171.111448725663
107.805480403037,6.91924154092871,7.49786351173897,16.9309250482565,7.57743612371756,5.91220176084361,156.55327117824,7.97385772836703,8.50205620716062,185.923551911023
108.277682762184,7.17369048843492,7.50109023669493,16.7663516675289,7.48644762854307,6.29751124167189,187.288361163158,7.24937494331406,6.42217239942977,193.184886041061
108.749925500148,6.96973298311832,7.00378410764274,16.9829156454285,6.581864627182,8.18880372917298,152.216084541144,7.10688401398943,7.53766734001662,165.421934900952
109.194370247823,7.87957234574845,7.09782451513327,17.5336386624286,6.65678080471995,7.76901303687431,171.687148140457,7.2503643402116,7.93869034429243,165.246444707849
109.63881499304,7.85245769972967,7.7407254556663,18.5919518043046,6.64803352491938,7.60311641188031,172.504487715201,7.19426258917351,7.10735446400963,179.588174221702
110.083259735828,7.81140119513867,6.45352931579519,14.3655588663513,7.33321919670015,6.94550586690705,159.677851624305,6.84524350745363,7.30361908588449,160.053349126618
110.527704476217,8.0119282686755,7.75633042834771,15.291955071629,7.13140559618572,7.77602280507191,162.196334280108,6.96034636654383,7.33150592463075,184.663154105545
110.999907314624,6.97024949084428,6.89124824280274,17.28737793331,8.10795442712841,7.44901222133422,185.517248888394,7.13527278120104,7.75423169796376,159.823059239443
111.472149541707,7.08506505165136,6.7999691878242,15.6452567042197,6.48021714035892,7.68206033107332,172.017691585753,6.92023771809012,7.84588920335977,164.326142684646
111.916594274782,7.30334386672822,7.39897395046196,16.3653190404374,6.33826135958763,7.79951827083828,151.844722347756,6.59947737633358,7.77103474435697,179.913642493165
112.38879734891,6.43131552118787,6.9526492151213,16.2352934105799,7.04599843529306,7.15505850816381,148.566262179248,6.547534882699,8.06860400028758,164.017415065086
112.861039325017,7.1729265345496,7.21307739133108,18.0572924769421,7.70436166639371,6.82317343134531,169.428202261161,8.3955386494787,7.47237281610686,198.89444737475
113.333242556189,8.31616586479408,7.20903325254698,15.4151709167208,7.13750848929589,7.19568070421013,161.852798983529,7.18735636613995,8.32890965221255,168.099571130332
113.805484365198,6.47241222983538,6.66788983050048,17.3145860760658,7.97983308829297,6.80302607638445,148.218718508822,6.82777692511969,7.08701265508581,162.622811086239
114.27768775086,7.60041201528669,7.19789056409213,16.5815833926385,7.82626960189111,7.50928253163343,147.589368446197,7.29765267051346,7.27981722418272,183.52543292169
114.749929395572,7.5742877698465,6.73867343666561,15.9579246268319,7.24733166580227,7.74105942399272,165.351577237355,7.01082978677897,7.41046056023225,170.704194715674
115.222132933231,7.25329151503017,7.50216908428009,15.0192818872949,7.60718454907238,8.31107405589977,138.910297741777,7.41464655013382,6.79068414280141,178.379336519615
115.69437441638,7.4723736240854,7.47193174805657,18.2089532871115,7.12796620040889,8.11435205398401,171.879282768739,7.65601412506897,6.9372055576959,186.011159251262
116.166578103604,8.02297300885747,6.64640109837072,16.1731643951742,6.63879182093275,7.47349503418842,158.798145442499,7.75610059829447,8.28925821624047,165.067289869736
116.66657848316,7.04087730304939,7.47152301263758,17.1451100702827,8.25408907979304,8.75570928830089,145.479927323385,7.08393655361887,7.20245235713804,173.697510614725
117.166578859478,7.15235550211638,8.53795045381667,17.1175939912181,8.10740529073622,7.20626738610311,166.485696939931,6.59142041516622,6.98699981707196,192.010569832847
117.638820018315,7.04560894021197,7.25782462790231,16.8847612818031,7.18126504520343,7.40895501373758,161.560563814736,7.44384347196482,7.98431176744929,171.673507707394
118.111024006051,8.89893612342729,7.7856382048051,15.200429000721,8.0034354601225,7.46723064146204,175.545565762731,6.83932088797811,6.76922672436865,174.008410011218
118.611024373239,7.34702036540119,7.8266598570434,15.5047729546097,8.60631782870653,8.67578614941837,161.53604799838,8.16100737080179,7.34902534314565,186.683913246507
119.111024737344,7.6336717508976,7.13194482769694,17.8992104687368,8.89147384028453,7.05097947617673,167.794478081492,7.43783480751832,8.17958781463708,160.564440777271
119.611025098406,8.6314892568022,8.08526266711018,16.9941645498488,10.4511314254555,8.46404981101718,143.439052050304,9.17907617340744,8.56101089266892,158.504692262512
120.111025456461,73.5685785399897,49.4898441516238,180.663454930979,62.7253815387561,87.6785710717369,164.260845047756,59.3307641473801,72.2752487305168,179.9240591962
120.611025811548,8.76437454413963,6.73154427782298,18.9002482914994,7.58962843852164,7.44905137376085,162.042278231816,8.05603521169046,7.84285495545769,171.279269100108
121.111026163703,7.44573017572492,7.98068525616996,17.524344039367,8.34011343278894,8.07030525523444,157.532438136166,7.64009520962138,8.42167237143281,177.582664371068
121.611026512962,6.89161433678512,6.85437203808494,14.0674609344889,6.83635853180129,7.81562076183906,129.439871496395,7.43621498046824,8.17417274451858,170.193760299702
122.111026859361,6.73094739510106,6.72586939455955,15.8294790489378,8.33028985269051,7.34035729312326,165.551551092274,7.17943851691323,7.3684949984162,171.986662728668
122.611027202934,6.7747273573233,7.46208570962551,17.3145538195576,7.6122770246723,7.40205813239194,169.445815629424,7.59343615318449,7.61794653172998,156.926710530574
123.111027543717,7.08172686876093,7.00098265954434,16.3844875126917,7.3368646495382,7.68506863151783,153.250402390741,7.47409941284183,6.52364619877665,156.839202823416
123.611027881743,7.37150997888463,5.95702608156033,14.1129084101057,7.00975547440661,7.30959203899037,185.523498408598,7.97202674258377,6.69259374386777,195.031961369208
124.138786330416,6.2129232879689,6.85273925650466,15.2640087722898,7.36463455604405,8.0392617784321,142.822792488848,7.89643162340578,7.59731388199758,157.799405041876
124.666584142005,5.52049303015074,7.62625400795312,15.4008353950565,8.00967400786386,7.568522974713,172.953795036496,7.81993423714489,7.18701977443852,200.287905556308
125.166584471665,7.08440786836332,6.97989549031794,15.9382609980885,10.5938568484793,6.80891034910656,189.722018262201,7.57348115434505,8.03714564785791,196.022377636623
125.694343155206,6.08929746391038,6.3918091897406,14.7752774269689,7.93398705095705,8.1965792890913,157.214621224282,6.76159022246477,7.29796717916099,184.935784839286
126.222140714592,7.08681043625407,6.88278055201689,16.8933008830933,7.53850999780853,7.60407650840982,152.303021722287,7.9442339672548,7.0811331635598,169.110613039117
126.749899554285,7.03936302806995,6.71380060350546,14.6217776943018,7.65657279629697,8.13800774594607,155.14825561242,8.30910949259546,7.46329303232929,144.13733932404
127.277696946117,8.33245491026932,7.00587080255734,15.6776726887361,7.46188976240062,6.50724337554792,173.25022153894,7.5176072352956,7.52442112111126,164.854598269876
127.805455939431,7.09966363351272,7.24154541794964,14.4197060275616,8.07245490757842,8.21974001157875,140.522026576466,8.78897081884129,8.39280378754666,167.860641431435
128.333253166523,8.27772290024035,6.22140725821539,14.5091941301454,7.67616117037964,7.33615571250969,154.546713097624,7.64103142223283,7.0365075922337,185.941720782547
128.861012310986,7.69856210641734,7.54453549036081,16.6439537673712,7.7151090144302,7.85780508435477,144.451499366216,7.05517376836094,6.63795947477688,164.844668199671
129.388809376081,7.36860875168871,7.83179916628726,16.0000190121898,7.70513453545498,7.19533030084694,146.675583267614,7.416899280505,6.87755789069616,145.529062950969
129.916568669281,7.42609071531654,6.61762765581392,14.3453605141536,8.06043769405989,7.98833562937523,160.92668153985,7.91831672823549,7.5269431644848,144.156195280619
130.472124642113,8.16774834798869,6.83461197736256,18.194165654693,7.57233270068359,7.17186560998496,160.518934754165,7.90733237787688,7.22376712100988,154.337276543798
131.027680611408,7.89271432153069,8.24099259404925,15.941220399074,8.77210363873148,7.8695190161531,163.539614088079,8.18071673935818,8.93973143947782,147.794646020971
131.555477352293,8.37599833516894,6.01377221102856,18.7898821395663,9.42988224159997,7.88060896261426,142.834358567792,7.26877034765633,8.56190242062192,159.455088958202
132.083236943479,9.00096876306135,7.63293240885532,16.2293922720403,8.28258103188453,8.36236162782014,159.416178016532,8.43220443212288,9.46198864617462,165.448641601289
132.638792902762,9.34561532030385,7.8257846148636,19.6572649379877,9.66751137529978,9.17705924704462,139.703105537914,8.03805709351478,9.1552168169486,140.491794818166
133.194348858678,20.1699534452019,14.2664963099203,41.6331319611045,22.3994248829198,19.9367487690571,167.531612762871,20.1660979925851,20.3622890506672,158.086112653328
133.749904811267,9.97115635374237,8.56386447654406,22.7992966590878,10.3500252602884,8.63263334616085,154.174216652131,9.7510904064128,9.98410467228726,166.6575398012
134.305460760572,7.46671929101699,7.7268015048818,19.7415322811154,9.68419053525636,7.95142628983797,153.416965691626,7.67101988283628,7.9829312387864,147.854087141713
134.861016706633,6.90207373845501,7.24446946358552,15.7245695918201,8.11554296322601,8.18035961759891,155.026428552601,8.84354128182676,8.5818820131667,168.441348634908
135.416572649489,7.24876098154208,7.08302590582677,14.9958176055729,8.08802449274237,8.11232777875969,135.6671722988,8.23544608571909,7.9585602975499,164.137589420293
135.972128589181,8.68749383870022,6.88187207927265,15.6118570006599,7.33122459319374,7.7145167628374,159.036662149479,7.79930745099313,7.40387385379221,154.882117173116
136.555442545762,6.59868152425509,6.35398180955322,16.961789664206,7.46050843969962,6.90993210123774,136.479926963752,6.70534696200871,7.94772830132196,162.013264762789
137.138796052403,6.88456235291435,6.84343851135038,14.8061863925205,7.41919909858197,7.33641043777217,143.869196714015,7.2310673507478,7.0697334975001,164.700568762715
137.694351982527,7.27422362375868,6.891204302511,15.2325488959925,7.61888747473397,6.64877900846903,145.510256715708,7.12770443180831,6.23138932435153,149.694736738567
138.24990790964,7.3000189931532,7.50382937036089,15.4499662272115,7.50485268967628,6.61467417476587,159.828067666047,6.97591162036922,6.10655099579797,160.998724112497
138.833222177646,7.04703056828494,6.59846531784943,16.068860954911,6.68222414348874,7.78817127457109,137.226398176571,8.06113590913303,7.04347811421889,163.147134055037
139.416575346938,6.46194407435891,7.29091884719217,14.0941568800009,6.8983273479368,7.47868166037403,150.023473729473,6.63539107937919,7.41006124631659,154.638437066014
139.999889770612,7.24387384006275,6.40624448775627,15.707461642348,7.99708745950181,7.96371706411589,169.921620749808,7.67870122878142,6.92015025581783,148.82219930219
140.583242771446,6.86879229210199,6.45420837045177,12.4561380476778,7.60383176880527,7.5471832461961,148.104968677488,7.00925391521485,7.18322372995888,145.997869237213
141.166557348267,7.6562091211505,6.69709924194252,15.1165997815679,6.87242052395243,7.18232974342505,144.56185402223,7.48810231255818,7.22100792617469,158.218907391958
141.74991018348,7.11487940013779,6.64828718684555,14.9599562987167,6.46578693414954,6.66315177149475,138.774196753459,6.98278369085079,8.03317873931682,162.655363461794
142.333224910988,6.98864740563369,6.83187968726534,13.1981257731343,7.13747597298768,6.85420337139592,147.559197119859,7.18348879706015,7.9481077161954,162.015711445615
142.916577583343,6.57697845167699,6.66109580626802,14.0777309248478,7.31300901688958,7.04435631017539,123.622763663272,6.73757542878257,7.42528561192693,165.452323793316
143.499892459139,6.47660097200239,6.93187803280568,13.6152554519777,7.97163029849195,5.67276668634733,138.272578188825,7.52661961094552,7.79961050411211,155.412576021724
144.111004026284,7.03295319097668,6.49704730995602,14.6361559758786,6.80740245672958,6.67478564988289,125.846018923176,7.25923231070039,6.91585372625712,149.805434645219
144.722115589577,6.52063277705393,5.93151753358467,15.9320206846437,6.3882631201849,7.52590462473816,141.326378759963,7.75390664428374,6.52061004066256,163.317622484503
145.305467936805,7.07559362642207,5.85904193578848,15.1608103550713,6.94018323431089,6.83789926436594,136.267115318642,6.00034522005719,6.86564740932556,153.914346286981
145.888783108982,6.95037659334403,6.49864599623242,14.2978838548886,7.45027810678921,6.981210437621,133.888991742498,6.84092986906779,6.63322250786149,174.280269956079
146.499894661345,6.79638370126296,6.50396603074852,14.9130940671125,6.55649075219057,7.71061518077295,144.643119263046,6.8185049977973,7.1050275019779,133.620389707602
147.111006210042,6.920405951577,6.02183138717387,15.3346514824042,7.26956905097826,7.01885293877152,145.21997484597,6.62797666550961,6.87738478029083,152.159822742416
147.722117755118,7.55103848417684,6.39714937741622,15.2278329223135,7.37329450342559,7.53682561769557,140.345315132228,6.87426929097355,7.11805458850242,147.730275742208
148.333229296619,6.64525367725901,6.31591105305368,12.651836957946,7.43068386084101,8.63901156926619,134.420978346673,7.35096942547279,7.62027762174129,155.361449499071
148.944340834588,7.31066544154313,6.76890084594848,14.3601844789437,7.49836963035084,7.51737473964886,150.398316877864,7.05193559468164,7.38918111223828,179.81413288129
149.58321039225,79.8212812451514,47.1513875755382,124.223646052753,39.2354901478387,62.8244632654803,186.237813733513,96.3931781697096,31.7750046193269,161.902429297582
150.222119493664,155.801189834245,175.012697738396,293.994234205329,174.338014510584,158.127854230109,229.473062080075,165.470607704417,188.543088131094,195.748229441412
150.833231020987,6.91320453300657,6.63711061030571,13.9445393988192,7.26111836156015,8.12859378266832,139.342556947004,7.86338939706868,7.12970360120065,157.07971002517
151.444342544952,6.75415814180238,7.16812854643337,14.5426278934138,6.93472562258798,6.98878166948552,148.059435496486,7.73287318568098,7.37730504470299,132.858614176499
152.083212413203,7.14917465720873,6.06194887821219,14.0165286976891,7.26786278703628,8.03162562339288,169.820865452863,6.40517051581044,6.60173334937388,150.543507585552
152.722121175291,7.21633810027079,6.77323079408526,14.7349335831026,6.97699305976989,6.52088381073512,150.619796525808,6.54152412064993,7.0767040845864,133.982572253923
153.360991198468,6.50764150021895,6.75885005449418,14.1276367714201,7.78439465798253,7.09597205700206,166.773382657536,6.89832415019527,7.09792804422007,155.086937972371
153.999899791483,6.77369407082124,6.16368509237028,15.0402352632777,7.89991435550064,7.36242076884474,153.621201978704,6.76613204244847,7.60758920052049,152.274960447946
154.638769967084,6.73998386751955,6.72492559608059,13.9720512621021,6.91959083968497,7.8473828752127,149.995317651543,7.52228885007184,6.58472390952784,153.873614283326
155.277678393876,7.0868110990424,6.66277773884694,14.6596932410759,7.09537893928646,6.84078296549814,134.210103257502,7.00982221033156,6.44259602170178,145.619887277845
155.916548719459,6.61741692185711,5.84184998649075,15.3644267599586,7.4019860829101,7.87774605675391,136.78714285664,6.93801819519662,7.29877166818059,161.950686510472
156.555456982808,7.81497127798535,6.98666807384958,14.5523323643076,7.25481597438521,6.81112490698015,127.52557202146,6.38852060304587,6.96837276455683,136.689357965829
157.194327455989,6.94862083574838,6.03720704166598,15.4695121154577,7.67216644251019,7.55734898640968,142.384299177532,6.71070596185027,6.43211604948123,142.36005805373
157.860994616713,7.80160321488519,6.06195939021455,14.1263742001542,6.81945281616491,6.74075179349165,137.807142083184,6.73007775180167,7.08135080533013,147.915586801625
158.527661773282,7.6388780986268,7.20127459984267,14.0882574764713,7.0517894450907,6.62951223128683,142.152136381518,6.51599262363054,7.54573352562047,161.28653245087
159.194328925747,7.02087883486448,6.06533600656175,14.6785190423542,6.5172893427657,6.80091229771075,136.902651215849,7.18794995763917,6.68075646882633,149.600299899231
159.860996074161,8.09346649445803,6.26806618020586,16.1031143213258,7.98406625800552,8.05598077606215,143.929937737251,7.22328295278548,7.63110272347915,141.243347643167
160.527663218573,6.87306636132056,6.59265057399196,14.5788875087389,6.83535588603047,7.02322321639968,133.491486472123,6.79616414041035,7.40879912998325,155.427818348797
161.194330359034,6.58977679214704,6.70006605018384,12.8002342321331,7.57731852259067,7.40933961800288,125.094295322638,7.32167758691436,6.68158494017278,153.930190558672
161.860997495591,6.27257723998021,6.16102873294032,13.6858043766461,6.62511463493883,7.26957972138105,139.351169949826,6.90780012701836,6.22553683720719,148.730214509143
162.527664628294,6.56510454070476,6.36334679351616,13.9012961012981,6.9180482535645,6.93601749359156,133.882275042452,6.4351642093712,6.95138923437428,124.700996515463
163.194331757189,6.17779671740437,6.61771868299589,14.2553961642232,7.29424727565526,7.33582572635823,135.805361134,8.00241978344545,6.43731458557845,139.479748559188
163.860998882323,6.89412059111023,5.76143919723834,15.7921624237216,8.09542641487875,8.85883764888189,154.535785027516,7.63223643712788,8.74526229469836,136.937321529973
164.527666003742,6.48660890133532,6.91965064587578,13.0655508815899,6.8216847574938,7.90089724858564,149.863361659924,6.70782670872689,7.04958804081054,138.633101314738
165.222091459181,6.77466823515903,5.84828675818984,14.5008027537492,6.60352978706316,7.50404334219974,135.733168888302,7.05655986748537,7.06734011290641,131.165830293885
165.916555828293,5.93205283295352,5.9252485670338,13.8591301192814,7.79144292179031,7.18113627921362,150.855814345788,6.56725737764207,6.35873909241644,144.672132216491
166.583222938536,5.88385200082187,7.03284761838056,16.0604649158869,7.39606369549917,7.01642615472585,131.929138795031,6.98217440007209,7.58195340388147,140.504176260391
167.277648621592,7.18926221907288,6.1112378347859,15.9486661154139,7.75400919876629,7.35114540270716,137.681823520704,6.14881173260815,6.88383124274887,146.606850215233
167.972112740233,6.06813559605824,6.36314421064839,13.405928052857,7.17470842436401,7.17066886975547,118.680675793086,6.23682554097792,6.4504280526461,147.462008384443
168.666538574022,7.01632456416471,5.88435691694229,14.3472747119447,7.15275316837919,7.25004676906084,137.09937485065,6.51305254713129,6.58994853270814,135.654569206587
169.388761342393,6.7106671690881,7.00958248931252,13.7283744848064,7.76214573113357,5.91950285214776,129.716489499295,6.7336429212473,7.0323181466015,143.088276541952
170.08322521026,6.29731508794892,6.72939299944073,12.7588894591122,7.08038118320968,6.99854092123024,126.623374669641,6.98140126188864,6.25957023689777,146.620331984042
170.777651268585,6.92357282719121,5.97186512617675,13.3052867973436,6.71393055240994,6.78128257283875,137.051996062192,6.6537153383282,7.84516162804611,135.740166212264
171.499874023565,6.98169768514988,6.21888072526532,13.9858191204768,7.4857787694183,7.69654011483185,120.929590239208,5.7873241661474,6.39989652096334,131.462666726049
172.222096774076,6.84472185257377,6.35825095005476,13.6053887089357,7.41446476946912,6.91157180638383,128.232534625247,6.41529649950398,7.44097175626779,153.932560227067
172.944319520175,6.22385606221289,6.61511522232932,15.5024936636494,6.63131168609577,7.28400925334579,135.563742263454,7.23676734215512,6.59618962977548,142.03052389769
173.666542261917,6.00538494835039,5.853292047934,14.426502820395,6.83128334230309,7.53166657666477,130.687450930809,6.58935591882536,6.79720625630341,144.903881422305
174.388764999356,6.63543415079394,5.59535328573131,13.6832178333208,7.61539112991249,6.54926017743129,140.650276111017,7.01039874985411,7.68864025010608,150.87173561269
175.110987732545,7.39633667277925,6.11389916918398,13.2226461952673,9.15002742989182,6.60195415213055,152.416986767116,7.45540222114897,7.81347457899278,182.352665616345
175.833210461536,6.90029347312403,6.6777071589795,13.3099245209512,7.65533415184033,7.03424938127574,127.614887512089,7.37244329021163,6.64874269013122,134.982501437085
176.555433186381,6.62747931272883,5.8038450948472,13.4773932315235,6.89977908080676,7.36094334492734,143.489386070883,6.84221231942115,7.23868425017991,135.44180345331
177.277655907131,6.61362955471456,6.77270836880213,14.8402019844894,7.14491212940879,8.00772789115691,132.007836121326,6.64053622375196,7.66768209032072,127.655040095446
177.999878623836,7.33053177248562,6.31937027313014,15.8176391894995,7.5543782040891,8.32759594524006,130.559687351322,6.87840051010461,7.4059260708843,138.723062900695
178.749859708051,7.37566029657443,6.27970177483478,16.9162480344069,7.37367832588052,8.43414072644027,136.617541735539,6.82814621222412,8.09479550340954,144.48131868163
179.499879638123,8.93521624347926,7.17002691209729,17.2915546691787,8.63132577335673,8.56976309265285,118.105100432979,8.83153850359838,8.65235887770002,136.903244459437
180.249860875532,13.6455385677714,10.0222565535387,43.7823660194785,12.7269610468246,15.2512461532366,123.261386214927,10.9046087981236,10.9762131639354,137.008216700827
180.999880635599,7.76993875271164,7.55267860231447,16.1914047625024,8.08878737678749,7.75755624941901,147.877885490466,7.3930883124486,8.55862274922235,135.796764629462
181.749862023741,7.00733538536213,6.52805258827931,13.1266261856802,7.85948562609066,8.03275145418934,129.568457068614,6.64823515037482,8.01727306405471,154.763612412268
182.499881616678,6.87446653869517,6.11824541864325,13.8437756113101,7.17454776060147,7.25648265744827,128.450625337957,6.76578088704344,7.77353862962975,143.568409488717
183.249863153153,6.26557632483471,6.17270838315946,13.8250438584397,7.33594089031708,7.51658402354099,136.598308908682,7.1558111681614,7.31508266327024,148.13547510674
184.027641509304,6.77257308577384,6.20966589601378,15.5506806985585,7.57374043116321,7.15135076490012,135.92567924745,7.62646459640598,7.31246736350226,130.641107943411
184.777660853783,6.94218207310695,6.25154183423219,12.5307423184858,6.70834431635961,6.63583622605572,127.701714376331,6.73609072690747,6.94182275310952,132.229854880937
185.527642611043,6.83998201635016,6.23351741768959,13.2066463607689,7.40178953183173,7.22099980223057,130.083441903343,6.582058950111,7.66645115527632,141.518989350337
186.305420953108,6.29569835299502,6.22588283469028,12.2684663042979,6.4576316363453,6.78825020577124,125.01324227265,6.53867230767921,6.82044923449515,118.588805997852
187.083199290481,6.89727191914371,5.12485388573302,14.7361887374402,7.29143260824639,6.36448800981592,117.120250421282,6.49734789184104,6.48023374216069,124.418683244424
187.860977623221,6.17735755253852,6.41684789459646,14.069720158526,7.59957523289203,7.33512544484299,121.955492844053,6.79895780427756,7.08463828366972,124.075296406333
188.638755951384,6.48293318601093,5.75067211319615,12.9018444111476,6.47585441085277,6.83244497639632,131.640443329453,7.2248864550673,6.26223941368549,136.300965216397
189.416534275027,6.38226168493461,5.89454050574815,12.622513574856,6.34160350077114,6.20266601033087,125.482178610276,6.27183476649644,6.62937632956372,143.493466907548
190.194312594206,6.77626673545745,5.86126122822403,14.4892401215812,6.96820243819469,7.10865338422165,128.167514625179,6.15359286834515,6.48422698990728,152.439984922084
190.999849180033,6.25097247244836,5.13673744116266,13.851811358128,7.15838668809485,6.38086929064111,129.318813061363,5.82602349733388,6.36019559016013,139.986707568203
191.805424812823,6.60660334205232,5.90190526806919,13.5989243555168,6.75760966664546,6.68551614738406,138.081690777763,6.65582212878271,7.3238569830398,142.924465258404
192.583203118626,7.30188778144296,6.3985598957517,12.8881719306495,6.61600459629114,6.2252821583631,135.96323462074,6.29378254948492,6.47582996377553,133.072711747047
193.38873993197,6.31465422981999,5.58239097211644,13.2912062371145,7.39621794507023,7.00984782126327,123.983426797994,6.08367034633375,6.70218391003856,123.561463676262
194.19431531005,6.26207985028467,6.38043179612036,12.7668069025606,6.68981720421395,6.22018033146258,128.800174792859,6.20992849819119,5.63176408555616,129.865183288623
194.999852273782,7.03630639273243,6.13796616661049,12.66335860977,6.64569265872322,6.2363024723929,118.991564397852,6.25794602590981,6.5659102852718,135.990777541507
195.805427483696,6.02339836084916,6.00019355899978,14.528672600488,6.83085907572215,6.6091403492243,111.371762716822,6.67500322976541,6.22270887068307,138.604623195175
196.610964595424,5.9634419007948,6.44076902657449,11.1262371690479,6.66059538880927,6.83529273235782,118.999024307011,6.36558895407634,6.03282244907294,132.445857020817
197.444298547142,7.15342433111196,5.55612351992945,13.1642585571465,6.62588803747299,6.93755060572763,119.929086435761,7.25075493223053,6.79946780528495,127.749507927116
198.277632493662,6.57004842512921,6.25794660775513,12.0442142275973,6.96478416347045,6.89134266425604,128.05636583264,6.63231572282599,6.87286156251333,129.903048011148
199.083207370097,7.09999180218098,5.8972680941869,12.0801839744573,7.0072695759492,6.97298925817907,129.392088130325,6.63331548572955,6.83204563294974,126.858488314627
199.88874477577,8.6882159358578,8.00685367401218,16.9034111790994,20.0364784359632,8.10714969077922,179.047781958091,14.2731767993233,7.34770759479625,173.70894171468
200.722078707415,6.58670714778626,5.97357500744712,11.5560682433464,6.99884731617449,5.70027495932891,134.987517708427,7.68629579968413,5.34387161661958,133.216669405968
201.555412634113,6.55218890472706,5.43936742587495,12.2248964708607,6.89320845984206,6.44072405268576,129.795238839761,6.48870256001669,5.9852865790913,131.245389937734
202.388746555925,7.75684535607889,5.44954446178482,12.4186143518727,6.71446467651252,6.7361592182435,118.271694864087,6.82954412014988,6.26159644163921,131.392412316916
203.249838655628,6.99377396054026,5.8495675366503,12.7555916214415,6.97625499113918,6.85290187612527,129.024301536682,6.97395929807753,6.66599978246886,146.227368749891
204.110969979108,6.68115086567498,5.51175618026777,11.9437702019416,6.66797278025461,6.46527464940592,132.07643506651,6.51755208755449,6.85843581937648,120.730928238348
204.944303886305,5.95840458907792,5.41232167979122,12.8457252428566,6.93519572903121,6.60564925640382,122.815791256397,6.61333180972035,6.57714320493167,128.657273737657
205.777637788854,6.34665796933678,6.06554410287472,12.2392505368415,7.43302660051508,6.089808638697,127.354659439071,6.04636889359209,6.58031611349676,136.913421950897
206.638730190579,6.58185077514413,6.69212906091769,12.9240556384199,6.83201337119647,6.51086277006065,117.605530359127,5.88500197493806,6.2164163933918,138.272181091522
207.499861172968,6.43883845100847,6.1580750463998,12.2175516185083,6.62955254428419,6.97403916482026,124.820843773532,5.86581794238317,5.81179731058837,134.204822272261
208.360953724535,7.03702056417794,6.18886397878707,12.2367618989359,6.77300690010427,6.88302717759821,123.346707377985,6.01925963030781,5.8780464943565,126.200112809489
209.249843282,7.00750920609524,6.12520683540276,11.9019037422222,7.56981106954084,6.57784299365153,124.078651578525,6.0715217921597,6.84082422329178,136.444301131903
210.110974009325,7.69519660464357,7.05106795454526,15.9563081525838,7.51032233038729,7.42903118235846,124.52392236083,7.82785078751959,7.3687966789277,114.161590530151
210.972066783555,6.35218107810878,5.63350245854389,11.8476922625284,6.36460463123366,6.32844970775933,112.990416965739,6.43293541322455,6.2805905579137,131.660594091891
211.860956324606,6.17294420000391,6.61944262435558,11.3619078557863,6.19692794671463,6.32569580439151,110.007585694198,5.95450818041436,6.32106530160741,131.202428839731
212.749845860209,6.10284368260907,6.33951738871019,12.4813440359846,6.78472947648539,6.32289530729391,126.120496087384,6.64721752157423,5.71000112479566,139.838042990524
213.63873539043,6.58517786597363,5.72824029627366,12.8036768626825,5.68559837215963,6.03272934405951,132.253142648067,6.88853134279959,6.12534185290619,133.45060837322
214.527624915335,6.72053480691935,6.30173647926734,11.9040157127339,6.05026000927382,6.120953592188,125.154803606793,6.30048485029085,6.81361394106562,123.051560475947
215.416514434992,6.29262080461854,5.82896786279179,12.5510105353442,6.73579477976797,6.27021171580311,132.700288548731,6.87165096734975,6.06319840687611,119.455759934322
216.305403949466,6.34310659095863,6.06477940556007,12.8099694222809,7.16148036380037,6.1791645608912,122.962171973417,6.72009556016169,6.69900524333049,138.950964293067
217.194293458818,6.95166597610632,6.34725070621524,12.1929156174517,7.39178755693099,6.79234996282278,120.461662360269,6.37564749390412,6.2122814082619,118.459259705992
218.083182963112,6.28228872718655,6.22252416864124,11.6680243546402,6.72596980473337,6.46516032610562,115.637163986688,7.08667659080056,6.05701500981774,130.571325016479
218.999830880941,5.8068198181936,6.23424844440363,12.4771541634983,6.7682305230438,6.43887188013096,110.358548480466,6.74691244584693,6.48660990660063,126.77215019158
219.916517550008,6.94631748836011,6.27125712622182,13.8718049169366,6.87130590555774,9.60607532197603,125.453297434231,7.53486701833698,8.33783798793672,131.573855319926
220.805407039191,6.36768414281727,5.54124778609887,11.2085567017844,7.09880173490727,6.88152084959748,121.311099881569,6.044082562568,5.95535013684063,134.526265887677
221.722055179547,6.43571612754332,6.5461871863547,11.8134071479272,6.71220418562599,5.80230694506101,110.958371995042,6.24261507249679,6.47668493934749,137.184956112191
222.666500332507,6.48273064271243,6.31659971864162,12.1222109255848,6.48255271368711,6.45692108370783,126.587807337997,6.51965119647704,7.16372751692336,124.403756177661
223.583186662125,6.1072623563894,6.30675209310894,11.9371149030273,6.57071638727301,6.45189631577966,126.027968309547,7.14108676353497,6.33116604871913,113.401492115991
224.499835024177,6.81301725250988,6.61031296931801,11.3652617467642,7.17374384709909,6.01048887647941,119.756849164711,6.63856639569512,6.86812497089261,130.26812033106
225.444280159749,5.98181309328539,5.56452209515946,11.9561388939352,8.72526933660787,6.08836604504855,122.887095584366,6.68075699065343,6.2781093135533,146.977246812862
226.388725289554,5.87970776950069,5.58864024983167,12.6594129839706,6.91219586985445,6.92369031909271,105.1284030505,6.8119534988161,6.32356010016382,122.390821132547
227.333170413665,6.50759525595934,5.88608144867928,11.1194262323523,6.44259481770873,6.43411549302585,106.056140698793,6.91961926625616,6.05596011718346,121.303106048307
228.277615532151,6.5104883153467,5.47626789908665,11.4218850193435,7.2297621962085,6.42376473107548,116.185821625715,5.95265515021973,7.10751221111216,127.58837624807
229.222060645084,5.94621094311193,6.60697692689808,11.684075351569,6.5169130286194,6.8453565269482,114.925325868665,5.79202247821382,6.39903857266343,127.961900476736
230.16650575253,6.81343236778635,5.67663895673299,11.6508532250308,6.72825255581341,6.13367551946967,122.028634091697,6.51032033297814,6.60493276872863,119.159228774332
231.110950854558,5.92788355728436,5.47886064783531,11.6153132722664,6.29052107975094,6.53739486830252,122.535305776527,6.07807651825355,6.05130827959724,121.933311520499
232.055395951232,6.39015257116563,6.01602896209744,10.9431046908453,6.27189277766538,6.38776484984716,116.714420007023,6.58984338783428,6.59481774828855,135.050246711755
233.027599523892,5.83509390128342,6.27812506156849,12.6947093143012,7.17796630928017,5.8908310150095,115.711120003305,6.30422889292933,6.02197856341008,127.720404349036
233.999841721926,6.71576255483981,6.12285895401594,11.0767713398741,7.26835519075011,6.32027687538261,121.983891607962,6.41538890153521,6.78514764984289,129.942921693059
234.972045443427,6.54183664588688,5.44343074608538,11.2769888550497,7.17495024120224,6.19179383113138,112.757916025274,6.76719587627067,6.19488984256359,128.138713429736
235.944287470759,7.06394580104077,5.82406792066029,12.8091872453086,6.95795215618936,6.63832252100707,106.310797337665,6.50199748959186,6.26544953441244,121.865191348407
236.91649133875,7.05692428173739,6.29297142650295,12.4486127054989,6.59770083072006,6.4369164274164,113.272673567841,6.270544208927,5.95936485555021,119.280447279643
237.916492075681,7.21918019365011,6.14450310827065,11.9050974512974,7.56865405379632,6.1425097292403,108.817469020377,6.63941285585793,6.46405168861695,115.37026437139
238.916492806444,7.20373822306049,6.12092495366869,11.165583413052,6.06935873289823,7.30123369425211,111.532384437744,7.15551760193032,6.90764978923064,118.969044035041
239.888734496295,35.3612197763778,26.3990597897028,58.4461695329395,32.3228284324305,31.3410537438986,110.998787821734,26.2184599388596,24.8535806651142,116.547453473014
240.860938654445,7.27901595103793,5.53121791550096,11.494500375065,7.48360246753771,6.18081060002827,109.418204664575,6.56289719817635,7.46294728863107,121.811147515628
241.860939367486,7.66263572875629,5.67463168405206,11.9826536444459,6.34836927948003,6.57056473743419,113.434027544384,6.42924979640523,6.8937204665075,114.966503918423
242.888698281803,6.36383276205561,5.85315787051707,10.8251477611016,6.64865711590811,6.22343956985471,112.856466041342,5.50291309295025,6.60549741198536,120.836704270853
243.916496370377,6.85871450589307,6.5030008048935,10.8421735320372,6.70796750456353,6.18218386053075,119.567749871345,6.23937875770006,6.81208051653251,118.862420797609
244.916497065702,6.67665124974708,6.09465184053399,11.5062925600262,7.24156044802299,6.36462968330161,101.929505116399,6.55204085782402,6.55089677944508,131.411123041797
245.916497755371,6.28769577316646,6.40403640964984,11.6218821112277,7.11825770557475,6.53491547553198,109.789601374215,6.35039420591926,5.71228864665414,115.61086857709
246.944256967695,6.4668642388968,5.67687616269703,11.048639736213,6.97311447354754,6.58070005831792,110.230187655417,6.12331991183237,5.82864255755775,113.793628781489
247.972054711112,6.24879272946943,5.25245723365182,11.6511982370694,6.47306061419488,6.63334579812011,105.85262134646,6.51994630563557,5.88113234973921,124.747667108288
248.99981407092,6.0559000626472,5.3465384822562,11.0132886728419,6.52739621467086,6.29380994099468,103.66954746833,7.11831915498774,6.32360647272342,121.937244699648
250.027611643831,63.4582925032792,61.8098755397031,109.672691530188,60.3364047771287,60.8976862566446,161.025973944443,67.368240209692,68.8189693156864,148.38772569465
251.055371148801,6.05508625644934,5.46957098290234,10.8826728331557,6.96472586985764,6.89873290571633,100.997874468503,5.98125592639767,6.57093581261088,120.116211707827
252.110927476444,6.34778558039489,5.82885912896314,10.1889957647123,6.76421135545061,6.085260078264,110.279194228009,6.46573041774236,5.86542068091953,121.708943414503
253.166483797649,6.90939992148416,5.68475633145954,11.6141430602663,7.01655213605428,6.97685275015983,115.152724000834,6.86378583367097,6.17168647236865,124.233010660742
254.222040112496,6.88703326742139,5.37747893379788,11.7067256183841,6.86940371788823,6.37510660479533,119.272881868451,6.39446025188675,6.12947261817539,115.495853500388
255.277596421064,6.04915318202439,5.51210757494264,11.108428549335,6.43625765770335,6.71009977185408,105.805862307185,5.95874986058251,6.15286040446387,116.735382336717
256.33315272343,6.64234017184144,6.01479769433558,11.3329054203195,6.44331903550095,6.62721536508314,112.436254932395,5.9109072517424,6.41463086073551,102.209545705185
257.388709019671,6.91351350208217,5.23074574901431,10.5126630007659,6.52148199534025,7.04960681686317,118.981702286233,6.7450765569836,6.2583829314101,114.330990690044
258.444265309861,6.71263915541602,5.89341301251892,11.2786874555911,6.01803703820514,6.61536564804773,111.417095533214,6.57879913622213,5.82679252595644,111.717583365584
259.527580065689,7.06565489434771,5.75063886300446,12.2351498154361,7.21946201436455,7.10246769679771,104.45776737869,6.77549317770037,6.81522959452227,111.830303985605
260.610933465818,6.32318384881329,5.63037944752736,11.1882364977338,6.06618281624419,7.13796235420681,112.917893925111,6.52495917120898,6.36555152505095,116.542567115554
261.694248369292,6.61018292131866,5.7767496092925,10.5112446763963,6.62324212630706,6.08955334351859,106.94357835305,6.65069769468819,6.13498534506734,110.682827635867
262.777601597216,6.70880371232487,6.29763038396112,12.2337473873426,6.55811803448941,6.48971234054121,108.700497213893,6.36026494642468,6.3199822679381,112.980097791884
263.860916646011,6.26621917048261,5.97894166605373,11.8003581741493,7.20752875577819,6.66533118035674,110.443874549967,6.9533571819996,7.21444820071462,116.073558599339
264.972028572576,7.51508239157879,6.50578321248377,12.7764543504695,7.9272640480369,7.33005498163804,115.147389825527,6.91201098875984,6.79979805307849,104.737177414734
266.083140492332,8.78800750856922,6.81975067734244,15.5229409534095,8.60881414059055,7.78721245686011,117.792655599703,8.04585967729821,8.40981755167535,112.678119590426
267.194252405361,9.94583147139456,8.00691738838971,20.0154495949401,11.2129517901367,9.93711110106108,121.690734806968,11.0347816999336,9.99096647911592,118.889707171465
268.305364311749,7.52290417119175,5.32375338172591,12.1902724759166,7.13276813368017,7.02280210240006,119.402895817259,7.1250605050327,6.77748362602724,122.416365972627
269.416476211577,7.83632390912061,6.67198868010636,13.6854656596047,8.23271716801191,7.03277469330361,117.471787542712,7.25006315754091,7.01108669310679,117.646541282526
270.527588104926,6.96430037840594,6.28851821580691,12.3213283808686,7.81458976124616,6.73072267571881,104.865599660433,6.61908618443001,6.95880267876656,107.124276096719
271.638699991876,6.83624106308153,5.89736977562739,11.0718871726199,7.15435381329524,7.11527144386952,101.092195739941,6.32567519030656,6.62216196257671,114.447533721841
272.749811872505,6.70190774424595,5.73624731063297,11.3950948391893,6.6337029113554,6.88666079161238,108.486759602807,6.69267871791088,6.51784001726571,114.62313681126
273.888682292639,6.64019121930497,5.88926675571904,9.87861718862617,6.5117974285078,6.7413488039612,110.418928161573,6.94373323124599,5.87285774615853,106.579617202061
275.027591208356,5.78722537382991,6.09902614132209,10.7308747525922,8.07579486823894,6.70643764153453,121.521195883972,6.97412257307218,5.9189424816605,127.97836782961
276.166461774393,6.23988251417232,5.3239884353315,11.6547895688531,7.08590287581365,6.69175783416263,114.352602270894,6.74401108075485,6.33147483980061,111.112150337565
277.333129302987,6.08531699451511,6.05192084478824,11.1494012927619,6.07535182567978,6.73669505995441,106.154419320607,6.09562076639265,6.18954954032472,112.402613648948
278.472037960496,6.52982283557157,5.82108648087963,10.7286539190429,6.65776139186307,6.05439826136385,100.10789938782,6.5814728727321,6.86708283414654,116.788874074445
279.610908742847,6.80881008073864,6.30409861169715,11.1848176641105,5.8987985592348,6.53879764861348,103.720255028686,6.44129437773998,6.05129493377672,114.589506726222
280.777576250381,6.8267054227605,5.21981287624096,11.3711756561671,6.43026981680722,6.49091566888781,101.245100646708,6.18770251018399,6.3900456091003,100.978300102756
281.944243750956,6.25799980249178,5.88254327114435,10.8086303624053,6.47091874296671,6.57708915713658,102.90005749945,6.29387716797768,6.15464740525476,111.137744790483
283.110911244657,6.45143909840459,6.227965127447,10.7830668215035,7.07185752573456,6.19959006996431,103.207573476767,6.84326415197457,6.39467154046913,119.375397312011
284.305337078434,6.72093290136249,5.55016087449967,11.0053466353841,6.97109139589765,6.06116924541641,102.899344973132,6.4391640448908,6.14390257979372,106.650906834408
285.499801805909,6.24241172526883,5.97469946371904,10.987468683676,6.25838937167306,5.84403153131086,106.818987128645,5.68078983807741,6.67626063287871,120.023555793132
286.666469279181,5.91886098193509,5.3466318975788,11.5305040721514,6.74371119318695,6.35891049322724,107.69645983291,6.09876193801781,6.23632115501533,108.199743451627
287.860895332544,6.25629751123174,6.10980422861527,11.8346920914824,6.7454356583638,6.45429186122832,103.359714770037,6.46159030955515,5.62325869547749,114.654701110733
289.055359799374,6.80878546727408,5.7240812134703,11.2876717815371,6.42300706547879,6.63953043615321,103.996662913006,6.36267521709271,6.46822523398554,115.591211932866
290.249785997393,6.4441319488153,6.14938485320951,11.4177747730458,6.74302155317136,6.3595425385026,102.839504794167,5.64145606743087,5.77501888281004,109.120129277386
291.472009116988,5.9979475076369,5.58453900483624,10.7006121311638,6.70641274717488,6.48764617167067,101.322627377152,6.64770094129287,6.25127595828784,103.772004902051
292.666473325856,6.67197462931319,5.83350890666471,9.48545408349672,6.62514317113167,6.56839513004468,93.898198524534,6.11137348059153,5.33816522561423,114.265988853496
293.860899738278,7.04485155124905,6.16212870365703,10.0230875689517,6.69955950128538,6.48315811214685,97.4446722745377,6.06426381398978,6.18083737102088,102.817305511088
295.083122835999,6.68178403452211,6.08964988184103,11.5741094803621,7.42446091581541,6.12383610010162,99.2424349056287,6.7120214679834,5.89077853878106,111.680674995969
296.305345926498,6.27951491354549,6.11483042121448,11.7352829596048,6.79577235406418,6.34007072252657,112.871374464673,6.41201210200013,5.98995468298622,113.252207938246
297.555327358498,7.08233093879727,5.99517422195293,10.7817656607409,6.95595220334009,6.82628588585435,97.5326691604472,6.61085562363729,6.31391133764796,109.267759037772
298.805347680393,6.69457828370578,6.10453928513037,11.4494415697575,6.76312850444164,6.95829940833557,104.816414100356,6.97889916807813,6.56237493877832,105.445883636784
300.027570749437,11.0643741706237,10.7710658053266,22.165856915277,11.3571901831765,8.20820716157698,123.487272712931,9.79678249468138,8.43829984410637,140.338942170418
301.277552400052,6.97430303721459,5.94750708229462,12.536062764114,7.04038857470742,6.54589800612414,95.4846041869657,6.35645437203383,6.55128397502194,100.890486304657
302.527572460261,6.77854266708096,6.06164918745328,10.8109679633866,6.65677414836822,6.2079281915929,108.154988674016,6.98473451062745,6.33290243739991,114.802679257561
303.777554254847,6.46601342256303,6.12101350090017,11.8866418689703,6.32947931537419,6.59033885121049,110.607838725645,6.86538120307271,6.66862303914606,121.682224883542
305.055332968891,6.22730844109925,6.06352206931077,10.8171072717403,6.43027440551297,6.02134277526267,108.663387333971,6.23020685420741,5.8909216350138,115.095869484143
306.333111675124,6.16003767460125,6.3797360171065,9.84660666811857,7.06121479926546,6.13539407399018,95.3560296593508,6.36169993603549,6.57009592545854,91.7743180910395
307.610890373643,6.73799306611272,5.65901237478648,10.6267810564239,6.81068416717522,6.1999213133386,100.485996836692,6.34642230129454,5.26591664467483,109.860015873346
308.888669064545,6.25430518743768,5.81225579722398,10.3374793868508,6.32918104679476,6.00815941417499,103.246683736004,6.2603601252712,6.65149276262949,103.656430717176
310.166447747924,6.40382452354344,5.99283656625689,10.5724433905867,6.14270559452095,6.05370528945085,98.3937085263481,6.17306344505128,6.19772585531094,110.302864209405
311.444226423872,6.45384701727999,5.52056081191016,10.9652557950152,6.6127269701627,5.89574309208537,90.7132318910141,6.41738186338471,5.54768043735713,98.5256110336775
312.72200509248,6.34188975060756,5.25843223922256,10.8949808845881,6.60772986747515,5.99742059151976,104.837740218886,6.52443595830217,5.99998656436628,99.5079140954009
314.027542303242,6.43583297130561,6.03519253182076,11.3012939074143,6.87576082047116,6.07554374722586,95.6064814437127,6.37295071662322,6.1698038195545,101.04903362286
315.333118001532,6.33619537419718,6.07509698311958,10.5218628725877,7.0583290644456,5.8781507500393,97.5010985937327,6.34758858602911,6.18532902468965,103.792079708271
316.638655356159,6.418871776363,5.70924486553499,10.9311740348256,6.85890856742028,6.11501414007249,104.138574813737,6.63141669859672,6.09625267496854,105.046687437767
317.971989668753,6.28810333614939,6.06437864771476,10.4717058361418,6.87317237174284,6.23753441632282,109.392040542751,6.68514283157695,6.26203469903688,117.153866706143
319.277565106249,7.24639680552373,5.54700781103019,11.4708968810821,6.72081058865657,6.15592370317363,102.380330064529,6.98075772626941,5.91410206417129,101.106864652772
320.583102673987,6.92967921743122,5.9792703532921,10.7540004794805,6.36357348269206,6.06025486816248,102.83435811482,5.59944719754637,6.52385996631215,102.001909497184
321.91643696268,6.44691152106199,6.2625840131362,9.98908885439622,7.0367322882045,5.81706852763066,101.048672604462,6.23761008466086,6.2712615234985,106.20820451697
323.249771243492,6.2192507660944,5.50165461853781,9.80081641623767,6.5405193318636,6.0204283350138,102.487895058195,6.21245025184709,5.69895064660076,105.554882916907
324.610863901481,5.8533380759127,6.41953981369765,10.4631893173452,7.08992188248367,5.71057429235795,109.313685568021,6.49654351001317,5.91507785539169,110.729503109416
325.971995376084,6.53532434657706,5.62512119432482,9.8750272360347,6.57733501225821,6.13953662539824,100.694784959443,6.25055652210476,6.04309895026847,112.509179536941
327.305329633514,6.70796629825237,5.90396621712129,10.4236627500714,6.75263104749633,6.219575627112,102.153722236618,6.46175421882523,5.88764838549097,103.157481512305
328.666422507465,6.76769560787879,5.67734070087152,10.4747482031041,6.44672705695402,6.04197277276952,96.226982014437,6.32303398784478,5.48064938730871,106.596998478743
330.027553719249,6.47634101484584,5.6084828672922,10.5343532124499,6.82051392417395,6.62034727374161,102.880933104493,6.43786405070841,5.97074811520824,98.3308193923173
331.388646735358,6.55494944627892,5.46367662006049,10.9012599978012,6.59525808043326,5.68987994788255,94.8504365176341,6.59623445044528,6.21714268921579,107.659448328404
332.777536634906,6.36049894300568,5.20139583902572,10.5002590510847,6.67247948779171,6.3948582927298,99.0458792013442,6.44264305575808,5.3512247083522,103.438842692338
334.166426526054,6.76351661275637,5.72445387295683,9.96336929406326,6.54828019419351,5.8303213923864,96.5830411306918,6.8484122010199,6.16666050055405,95.2571966541105
335.555316408903,6.25482118317749,5.88643058517841,10.0094644199922,5.96507145900731,5.68553128783795,96.3005331532802,5.90974533111365,6.09272177792884,116.662849233429
336.944206283559,6.50967407993252,5.90843029730423,9.78712460835691,6.54733366690172,5.72399353262285,98.6960206001031,6.02768302016196,5.87401338566381,101.827476396854
338.333096150122,6.42625839699716,5.68854179608558,9.73398803117038,6.08284442219472,6.04501377813882,97.0332745698086,6.38148332706292,5.81557555702738,102.001354347877
339.749744501427,6.85439222173606,5.42395846991301,10.47788405998,6.1632958585663,6.5055105987743,107.496838510539,6.17950759122495,6.11546948460659,101.413189246838
341.166431453227,6.03984600752418,5.51820937593579,10.1265420969828,6.1677453392985,5.8972541467158,97.0634161048762,5.72382001475025,5.89809226678211,105.202454450218
342.583079947864,6.37211331460125,5.81526548839305,9.91784854026993,5.94783437522911,5.92816028355709,92.9627187729826,6.39144148928999,6.58028382595754,99.0374591490915
343.999766723883,6.43653830517752,5.18564040275183,9.66079443776538,6.05985873044065,5.60789387694897,96.4011441914966,6.14117154477202,5.57764908737284,101.670683086864
345.416415359634,6.33250946289057,5.47791111057982,9.03612321042365,6.45994780073808,5.77475404251513,93.3795368705061,6.61702700631596,5.30145905734774,103.041311852855
346.860860850606,6.19319603936816,5.62259126408448,9.23364224617323,5.9658334351814,6.04736615623557,99.0114374037936,6.01661574128611,5.63340561491388,101.26594376691
348.305306332899,6.60574391491733,5.4240558504889,9.99239288499895,6.43828276316102,5.86058363094935,92.4364267593699,6.53115024669987,5.92861728850659,100.540539785417
349.749751806618,18.6764778752179,21.1679514400227,34.1814332134189,18.1221991854513,18.0264133804712,143.178561013962,20.418644266871,19.9524059458307,110.800535853625
351.194197271871,6.22240670077283,5.2760441961572,9.60565803850686,6.62060800188593,6.08823196447775,96.3524824924479,6.20701282262866,5.86149796739349,101.631773260823
352.638642728761,6.4177971795849,5.49193936677313,10.1143625290573,6.82474785786014,6.21405676792966,93.5929741394652,6.67211320962132,5.93882365470291,98.0212979617311
354.110846726609,6.20283273184522,5.37094628347115,10.2535649014856,7.38084105955802,6.22329517226859,103.507242920633,6.11776371556557,5.88897421096699,110.746417578632
355.583089211563,6.33519288386742,5.37029585423264,9.60585828053425,6.30733205879823,5.91920623872446,100.899507918451,6.21034733194256,5.89230161431379,101.864515238469
357.055293351294,6.69578182322346,5.74931352864481,9.40624491496756,6.10377801762734,6.01336258893348,87.4290900672584,6.16198536948263,5.57513732658204,99.782216596399
358.555294448215,6.6756029795279,5.8034172923495,9.82611276719589,6.4510890482251,6.26667937609716,88.4444478723356,6.27327482081632,6.00431514147051,98.7558205443067
360.055295535996,20.0031903521146,14.222460812421,40.0445089836551,17.8953626356926,20.7249113375959,87.5095082905009,14.7038158059745,15.1003248400992,99.024181950357
361.555296614752,7.19809205868702,6.01536120969508,9.79268932924184,6.47320818776739,5.7567349543688,94.8044888333355,6.43568650130918,6.06104017680563,98.6224734307033
363.055297684593,6.53376857896548,5.42590329140373,10.4047707771709,6.18802537980217,5.91873670487755,90.9647827925119,6.1446381763741,5.74835075898395,101.853257140113
364.555298745631,6.44903479991764,5.8783816819802,10.1049025185841,6.13885043730092,6.03926490746719,96.2531320512888,6.416635962606,6.30250835890958,106.24677786266
366.055299797973,6.46194575853469,5.54651445503523,9.98304419334645,6.70653009832132,6.07262642686176,88.8784795882099,6.1674313259854,5.80930419272391,109.121544236677
367.555300841725,6.08042041678182,5.06358110258758,9.7526385440851,6.2471518688926,5.67022767372987,91.7210831137764,6.42375814717862,5.86510036257604,92.8857923352862
369.083060510012,6.32838312624633,5.36666562551961,9.27617698877315,6.14337357184539,6.02955331410774,93.1702829988907,6.09861728327195,5.75820850214556,99.436420663095
370.638617210597,5.87865071372287,5.55626360061376,10.0874170859003,6.6298395161035,6.17927691885177,90.2087081859247,6.18044907091021,6.35398677447943,100.447189128693
372.166415108723,6.00759006119951,5.031540062799,9.1465888278216,6.21323702772664,5.55261404772934,92.9723083283639,6.07981575078086,5.81520942678926,104.703823078486
373.694174987566,6.17818589669074,5.63126931577405,9.21746439795359,6.56611202045051,5.66251483333114,89.7711522172852,6.47616549721629,5.75449578335417,102.579683453146
375.249731660126,6.17650613098605,5.35647860968449,9.52582321114329,6.83605121421416,6.3762551816715,107.787421798611,6.20605596931004,5.56276583554761,105.664960342168
376.805288323464,6.23360884037647,5.5336025255466,8.97546679939068,5.80975584405496,5.58030600354415,90.0247051575643,6.35026160029947,6.00092269265525,100.516321387365
378.388603402713,5.77148579846529,6.07708285718703,9.7610692625738,5.87501019102676,5.62910515527245,90.1530945990036,6.23043176257727,5.57351135203052,99.4910127188958
379.97195721723,6.08124728443482,5.34413024168014,10.1760172747465,6.14791486455548,6.05918030479508,89.0871029695,6.41404933116504,5.89720615538523,95.6809931955026
381.52751385326,6.02505484634962,5.37946171497249,10.0797143885989,5.95272675389793,5.69653839743658,99.2630438948743,5.66918614065579,5.52632931762994,100.892680682186
383.11082914384,5.86240776906768,5.92707394711707,9.79544839900366,6.11218163969748,5.41606102661503,90.7317774341498,6.33585361331757,6.00967128226359,107.254017298943
384.721941435755,5.89408839751596,5.669691808603,9.23246191811477,6.20246603212663,6.19235709545011,87.896278503296,6.15592288157837,5.8679365457824,95.5461525894177
386.305294895228,6.09455632744355,5.95685147138365,9.28881403627844,6.35361449209469,6.26186581669509,87.7042390477501,6.27179064936984,5.76955368661957,100.607345733575
387.888610394725,6.19495096700466,5.21557962727632,9.75705167225975,6.12605071791955,5.82569098923033,83.9366103106079,6.14127817548921,5.69518365969078,98.2482168693104
389.499722657789,6.65337715099861,5.39800785432541,10.2925510844919,6.24552727583213,6.07279117621005,89.9607827058284,6.5291124062122,6.05399473309792,102.012326823899
391.138593310371,6.04585344685025,5.74226309857528,9.65896544332979,6.22757174306485,5.53853710040331,87.1751447904974,6.37601289766405,5.52343092872841,96.0036590395379
392.777502750025,5.99852710526141,5.75850124377326,8.89099246454981,6.08496801581344,5.82482829630033,92.4312249772344,6.13029669622433,5.43616553296977,96.8768092893117
394.388614984649,6.50318502320581,5.41028814915193,9.08985080706227,6.00013313940671,5.46334914498174,88.5737436494391,6.03046695125705,5.74375997697808,91.1627405647387
396.027485848128,6.02492508299291,5.42828666868223,9.59547749866033,6.14975976028873,5.53681380598044,92.5962074640716,6.48455420345408,5.92928518016555,96.9259268977845
397.666395020094,6.47617604848225,5.32010422916976,9.58478685228443,6.16362515688257,5.77935135722189,84.7138823285274,6.29046289729819,5.97621942601333,92.68659962958
399.305266022271,8.20024339271326,7.21231182516499,13.4571384978707,9.64977934756784,7.23400676578266,95.4454211637081,7.96565870747802,7.65362849633709,121.571260641546
400.971933892404,6.62972169233299,5.82273222279375,9.82945673698264,8.48584164931668,6.38513915742505,85.5807387058574,7.18778069956061,6.03857079793179,92.3563460776571
402.638601752574,6.68540813377224,5.48693488798787,9.70246165144341,5.97489861792088,5.90089500770648,90.7433705150486,6.70854831835944,5.30843007904823,86.4472999743417
404.305269602903,6.24780648526708,5.80867150769003,9.34738495233949,6.21515321061027,5.91139124774416,95.3894305984955,6.71186643278626,5.51704516091394,103.979604170875
405.999695918941,6.19505204013495,5.7769665009838,8.66592646554676,6.20124387432883,5.39961313281782,87.2540475572394,5.80043391821821,5.83214210387663,96.3652389510163
407.694160868728,6.19757587833245,5.36833315140896,9.01005223628297,5.72610835252499,5.66478146218527,83.8821292898981,5.92177465084928,5.55240884350671,89.1818765028103
409.388587324993,6.01983576827832,5.89616758437797,9.12200379945822,6.09636649363434,5.65883298364184,86.028517281246,6.06068120969823,5.42563421243404,93.6751053128409
411.083052095362,6.4744017924626,5.41793361373979,8.56641685123647,6.29416293100631,5.50402464051135,88.8183659262595,6.41362208903365,5.88404079491166,94.5744044559119
412.777478689714,6.03611890830393,5.54698575013812,8.93211840023343,6.08970030720019,5.72336821362596,84.8362111334264,6.07337468625179,5.37395432863817,89.2754868463602
414.499702154632,5.74318387157429,5.86928955212299,9.71656327467329,6.39424680706269,5.56901426791971,87.3286213809379,5.90681051567035,5.49707323309485,94.6809045167818
416.221925609265,6.45888237297803,5.68416069701302,9.48951714226774,6.38838623381076,5.5676486036594,87.2116905216135,6.12280590202841,5.81834634700215,91.3756426288347
417.944149053742,6.40998112794508,5.49255711045583,8.8645582803218,6.13592167177218,5.62831208483418,90.4767126300037,6.31239684878512,5.553369160895,96.062734857662
419.666372488186,7.85617927446576,8.28510066883169,13.7687125976525,7.32638714554044,6.54622956525937,89.805652981112,7.27599611391416,6.99241137106568,91.8255241729747
421.416354484498,6.28965432686342,5.89062946360104,9.66610472950789,6.43273229405232,5.94853846073219,85.6487153956556,6.96541797607439,5.92082348211515,93.8223251589829
423.166374921333,6.19080857599336,5.45519518295704,8.93397197753496,6.47971550018007,5.84215166049245,89.0019317478055,6.10443404647615,6.04150351464199,90.0118243171232
424.91635705592,6.05829294209081,5.38323289955081,8.51013414969634,6.21681797966908,5.75720756930806,91.0858290151915,6.37371621635844,5.32226883716649,97.2428888759742
426.694136123661,6.37700509949033,5.31749761473999,8.28549424649944,5.35805203271847,5.745623174516,93.2035186566655,6.39481657761053,5.64207276484161,96.3556039180905
428.471915180698,6.26358435193033,5.24842601363815,8.87906067480171,6.15945867365566,5.9394726980284,85.5742742045305,6.22221274445293,5.70617103131658,97.2415205956884
430.249694227162,5.99006501627274,5.36893904850349,8.9853775176848,5.80292021441965,5.45938314671209,84.5394665754153,5.99636357051125,5.59561589038937,87.7504069912743
432.027473263187,5.72971459747703,5.39534387550565,8.53716642779753,5.67734704460986,5.58688734152979,93.6199914014894,6.02080620432726,6.08158132754744,90.0349010559167
433.805252288897,5.73933682631699,5.66720027186765,8.66539164169411,5.96345492966019,5.69784795716608,83.1337491362014,5.20785539703734,5.67196293745337,92.3821878797285
435.610789912167,5.87782824837778,5.49946670946023,8.79073233296102,5.90136144551097,5.34958361313638,87.4387504361333,5.78508729826798,5.81873980476504,96.5963293350912
437.444124591649,5.94124275828341,5.16879901443722,8.87047505736219,6.18782184993529,5.84632992762872,89.9861999103885,6.02537860910073,5.363112601405,94.1033359026714
439.249700492297,5.98595273087559,5.37700395377084,8.65292013390664,6.13582859675866,5.24055376839998,86.2231071071518,6.18570088671016,5.9424047937434,85.8730749912002
441.055238321538,6.13080495849721,5.1511286875234,8.79000201826124,5.8191169527517,5.49831575146058,81.0908553245045,5.39409459988185,5.159296353893,87.4178382445468
442.88857296806,5.86056970567077,5.51289046021603,8.57883038588712,6.19439107417628,5.36590564855675,78.3863333164162,6.14997819860334,5.07796432217176,86.3138418067747
444.721907603754,6.12618414794222,5.49948635969533,8.28610178915432,6.0948691759589,6.11353361148649,84.661177107029,5.84471468816663,5.46467285305456,93.9834329775164
446.583000732263,5.94609358533173,5.07565117930199,8.13721423528221,5.8060891284603,5.71862092802114,83.0126149189958,5.74248652431358,5.09789897668344,89.3291795380126
448.444132437408,6.00668375101114,5.11845540969291,8.02735181873571,5.74282721204089,5.16083266977698,82.0351808596738,5.94195218340836,6.07075385680163,90.8464291532344
450.30522570377,7.81530394444476,16.4325343767825,15.7037092415117,8.62797509600099,7.16518344971185,94.6204431744846,8.15988085105665,7.40224047910555,102.946985855021
452.166357228067,5.96679462269325,5.20372420718927,8.05776894309202,5.91260515466484,5.82047155502158,83.1968571026087,6.12392981582245,5.63717013363922,88.9494188005623
454.027450630196,5.89480221827028,5.33628436520518,8.35163670892593,5.96609559614217,5.84351289040632,89.7059709026637,6.32792307806442,5.46804664984667,90.2368037760542
455.916340874478,5.87245156872752,5.25845530907024,7.77781769288397,6.04677708279879,5.34781403125669,82.7670270429031,5.49570602496123,5.21140740746836,89.9133611558072
457.83298952359,5.86007491447425,5.08341906158675,8.32386919386786,5.8537952940726,5.37663109165777,82.0574407051271,5.9698334578494,5.6577242503884,93.9730022683935
459.749676924228,5.7857558844737,5.37507309300574,7.93840655508703,5.71377772715787,5.57410405049031,87.7300250283203,6.17744397016285,5.49005332725048,85.8662785469732
461.638567135049,6.07767974608619,5.63983837706981,8.36803017653304,5.81324499443955,5.51746495189738,84.7897908719306,5.80909622187348,5.56840190403204,90.0702228551186
463.555215989877,5.8238940576488,5.41572921491812,8.66963773248667,5.72016898954732,5.64119071971414,79.1296695544181,6.22161706785893,5.59345326612311,91.6949809465412
465.471903118148,6.00353681183204,5.55789964372383,8.59944729306635,6.19023561701149,5.58743699777543,81.3672786322115,5.82289773209031,5.35936604819077,86.274250475742
467.388552108194,5.75394260737605,5.1364004078021,8.60717587377332,5.90159620356102,5.51024957715504,89.8715304000688,6.08362022460147,5.46451911672042,90.6931324198889
469.332997947921,5.60983174596199,4.95372347566288,8.56816980489221,6.16679288562639,5.47535341530123,81.265154235401,5.7903134038882,5.34033797485679,87.2209833323152
471.305202200443,5.87279913436612,5.24979292204466,8.61037017895949,6.06004904372441,6.05795694660812,79.8665008954671,5.58112468141767,5.4875182637917,86.5885777663339
473.277445187577,6.14314696794523,5.34496558353252,8.42085668676466,6.05562688269284,5.59602089469459,79.1993993008837,5.7374162480737,5.62235940272052,87.8125823013847
475.221890992868,6.04908849511688,5.38326272476519,8.22093014570969,5.98005450302453,5.95493433411726,86.0341418972987,6.01158913575685,5.5187966283855,89.6421585071212
477.194095449971,6.12788317147,5.23197287400177,8.41050575715782,6.10537623710453,6.10013631765435,81.4346317049745,6.06755480812007,5.68515663844416,82.4671021863966
479.194096906562,13.7983723846432,10.2301583783097,27.1086222661631,13.310825062256,13.0931307891866,83.4836162138332,10.4403558400914,10.4738625879018,92.345462758292
481.166339529403,6.44263935510492,5.52502533023753,8.57971054744644,6.21390772323189,5.8687766605812,81.7296417612803,5.99908948859464,5.83689387180968,90.1594967276893
483.138544188382,5.80541188453216,5.47389590775524,8.78749820215505,6.01247829087401,5.57051919464283,82.9846618082526,6.09318291725774,5.56992056560363,92.7597428759813
485.166304057055,6.08084338454874,5.26622556210756,7.99994693294379,5.96995980635009,5.90754476104103,77.305733984287,5.96363857293911,5.64346618998142,87.6195007432192
487.194102613334,5.36813941083162,5.27158151418946,8.37200959698736,5.97427090259824,5.39837088454478,82.6027926186362,5.90267386381482,5.54593418079976,92.482603558229
489.194104010864,6.15568277575243,5.42503476319388,7.95651296234156,6.15951170123973,5.48816551379037,75.1894121202487,6.20392553095049,5.62390483431988,87.8932597238079
491.2218640827,6.07337134470781,5.35126665731968,8.26854091801529,6.38906466276533,5.40445905568989,82.0276363001216,5.93931445329145,5.42397182666608,86.6443167475263
493.277421130673,5.90502826273813,5.52759033842787,8.22509883658701,6.23921492805103,5.7388959455925,76.7170957582649,6.3764037003926,5.08847180172804,90.593777355057
495.332978166261,5.86367177922528,5.52242929035492,8.08145332062593,6.20467872179125,5.48622511542061,79.3463528631784,5.84534072628063,5.47227923592658,88.5987725299106
497.388535189615,5.67978007047996,5.19780984557802,7.84176954099904,5.90020485929545,5.31417714957599,80.9672331118527,5.76500528638558,5.71913143423632,82.0562338965593
499.444092200889,6.63025754754307,5.43768122192869,9.43052662951436,6.89105024917701,5.60796178156793,87.6816088966706,6.77863088698321,5.9341755487679,91.3395896066171
501.527407766038,6.02569382941667,5.2472684204014,7.88125736415335,6.26912861691894,5.59850836971429,78.2049054035121,5.77360153470346,5.65457884936252,90.4017655761516
503.610761781876,5.972172489382,5.28936336502121,8.69322295036978,6.29325627412866,6.22364681601392,80.9957866576481,6.2042952008124,5.41449526253379,95.4334043914634
505.69407748142,5.73985391606965,5.24065426782134,8.22314146817285,5.61773041454591,5.47834294669251,79.5916275668151,6.27887587315762,5.80045823918756,85.6353067911616
507.805190118118,5.71024906911386,4.91528539104647,7.88747234485231,6.26150748743885,5.36459499236098,75.3839967348783,5.66343529146613,5.58645096847132,81.4836613419195
509.916302742181,6.06427725402097,5.36180345413366,8.95805701105716,5.8013171440855,5.64654856576287,76.6413986697738,5.93103337461828,5.72174732102223,88.9853333620413
512.027415353772,5.61891953301833,5.11591723683322,8.05787013394185,5.88902324682262,5.79702490722782,77.3771248994001,5.80925795786707,5.6425103888074,82.6765346147023
514.138527953039,5.91396064008256,5.27720603664803,8.08997511424779,5.98209779975276,5.38474918395011,83.3815581438232,5.85826272031566,5.18984614901058,77.9226837434134
516.277399157109,5.42750314793303,4.99660827954844,7.70030042741016,5.80394865666892,5.81263962361694,85.1591119208994,5.98150962681275,5.32016922815605,83.4666825945422
518.416308709128,5.83473244696342,5.09963459929669,8.15869781716363,6.30975596147532,5.52774454452468,78.2405760919975,5.92356645518126,5.15259697022975,85.6535138295513
520.55518004629,5.71803188699472,5.65991084530688,8.11705641612979,5.94580373702077,5.49040243828363,82.3106228319003,5.91887242377402,5.22190716388299,86.7648923492564
522.721848269433,5.65267567548574,5.35488677688691,7.70388775355979,5.77726844558851,5.92298194697892,73.6047891635773,5.67891745017476,5.38541602416755,83.768164461206
524.888516479727,5.68599876750453,4.95330800380698,7.65709798237924,5.90421376009155,5.58938837213799,78.7317089653956,6.0409747928619,5.67931446612692,81.1331261916409
527.082943199742,6.12227411335693,5.12176611964812,7.48029819080198,6.09926229956388,5.70863610579618,73.3673363956146,6.03862744287536,5.08644356344234,85.985503207412
529.277408456722,6.03882191353204,5.40289780938774,7.83036806506091,5.82452871299745,5.206886237362,77.2085785370438,6.05596810785678,5.71815762962446,84.9337341294615
531.471835310354,5.93314533377172,5.29919849254457,8.74312563647592,5.9947024212753,5.8297241405791,74.2530496891811,6.01387706802252,5.36019653301506,79.6311456597454
533.694059143621,7.24264719124491,6.09720693384817,11.0911790282393,6.92013614300471,6.50805326535471,75.2749274963701,6.8740753025668,6.6663359889533,86.700318785678
535.916282963527,6.05382478257216,5.09332474143579,8.65119220806534,5.86579544459774,5.75857642467401,75.5221755055411,5.86628139830299,5.90999710600175,82.3274474771124
538.138506770239,5.77161433464826,5.22284318635518,8.42475159503788,5.87891419676772,5.59547892348834,75.0211583473289,5.4727343853336,5.50976095740262,93.409380678292
540.360730563918,6.76235184648453,5.56720912356975,9.44354259121272,6.14681448173287,6.17102388717876,73.5283528448278,6.41026971288152,5.574036279562,79.83818333695
542.582954344724,6.04980354191454,5.21335522015368,7.20592150831711,5.93053720382102,5.73016914507256,74.4440479950704,5.850789322113,5.50926196835558,82.2193747310358
544.832936790808,5.69703348100137,5.40121594351562,7.55608087526172,5.92209285312349,5.35083434682068,76.7138909773005,5.81094515665217,5.30914779181333,82.4204055813081
547.110716219506,5.85861452972825,4.96543323666387,7.58895076945207,5.72857051421551,5.79810251466592,74.8054357294354,5.79188073203632,5.35058595021736,80.8934353517968
549.388495634515,6.02077047418854,11.4560289357651,9.84105948940296,6.31143259925406,5.79504677898307,101.322933699183,6.2380754317394,6.56192883321146,86.4083654135411
551.666275036004,5.71748156207394,4.87565275263329,7.82372380835246,5.95045113135418,5.45224750000351,75.7867675820325,5.7439627995748,5.26264235354032,87.0424564337949
553.944054424141,5.94539183182356,4.87976079161954,8.32563003513691,6.02877543351922,5.86911385228629,80.1657275049567,5.77469256306113,5.49527160348684,86.011215680323
556.249592407252,5.98718865770215,5.20118718239279,7.89593780989696,5.59367439551407,5.32806236289963,74.1951290654294,5.91520053424834,5.60498761546617,82.8493782173235
558.55516875504,5.8540966272358,5.16820268771374,7.85310663004124,6.00955414692469,5.29545045504258,76.9155764988497,5.87541583977167,5.39174544401603,81.0734180070129
560.860706869385,6.03598929109124,5.02956947217429,7.88667205762835,5.69491415215444,5.78125870189312,71.1473026799665,5.75597972955696,5.79364618504643,80.0213276466609
563.194041877509,5.76192952465294,5.09504207874293,7.43350207096728,5.91465331166407,5.3718208274275,72.0804945468385,5.80282870656807,5.46968860331005,86.3726159088669
565.527376871812,5.90229645181137,4.9195781563815,7.89719207043365,5.55536482451959,5.48735331428985,77.1727763278942,6.07993332086981,5.40856583645233,77.8959947476714
567.888470401131,5.98239386302433,5.11949879034979,7.46513663909453,6.29022657633117,5.47489772868016,72.0575150970125,5.8937699008291,5.66355738733837,86.1842082711361
570.24960241393,5.60226424853271,4.81446955342421,7.66811004962909,6.08630255517674,5.28419013091751,70.6222129534445,6.09816545126369,5.5132353528497,80.6557128531931
572.610696074552,5.93698434127173,5.08512866221185,7.77074646538106,6.02964305042658,5.68925560787157,74.3976642632674,5.9288606727111,5.17619472096277,78.6496327188125
574.999586687752,6.31857740607284,4.94943036514348,7.29394840555925,5.99357571347946,5.50299618389357,70.1493059634553,6.13980490998396,5.43586155993523,78.5075097587008
577.388477286683,5.27023247066477,5.09198904663245,7.6685497925296,5.75911596220023,5.48081788879692,74.30649088217,6.0151199741147,5.26748890020259,83.648001422178
579.77736787152,5.74272129335472,5.21007576733679,7.30514237720379,5.81919309975382,5.45978866967947,75.1962754444324,5.8315053349471,5.48293012297298,76.630146110211
582.194017022245,5.75226802654471,5.23082448422534,7.81376451689877,5.61534275577406,5.08498985838439,74.7409577633506,6.04728677291823,5.41572656294657,79.3673947600559
584.610704593802,5.93960745996019,4.89841847829696,7.71270769473066,6.25829793151341,5.25984804696072,70.9827465849666,5.62925480363957,5.09925773350707,87.0253731550481
587.027353874795,6.04432852813892,5.36365205125791,7.93181402476827,6.03388039747783,5.75179152585179,74.2604105349647,5.78634030127108,5.87476185617305,85.5123037943752
589.471800077098,5.88743805445916,5.2904721414445,7.6242894057183,5.97173222709691,5.44249930026155,75.7319399991496,5.98937961737094,5.46769808174677,80.682405806467
591.916246264884,5.83166912318717,5.1181139354552,7.49280911391731,6.11361221772509,5.38359850858723,69.2088666370054,6.00187466953769,5.44146446585677,79.8790401663565
594.360692438328,5.73048321796598,4.90153671583923,7.71627139748059,5.90163377222131,5.84753559141805,69.4230651549321,5.77776703436902,5.44613264258255,82.4419503319754
596.832897217757,5.91587572844512,5.02009931688605,7.43397406711309,5.83140608272648,5.72816582172614,73.2129010863054,5.86108256772139,5.45542134809983,79.8453251681593
599.33289903693,12.4411186300978,9.39843857281149,22.1988378023485,10.5176227566785,13.8547587716961,72.6618438795568,9.63555750199193,11.5633566546477,81.6406419170157
601.805142061841,6.21016320862806,5.120521039006,7.74437695427476,5.87104914510824,5.47465738353517,73.9977167865295,5.93521354431994,5.40530862749855,73.7378909026385
604.305105467017,6.03680139811112,5.19533758873089,7.97628781957367,5.81141674333035,5.75015498012609,73.8328895524706,5.81841116649873,5.49848045531116,79.9273687399469
606.832904404514,6.32128258841424,5.04093169436729,7.19216838398975,6.00546647409753,5.64510142136951,72.2680413177523,6.06377270300775,5.26497366455857,80.8127274787802
609.332906164346,6.016572552311,5.07495988589432,6.9428141684583,5.8979814773101,5.35754522739265,71.6394772944066,5.81085420475028,5.46691359776549,76.061048760068
611.860666580494,5.79021752748835,5.1725251825659,7.11334965582446,5.78653113309439,5.42660640901187,66.4573302804159,5.80478368488287,5.56087664441764,77.3937857162728
614.416223984998,5.50639981568934,4.81950195527802,7.3092480519826,5.55678147419699,5.33869215975128,74.6735379503854,6.04962801999808,5.53860738019056,83.1369754787385
616.971781374185,5.92967084449757,5.2743961488319,7.64313097862529,5.96025344868182,5.46955157105688,66.6785031904093,6.02215504160161,5.13303407162017,79.6596924770244
619.527338748245,5.91450396553153,5.06393869210704,7.7903018129646,6.19598388540841,5.42973050856955,72.1316805469805,5.99042837926927,5.04290999085374,77.4413100983179
622.082896107363,5.96837800142317,4.82992284190733,7.39113717897959,5.7049657156881,5.12455856658649,67.5280852868518,5.9922496010794,5.02195167738145,75.361566094137
624.666212102815,5.88112575930384,4.90949270762936,7.44980078963698,6.08353807572434,5.06174417498014,72.661912774127,5.93688652696319,5.32350964176986,80.7054994978397
627.277325106101,5.6759148387034,5.18053664767777,7.11031542089688,5.84694171783386,5.47881084789566,70.9073022962108,5.72002811576528,5.52154271473308,82.9161755828707
629.888438093699,5.90894193143382,4.95068775863729,7.77438784069057,5.52863598550085,5.78272007575477,71.535288819281,5.89080916869235,5.43699480010073,76.9447059326338
632.499551065804,5.53073854439622,4.97438471744019,7.52168867194082,5.84277339807338,5.7502731184671,72.2593282848963,5.91916178621192,5.12825181071059,78.6416726745613
635.110664022606,5.59611619069296,5.01669936947359,6.92241126375683,5.96177180949907,5.41506412686082,72.3062847036846,5.86733957805799,5.51013862513916,79.0637246005513
637.749535604899,6.07110785841215,4.91854540266178,7.66293543579,6.03767314066084,5.46500268585077,70.2358727920315,5.78967421950848,5.20459131329658,79.9803180427064
640.38844548508,5.78579360288892,5.06213916366275,7.48856501628584,5.73029074065517,5.17301338982244,67.6654968929776,5.63299475499922,5.66526845522774,80.4716613044114
643.027317194299,6.07202540433809,5.08030148215635,7.12448847429177,5.69706228579628,5.5064131791118,69.4310342063289,6.00142885620191,5.17652884637441,77.0000199107782
645.721744242277,5.80251152325925,5.2350102665308,7.36725547043246,5.37871664738868,5.25778874754495,69.6042359202732,5.71519849172548,5.28911876733535,78.0609923596369
648.416209911032,5.91312259192047,6.65458349131931,7.74355612115156,6.0371450346573,5.45048568925203,74.5229413921892,6.11458543221401,5.1900325123194,80.3371931426948
651.11063708715,5.94901033394512,11.6572549021333,8.00677285583494,6.18809254208709,5.79826753588934,72.5526810348996,5.73467410067609,5.89927177088679,84.6863745504451
653.805102564663,5.9448673217385,4.88359853556052,7.34058523418962,5.77022443688289,5.37032210920648,66.4704230232279,5.98431036251193,5.64107184602474,77.4539881250112
656.499529867079,5.79637572811836,5.04496874029194,6.94136034464621,5.60567538896502,5.59822992425399,72.5642409786472,5.87185155408087,5.48403439990549,75.3524731014096
659.221754030694,6.22617223062787,5.40264441004327,7.4756587423976,6.40156524378614,6.12330468932146,64.4900433836797,6.07476159584138,5.64733474115159,72.6597657100326
661.971736742995,5.9660403841471,4.93977490647374,7.25208517416223,5.68928157468685,5.70735220215964,66.1599453741873,5.96776208794447,5.08718366584405,76.3802383557267
664.721757904579,6.03903036383841,4.94342981859475,7.19782503605331,5.90366362435962,5.57020310390446,64.9496355978568,6.08786345202915,5.46014307704147,73.3658367406109
667.471740743373,6.22868676473236,5.25016323453818,8.281446737979,6.30700457496931,5.79462606086278,64.4661977595985,6.30084119791082,6.11778775670865,73.8285431552859
670.24952051659,5.98228294825632,4.99984793792256,7.02552017287313,5.87844957748597,5.57996259704538,66.854158004661,5.60432622234224,5.10596335249028,82.0407844723977
673.027300273336,5.85832477358666,5.10451412233966,7.01274997911925,5.84181243604951,5.32916896701718,64.6918397638924,5.7340893886934,5.31742074321684,76.3715843942238
675.832838592335,5.83432895691746,4.9656632752705,6.84561851708786,5.93260594216825,5.28813883351992,69.3579156187466,5.80834330515229,5.24677740222388,76.7896986233922
678.638415332549,5.65840043685492,5.01741315063127,7.02267922371021,6.04896253078826,5.43939813806421,67.2364630037474,5.81497677666722,5.28102709054009,76.8435056303861
681.443953777222,5.63962184704044,5.11962929973042,7.13295483798322,5.76893296952623,5.16683301841302,64.066843911759,5.71774702724053,5.37296962437739,74.4424750243524
684.277289142225,5.62669539354317,5.01213104038277,7.04378930338832,5.43979026684878,5.42853156395988,66.5568713898202,5.79810534324272,5.33781281928499,76.8333607199809
687.110624490474,5.87631547429871,5.09803772099047,7.08411645393975,5.86449666679507,5.26977226344139,68.2154204753691,5.86653882302309,5.14760278321678,75.2757945919668
689.971718421716,5.91516360374885,5.13807229607788,7.03282711776286,5.67159185883413,5.15746698629544,64.2609904927085,5.80963414168439,5.56360374573132,75.1070246675568
692.860609411209,6.02601550396912,5.3561835475649,6.83016479620833,5.54757810026724,5.41175601454063,67.7516949655863,5.77975582195371,5.65402635237232,73.8078459676689
695.721741624609,5.43672423432735,5.04950341978797,6.59909462310592,6.21369062918722,5.38418493511016,63.76343871753,5.59826648486315,5.24896290264191,72.8620620579869
698.610594212005,6.04925668675535,5.34555059749067,7.97327797639076,5.91232285238778,5.27345991408475,65.3895176362694,5.62106656976748,5.14842231322759,75.5138676617563
701.527282275883,5.95675520303371,5.02175377789402,6.89638909259953,5.64323480240386,5.16816204883623,64.3785545044083,5.82021112897177,5.24752095035939,73.7282047022923
704.416173196882,5.74127931456487,5.31543926014202,7.37824121639638,6.17366983405569,5.17849062216167,69.628956059278,5.74947557786699,4.8044887252343,74.7581038526981
707.332822808192,5.49002356607415,4.9567208467784,6.75353076185033,5.99995688325756,5.53445822463683,65.8828349492338,5.92670147164621,5.44590503436569,75.9036965088517
710.277269369014,5.83196087999024,5.46542358645068,6.62305840434093,5.65634349804963,5.54779977110643,65.2156872690545,5.79541378125259,5.43379852595249,75.9239132032778
713.221715912361,5.69397350871975,5.09478635467457,6.59463626223657,5.59832323745318,5.12604604234417,65.9434862627213,5.6795619576873,5.04233212413081,76.0613968534925
716.193921022687,5.72509671911575,5.11839497433145,7.07842691110895,5.77195192734069,5.15202112492929,64.5587014561851,5.80740297175376,5.28795213758894,75.4575061420186
719.166164541838,11.3052259103231,9.4028105933768,19.0223578580934,10.5335374868819,10.820464694854,66.2966101763074,9.86608061888364,9.57049448887882,75.9069199417997
722.1383697758,5.70694095151689,4.85606206056308,6.94284507855657,5.93689112528832,5.4321300480903,64.6273465376083,5.77521457606084,5.16698449855848,73.6776266001064
725.138371923447,5.65060601881627,4.81392768984196,6.78507045142453,5.81406377481962,5.29231078506286,64.3439280119465,5.83272731471487,5.18753669597273,72.292335627066
728.166132600392,5.76726906176857,5.27317791878873,6.71876252740248,5.90802594423112,5.05816862451508,66.1965891656039,5.67371015007827,5.47635143598246,70.7231760302742
731.193931760378,5.84131579441441,5.20725736213834,7.02849701033407,6.15533705741588,5.26067175233179,66.3403173053041,5.97819056036685,5.38836266896381,73.1965144009157
734.22169256071,5.80154150764807,5.04849822270877,6.70310491913705,5.95874066107033,5.24764813246917,63.7787529865681,5.83449594066023,5.12920411227105,72.8317820724001
737.277250311385,5.91137366663016,5.06606018735885,7.03254485148588,5.84929658090391,5.09007240142214,67.0140011635298,5.64374389905984,5.2425376777545,75.800754886887
740.33280804394,5.66638656088967,5.23454071438871,7.02203243176783,5.5548033567559,5.97083869609226,62.6607671132515,5.79300447863311,5.39367210684537,73.6573619279564
743.388365758599,5.9966008194051,5.08506520631344,6.70475099184788,5.85550093122016,5.88320434159859,65.6343183396706,5.77120140741097,5.22126253256162,71.2500770348176
746.471682129842,5.57029444539306,5.09219379521249,6.6430153203994,5.73590658351367,5.01163329243287,64.9084474289724,5.81094906072791,5.05199296386503,74.0488980578581
749.582795482587,6.69610986576771,8.28702620452168,10.5020223794571,6.84807647429656,5.97631812179308,69.3167298042949,6.65242280396144,6.23129704969007,74.2381415765672
752.693908816799,6.13550077521464,5.21529755305432,7.14653336635745,5.93457120598727,5.28490346484731,64.4928220594393,5.79748469133813,5.337860952606,73.3092156689017
755.832780703737,6.17570561173734,5.19716355244187,7.25322592913946,6.0194338945537,5.25966650564222,59.0049972921865,5.8050897238073,5.28716498909333,76.8935561467295
758.971691024986,6.493742826084,5.22660349696692,6.50597614839917,6.01230255274995,5.32578581863374,65.5582253553731,5.70015699858933,5.16282825697357,71.3998702786583
762.110563033729,6.02423817486608,5.14710806150335,6.71806161777551,5.7809158142323,5.16744587674688,63.2576907705723,5.94173822452903,5.05302346714285,71.3263023832425
765.277231968306,6.50429296920689,5.06603561300988,6.55402654135896,5.85026155228751,5.27548104332988,62.1654126383961,5.49530633468465,5.49223015920273,71.8418820957902
768.44390088419,6.01737806673129,4.88695955855003,6.51574269632339,5.46677098933458,5.350428684168,63.8619373483113,5.60228895833237,5.20626736369076,72.3655506765927
771.638328413021,5.70190661085155,5.14381320869602,6.77286199563188,5.85908947925437,5.43294999625989,62.2728219114218,5.89450623098788,5.20778567463162,74.1043242137826
774.860552965958,5.63808853250418,5.11918673331679,6.52984387410769,5.57636322737252,5.29627337365802,61.3882946217745,5.72597323287047,5.20785724515565,73.855601493143
778.082777499593,5.61656580782248,5.13305562349453,6.66115629346609,5.81267340839454,5.12488220918892,64.3554765935812,6.00875517677529,5.28847501843378,69.0553305513153
781.305002014162,6.01891563060883,5.59692863033662,7.78513925673457,5.95570602055098,5.08153309934956,62.7095009279726,6.33318155955207,5.32243757252154,70.0248558369909
784.5272265099,5.64825459724002,5.10252863317544,6.76692856525904,6.11094999359081,5.15343668792463,63.7289728215071,5.53269447163381,5.02682846621127,71.6568505771775
787.77720968447,5.83213829660985,5.30306020898529,6.78096474019451,6.05418386113879,5.46415901205618,62.1201593322255,5.68797297321397,5.25174532133703,75.0380780724788
791.054989816175,5.87913446894559,4.96395539413264,6.37629587838109,5.70254651988002,5.00433647347616,60.8451220724547,5.44943953315596,5.29427834796063,68.84927470741
794.332769928453,5.71442899962451,5.14809142916916,6.50832758131895,5.87521888078259,5.14257079534251,62.5061100701146,5.48952384655766,5.12919090930015,72.1201854701017
797.638308632828,5.68863368446453,5.00076357009617,6.79027488133102,5.76248497627028,5.07982403669957,58.9607842699347,5.7539878079855,5.45288371515281,71.0221532332872
800.971644380966,6.16413125894766,5.59431678024967,7.76629914142408,5.5869792477432,5.86319034933317,62.5279714397353,6.05263240052965,5.21005037503064,72.1979117535236
804.304980109086,5.74079305013604,4.84565957075399,6.79826491074071,5.77211548793059,5.46888662998413,62.2278108647379,5.91089814297638,5.23451092764877,67.7892288813304
807.638315817439,5.99262881939917,5.2721183448199,6.40887314577789,5.52077376894467,5.22603432970045,60.4912782108335,5.75959054035353,5.45343340203362,70.8911464437303
810.971651506269,5.64734398156625,5.17103813219644,6.62041110587027,5.57043593276221,4.9008557263917,63.7515726702224,5.677316412149,5.31472802924825,71.156678924877
814.33274586443,5.3982890186642,4.91727750072368,6.88495505278291,5.73486269908299,5.38186965491816,60.1414838926249,5.53274962967599,5.21169477761347,69.2209742256474
817.721637187973,5.7725608806075,5.07705531896273,6.68341673758387,5.7587542820288,5.17176686039362,60.4822844472082,5.87782405142837,5.33711091629342,72.0028149724026
821.110528491419,5.81131613147473,5.53627480221425,6.57655642481275,5.99619307075435,5.26881373713808,61.1976115731699,5.56019896663146,5.30142575166427,71.9428708291852
824.527178388111,5.77186420578862,5.37238471381258,6.3984233639924,5.6089949794812,5.22593410964936,60.4575525676778,5.80521172720854,5.24020667338872,68.5957508352472
827.97162532608,5.94362137129209,5.07520814937309,6.61374366172828,5.87082732840588,5.33646923992706,65.1340483562801,5.89599653659762,5.15671612754395,69.9339827171046
831.416072243387,6.00922681346419,4.96017674859611,6.29817757481606,5.54077988489165,5.29617700273419,60.2563688114662,5.70634632983242,5.08711182935929,69.5126680746089
834.860519140289,5.93757978415937,5.27425518525784,6.41644582755874,5.65295700946586,5.42232062338946,61.0301785604716,5.98965676358058,5.37071205627679,67.6411297988815
838.304966017038,9.95300109672832,7.57169133908766,16.5838467997588,9.46140250244852,8.65699435584518,61.308876563126,9.24115000295644,8.30286745617516,66.995906170038
841.777171574387,6.07577856438351,5.2141162087066,7.81805430920944,6.04320442880656,5.57305281831893,60.9778685419319,5.85282032398414,5.69159197711257,68.3192635435951
845.277174084468,5.72838666995995,4.91578598043978,6.64403913232923,5.9241200842068,5.14263994420133,59.7020874113663,5.74782819175741,5.30280590924086,66.7063428373381
848.777176573848,6.18434692367644,8.92497955545539,7.45551700361534,6.14189383394641,5.68173879163299,69.4099835204185,5.98222013541816,6.26389695754324,72.0252316765519
852.304937677538,6.22159966651016,5.5303331941731,6.68029509127666,6.0165012661137,5.85143390433705,59.9026982564098,5.53443454434105,5.56169382585753,69.7551709077861
855.860495799987,5.77643401936164,5.09639752441184,6.30866073410836,5.72345696155009,5.418936598535,58.6491083702766,5.87761653960351,5.20815675652864,70.9828155759945
859.416053901195,5.71487330489871,5.07577860197775,6.71008751201067,5.60981365425408,5.08692106970618,60.8744375009871,5.93058663479634,5.3542661613041,70.9375253897383
862.971611981429,5.67909908667128,4.81941042617295,6.38749373657903,5.66075512933601,5.19660209607232,57.4818614655968,5.62085296394437,5.35375760671408,67.6829072824417
866.554928693973,5.86298317778746,4.98469011307366,7.01604266243062,5.75214194976369,5.46547404973078,60.0488801948921,5.8665785405931,5.62547016811652,71.9425158408734
870.166042406506,5.91311341817076,4.98362320770555,7.17361176021464,6.03068342865765,5.40043273581218,59.3621976757048,5.68113277478848,5.40643855858347,67.3446742892738
873.777156097538,5.83088707828261,4.9173904817289,6.33508600496645,5.42402188936187,5.41065992123958,60.0785115660574,5.72145627889946,5.33906888787341,66.3960845485093
877.388269767332,5.58624830015432,5.09322702280996,6.62982125795047,5.84776874698779,5.38893627528827,62.7991905627485,5.93214079376556,5.34997183881051,68.2947876808571
881.027142091681,6.01344246650783,5.26416614759648,6.88876602093983,5.74124090647806,5.3490180700345,58.5423189536253,5.96748608298101,5.37345471448665,72.4919237642065
884.693811392989,5.64525762928463,4.87677990737769,6.72283445391339,5.71950337750799,5.27768477282113,58.3832575009436,5.94257840680142,5.41398907708063,68.2413882648136
888.360480672549,6.01592003277005,5.01877600856402,6.60163836483578,5.88997947156939,5.4772240837857,56.7859294146795,5.73552853977788,5.74234515099467,68.9816410066762
892.054908554329,5.98996276332203,4.84926697282257,6.35224366511783,5.73091781162096,5.51830284929001,60.0359838922222,5.76345962704838,5.17236259383768,69.9351027181681
895.777133465039,5.92435426237453,4.92380956038082,6.75406480607215,5.99314643783848,5.35563594012476,57.9508918539221,5.88443004201586,5.42875591338704,65.9199309781424
899.499358353498,6.02382945244292,5.59299721568771,8.39493203572764,6.16969887144567,6.00293681048639,54.9646569625967,6.46591856614796,5.54618158366323,70.4667566126373
903.221583219982,6.07820482449069,5.01252938366493,7.0044397891869,6.34514298891875,5.47901948045161,57.95662477301,5.62704129703507,5.71092802874436,64.5861689577183
906.971566720158,5.94064371822027,5.29563029604076,6.7107202982672,6.05006828163132,5.55517902587706,57.091682634787,6.02773020666622,5.54632887149242,69.3469944348447
910.749347216954,5.94925586440778,5.09595636619708,6.71926750592737,6.09485678030899,5.64658253052435,59.4561199702611,5.81728925888408,5.33444290670244,65.2519853274281
914.527127691287,5.76708160986898,5.19436407841056,7.08039233912098,5.61065895151043,5.53903623593526,58.1869925389872,5.79508281543909,5.46308443219801,67.5291046412126
918.304908143431,5.81145707238459,5.30953691179763,7.08342895192281,5.90355917422682,5.30781642481515,57.813505732859,5.73724738490218,5.88634007490362,67.7321692865688
922.110447264333,5.84919316486803,5.05223760608452,7.15354839011772,6.01681678625325,5.5336988814604,57.1122478844443,5.66719341642474,5.61547161292881,65.7274044500826
925.943783345942,5.79558473689259,5.13430797532132,7.10735685128545,5.69206187479723,5.54831431722101,55.1348107126637,5.91824124062506,5.43985502631172,61.2072237481925
929.777119404889,5.80043215991348,4.81311190553457,7.06441828265878,6.12287645172151,5.48572970297444,58.6684728805649,5.80412785598094,5.29172164943505,69.0982804230105
933.638214092636,5.84978178119462,5.03679823243205,7.45908422236529,6.1370307964782,5.62861711757356,54.864129601579,5.61439658445542,5.64055909228524,65.4816737626021
937.527105780602,6.02166077952793,4.89873875650153,8.18108662486577,6.01718409706989,5.40560980168338,54.3106317233345,5.86810388394117,5.75792356977168,68.440596912039
941.415997445442,5.88695001666532,4.70957424487389,8.78901640001274,6.42706762476816,5.34688285369003,54.6677586236734,5.74475917202856,5.6772161671276,65.2277651216678
945.332647703477,6.05489640500717,4.87743774075367,8.30500394326735,6.44994978593869,5.59115153121065,55.4145354154606,5.84336649358648,5.92662717948487,63.9656312664162
949.249336301286,6.49419604741127,10.2647428021695,9.77555627086208,6.50294332628316,6.43097989220615,67.2723088385294,5.93082314774135,6.66725140240353,67.8088185706718
953.1937451761,6.43980774795517,5.12626230439807,8.83077717354299,5.96751778464611,5.80681193268439,58.5452909410758,6.16194873786042,6.28772780440833,67.3819616115958
957.165989513181,6.39593761419174,4.87538250072759,8.05861139907933,6.37999691980387,6.07341437369113,56.3001696097147,6.2467326339962,5.90916088403654,67.3000791712963
961.138195400468,8.81319336750531,6.24255316819726,14.7037542574484,8.85433403715232,8.36053858024787,55.559373143683,8.53397305240302,8.19576281085865,67.1076515502485
965.138198274623,5.99069556500608,4.78519638989082,7.65278333761345,5.81053336475186,5.64437173994613,57.0124263315449,6.23041547787989,5.73030756131753,62.5502023932192
969.138201125051,5.83589536767894,4.98325769303104,7.0620500736371,5.64919163191795,5.40111532584938,55.1684089385903,5.95126211231512,5.69676489612401,64.2953851799599
973.138203952048,5.65278098381147,4.93067898659079,7.14173996976457,5.64894150954284,5.50455630402251,54.4130182885238,5.72182233306637,5.63737386529126,66.1448783640261
977.165965470191,5.7638943196427,4.90908339639045,6.56611715687905,5.65398554423185,5.39487230621895,54.6230152587473,5.67511070868696,5.08882559875976,64.648986738878
981.249282455872,5.66622366740049,4.77148410406877,6.16462788009239,5.56098306184125,5.61197463763449,54.0756869803376,5.53306738952132,5.19332497415333,64.4028875497642
985.332637948543,5.63838911526444,4.87768257774416,6.29119287796355,5.659396098996,5.23291588458819,54.8778362409165,5.57896618109339,5.34387142473745,65.4843214132511
989.415955045174,5.53233852726379,4.7838216143562,6.49427540557783,5.40090387003637,5.16408178438635,55.0625009247154,5.69839823247477,5.37762525492165,67.1850724036525
993.527069100904,5.49517839043395,4.9213716520483,5.78371406866136,5.59662093956307,5.31791635357747,54.6495291554661,5.55359308589899,4.99277876277127,65.2792550591774
997.638183132365,6.01574232311621,5.07184872102494,5.94429498584794,5.54748674269896,5.24044893419989,56.4257623647901,5.48108401034083,5.12881213936477,65.272066386646
1001.77705580957,5.85983619045087,5.1954150932157,6.19031840323851,5.73928616172119,5.18069952609542,54.3493191635222,5.49966210713078,5.14561062422842,64.7100021696058
1005.94372546667,5.64830594625345,4.83682192265681,6.1020426157819,5.40181950172701,5.27630013011021,56.0375097198738,5.53353999768618,4.99282285374893,62.6738563985802
1010.11039509909,5.52577390090567,4.83187157736359,5.8802695798132,5.55434912303911,5.38662688700578,55.1488786487329,5.68406524456275,5.0429222158773,62.2871619663974
1014.30482335958,5.77829937992116,4.90411087730249,5.7185591705402,5.74488914996652,5.28648632835643,54.7480982400126,5.80852226391991,4.97579436438922,65.8956075398761
1018.52704861706,5.77877468038912,5.02050080150893,6.21914946846517,5.39309726738113,5.22745307458481,55.4535653985926,5.63457466548578,5.30459460080947,62.186932638043
1022.74927384949,5.72873144002745,4.97336070819726,5.90414350320635,5.75002534531023,5.18747232253957,55.0966320596716,5.62979485357796,5.20958058760534,61.8465174271928
1026.99925769582,5.66593693131376,4.92400677452948,5.91715643457831,5.6288628107294,4.93154476494795,53.8819784234867,5.49003830238171,5.1645359518782,60.8785855311269
1031.27703855271,5.44409682960311,4.68039627701778,5.75925998607891,5.47058865820721,5.27772089539586,54.7858355343882,5.4895771738886,5.10512591095811,63.3996743887804
1035.55481938415,5.53635463522848,4.81808041146344,5.78755732702429,5.62459214422246,5.14697762766356,53.2554643295502,5.96664408118615,5.1658478285454,63.962684753724
1039.83260019048,5.43855857408062,4.97830590018462,5.5373503037833,5.52993490270162,5.20074209285363,50.816948953823,5.57804169507569,4.97999972594433,63.2610969229118
1044.13813967866,5.24478303207373,4.91372394139429,5.68630776500325,5.49836093281889,4.8562868063768,52.9990861326804,5.62403345540887,4.9056037085103,63.3086805954592
1048.4992346496,5.90991958822267,6.46161494004755,5.91992237594186,5.76605251932268,5.42554299508882,56.3694045717514,5.70466166608327,5.21355092631806,63.9335448834735
1052.86036810758,5.62020462325881,4.83950550257252,5.56095839364952,5.89511806477283,5.12057881995392,53.8381636649463,5.53404320945554,5.44942731003242,65.4647726175271
1057.22146318607,5.60029652373791,4.86428907606018,5.42606421056324,5.50019467517582,5.00349884792225,55.9248027438269,5.41497882625473,5.21378657491808,65.1323017688273
1061.61035521296,5.51952697422147,4.9346585553651,5.4632095658375,5.76990166247722,5.09431954632915,52.7968771115297,5.35960048838433,5.15313144042977,63.0700377645648
1066.02700583031,5.83928071979857,5.064430546529,5.47631510165914,5.72449902297627,4.87132303585714,53.0722670985861,5.7438236544338,5.10273699481645,63.4154119615307
1070.44369478399,5.69377159658968,4.61820281213241,5.47184130155721,5.42457676533844,5.04177471051058,51.7721945542445,5.77108717297347,4.96470748952639,62.4767410480055
1074.88810404293,5.58470110076269,4.85409373202449,5.631224435824,5.61061609410285,5.09675736635679,55.2797830700377,5.44958714116212,5.34813844479839,65.057180933729
1079.36034869952,7.22279800531446,5.75929108531416,10.9970543636921,6.75055439865368,7.20402062616525,51.8029031747499,6.88909837149377,6.54379101333175,63.0927752561371
1083.83255496441,5.61303728052019,4.80836983425905,5.45627223542518,5.53700076760213,5.01366614944547,53.3349591695258,5.52154295933132,5.04181853412064,63.8865237629965
1088.33255818279,5.52390487104382,4.71729544528656,5.47418544386158,5.39770053878254,5.21384873192441,51.5326231507715,5.49231008402354,4.97836295543478,63.166847826623
1092.86031999123,5.40971610790786,4.77429538396474,5.08009227206888,5.41624672774868,5.09976357356926,51.104996614996,5.5497013006927,4.92043265776204,62.8395504020892
1097.38812013483,5.34999413198975,4.94900167236676,5.03237490631544,5.49842315216319,5.01290068615591,52.2401009470483,5.35540394101481,4.98413544366555,60.2078434315456
1101.94364058966,5.777962021487,5.05224993318944,5.72942666102262,5.5315906899711,4.99260071534389,53.3721981175354,5.55502390569361,5.17352830364055,60.8461528872781
1106.526996429,5.60889386437823,5.1128560714919,5.27927710437718,5.53693244669691,5.28101807308939,52.4215211034757,5.4000575833608,4.83796193560103,60.0248186292272
1111.11031388815,5.42517835952131,4.83791814418006,5.32869114000691,5.40249274166364,4.91086140578835,52.3592124436575,5.56757759785002,4.91371076964109,62.2528413878364
1115.72142829406,5.72431938827927,4.8795083696521,5.22876601183798,5.5331407424097,5.28532900640671,52.0067508913584,5.84761848877076,5.04472850397511,64.4459540814261
1120.36030130109,5.52638607351643,4.76336971541194,5.21682432103476,5.35117947745945,5.04511963776371,51.3868475111363,5.71943924657319,4.87471081550615,63.5414303279056
1125.02697132689,5.47655796369106,4.68317061971304,5.35648978391866,5.52057500901694,5.09020120978004,51.7086968233898,5.36387611597251,5.08485752659339,60.9625515242875
1129.69364132494,5.38269290296323,4.83099352919942,5.13591451814738,5.67118036677534,5.10979298719393,50.3220342759371,5.67039604550408,5.07926200848321,60.2831635577447
1134.36031129558,5.54403469548281,4.62243629437806,5.31134897443453,5.36129941487551,4.97808107721921,52.1949609951581,5.7423816201708,5.0752674861799,61.79320412224
1139.05473995599,5.51340973032189,4.80907011996536,5.61150442996945,5.37861372908977,5.00886005359855,51.1716081518712,5.55405044285746,5.16651394921136,61.3340466851418
1143.80472411705,5.63687539374908,4.80378567947577,5.33748209425581,5.28386237439227,4.92189172178313,51.8146998271797,5.48526692507555,4.98382562267492,61.9299735589895
1148.55474670204,5.64910403225797,6.44750552150543,5.32548416147723,5.53698902214662,4.97803825063285,53.8569306661852,5.73987963106552,5.1739702381156,58.9343752730203
1153.30473096578,5.54860387131144,4.67429239597632,5.15877903028136,5.53724464872081,5.12908387605618,51.2682654195924,5.49208345869145,4.9902276089684,61.076498573231
1158.11027073238,5.69494566352552,4.72980487404706,5.20137284184001,5.4857150405714,5.10973523689757,53.0391493460502,5.13347055321561,5.07615223934342,59.5736840055243
1162.91584889186,5.67109972554291,4.67829556882992,5.01953485564184,5.54792659334931,4.97164616757507,51.436125926938,5.46041637005366,5.19969366458043,62.2574932999073
1167.72138876037,5.41971364064026,4.6765946777492,5.32361000921809,5.4418419062683,5.02627581830348,48.8086098920735,5.52961906110716,5.16794938845299,60.4707512260243
1172.58248413389,5.51669839576448,4.79196306507127,4.94350134703064,5.61967297428541,4.9693142996308,49.457635548133,5.61352193307791,4.90114462674334,61.7285236665672
1177.47137654868,5.61497778063136,4.77662990583166,4.99629909879228,5.25398556180048,4.99397731185017,50.2026637656448,5.66761129037597,5.01699227866317,62.6723050666103
1182.36026893431,5.54485433024981,4.82749992972646,4.91436967251503,5.56200493481979,5.20144019653101,50.4469374338358,5.75781812253885,4.95756067036704,60.539570552221
1187.24916129115,5.46668470920179,4.88044263059237,5.13959679739899,5.5162100146797,4.79080718461502,49.2808893087444,5.68641847909868,4.99364208246763,58.7085318856339
1192.16581232348,5.64544735777445,4.78293396858876,4.93613176254864,5.20598760841428,5.09022219426232,51.1727116571343,5.38542682436644,4.93672918049489,58.8322579850876
1197.13801886532,5.79191171347887,4.47348940202405,4.91973566321575,5.59569821745087,5.26043810916389,48.9819777960032,5.75387291268504,5.14373357086662,59.7838090621339
1202.11026383548,6.49571454855254,5.42065402978891,7.85578416079572,6.56562432376299,6.34853748011658,48.9265401084242,6.35458471207807,6.3645392023196,59.4727089438869
1207.08247047739,5.68367035423435,4.87214665935075,5.0544789699091,5.38074855545897,4.96772428554349,50.8369369969776,5.35352488092162,5.20367411044647,60.888144980854
1212.11023263074,5.67574666723085,4.85372729360721,4.9582696879615,5.4270346511168,4.97551168711621,49.8213021889173,5.65272183687129,4.95781386806644,59.0293765012915
1217.13803316155,5.52360828311942,4.71902163503048,4.90423801047366,5.46293884231131,4.87145114068433,51.5786273895133,5.55214021218384,4.96747286871817,57.8969132848443
1222.19355395619,5.32695711659927,5.08917778105537,4.9582013157071,5.55532579197289,4.84077075751371,48.9122845715391,5.54616732268246,4.92944607929213,60.5231457055471
1227.27691015366,5.54260533173438,4.80672713063798,4.82040054553398,5.34915580571985,5.00385745638753,49.423888158507,5.59568594066578,5.03833687128675,58.3981471982184
1232.36022796917,5.54195292547878,4.69747092190238,4.67087677143975,5.38326091393757,4.99208998478158,49.0122077802519,5.67628585000651,4.77704932788203,61.3698860911555
1237.47134272792,5.29094470451343,4.76935549324252,4.74160091973344,5.32420041553897,4.88893582848059,48.975690330038,5.54836786812615,5.03568588788483,58.9282582826035
1242.61021610788,5.23272856158781,4.95172597207405,4.69050850753545,5.38397347218561,4.90711940963277,49.7071071650994,5.5293457636423,5.03743817197978,61.0860733056922
1247.77688648049,5.68078247410813,5.26887483130678,4.95406391047683,5.3420517216467,4.65195630653023,49.8893576139952,5.51218138815083,5.30129321629258,59.8762641836653
1252.94355682253,5.72230175642235,5.46351252069378,4.83078747135403,5.38044569085792,5.18625180708979,48.932098031991,5.65998502051071,5.30228753810067,59.5854828654384
1258.13798581742,5.58969181643866,4.77670538100203,5.08735149636976,5.53547793895445,4.82369776009346,48.2974291547463,5.30887062196581,4.95672387742941,59.1911218296562
1263.38797033172,5.56496140384318,4.67790737266,4.92627523275105,5.67909070391045,4.96574436336488,47.6146849605748,5.28135159079282,4.79582307599255,59.8433365466918
1268.63799329179,5.24122607518206,4.68518433528808,4.84173178425687,5.38345359376665,4.96403588434574,47.5610973171758,5.45090601709115,4.94689880696882,63.390595327899
1273.88797790292,5.62268137431733,4.81441480537461,4.79890347952724,5.43729052352557,4.86986408648558,47.3010686336546,5.44038057936957,4.84908206505746,59.3833833944624
1279.19351803509,5.30714676777216,4.92655618367198,4.67315843154285,5.41479683460159,4.9505277648121,48.3454204726887,5.40603762365364,4.96223335389995,60.0177722501711
1284.4990965396,5.54281796309876,4.83945333628379,4.69206458074513,5.61748079282961,5.07299799743005,47.6216376203687,5.34223170484892,4.87600386511843,57.2469927460586
1289.83239532246,5.58208842587554,4.71291876858609,4.70180805054204,5.53042138373561,4.91713281766454,46.6575048890731,5.43675877594073,5.12367922426349,57.1524066457388
1295.19352947938,5.68000385162332,4.83429893513066,4.80485294102109,5.3930470759659,4.85411283569114,49.1452719803668,5.60372948579497,4.80840972857588,58.1043174066307
1300.55462527798,5.58169236567265,4.8528877845575,5.18854306078444,5.74036734880635,4.94814484302513,49.1152000111654,5.49987574546061,4.84326655575334,58.8576477495927
1305.9435180056,5.53723834647041,4.67906707689577,4.58313877224523,5.37997504240751,4.95613449389879,48.6638831372717,5.43402106734144,4.83346806491376,55.8323778538671
1311.36016937596,5.57978577480462,4.88970056588921,4.72645720910018,5.33595683143728,4.87225979162145,46.6258855305635,5.52011682278474,4.86934452017201,59.4524903253847
1316.80461771409,5.5404158426457,4.71582819456614,4.6525101884096,5.54254410845737,5.07334560356227,47.1754814014745,5.50629824161294,5.07755511149209,59.6198669530329
1322.27682465789,6.18611592112011,5.40258431186848,6.81216901015616,6.16094403367406,5.59697445861597,46.2261587168085,6.15169882190851,5.28667601070231,60.0256736389518
1327.77682860597,5.42610717747255,4.70074163430364,4.73522903169107,5.27058888355128,4.66544707240099,47.9329648793352,5.51376634717786,4.90784584628531,57.6934586455803
1333.30459112483,5.52364389326536,4.83997080247718,4.66950174700149,5.4175339490608,5.19300051163779,46.5261021160018,5.38298206180107,5.08405926382738,55.8979295917542
1338.83239199942,5.53069007904157,4.82171133316573,4.59159817596279,5.42582792574387,4.96019160329964,49.5006283486281,5.54221865948851,5.04833330888541,57.3145258549395
1344.3879131819,5.36639757395022,4.64384684418652,4.60625388014784,5.47060074732968,5.08351986386826,48.2886858306541,5.60078305676185,5.09106497573156,57.1894914916725
1349.97126969832,5.49387623996963,5.27270867500174,4.42099273327135,5.592578931685,5.04329770189166,46.3458195739216,5.35719140835728,5.04360263162044,60.3758401669302
1355.55458788617,5.50920637356964,4.84385831944741,4.42003388952188,5.62244052656924,5.08464427767306,47.7553286311639,5.26892134201332,5.01464502158075,60.0758855074936
1361.19346160498,5.38171320472967,4.80068671855135,4.6027554380534,5.54013879871945,4.76762798994036,45.6418902190445,5.58707487888449,4.89292773238439,57.8736691421015
1366.86013234626,5.53618580053767,4.75238475908092,4.50611768453348,5.07504117026442,4.9953181631153,46.4555905687241,5.42994383263865,4.94855519196422,60.3668236361205
1372.5268030539,5.4453276575844,4.64433660132181,4.43514287238391,5.45786948767325,4.90697232833059,45.9916924822053,5.60077019421052,4.85539552775991,57.5483801327589
1378.22123239723,5.48742126110948,4.67994325960074,4.721841864796,5.40108003056984,4.88139683326395,47.2482493776697,5.49049992047908,5.0722545204036,58.5117546360648
1383.9434587121,5.29897078544627,4.79707395788054,4.48266367852077,5.66795393466514,4.90151573350058,47.6652477463688,5.3992130740049,4.9696103451328,57.9963007705131
1389.69344363509,5.37079661443846,4.84985299739168,4.40648667503712,5.39875465965007,4.87816287075351,46.5802020438793,5.52438682799483,4.92002692337136,55.4143577693749
1395.4712255566,5.42219774206194,4.71134231105425,4.58529340228369,5.32943832793741,4.64128845561593,45.8963064576359,5.54633495427827,5.04710113670172,56.9621477895733
1401.24900744394,5.5068191955367,4.71253487308837,4.866714931659,5.60512989308938,5.03841169208224,44.9070532803046,5.53207732987268,5.08542854377434,57.9512915071029
1407.05454799278,5.44757770877443,4.75897483289733,4.51215885318028,5.41145157603519,4.98580795038054,44.7501723216343,5.61153892625525,4.85833093425227,56.9949134698097
1412.91564407868,5.35986942835559,4.69825840062409,4.35951680631711,5.28607091109264,4.96628187761312,46.354317435936,5.34698923787162,4.94371118874773,57.6957418873606
1418.80453721193,5.50447267172297,4.62002144390332,4.51237917971408,5.52910480710486,4.96074154836995,46.40136953958,5.58254021199209,4.82138952388375,54.624205515798
1424.69343031009,5.52794817278152,4.75554367258061,4.43893517501856,5.36417436009082,4.75564535065943,46.6481829499592,5.51509374791874,4.80888878729918,57.2515931360383
1430.58232337359,5.59699780898522,4.73782516211009,4.38502267428257,5.48029468537797,4.94824236673686,45.7049620793501,5.37695862533512,4.96386199571448,55.5155650259912
1436.52673368184,5.47252344544646,4.83234154498838,4.42407781845846,5.4826642833174,4.95041555138182,44.5834324565113,5.43671514219413,4.82302721640386,57.2487644394435
1442.4989793944,5.99404801039176,4.99145733448528,5.95482564947161,5.57562560690848,5.18203441537416,44.8376241227298,5.70390798500744,5.22433284030174,58.0609768918819
1448.47118673616,5.63084814542963,5.69288207601807,4.53923628613325,5.68130754852811,5.08942326556298,47.229893055142,5.57504024718856,5.23396244003736,55.8149976767319
1454.49894961897,5.4107850284457,4.53499360106771,4.46480142958952,5.4257953302824,4.9554222757894,44.3089362693066,5.55329427126079,4.95946239105255,56.2115494925206
1460.55450952948,5.46506064024597,4.61786539960248,4.4237632604455,5.44414850879723,4.93282144162561,46.3498277014219,5.38757146115331,4.94996032258401,56.2881378316617
1466.61006940402,5.38175496616716,4.64372739633119,4.42894274112408,5.25577398990799,4.8998005473196,45.0395493982765,5.49127873409042,4.93026979782018,56.2226660584696
1472.69338791652,5.43424356792586,4.591875868351,4.37514160414399,5.49301654318124,4.99946923704056,43.1204708029184,5.47819432847315,4.94132200616976,54.6805924617659
1478.8045033937,5.32823089740016,4.8428135744828,4.33985525148659,5.45998796374339,4.92981780256464,44.5787071414515,5.42628316064852,4.84407628003527,56.8801226042735
1484.943377493,5.18579088899846,4.70622002714047,4.29600904033314,5.4569744436208,4.91857139106205,45.8264605712351,5.39530318767359,4.86251458967545,55.0192667836741
1491.11004857218,5.27249882155656,4.82716220005679,4.25794281181715,5.44633404973247,4.8242202366488,43.9601050651022,5.44802999731982,4.95415650232922,57.1677485564248
1497.30447825932,5.3352733736402,4.89486415325987,4.47355954555454,5.60151865201934,4.78500898369824,43.8007089426578,5.57687525706195,4.95218543044488,58.9792276927224
1503.52670493985,5.32059588206257,4.65122339040212,4.16660065565698,5.2710230412853,4.89229459155167,44.397546772944,5.25940798117115,4.97614499769707,56.1774897279187
1509.74893158364,5.42559992546316,4.65524348185566,4.32355661478987,5.42794225553419,4.8413211899097,43.4483097186274,5.64210878732427,4.92096972045692,54.9370307128161
1515.99891690182,5.5881850006923,4.66932315742388,4.32062569941641,5.50470631809844,4.93727025691795,43.8781741223744,5.53585681056164,5.04983496643819,56.7794331705149
1522.30445776723,5.48854936314546,4.74473875842267,4.28301587031433,5.5159262667814,4.83136312120741,46.0703586473691,5.77119540327469,4.86908846473292,55.4084556439577
1528.63779564884,5.34407236331875,4.66614174862433,4.23090776694076,5.4962054050269,5.43984355936564,44.6764080397476,5.40540697485743,4.95032703215982,54.5697798403355
1534.97113349292,5.87236698243273,4.63850742448012,4.22673059558032,5.40119613539482,4.89299659133001,44.5560185594738,5.47618461186205,5.02622610166307,57.5873930221834
1541.33222999064,5.73601050722632,4.7431466366506,4.22983182242657,5.62339960615162,4.95876614435772,45.5034990747139,5.37709505130647,4.89632401115882,55.3545808574491
1547.74888203799,5.65017696734579,4.87587827487454,4.16237559662478,5.59570830294796,5.06116526458112,44.7221158325589,5.47021626668345,5.08205274752264,55.3256048886664
1554.19333111806,5.73885663198831,4.69763008429896,4.25163931326868,5.66845949661397,4.79507831278968,43.1024585948334,5.26801388516408,5.0482865796677,56.2947316600261
1560.63778015984,5.70356047050202,4.84568913394115,5.63603973707614,5.9205749954117,5.26335797849223,43.241238804723,5.7134846071388,5.18910683033212,55.5931966325487
1567.10998784059,5.46758778504087,4.95205438315462,4.38845080245423,5.56622175853009,5.12545713611246,42.4036750686734,5.42085936411071,4.92248236969105,55.5958617008061
1573.60999248042,5.59312017396883,4.82004725618962,4.33523059989568,5.53323235404459,4.95321901890175,44.2230533998782,5.43488765919324,4.91725195558282,56.8088148334021
1580.13775575373,5.48811091960761,4.79399680054996,4.41967533508257,5.40052236001049,4.89854273563608,42.4721625498313,5.3455363318222,4.77970449889002,56.8416385866493
1586.69331599093,5.4433566391054,4.64574109200079,4.13647127367618,5.39784864492479,4.8930798460853,43.9092248027449,5.39162204192235,5.03640487122797,56.6291631440595
1593.27663485758,5.42642485591799,5.11347315022768,4.19746172309293,5.22973312808899,4.96523804822025,43.4278959455416,5.2240506496458,4.83992398656394,55.3477889392488
1599.91550927827,5.48365474692635,4.80908427526472,4.51357509742881,5.50852657316554,4.99903732230055,43.6424279929224,5.51695400911116,5.05981241560689,53.3742008278807
1606.55442208132,5.33403692467084,4.73081187440191,4.11080846017583,5.30178902885508,4.94408282888545,43.531679055495,5.36004608338501,5.05142388261515,54.3682267597914
1613.22105516799,5.48861781779106,4.88168108632784,4.16665441419997,5.29790254210655,4.84659659387853,43.8251257150649,5.62754649091782,4.88388403984803,55.3759599433393
1619.9432822331,5.53930369956907,4.7391769193207,4.18740652455162,5.25403721239646,4.91954004827704,43.0077558951975,5.44012461931192,4.71346679633172,55.3149720745599
1626.66550925819,5.50735524313146,4.64935311167283,4.16575024882839,5.21875107288524,4.85039750053423,41.737820420104,5.54137073673892,5.03244750152349,55.5388592510183
1633.41549490941,5.56983953195829,4.4771515598368,4.30977053412394,5.13370455280588,4.83073616456416,41.7508760007091,5.50375623334282,4.86858566508197,54.4243669021386
1640.19327752925,5.42193486584688,4.66619976800255,4.12613797450372,5.58521535601022,4.91277116801512,42.0136608116724,5.2784225822795,4.85498175754019,53.3705106213233
1646.99881877652,5.37156127915036,4.75863490558937,4.1148960755301,5.35577604755111,4.99731272991577,41.970714908125,5.37420407729161,4.89670245368865,53.9102015855543
1653.83215699046,5.54326289291178,4.79697587183541,3.96841837813078,5.62790641181199,5.01965334649088,40.7302647129519,5.58744253370802,4.92508076630936,56.1334202000884
1660.69325383439,5.4221271447777,4.63811707597258,4.09939681347976,5.3167549190013,4.97675305831494,42.1526103238809,5.43302305929633,4.94937675709771,53.6378095908435
1667.58214764178,5.33052628105197,4.83128182675385,4.18901182945821,5.45256369609731,4.91056354654018,41.4307937035163,5.66845556990109,5.03822923846626,54.2140158552921
1674.49880008293,5.43420075559948,4.61038487645975,4.28446594308155,5.1384653097621,4.81450884801466,43.1073242017744,5.50834088572637,4.90842430434541,56.5989912823364
1681.47100808383,5.70136334891549,4.83079290717554,5.37106670636223,5.5789353920781,5.07372527262856,42.2738109973148,5.61035940102139,5.1520480981594,54.1574983679017
1688.47101311736,5.3860003924977,4.64131339533056,4.13230435889061,5.37360083040375,5.12607246598988,42.1555018733687,5.54211360923161,4.95681676749803,54.1235826679114
1695.47101810934,5.45350186271049,4.59855041342982,4.18158515031816,5.26590007545918,5.12368273232839,42.2661907008845,5.73157806608393,4.97898662720855,54.2725241401951
1702.49878174684,5.49101216511931,4.87164319956542,4.33209318322841,5.43566067892257,4.89881448779989,41.1054137568408,5.58829056614397,5.08892199430961,54.4050301225155
1709.55434233029,5.47268620314017,4.75830528821814,4.17745025349049,5.50218928686554,4.88411041682727,41.6250614578721,5.59349082601117,4.92998543963143,52.8451796658634
1716.63766156656,5.58014923620279,4.81703961733369,4.15104080979157,5.42509616414856,4.91491505355095,41.4634006708963,5.38664864154881,4.96173065934936,51.3167066250921
1723.77653636504,5.46717314209083,4.79743941607772,4.14275707194913,5.4381803545931,4.87311335639619,41.3674868541063,5.53131057218507,4.80048768743053,51.6030688303677
1730.94320817156,5.55551986922958,4.81896937986265,4.10482355664863,5.34054496156517,5.04638359794986,40.7180879986471,5.42342581219145,4.92496260791339,53.6394297204802
1738.13763857031,5.25262367058042,4.69563823946269,4.15881568100725,5.36797764702916,4.65002424765785,39.7292444218751,5.37344216716436,4.9332535237957,52.3147517193074
1745.3598659663,5.40587054408955,4.81809773329343,4.06231571197548,5.40133088727433,4.93573681146194,41.1189705038685,5.58407945040022,4.91141662986939,51.6872344587238
1752.60985196573,5.49241937392481,4.91165657849989,4.02111253312395,5.47997706860248,4.85261944916176,42.5367364159436,5.44276443060542,5.11891234517212,52.7771199896395
1759.88763495054,5.71550834339345,4.52028441087766,4.1443284938296,5.44072600050479,5.03129680638121,41.077885578694,5.40754977426528,4.77421212882693,53.4893141329988
1767.19317655101,5.45708048315702,4.79131309542954,4.11961620369283,5.638069255568,4.81915425601095,39.5717854067808,5.38789080064818,4.92302442846724,55.0317300921771
1774.52651512399,5.55367252930907,4.82361084073773,4.12896744688486,5.32449086482768,5.05449009137929,40.7509299848246,5.55665961158607,4.8247365477519,52.9292002240778
1781.88761232586,5.6084964878817,4.67646461439696,4.26251959015026,5.44400413597392,5.09256318672846,39.9468857147899,5.55627007301322,5.15784846096365,53.9146253903061
1789.27650648637,5.4080454213474,4.77935513573984,4.18902840037711,5.28801517126093,4.84287623346948,40.7140309818307,5.43767754465306,5.19427605888004,53.6683152465373
1796.69315928996,5.8966794681945,5.02006921567283,4.853981705144,5.70655116959328,5.23614875364792,40.130228089488,5.67201573209123,5.33260525193659,52.850493120303
1804.16536766052,5.38787544057841,4.69907447318918,4.28850131648877,5.53077026996707,4.81583220123342,40.9137504509037,5.50291792452998,5.01717945958153,54.4881311727103
1811.6653730382,5.66240558717155,4.77380058776825,4.18265625892962,5.42339302703443,4.98796643162924,40.751809603827,5.50351533985105,5.08113225756757,53.4732187324172
1819.19313701167,5.48697237110775,4.71616340742885,4.29235444871605,5.28086320824851,5.07540464306763,38.7742691354353,5.48368839551583,4.86792094004432,54.0172097383127
1826.74869797486,5.43247060701905,4.76537759758455,4.11679109045446,5.34015540713719,4.9374865133275,40.7325299007674,5.46417382249702,4.8703313488599,51.6842664294953
1834.33201755148,5.58479558106433,4.70322469553878,4.15450733998255,5.3521434467947,5.02846835940982,39.5676890060987,5.32073872060788,5.18853793443047,52.7877611045626
1841.94313409956,5.52333109316508,4.6304598384137,4.18561294947242,5.44396362961174,4.75842038302323,39.9659643223094,5.38143511234408,5.01850198815376,52.4205607720433
1849.58200927958,5.60254223709053,5.13804729243392,4.31902250022104,5.53049500475937,5.05612640340682,39.9610078474134,5.51262217594149,5.08331394859948,52.4103267314826
1857.24868141191,5.5158717406272,4.77858215550473,4.26823223249426,5.5942761898629,4.85409953865638,41.1477977433255,5.57127853973566,4.95705948426287,52.7011080968517
1864.94311219553,5.44185749999743,4.73447637510303,4.17754201054876,5.41041376000015,4.70455599972517,39.8574209622067,5.43800605606506,4.76297823842401,51.9319309031574
1872.69309854955,5.51239031970113,4.73104023242651,4.40531977853123,5.43180505324431,5.00919444109446,39.0431120351952,5.69688081987339,5.0629724572468,52.7295985231714
1880.47088189406,5.55795697659118,4.74982304242292,4.56017973580564,5.51912953047968,5.00327214750126,39.4020760765388,5.41188144467541,5.04928627358579,51.4800570268273
1888.27642385264,5.60753706240662,4.73369645821335,4.85826563880891,5.77754238877216,5.04228739667703,40.25174639909,5.56782207522305,5.11431901608206,50.9503301766384
1896.13752138314,5.49186370724281,4.71302276194057,4.83736467415781,5.57492273371853,5.05344268480519,38.9545651378835,5.71175449526463,5.092896536819,51.1341130943395
1904.02641593798,5.59031864985825,4.84499484650821,4.84006946657455,5.45543617824375,5.09662984905504,39.2943092486148,5.73619069455869,5.20487888362322,51.0738795955593
1911.91531044605,5.62245520410766,4.75308596052814,4.82964089990063,5.55845713032427,5.10335422050495,39.112291916216,5.79274866035643,5.18994694309563,53.5044024520737
1919.8319636144,5.58419088241366,4.99189714896934,5.06213098474191,5.49063329694007,5.27640227292473,38.9737202053372,5.77162622264527,5.31178481496877,51.3483667950518
1927.8041723556,5.54277000111906,4.59149190528365,4.41452954956217,5.55399682795534,5.00689653366662,39.4612344214364,5.65433656773059,5.0468628938443,51.6735214833765
1935.80417807189,5.47902357806586,4.63357889112222,4.14832505307901,5.45082031104966,5.05181905778456,39.3090640051917,5.31623760497747,4.96948639679711,51.8817976547794
1943.83194241871,5.39207254288802,4.71828458178629,4.26015482629391,5.1560231326732,5.07766030422738,38.221676265376,5.64834694455001,4.99679791000646,52.9862529932506
1951.91526233975,5.33542135135828,4.69440659968287,4.26469790245108,5.43132877574536,5.05814864844423,38.886702076896,5.40107577599737,4.96222203275599,51.4113996894378
1960.02637926235,5.3704315609962,4.80163139132209,4.08415002000127,5.48476880738927,5.11208552907794,39.0822638205236,5.40692282884112,4.99895322469672,51.2614329842216
1968.1652547897,5.40504548264887,4.69027012878174,4.02407641266734,5.11885858681519,4.92661335134422,38.3102995042933,5.55203059366772,4.94100423364804,51.3570945325612
1976.33192729058,5.4829656274335,4.61885221219007,3.9186102103953,5.30172228496984,4.93913139702055,37.3605605846474,5.43938218786965,5.04853395555559,52.5391307976105
1984.52635842428,5.51305273765319,4.51019976308735,3.87539237318403,5.2175904413555,4.87063371489061,38.3268335393747,5.37380500754491,5.01542137995895,50.8555535291306
1992.77634513387,5.62709853509445,4.6758468675162,3.80959970454025,5.2902852726098,4.96539846904891,38.5124299682727,5.42340783952838,5.16915879825486,51.2492429597436
2001.05412883809,5.52875090459977,4.56100599466672,3.90481630835815,5.38809564359953,5.04620055517232,36.5059398799485,5.3997394001943,4.8647273776522,50.6698866323828
2009.3596711546,5.40697030409428,4.6823558981031,3.83101891821971,5.38450994426274,4.81043935824436,39.058698344678,5.41926126933752,5.0305950863077,50.5890635185174
2017.69301043515,5.40571592281466,4.69347993161706,3.7705720900953,5.37368809935885,4.8467697731319,38.0669067498609,5.48392176499588,4.94047013779009,50.964643266671
2026.08186692395,5.31982465139775,4.68367876132433,3.80634901905954,5.44121230417792,4.7740131333309,38.2875319058209,5.47220991953602,4.92039130238784,51.8956715364712
2034.4985588098,5.35503350512766,4.8917716850896,3.81537897657342,5.42946645704022,4.71543059290851,38.1482782872954,5.44881704202265,4.92822321656472,50.0585501855586
2042.94297093845,5.47229073583063,4.79855109328633,4.1468885593346,5.25223699009221,4.9870427536588,38.1631745071676,5.32907690182152,5.17979891327256,50.307236638409
2051.44297704382,5.43844721799556,4.68015713402481,3.65866796377583,5.44743877905386,4.9115790800629,38.246994692289,5.45063284652284,5.18139751972884,50.3380268769985
2059.9429830988,5.50320204668529,4.72375851615282,3.65840122878999,5.35774299766203,4.96334760810458,39.0182919276629,5.25914142349856,4.7507655073455,50.5137760708536
2068.47074781453,5.5092137805452,4.64590205935239,3.73090291381068,5.4862751588101,4.91719944245997,37.8792038102769,5.47036870413911,4.97390433309441,50.9206794601007
2077.05406810904,5.40749468868682,4.7424387338768,3.66086709497645,5.08413403453437,4.85051963029581,38.7092366887017,5.36748079676703,4.827932002869,51.2032998785991
2085.69294398307,5.39377187800817,4.63766383713127,3.54030106450639,5.36033598715749,4.87260427144149,36.7794192713689,5.54784383672332,4.93470259883775,50.576713918371
2094.3596168588,5.50112248546475,4.54602342410729,3.65094970027273,5.38078904758812,4.76899719727234,37.6448004701093,5.27487678865706,4.77531696257934,50.5471343832195
2103.05404834095,5.28789315163184,4.53766790962139,3.68833231465748,5.30164356051262,5.00457483288474,36.8111644247038,5.36961946583378,4.87669267965665,51.6774002339262
2111.7762767884,5.51253273633512,4.58745701208601,3.62776344863636,5.54633209217528,4.79420511726825,38.2307506270841,5.33867437072772,4.87958420370646,50.934147729922
2120.55402245171,5.51129003624519,4.66773321241264,3.60696369978193,5.11325245162575,4.8918432812289,37.9715235894585,5.33814833633788,4.97102404342605,50.2911381138017
2129.3596034921,5.41886320621068,4.62517794317044,3.59859728661166,5.34384735983917,4.87607918059825,36.6194500094366,5.5574635972712,5.01950104397982,50.3422753106531
2138.1929048017,5.4977133272162,4.78995158452976,3.60692690222711,5.13500157214552,4.910350464915,36.9943932001456,5.41735346874644,4.87299986313048,51.018543915776
2147.0818000647,5.44123413296752,4.72471203391952,3.62562830394854,5.30407799624096,4.83201546183073,37.7724168423201,5.51772241142991,4.90407523004922,48.5935252127542
2155.99845392558,5.39071368600583,4.81634602560168,4.20365035717223,5.34332679376434,5.04899884214726,36.8442846679339,5.37330045368379,5.00385805898453,49.3606551238487
2164.94290475763,5.39571184052144,4.56626747970403,3.69528412735258,5.38298396757937,4.9468157059675,36.7361067857428,5.43181629593012,5.02956665464885,50.2940560335868
2173.91511422697,5.51155575690783,4.79980051139703,3.56220168343702,5.3785939328518,4.8784505206395,37.0835561076852,5.33422328868397,5.03894987635695,50.8220558223361
2182.94287927871,5.25563744878903,4.66470943399743,3.63738302798455,5.3542320991106,4.92195627212781,36.1864108200866,5.35899785309045,4.81156999722756,50.139916127891
2192.02619991348,5.46359454685822,4.63216418882235,3.63111721192859,5.26157581380124,4.7515410492785,36.2477164007651,5.46876843635468,4.85972249355719,49.6884960768731
2201.13731755581,5.36119895195267,4.5909539022093,3.64242351446519,5.47158885946161,4.91575851420941,35.9089827187115,5.45091240358754,4.8246840362017,49.7711802334675
2210.27619379947,5.40253149935367,4.56542462845868,3.63600106384939,5.29968884492716,4.87447746677023,36.501979457839,5.34874209081289,5.05560528676599,49.2726051340574
2219.44286700823,5.4717690274343,4.75162509576776,3.62253139444225,5.2218597286126,4.90150598978579,36.6796539733491,5.37692204002424,4.94548172087537,51.124578005432
2228.63729886056,5.05379684534253,4.67412513832902,3.63782032253429,5.40359519144358,4.86143204220931,37.0450862859145,5.41203964549987,4.95725266751178,47.1769925790336
2237.88728629677,5.35200665088842,4.6379678192098,3.54659480286744,5.26199998331833,4.87870525720859,36.4317564198238,5.31520147220061,4.98381517757051,48.4990354595462
2247.19282931744,5.58148227280806,4.63728254307312,3.52033244340831,5.26996193925909,4.72394529602946,35.7285350400602,5.42821593633127,4.87636514844582,50.0894998819728
2256.52616933119,5.49509318803886,4.75734220282796,3.63187784304263,5.15207914056499,4.83001184181951,36.2073113123965,5.30507569241633,4.94956014011476,48.7378039379816
2265.88726796081,5.45005377992057,4.79358059870176,3.6470738684456,5.2130537219827,4.90431309133747,35.1609180105222,5.47369134215253,4.91021496332492,49.0442247047786
2275.30392217553,5.28838218722126,4.8152864151594,4.04810535676,5.32453031602654,5.01889235435893,37.1370565028494,5.46303450374657,4.82401553985746,49.8194562129621
2284.74837337187,5.48213983502876,4.63442250085055,3.43605745170318,5.34758437341174,4.82949397203169,37.0676023107989,5.55495515007786,4.95696073040662,48.5828780886418
2294.22058319549,5.38731075812694,4.539341514221,3.46173678229803,5.45493809488899,4.7332835345642,35.5347699799016,5.35649751970787,5.00470912403214,50.2340230429393
2303.7483486048,5.33193685328439,4.79979615399885,3.63656507177224,5.27924097169789,4.94115668963415,35.6209796487758,5.25688910769919,4.99696469939431,48.5065753820806
2313.30391098177,5.5218902536227,4.67217125729476,3.5107471887194,5.4138077055874,4.75621733717247,36.5184496082103,5.28489924946626,4.73847477820318,49.4804252082732
2322.91499058692,5.33296069776479,4.65926212350142,3.41559057284033,5.21603299665325,4.81918776908874,35.7183161830547,5.33705309432816,4.89807288415692,49.0593785212421
2332.58166419959,5.34199628169858,4.60148967340476,3.61154298194561,5.50967279089967,4.81031279474031,36.2426779924443,5.29393807532127,4.82726373703476,49.1092673593015
2342.24833775493,5.37088603422229,4.51475296992111,3.51459181302685,5.44935496628559,4.92766962615296,35.4783220258227,5.35280757626859,4.91400100816322,49.0524078835326
2351.97052857372,5.51466237426206,4.87243150402285,3.48308547401469,5.57900045108671,5.04852377469228,36.7529027609689,5.61968848813433,4.9600434269007,47.6449074905844
2361.74831336332,5.42372462622918,4.62577063985661,3.48522332802936,5.34492427920983,4.92493664595403,35.8484595839318,5.44576011117041,4.99395233945126,47.6311311998862
2371.5538567506,5.35888493656317,4.61019053401286,3.52895259164059,5.34488454503613,4.86017718434131,35.2221882560141,5.39734550130005,4.89620678613081,49.3238368495623
2381.38719709872,5.32407692508023,4.57006742124015,3.47611367218971,5.21862768013867,4.80328877743605,35.3105215261066,5.30312445644385,5.03618868920127,48.7365615219938
2391.27605469305,5.46839665244137,4.74329936698055,3.51726991339457,5.29858795840424,4.8775344826759,34.728531176,5.37123985340936,4.87279371628761,49.5189562641034
2401.2205062735,5.51191889164923,4.70306690549441,3.93127054066095,5.39020971678446,4.85416798384542,34.3075240848606,5.4489384421008,5.05424166081986,49.2478596252042
2411.1927164453,5.40953859681637,4.70322935857754,3.4401863897424,5.29677214430037,4.78141708707118,35.5197554665888,5.39024880691552,4.95317116186628,47.2711090237461
2421.19272358228,5.25430708755031,4.72422947921206,3.47738694556052,5.25503906269208,4.93606711436555,34.0652545980031,5.29977506962292,4.86719020354854,48.2835039207967
2431.22048936258,5.3747398483495,4.60451185041423,3.5172013666191,5.34210274785281,4.90463348242096,34.5810647799566,5.34177997024253,4.95698145075095,48.0800015729358
2441.30381073135,5.38555141815226,4.71548507545025,3.4779552982977,5.28339426134352,4.88252415469772,35.5012904686641,5.24880000218856,4.93610064834232,47.1175264317644
2451.442687689,5.37442872050872,4.89528979596243,3.52693247771421,5.2606106327102,4.89670556500508,35.0480143863846,5.3623285271225,5.01040497247966,49.2956518623846
2461.63712023592,5.52565388969583,4.62237532455229,3.56947204520307,5.22950986080671,4.79530502050273,35.8177917501169,5.41041020241328,4.87466443999415,48.4000351112828
2471.8593497723,5.33480531524476,4.66892390439598,3.38960681401072,5.34705798499024,4.91483260625266,34.1979006772015,5.36744961442572,4.87339187311334,48.9476544788769
2482.10933792754,5.23532436271972,4.71915317523344,3.44090213449258,5.23444742365889,5.01330975596871,34.5393058205781,5.32549662136442,5.04051434059108,47.5277257089202
2492.41488167234,5.47232790948838,4.63258910450948,3.26690621097999,5.24789194027996,4.90571445410587,34.6168174669053,5.23658847244222,4.95593493806177,47.7240068617917
2502.77598100708,5.44934773357513,4.70735278270772,3.43529246805949,5.34613945894907,4.8600491689643,34.3982037861983,5.45965942231069,4.88219384795497,47.2135146700756
2513.16487732344,5.35119748971841,4.50591461424022,3.39907051900176,5.39784003671675,4.93689448247558,34.121595945655,5.54164338317674,5.07609202989168,48.7875233423946
2523.58153226616,5.37693374275958,4.71361523193107,3.82649363622118,5.6652968009762,4.90712963158662,33.7799523661547,5.54616606378845,4.9122162382985,48.6108109637302
2534.05374279906,5.42409624065953,4.59831054509351,3.38525674548533,5.37471279129112,4.97519718098341,33.6963039987024,5.54178966638415,5.08361060836422,47.6953380393102
2544.58150892248,5.49381214899356,4.73419628556342,3.44719011320868,5.40786252452905,5.00411916913659,34.5196365257073,5.43618529306558,5.15944048439004,47.608242936489
2555.16483063677,5.36720671975179,4.63070086889585,3.27635556208744,5.38694322214082,5.20029533864092,34.5281598300898,5.46682233545719,5.18924732183468,46.5662480111243
2565.77594934103,5.4888113568768,4.52485497989573,3.39789701204984,5.28387206003776,4.96409807192977,33.5053456231369,5.42178164213289,4.96725418819147,47.9777661410684
2576.41482666283,5.52103166569044,4.79402594883804,3.33720823566177,5.2918400344358,4.94453132029571,33.9036511477359,5.2137577994794,4.923583825465,46.9196202918281
2587.10925957567,5.33005600232126,4.57937375080678,3.32666083943379,5.31278649856623,4.94350604307151,33.2728052450032,5.45486693522781,4.84083638734887,47.5703983891328
2597.85924807984,5.31827398974855,4.76292750997103,3.28350352486485,5.27872968078479,4.91197578360428,34.5137108773983,5.36556710589473,4.88755564740833,48.6827238650567
2608.63703355488,5.44099604457651,4.86815836830147,3.25657073147115,5.41554412434061,4.82288267405319,34.6524604546574,5.33863736988305,4.83239878376337,47.9103853446957
2619.47033626779,5.40007585030082,4.62283908731628,3.34606693886331,5.42569985252333,4.98393521545495,34.4622491389552,5.38274062539142,4.88404522923165,47.7344650112571
2630.35923296397,5.22183088404881,4.66853069780462,3.31435709066779,5.26615871877386,4.7756368956869,32.7553860784468,5.40837148299344,5.01681080417724,46.8414623493683
2641.27588825846,5.53307049106615,4.6853820203381,3.72424274826451,5.5555411591872,4.95652725680646,32.4208291322178,5.51238349892331,5.04954723107201,47.3077925330184
2652.24809914496,5.45651145457211,4.6235120015331,3.263156879045,5.19823554793313,4.84964480237862,33.3640296932184,5.39524326944211,4.88140959164074,47.1603049136548
2663.24810699607,5.38818993048574,4.70200719688312,3.32943054377164,5.19584299607386,4.88059909743599,33.3305695018694,5.38005558325502,4.84707445395041,46.9792955449442
2674.30363209953,5.48387046267586,4.71355332061735,3.29270692519953,5.34835072575609,4.97940367262035,32.5606426151035,5.25224696267319,4.94648798790193,46.1330901798591
2685.4147511691,5.30485262012953,4.70803195317278,3.37670923865513,5.298369098232,4.80177600899891,32.222165092019,5.46908674632013,5.04099740106047,45.9807463003351
2696.55362884647,5.31201225668786,4.76940857466798,3.40001027268241,5.31807482893815,4.97635620716854,32.5141438456213,5.3654678734898,4.97558928676123,47.8265677738468
2707.74806211642,5.35236940013471,4.77227919304915,3.26550906570802,5.25296470900008,4.83333203120112,32.3162209542362,5.40546710175379,4.74740887305346,46.4503832163529
2718.99805097916,5.25077883459203,4.73669165517512,3.28961452203724,5.29064991826458,4.96659421915453,32.8282585584995,5.48427640557949,5.08948352250337,47.1243222068571
2730.27583680764,5.38792342806909,4.75034622180328,3.26612942442497,5.28151282224466,4.94263088053976,32.3723991860114,5.42180862708176,5.08116527569958,47.3185740937879
2741.60913988842,5.37325642519936,4.76129326618004,3.32632268246564,5.17697483443898,5.04281118275318,32.0020259960583,5.55161391331706,5.10344817446237,47.2800954963076
2752.99803693208,5.59615490312398,5.0222077097069,3.26426686247248,5.46164359761151,5.2332594645817,34.5536928021176,5.47250294127755,5.28159907685764,48.004450282853
2764.41469258619,5.53738803348951,4.64298262136117,3.61282890219563,5.43093243937918,5.05051624688215,32.6405151340913,5.43268673553762,5.02323036515727,45.0400657306145
2775.88690383351,5.52530807047879,4.77693905509603,3.33276501566297,5.32143565143447,4.88814580983159,33.4364597001105,5.43280957724059,5.02776175982802,47.8410851912514
2787.41467067423,5.32650504193776,4.63939232570033,3.36265230658599,5.37693360916722,4.88330399794247,32.9076659617914,5.44866381682615,6.47413403689157,48.195851799525
2798.99799310854,5.23831798259073,4.6043831728351,3.46960578430528,5.83033948542809,5.04038147679206,32.1684973705829,6.28087615089097,5.98584030129421,46.5958158470976
2810.63687113662,5.62663892506777,4.66241781664788,3.42210979736397,5.88010633272159,5.03013332362216,32.5926596866594,6.57357707055803,5.8215050886846,46.3890643978986
2822.30354614416,5.6247317457956,4.63309203263968,3.65889781257983,5.4552294166297,7.46337470018877,32.2927798450539,8.92578851281408,5.4895411752712,47.4570244069843
2833.99797977631,5.4343988601769,4.69111342109038,3.621137547017,7.02836506096418,6.79501701244459,32.948726668831,5.48282134563623,5.61992466045305,47.7779900789494
2845.77572759394,6.40013452124923,4.84788674260946,3.78413814591761,6.87172512605966,5.06429669135674,33.933081751679,5.48795312200766,5.31507641432469,45.640635226667
2857.60906941708,6.56111842599763,4.86376005139804,3.69947591406519,5.2868284785339,5.10179051978468,32.4337158988728,5.44168260677326,6.28147260792643,46.0362698564378
2869.4701698308,6.03651191112917,4.80048745216749,3.5452609463781,5.2995662467461,5.06434189403405,31.205212117024,5.37168508697212,5.13445393574719,46.2452060695571
2881.38682583867,5.58110267978061,4.7896035752712,3.65552224656231,5.27586299345353,5.07391766525557,32.5913151783669,5.5569136639144,5.05652721233601,46.4035214368769
2893.33127879995,5.44770381988534,4.74998302027971,3.31179015028614,5.27248165699919,5.08046836444996,31.5217155665514,5.39819114085095,5.15374503719009,46.4369085286988
2905.33124904196,5.16991922073769,4.78030332532762,3.3395911051215,5.24288791316597,5.09782813939222,31.4455064425512,5.39938951280851,5.05220209529239,46.2224389067333
2917.41457183301,5.32895948395246,4.6522974442996,3.2512662961209,5.18019062561309,4.94796189428032,31.663838132754,5.21230136699977,5.00961152789785,46.9606896028526
2929.5256916045,5.28599901837767,4.77148271615679,3.27277880566714,5.33745537891032,4.99469806668714,31.8704718790743,5.41387234898085,4.99632196644309,46.0381388092256
2941.66456999771,5.27015447158214,4.71774172239444,3.24293092690809,5.23116164214211,4.93929240544228,32.2948433107005,5.44823521528793,5.16750929072101,45.7087071660579
2953.88676258342,5.32418577664837,4.72691487070937,3.23295449166759,5.29794622868056,4.94833190766318,32.2085872865348,5.35199175613214,5.00940673468328,46.090574098189
2966.16454916258,5.43286454531221,4.7188915628777,3.12835627986403,5.32940810211439,4.92451877851882,31.4280699633753,5.25969812867733,5.02325735110041,47.1967027002857
2978.47009433928,5.31955439787667,6.25718013062807,3.13195402667768,5.39307497031294,4.72984225262465,31.246148422979,5.34463861339511,4.8591534872014,46.2952255538514
2990.83119511065,5.29584160086922,6.35678254161038,3.16537307613145,5.24538859821115,4.8742906180433,32.0816392015912,5.23060183365948,5.13273283194352,46.3943421309527
3003.2478514768,5.4041648390608,5.28762812996933,3.37438382576485,5.29779363996889,4.91492718251612,31.3047874176435,5.2844371375711,5.08867456767813,45.0375451317436
3015.72006343782,5.34898467096151,4.79868224346955,3.07136763179629,5.22084178227687,5.0141133300632,31.6720234458146,5.53436740657879,6.08519880239142,46.4954937526756
3028.24783099376,5.20894327997194,4.72265047255096,3.05340179814203,5.79615019382654,4.95461084054787,31.6076697568102,6.31313496826233,5.85403110421406,45.1239352865658
3040.83115414472,5.34266131442644,4.72706570834394,3.08120219506075,5.51239899304794,5.01656559939028,31.921433119254,7.32899282456681,5.25779129906145,46.2241922486913
3053.44227425617,5.61402521798741,4.74955471952799,3.06242145613879,5.45471005366098,7.47247294755678,31.4916297232341,5.85109636841975,5.52173557965891,45.1259503902889
3066.10891163652,6.02437293884951,4.59507075945916,3.07396553187415,5.27087746557803,6.24328788213294,31.7863802848315,5.49413454243416,5.22737872955884,45.8283503296678
3078.8589015729,6.48778290463437,4.63298769500956,3.05840381094906,5.26225502352294,5.79595774594562,31.3954578720535,5.38537105147658,5.72206740262063,44.4690797305405
3091.63668848274,6.19920713161605,4.68681548964805,2.99963550397866,5.74590107478456,4.99365402078251,31.3844733596676,5.4154865811607,5.26144590213942,45.5695685290903
3104.46999263598,5.49073122379433,4.61107321954146,3.0691866428847,5.98379663210245,5.40295669650706,30.7572485545031,5.61516495666915,5.39986972330709,44.7969849098783
3117.35889074323,5.47745822051161,4.7646356238128,3.21573010794519,6.94269377547519,5.55722954751477,30.8182752506483,5.43952546642981,5.45728687434377,43.883633048998
3130.30330608038,5.59023992154678,4.72497472346779,2.99610504530873,6.0102755926082,5.58658343894604,31.2475095327702,5.63512190033487,5.52796749190652,45.2677777701158
3143.30331538371,5.46207579392868,4.83703259182194,3.07233519234582,5.49515329694401,5.24982395175556,31.2515705705806,5.57565575796405,5.39645186168663,45.4168761251135
3156.33108329898,5.38301215952472,4.79577444098867,3.00068716080198,5.31583774798762,5.05603293281538,29.9545734671381,5.39549161913152,5.17866961618496,44.1613208651221
3169.44216541482,5.33091501686753,4.75468738788996,3.08982631954711,5.16602355063788,4.98631387178138,30.1777397748969,5.4927706569664,4.97042624742976,45.1458769363317
3182.60884150999,5.44033589759866,6.3976935369774,3.02962256255701,5.30842454083397,5.0029092416559,30.1242517038926,5.43055156977048,5.14177108175117,45.1456105754196
3195.80327621063,5.45809929814026,6.20029990987357,3.04798307137024,5.30654435217542,4.99434600294147,30.9799003990788,5.35639220416504,5.12493292178605,44.7750633172248
3209.08102510853,5.27937185451854,5.19149810213375,2.94197515249282,5.36766151048451,4.93120616522351,30.451225986101,5.32735491055568,5.03751635844415,44.8220788539042
3222.41436799259,5.41316039537038,4.69713743801727,3.0851752175134,5.27253769023437,5.1202617998033,29.9077093097496,5.29008821217334,5.10427982747784,44.5360506800354
3235.77546947874,5.41221475706906,4.72992002313905,3.16270581711157,5.26140961726394,4.98415268633141,30.7183708398499,5.4647291934902,4.85482269981491,45.0232012956381
3249.21988516184,5.24529870523763,4.68206173573297,3.00075322902975,5.19705673235238,4.83759587185331,30.2013233781002,5.33079640030505,5.12896435705331,44.8256130801739
3262.7198948318,5.38043407823804,4.61559605237465,2.92786168717686,5.25996137026113,4.9057053462201,30.6464340997228,5.366636054816,4.95374781173484,45.7656969553874
3276.24766310352,5.32335564192376,4.72797167486805,2.94721860888185,5.20513637518511,5.00325087875841,29.9517543037435,5.5906183844097,5.01135626613129,44.5169697092389
3289.85874557475,5.40656893180713,4.73169731043518,3.0197088420784,5.32037201760444,4.91309470079304,29.8361640874011,5.31013552056189,5.09100150919788,45.2834684075254
3303.52542202765,5.33087169643153,4.69350488025533,3.05237676986218,5.31246455611055,5.07948341890217,30.0251184385131,5.42297872318799,4.97772661219123,45.416721916088
3317.21985708484,5.34684720827168,4.70821024677616,2.9283809542536,5.23335620969555,4.92317947535655,30.5674936814189,5.30833414784664,4.97653719418559,44.3671408509223
3330.9976063469,5.22894097794112,4.83791498068332,2.93501502412846,5.3616862442675,5.12731947629372,29.3619870327935,5.3229352935032,5.01033107681634,43.9859944681042
3344.83094957976,5.31384589021709,4.7350926036529,2.92057316217329,5.19213643285635,5.0207014267727,29.9017991716531,5.3927984220131,5.13516267081184,43.9398775591621
3358.71981003721,5.30047733442866,4.72995292178109,3.12840551824663,5.27143791015029,5.02568034044332,29.6123165879528,5.387605085379,5.21574047090211,43.6214305057373
3372.66426445496,5.37799367267912,4.73443354278069,3.00738864515768,5.28864392871467,4.86565198318729,29.4059817141366,5.31105934007691,4.97018652286144,43.2915825717519
3386.66423610884,5.38685207622896,4.85045531667144,2.99687169703496,5.22402951413855,4.9994180561798,29.7639446576517,5.16867414846848,4.93978803580797,44.0529245275073
3400.71980171018,5.32975314374181,4.77984452361842,3.00672617176862,5.29321675977164,4.89552457640534,30.2299374629732,5.31464602366594,5.11107597235893,44.7050799381991
3414.83088456149,5.34293440743824,4.7983727980746,2.91147193246317,5.37782595856454,4.94117377878549,29.8965694055032,5.28021403766192,5.07306359824981,43.3016183058261
3429.02531997827,5.25026748538319,4.75671285455623,3.01014235605182,5.3043330106684,4.94847686092078,29.3522602664249,5.32269681689184,5.12948928587407,43.7789047551227
3443.27531099014,5.36153404460413,4.87417915656,2.96494444790775,5.36674265760579,5.01394456402649,28.911340529065,5.31366835385603,5.09774630167384,44.1633112582689
3457.55309895439,5.34489318645925,4.79799904267965,3.00129085259234,5.13369054963289,4.98818558555672,29.1248026707,5.25272242950792,5.01102255517406,44.4123322985867
3471.8864042036,5.29315918792299,4.67502317926906,3.04431738883539,5.28909157511115,5.0739436860444,28.927983718155,5.32256355201119,5.05880123742903,42.5379449364152
3486.30306200043,5.34840564515704,4.76199787230661,3.1543258770184,5.28440429949838,5.07832596848992,29.4027818555165,5.4519334023624,5.20239705748274,43.8383540294037
3500.77527539209,5.36763591177839,4.86823992536304,3.00496838962654,5.14461638112735,5.07961332977513,29.2311522624746,5.28775575941256,5.17455109482908,42.5984826729598
3515.33080297015,5.3244823456074,4.88697669843555,2.96750007512165,5.25205569655143,5.07074672480842,28.3317711743997,5.33692515651784,5.12284067558461,42.3427619736545
3529.94192455493,5.29379254310606,4.7802055813042,2.91231844621048,5.33437283787568,5.00806163926525,28.880047519915,5.42497357530176,5.12783269547401,43.2975646816965
3544.58080473072,5.36628257873488,4.98199194927321,2.89809981261536,5.12051614113898,5.00849385869483,29.517539189808,5.32660541743233,5.11057669666051,44.123197784422
3559.30299911313,5.29456278135011,4.73260290648143,2.97234961194189,5.26605517101303,5.01905975582378,29.1351353937877,5.2501441427832,5.12264388065361,43.3489607610915
3574.08078746106,5.28042944652541,4.93886813165878,2.95014696784858,5.28456782878204,4.9802639466025,29.1827319438999,5.3126427406034,5.29560808495214,42.2605910519536
3588.91409304728,5.25123986963258,4.85541611795207,3.06371497057442,5.25760615088424,4.99637696591564,29.1397372901692,5.30346898536772,4.94133388685872,42.8028101969731
3603.80299256893,5.26445597073876,4.93935971153404,3.07791728738388,5.32897655321574,5.08410504575331,29.4819713699388,5.45689332102062,5.06591693793395,42.868181661896
3618.74740935955,5.33910966013446,4.7731940166803,2.99749502217766,5.19263196311295,5.04129541642362,29.3224480101531,5.31072176972337,5.08407185413466,43.8603554350645
3633.77517870491,5.4527649461465,4.72545214679092,2.99316840724924,5.24195301176004,5.04507428657587,28.9381922988222,5.37466795592819,5.1461259562645,43.1713390997411
3648.8585036445,5.33784930536078,4.87197740462565,2.95559162563059,5.3401643906426,5.10808038954757,28.7540426002942,5.26691802327872,5.12671350059331,42.6709177065016
3664.02514277706,5.43344314843259,4.85580973840636,2.99745772767284,5.2318182030706,5.21094883898969,28.5043846140008,5.4940519684348,5.09241068022094,43.4629732329092
3679.24737590114,5.20334654432911,4.80881060085553,2.95210652150865,5.07526617061055,5.0797223754996,29.3507062395128,5.42258976873588,5.1063581230673,43.5428554352834
3694.52512624084,5.38893697304191,4.80706355682865,2.89737102481759,5.17205759184009,4.97767617679684,28.7826072736772,5.26647236570581,5.06184813573449,41.4879107019021
3709.85847053335,5.15258608585968,4.84431965808031,3.0377855452011,5.30231637352894,5.06258750288299,27.9617500285163,5.42910859580212,5.16454391796773,42.7426524811191
3725.24733208063,5.3565969908519,4.81446513028516,3.0764635653472,5.3209395903671,5.10818142896263,28.6583785836431,5.35398779438927,5.10656706313937,42.7275799807131
3740.7195461889,5.3284718449495,4.8072565961055,3.08439296909573,5.25489112345577,5.00582861563934,28.4695047280242,5.34736188897853,5.04054564686941,42.4689752737217
3756.24731589077,5.3770852242517,4.94342116909916,3.21491228602693,5.24826812296714,5.05332508918174,28.410649182909,5.45861701224468,4.9853562289252,42.6466683970314
3771.83064118617,5.24875379940859,4.98339100408133,3.26887175406892,5.39078470227763,5.18771151663078,28.2532489466067,5.34883402613036,5.25026791777466,42.0289654023086
3787.4972806885,5.34760071326461,4.9559924923549,3.36805749609728,5.36031622225122,5.00362077949522,27.8958407576428,5.38541794270368,5.14998433912835,42.5684253429178
3803.24727277747,5.41302204468958,4.99713691787553,3.39187963894171,5.35306236266334,5.15846963914096,28.028478390581,5.43510782811761,5.23989509686069,42.1748414028038
3819.02506182241,5.41581228352899,4.89646402613393,3.25221240701493,5.26558353359607,5.10508831320711,28.0722936133378,5.55894868037577,5.22531824147309,42.316874446795
3834.85836813977,5.44096805865438,4.85437392378372,3.26748422651279,5.33557081807391,5.17621465572664,27.8455288825217,5.41887849482427,5.27182378490799,42.9296899721484
3850.77502700818,5.35181335444271,5.03585924521592,3.04632933300248,5.06303672987566,5.11190994312051,27.920869875557,5.390772649757,5.22206182743794,42.6177846535182
3866.77500007722,5.29772936831316,4.88952530394313,3.14221631109356,5.27173529077858,5.00762294195645,27.8647471324495,5.41298084618583,5.15455455142239,40.6691942847603
3882.83056711862,5.33020013257503,4.84379098477288,3.08014549963304,5.25548800513032,5.10981507849649,28.5776545703953,5.35516344105592,5.14560219143974,43.2379363628764
3898.9416513993,5.23122416045022,4.91208983373984,3.05332412086591,5.33332050996809,4.99886919727972,27.8707503223071,5.36495741733554,5.24723934165481,42.2411030530157
3915.13608824695,5.39420541995757,4.96458028490472,2.97924725817808,5.20135796578165,5.1473013284941,27.5105657173165,5.14411232350483,5.25907267709215,41.5596335904376
3931.38608068699,5.29472500041214,4.95004514589116,2.97002511786085,5.19199164021477,4.91307722111817,27.4666872118519,5.19356707552487,5.17358280649194,40.9005827047063
3947.71938732963,5.4663208054016,5.06754975651403,2.97166884003637,5.14592041612103,5.11929069124005,27.8923106905875,5.27789240937178,5.26807667500436,41.9771183050222
3964.10828793888,5.33910054240493,4.94477035208349,2.9794508660029,5.22484294694906,5.0507451920322,27.7160185257776,5.20166510423192,5.21683126945772,41.5065370046659
3980.55270579457,5.30239533916368,4.88881079500012,2.86667467439502,5.29929163986936,5.21408712256731,27.7731755186978,5.31780482824835,5.21986454516338,42.0063463064275
3997.08047621264,5.32268972529756,5.00136934141469,2.72248148998457,5.28901551096377,5.19324240229322,28.1485466065299,5.30599565897477,5.098671787175,41.0653555085787
4013.69156082775,5.38203760224841,4.97541250534785,2.77130396320585,5.20381525342467,5.1685836475509,27.9799028624222,5.28896599518152,5.10884052112392,41.6382419040195
4030.35823941901,5.21512298915615,4.91405158677317,2.72226177522814,5.28843293089393,5.05986651879939,27.7884939028115,5.24548842106341,5.2262664026086,40.929008036664
4047.08043524826,5.23692270909055,5.14015889166329,2.78721049800172,5.23984755636025,5.05006939553507,27.4943436494483,5.34671114754022,5.0892734826208,41.1135127281478
4063.88598364329,5.30604812787615,4.97211318593868,2.74038673192063,5.12733246733184,5.01593895962439,27.1816394525288,5.27309581454707,5.32745241149541,41.6594059664482
4080.74708762945,5.24422229915683,4.90434261134279,2.77761897282943,5.17454554634947,4.99458783721434,27.2898193044124,5.39366153246112,5.07340489975632,41.1716545760076
4097.69150582873,5.28618597079579,5.07886501381092,2.64550729612552,5.11825282610788,4.94139379143685,27.1420564150469,5.49324185585535,5.1995291608218,41.6932483542098
4114.71927660863,5.36407228671403,4.95059780672323,2.70793823156568,5.23001124833793,5.04535159769367,27.0325055708718,5.37813140041708,5.25889135656082,40.8165748515026
4131.80260297924,5.31288694732915,5.01687250102209,2.71665657284133,5.03262009900304,5.01406436464819,27.4830683280672,5.24526313432426,5.23277915772505,40.5349425899838
4148.94148494038,5.29220898704683,5.05012323786476,2.69939473875181,5.27374666266843,5.0188615358941,27.2207924849915,5.2343040579696,5.31524415467404,42.9848900932028
4166.16368112044,5.23254742471033,4.97814738860825,2.6895694305054,5.15015386353264,5.08839069021156,27.2033377088388,5.22877131044408,5.16652680120552,42.0231811637975
4183.46922987499,5.27339288035875,5.01719648394319,2.62576466011074,5.06674839783226,5.05344112284643,27.1186854531361,5.31616811836261,5.12986922036191,41.7992005261692
4200.83033421956,5.3881255523911,5.07087669094846,2.6702037964662,5.26437668266004,5.16018283833948,26.9427938409097,5.30851591663384,5.20699193551279,41.0025136243961
4218.27475277549,5.25848531905311,5.15427868600487,2.67656273322692,5.198089354692,5.16116732213733,27.1589164170273,5.36481681342102,5.09029558250969,42.0096516513784
4235.80252391329,5.35693503922248,5.1188503812429,2.57434588935087,5.24696561180336,5.14453017663975,26.5963363305585,5.34023680231202,5.14458910376116,41.3096998088465
4253.3858506406,5.35408370903194,5.20559971239506,2.64863219710888,5.21959435784775,5.09421899530867,27.3465906684423,5.36988667561084,5.26845550816531,40.0509565765929
4271.05249157482,5.30795715329452,4.96293025976617,2.66626538993856,5.20596962472209,5.03047930512258,26.947644547222,5.22185053404489,5.12147266337444,40.5624730824735
4288.77472645814,5.544102997401,5.01390603020623,2.59861674680208,5.18822791202949,5.22625635133706,26.7181417791108,5.25472533811231,5.18157980268636,40.3177603315333
4306.58023720572,5.43336228810538,5.16039908979415,2.64057422956183,5.20131309870362,5.09210871936681,26.3776460800729,5.26116464507204,5.16118668290218,40.6031824929267
4324.46913890227,5.45562269711299,5.14334414909536,2.73233490933944,5.27892616644554,5.13138036898745,26.1711328530032,5.20073133805458,5.33257450939429,40.7922723458874
4342.41355782544,5.27332053457118,5.14719257822458,2.5926242429243,5.20665158452348,5.05990728766001,26.6277704517273,5.17534387853171,5.29808382828677,39.7216196046812
4360.44132931568,5.3455239919106,5.18273934656666,2.66301357645931,5.13273292137968,5.17108390569796,26.7080610105603,5.40859555332816,5.27544679195808,40.0467224117072
4378.55241501264,5.30357934452074,5.12662002208499,2.69829225526548,5.14112553757399,5.06790857763128,27.3548917247423,5.26227629424271,5.18831537390434,40.902327993708
4396.71909465562,5.325736627934,5.19383676617809,2.61612356195926,5.24216461474813,5.05648111523591,26.0308498827934,5.19648275121334,5.28607136813534,41.1896423654263
4414.96905017189,5.16097525038734,5.18283161796362,2.69474237801463,5.08417814390226,5.14976141510665,26.6983044087084,5.24861622931877,5.24452107214011,40.0296783160072
4433.30239662284,5.45067111029378,5.2793420060502,2.62573045893017,5.24765519952879,5.07417952427394,26.3425722817109,5.36366397674405,5.2437429203437,40.6070018471097
4451.69126031267,5.31226414212026,5.17342720133915,2.72907672929168,5.12180380788409,5.13829000881725,26.2973613511682,5.34823982469837,5.1785848008952,40.4368355940269
4470.19123517058,5.37863087317099,5.2887133172816,2.61470285716201,5.2652635770688,5.12080849581814,26.1360871336625,5.2402083800613,5.36344475302476,39.6933572040191
4488.74680399263,5.19483810115281,5.3068946999074,2.62884275466196,5.16378896038428,4.94186037206561,25.8626450038459,5.35382697074423,5.11452926447024,40.2821230301691
4507.38564866438,5.32562408398643,5.26383339919045,2.6322765488748,5.13603915943638,5.1063305310705,26.2381542722225,5.23886357821288,5.27079149680825,40.1798465037604
4526.1078842898,5.24517070071753,5.3739763934627,2.61772164998454,5.14472992869777,5.10635571016117,26.6837160489774,5.19410514638662,5.18006552303767,40.0470865189404
4544.88563714376,5.26530665591861,5.19216434641617,2.64623779284055,5.05795164446009,5.3036147766967,26.4876339314311,5.24304302252017,5.20999690805569,40.6640099620808
4563.74674256031,5.3121447312468,5.36584824902572,2.69182993252782,5.1724274191931,5.16613802613296,26.0175660468056,5.33137400989549,5.27187670703023,40.626394113831
4582.69116219372,5.25285053752441,5.24502948416864,2.58808510657523,5.17035400342017,5.16742912384632,26.1789421796826,5.22171470745966,5.29203959153671,39.7145151664252
4601.71893440019,5.35867526375844,5.31761106950945,2.60680751464647,5.23220994677209,5.14544449735896,26.1469667383516,5.27777053682946,5.34476206418835,39.6032103390047
4620.83002081425,5.14741663590584,5.24830101348936,2.60138331957712,5.23732948217858,5.08667728196748,26.4464342847653,5.2441179078113,5.31930384639268,39.9429016065235
4640.02445981018,5.32979612534462,5.36367484777679,2.60744772577658,5.18096356765185,5.17267121750957,26.3183655514356,5.09670090223918,5.32815493304089,40.7921061181709
4659.27445439098,5.2777893463072,5.48719150819841,2.62870729016959,5.30774931852552,5.07323665696083,25.6282406976511,5.1975206433922,5.25354363060661,40.1629993229539
4678.60776319559,5.30486677999784,5.34092454256634,2.63638176646236,5.14129283002023,5.1264244980678,26.3163782803816,5.35860486234389,5.28991067794978,40.0098928659488
4698.05218317394,5.0845622440271,5.40456442551681,2.68775165982531,5.18613542005403,5.25988229363427,25.6060919284371,5.36534792488547,5.33935536595842,39.7028201226375
4717.55219711369,5.23455962254978,5.38610282176264,2.67641701529023,5.24423278917262,5.14127407666608,25.9567292801503,5.26235646363495,5.32975608130708,39.8012811229766
4737.13548691407,5.19851461418645,5.45237301977694,2.6799809996585,5.25641072547262,5.1890709028665,25.3256556187503,5.20732708426532,5.3276678699285,40.3408141920086
4756.80216764598,5.30636770086545,5.33090247849746,2.69239660981535,5.26544221956264,5.25618937945454,25.7561591398623,5.18116328471421,5.36115918854449,40.2503314703205
4776.55212422668,5.27577151028787,5.4890452346218,2.70544542696601,5.15650186270973,5.15995025702135,25.4229067867676,5.32603445567446,5.48820296923691,39.1091169549564
4796.38547174878,5.32468639005289,5.49130957297742,2.61179590830494,5.06687039481245,5.20373717203703,25.8029724325756,5.2386560565726,5.48595408986547,39.1760492605501
4816.30209511197,5.19312094811055,5.54445547155086,2.55897218773375,5.10974051033153,5.14080506015968,25.6754093000933,5.32011112106397,5.24057576696381,39.3450049215609
4836.30210942228,5.37178739686012,5.40123041697493,2.52724858218414,5.12540254225464,5.20229225822651,25.7511248115874,5.29242537547198,5.35420737064078,38.7354140688361
4856.35764097104,5.20024166557121,5.64197357256352,2.50492760063185,5.18450425023577,5.25468856130731,25.2530865109838,5.25311121499616,5.31558698083671,39.5169917247074
4876.52428369702,5.28287318581417,5.49289284682023,2.48245052961251,5.05944983761258,5.12944186869477,25.4473259212659,5.24722155983112,5.28116197747705,38.5136760749653
4896.77427900108,5.27198207169289,5.53320151808256,2.43921427095378,5.12487687074433,5.08112871764719,25.5031543687069,5.31026153114012,5.34826926160761,39.9662496920166
4917.10758851352,5.28115250318073,5.64950572171501,2.44140457061864,5.16212768715655,5.16825121747471,25.2640925001518,5.20282194403482,5.33304762670234,39.5401654478271
4937.5242506026,5.37688762049274,5.55506451253747,2.41388018972643,5.14506279228323,5.18758691888915,25.8236756848874,5.25214217035544,5.42259035374153,39.4789709069551
4958.02422690205,5.20044700097363,5.63928009569803,2.44443932236533,5.1658134185107,5.21800499071635,25.3869846889764,5.21514387848381,5.40019781948744,39.4564960467222
4978.60755577544,5.27714645422142,5.60458153405406,2.43854122571036,5.07939283871199,5.20428030676458,25.6568314187175,5.28809570850325,5.39011718389976,39.4862384333112
4999.27419886244,5.2409339246523,5.67199973987958,2.37305877812433,5.19603111134269,5.22166516087226,25.2931640785521,5.1692743517733,5.30761571004751,39.7873444820848
5020.02419451936,5.18427709390829,5.72904663161131,2.43297961891873,5.24359275557923,5.20832567113431,25.0927573645906,5.27781816149797,5.31736535549828,38.5866284463061
5040.85750439434,5.31058334053341,5.79010714761351,2.43263935409887,5.31630019297932,5.1845753249033,25.800863090598,5.13095792099029,5.32029413186671,37.9317616791407
5061.80192544998,5.14942061836853,5.75154517670345,2.37686143139785,5.15127331658536,5.24567983759585,24.8405256275421,5.23575610512705,5.38993695381401,38.5525934954697
5082.82969909271,5.26154151598403,5.80903598598969,2.3674581772086,5.13395166393827,5.38131604002296,26.024734888156,5.28752234518762,5.51503309097144,38.922592523673
5103.91302831426,5.29516168396222,5.82979504647718,2.37444219941977,5.12969878369632,5.12949550232123,25.1691207148098,5.15517482729073,5.42512259879328,38.4788595295644
5125.10743036843,5.16247452094774,5.79772810914151,2.40155072503415,5.06476066170331,5.12992611876621,24.9554013774164,5.17256629418548,5.36749101225564,38.4386536581065
5146.38522336432,5.04573195734378,5.84859715428295,2.38184461955665,5.15255790421393,5.27144014941634,25.0758180774488,5.27271000908023,5.47006510806989,38.1297053970879
5167.74629221663,5.27706510789594,5.92211482637182,2.38208365320054,5.11363018804288,5.26047833854378,24.9214282806986,5.18887868043695,5.42098425718173,38.4522802451422
5189.21851062439,5.21761472617337,5.90487324620698,2.32994665033429,5.2484712319679,5.29800188837227,24.7772989802883,5.15149940256163,5.51040939327338,38.4195036968887
5210.74628460938,5.11017801848507,5.95274747042416,2.36322997920275,5.11052760233197,5.27859859108791,24.6744877045515,5.14223060688751,5.50918365297218,38.6264301030623
5232.38513142502,5.28127866544555,5.85845287097454,2.325968338616,5.16997461425886,5.29083657795444,24.7677745048785,5.12609528655323,5.38959434276151,37.8629570299125
5254.10736918187,5.27936358163146,6.01035955380891,2.2945615682636,5.10414520840478,5.37640472994934,24.4677171441265,5.15530693600833,5.58537539200827,38.1601284652756
5275.91288279959,5.2444560086796,5.96711841952103,2.35312552503406,5.14078238420578,5.23257060633696,24.7784752241517,5.07400331590921,5.53885804305561,38.0146790077821
5297.82954596741,5.17294993657038,5.94279213697713,2.34048203519783,5.14542982556712,5.23922403161607,25.0593061791081,5.12279282014938,5.3796228138547,37.4574739576601
5319.82952333852,5.24271445245696,6.10806728536311,2.30088024448552,5.10603543146487,5.18240405928793,24.9011880165723,5.18041904041068,5.52815414063198,38.0520316698482
5341.91285328351,5.18252491096261,6.12719494289514,2.40919330861393,5.08496522295709,5.35107875590922,24.5725229107235,5.24421900207911,5.49408744946224,37.7290598731931
5364.07949744545,5.19374225432798,6.02160347208189,2.36058963908477,5.0723240156239,5.38123193105422,25.0425354937683,5.07322066770758,5.54212244814201,37.948139009728
5386.35725279235,5.09650192692675,6.04905749584349,2.33956723748077,5.12380821157492,5.25571186091653,25.0080603305616,5.23640684159239,5.63363116776152,38.21117712654
5408.71836071465,5.20662013643917,6.20256839221523,2.38242705779859,5.13123072407875,5.34094944419137,24.8028244040674,5.20574609720258,5.5542165750232,37.2378534321515
5431.16278285269,5.24759341676052,6.22376346706584,2.30507569269068,5.13602570617462,5.36906700318711,24.8519839363848,5.1064203162263,5.52002678817968,37.3046113836523
5453.71831617639,5.32381285172207,6.36314261359522,2.33547748975572,5.19104928668818,5.31674955909921,24.4785655349729,5.14904130392214,5.70317396054719,37.3358791870744
5476.35720207403,5.26086393137581,6.26894457331326,2.30670298810632,5.20260085446812,5.35976371840606,24.3452553508781,5.27615376932777,5.5065954717509,36.9387122561354
5499.0794021891,5.15335156067652,6.39606433052592,2.29707942813291,5.11901421902416,5.31449082714879,24.8522462125959,5.15352842985314,5.52593653337288,37.7926002078858
5521.91271349042,5.20825693750319,6.3413351945485,2.3256273674041,5.11528206030962,5.37319418287148,24.393221099662,5.22080544391483,5.61616224978751,37.3339324555015
5544.85713597843,5.2038485095354,6.47319336635796,2.27510936838309,5.13217785677701,5.22012615374587,24.5683640969738,5.12114989302607,5.55176092307969,37.412663256343
5567.88491104931,5.27191404573373,6.46146462373477,2.32466920575205,5.10976394781006,5.37074323744461,24.6659984399806,5.25925175864803,5.56856592773829,37.3179493093645
5590.99600032897,5.2442256593152,6.48198347019899,2.3702650932519,4.99791896268721,5.23761003052448,24.664412887234,5.21929624114815,5.5687386577266,37.6588143770408
5614.21820079582,5.19093059001236,6.54583553884665,2.29992912439674,5.08743901060163,5.29338444644111,24.7620945572723,5.28869188211105,5.51445503365234,36.6678316545687
5637.52375383705,5.21901544148181,6.63491924196477,2.37676966706844,5.08930282479423,5.28256008209223,24.4328572841251,5.17971764099942,5.63243939755788,36.5256320449097
5660.91262109543,5.21505506855693,6.50062887381677,2.31996444816097,5.15263407999478,5.34697394124492,24.2817341852624,5.14617650089256,5.71652683581239,37.3958509363072
5684.41259954143,5.25976453428187,6.57698821404502,2.38687708866662,5.07278980841761,5.39002968076459,24.2426577430355,5.17110197359751,5.65241945204958,36.9144924796313
5708.02368917538,5.17677360968004,6.66616494463096,2.41554407198427,5.15310463350681,5.43125352490766,24.5796741901613,5.30472254742932,5.76353665749005,36.7191440824938
5731.71813138326,5.23374678497877,6.70309643902967,2.33497757906503,5.19406711029541,5.33217292830269,24.4004253277462,5.19762708971774,5.67037426194754,36.6412502113983
5755.49588780862,5.22481473977621,6.87713390451274,2.34087203811749,5.14626807098476,5.39658685606705,24.1458078567998,5.26965314430052,5.59276490353339,37.1683379692206
5779.38475542226,5.24248289624367,6.84798549742906,2.31707374434644,5.03077719391752,5.37326966959189,24.8223717917123,5.22877310716775,5.59157441292835,36.8494083771519
5803.38473422444,5.23661695164032,6.83426153457246,2.29353461859473,5.15730063979216,5.44602904293257,24.4300198733308,5.1954113020682,5.61715603343064,36.5897419779424
5827.4958242154,5.13675527164445,6.83284565681752,2.31467908613132,5.12410460082252,5.46312875295244,24.6235880864577,5.17177273233695,5.71637213952808,36.6976577715461
5851.69026678335,5.2578027807168,6.92250281246646,2.32345597437708,5.10523117905814,5.52201548944706,24.3492282357561,5.23055360687601,5.71681075459565,36.9882481131996
5875.96802356544,5.17283662639339,6.85766687855247,2.30465426311077,5.06292877286289,5.51658812506124,24.0206160343551,5.20743177252047,5.78662093141922,35.9207908397401
5900.35689153651,5.22374738155285,6.97852004479106,2.26846549737108,5.19978172970041,5.44154953073637,24.35426902192,5.21574725718982,5.78309924839257,36.2798630295527
5924.85687069677,5.14970248103,7.00943301070431,2.25312614873055,5.12373387351661,5.41586831946339,24.1236062684494,5.22152583374016,5.83601143395422,37.1430237737461
5949.46796104647,5.17614176622931,7.04847254105409,2.20419660666214,5.01273359460521,5.46659773397375,23.9784692890265,5.19145298489295,5.84099097178766,36.7368961208121
5974.16240396788,5.17666207626376,7.18307473458289,2.26512412804161,5.00675139486148,5.39447052739382,24.5096081981807,5.21103103814412,5.87581767047299,36.1830449760545
5998.96791971936,5.22069025206192,7.01204570525831,2.2133577801904,5.04685485725393,5.53291737509239,24.4315625578165,5.10351440750961,5.83817681523242,36.4637082868434
6023.88458503293,5.18364811793385,7.12485255745751,2.22519053368228,5.13971963545311,5.53952153380317,24.8490392068599,5.04992612329133,5.74002569226365,36.5474399434747
6048.88456455228,5.05880729418636,7.29356020233821,2.19087554233616,5.1461540513438,5.53483275465724,23.9913396014574,5.15669334350012,5.89980332896505,37.3485077268323
6073.9956552614,5.12539840054079,7.33051375079543,2.16023047927727,5.03232142553354,5.49987782650703,23.9648066297513,5.13849947711513,5.87739088401436,36.4852968528963
6099.21785716049,5.19127493549134,7.24345409727687,2.19778751003976,5.1272599713991,5.53504037799748,24.2426543155212,5.14249461405496,5.82121170359494,36.477595474866
6124.55117024965,5.21863820772123,7.2770694087651,2.21697679721334,5.09046467900352,5.50325407241816,23.7662859536269,5.07306218892768,5.92514539215836,36.1440154649106
6149.96783590657,5.19755948763965,7.47724543622403,2.16164323446275,5.02792500493407,5.49541502327478,24.4496891791729,5.1762861780578,5.92903584382528,35.6359460774725
6175.49557440331,5.17091136344716,7.56520513847649,2.15677595256889,5.09503498120891,5.55357067364818,24.237150123446,5.23873364897178,5.98198197524251,35.7067937749648
6201.13446244861,5.1498151363407,7.44785382034042,2.17553833769975,5.15583705535038,5.56855040631382,24.6021778422131,5.10940095124219,5.92338202076402,35.916428980143
6226.88442331856,5.17905810487162,7.59140308728457,2.19128170860035,4.95487384597913,5.53173766879595,24.6721736465052,5.21808101432551,5.95184075826985,35.6950857947342
6252.74553375112,5.17854337242382,7.65889464603542,2.19032384248592,5.08973467848671,5.61978641644881,24.2966578234564,5.10035117619334,6.02285160352484,35.9399286732713
6278.68995839015,5.17269828046682,7.71761935326023,2.23062978755429,5.11087483051103,5.46504356554984,23.9431513480224,5.2349722123338,5.97556749842358,35.7185596046263
6304.74549421951,5.19885898807174,7.66762615976774,2.2051498005067,4.98087614195905,5.59620837312242,24.2510117954673,5.1563648035356,6.02615548128559,35.624683533717
6330.93989984101,5.3453094905854,7.96182024734984,2.21640275644155,5.14623550241079,5.59600633433841,24.1867391864239,5.23633846810504,5.99258905860759,35.9445799383186
6357.24545504475,5.18800766286027,7.80164294382142,2.21549643559556,4.94062848244381,5.74871102017538,24.2358385111527,5.19835670346364,6.08373577534094,35.8858556875269
6383.63432444547,5.17120078130449,7.92631302766222,2.20779658702676,4.96652057681549,5.75223843505872,24.1145393424566,5.20033196283526,6.01467926442444,35.5084614311178
6410.13430503669,5.20307839959876,7.974025054317,2.24942003986894,5.00062066382122,5.64018170686334,23.8925589629616,5.12754532626895,6.03262202943596,36.0878085486793
6436.74539681848,5.21120446580153,8.05165611652266,2.16061498742921,5.11668641768482,5.65537052578649,24.3638824557711,5.18604732157412,6.08464731324074,35.3872810035475
6463.46759979085,5.29273945630393,8.12326113064726,2.22565545407447,5.16165134722867,5.67772333824458,24.6416113698833,5.21556348931454,6.17693477079837,34.7000415849916
6490.30091395378,5.18352060641566,8.1558903534093,2.21493746058413,5.04446332999303,5.78569959008876,24.3597839844217,5.14211706899425,6.16449933117806,35.3032799763398
6517.24533930728,5.36283171928734,8.16712831747524,2.16013304022845,5.18840240759854,5.9994679571335,24.3176469174902,5.27453209769599,6.48080870773145,35.1775043754673
6544.30087585135,5.39118766447109,8.18908666334329,2.1979531465585,5.22477727304506,6.03267575310759,24.1868007337467,5.28195364256371,6.42365139348606,35.1317635587064
6571.46752358596,5.32676553307648,8.28569351923678,2.19097115311792,5.18620820090078,5.78183046633901,24.0998447671712,5.08038020024514,6.20803835509886,34.8381367644402
6598.74528251108,5.18308935910005,8.44096218949017,2.16073996019332,5.10315712050159,5.68137234418716,24.3644256092514,5.18897942968645,6.20749750769698,35.156068966496
6626.13415262671,5.07122149480442,8.4431451935776,2.20157874222103,5.09544247995976,5.63510029839379,24.0557830244691,5.03385131252239,6.1903897399083,34.4477877457308
6653.63413393279,5.13497350801984,8.61549488858061,2.17978736511899,5.04523582107385,5.81412168211292,23.8280963296078,5.09913495402554,6.25056031966932,34.346050056257
6681.27298503664,5.23542753171224,8.49494215775652,2.19542193684253,5.06017732984367,5.78220357537571,24.2342981338931,5.19258974101261,6.26078206156573,34.6485199549555
6709.02298571131,5.07025925654577,8.73408769325765,2.19640750645481,5.06400988977594,5.78057178699013,24.0640561689729,5.18164842959087,6.21871008756139,35.3419929419737
6736.8563005884,5.25579735199889,8.78053027431522,2.14818625009843,4.98918748583908,5.94392100930873,24.3495835505516,5.09473213369337,6.40488299547087,33.9107125958784
6764.82848527202,5.14478134582514,8.93110783042303,2.09576265714691,5.13241251408842,5.88612259170943,24.3130184468199,5.15472228938081,6.27661635988763,34.3867867332876
6792.91181950838,5.19849697127941,8.94045389431115,2.1409877206117,5.01297610175044,5.81256420300316,24.3249885258682,5.0267417657398,6.32168435738158,34.7664473488129
6821.10622657958,5.23087916532505,9.08117152273966,2.09848186710764,5.05859783968604,5.93125720430901,24.3679557568996,5.11776010681476,6.36065283811655,34.2944529334708
6849.43954181644,5.13268715922339,9.0035823585268,2.11402595217216,4.95507531349468,5.88271043456887,24.1445159742685,5.08652262719807,6.42700721160712,33.8860876187352
6877.88396824338,5.18081405612129,9.21003871510338,2.09076112290877,4.99628850261445,5.92819829407286,23.9173936984842,5.07203936910479,6.49223304312246,33.7764467977976
6906.4395058604,5.19654651546423,9.13370684361547,2.08587586403184,5.0167318162172,5.97317981731788,23.7830083402836,5.10787855730466,6.46296147926703,34.1540713267139
6935.10615466727,5.15023362782637,9.28088651552411,2.09608753949442,5.06092006153764,5.94237916983456,24.3225741382911,5.07970599578105,6.41978685370023,34.6849213680701
6963.88391466394,5.21842300906573,9.38511345717517,2.11129930500646,4.97792776915305,5.83540250264745,24.1708118500633,5.11256788499978,6.52430658895055,34.2771065114454
6992.80054446657,5.17083609951569,9.3646465801134,2.06380209531872,5.01303481164792,6.07219118918481,24.4794228543667,5.09497753522216,6.5749419071197,34.2727910452193
7021.85608244374,5.13010236062517,9.34672931265576,2.0461105307823,5.07001882129672,6.04030689274465,24.2036565656378,5.02984103505518,6.53214578749197,34.2248026166699
7050.99497298169,5.17543078474219,9.53959756863383,2.09869466049516,5.02731487935881,6.1162113584564,24.4599475914444,5.13210211616512,6.67707629746515,33.9205682158073
7080.24493637139,5.20314088483897,9.75738781923747,2.05375408949738,5.07407157357122,6.08561586970721,24.4353896177004,5.13850148644566,6.61445608533034,33.5460226258163
7109.66156652293,5.16303941507361,9.80604886075552,2.04627758253832,5.0095682161835,6.07120556819066,24.4542288681567,5.107166684262,6.67876650954726,33.178554563548
7139.18934624679,5.10138806992459,9.75751871056974,2.06984130777102,5.00872048237786,5.99351692690107,24.1284125658068,5.06659003334025,6.75652213114776,33.263939189397
7168.82819879129,5.17919518589335,9.90822193504639,2.06801068162462,4.96841514031133,6.09087719799097,24.734523139642,5.05843106717946,6.74500951283121,33.8790663535499
7198.57820087796,5.14319204799798,10.0252425725093,2.07165313047802,5.14460129485202,6.1664755450534,24.602842387996,5.14391364533178,6.74932196782744,33.8763846141373
7228.46703441693,5.16693641252789,9.99457702660168,2.04415944307004,5.04581741772978,6.12867195738283,24.5598422102461,5.00095366898256,6.71748420421824,33.4590063649198
7258.49481450384,5.09446449508434,10.1653943022361,2.03832371887347,4.992533086303,6.13388846900581,24.7140571394543,5.10174491310105,6.87650296019988,33.7087186818438
7288.60590878517,5.15893568502669,10.0845719072995,2.06087713706663,5.02090048695276,6.21832892298318,24.4470108982482,5.13367595293147,6.94059072825987,33.4484250619897
7318.85587288219,5.19493119141727,10.5518626230647,2.0825409002602,4.99437921435664,6.23976383625805,24.5727266596365,5.12372442325918,6.8139893035855,33.4433519365947
7349.24474514424,5.20360160621112,10.2942967994021,2.02795794697246,5.00562031060942,6.22071165956964,24.253964807088,5.05423661292085,6.83721407475438,33.2568054870408
7379.77248720569,5.19410989624531,10.4075974803235,2.00396794581718,5.05071970024106,6.26090929432773,24.7555881351093,5.15827981761086,6.83431510551217,33.5931054181453
7410.41137882728,5.11163016711924,10.5358451000388,2.02610201734136,4.98865913237478,6.26696851324624,24.9837947960347,5.09736483434829,6.92741959355194,33.7486209074889
7441.16134328408,5.27555802577748,10.6329545556003,2.01918968595122,5.0770979193393,6.30269696958729,24.8376029704866,5.12650172264963,7.01034999270917,32.9600221822622
7472.05021590239,5.23624145789679,10.9513854656415,2.03620941118845,5.06157201507243,6.38984953018329,24.7770166093483,5.21493468875851,7.05323562104908,33.6145703620644
7503.07795832613,5.12371528256022,10.8144137000714,2.03055246550125,4.95509585637413,6.36713893341757,24.9277617386194,5.15333172435037,7.0697366201549,33.5600226199258
7534.24460892488,5.15514076356306,11.1339777511206,2.0313921745626,4.98546584176314,6.4058606928272,25.5652038800849,5.11609600438427,7.16275466877666,33.6314128212404
7565.52237071061,5.11063372090922,11.1195291903923,2.02316577853766,5.00753718528012,6.29362449048199,24.8331408049353,5.11149397808742,7.19541929021066,33.371995645099
7596.93900230121,5.09423960197963,11.1662420572927,2.02595470655947,5.03848174384637,6.47833286009973,24.8858469061357,5.02196105770763,7.1623149566311,32.7843030285967
7628.46678343705,5.17273586351667,11.2063707953148,2.05144363916564,4.99617651679416,6.44625218889425,25.0740301220798,5.01917393545755,7.2862289298286,33.2368310459499
7660.13339603255,5.14422795687411,11.3793624426897,2.02936048075652,4.95065386292157,6.45032946758534,24.8519719011292,5.03976944586705,7.26132619336557,33.0683818774203
7691.93895515751,5.10999655252973,11.4295172165124,1.98997848702294,5.02812917216138,6.48080774752198,25.7297348424483,5.03220797656131,7.38585856837513,33.0116947358304
7723.85558711514,5.15008812241774,11.6404147768031,1.96745178438077,4.99259688375556,6.59919860335112,24.8965658575117,5.00145739089469,7.43633343508654,32.5670435573183
7755.93888584606,5.10034083335516,11.6718707147738,1.96686152799475,5.03031486462288,6.5692261214744,24.9367634829995,5.023308921627,7.40737873210577,32.8877874654127
7788.16109275741,5.13894030510076,11.8149792784193,1.97623642180039,5.0338838302978,6.53774678362587,25.0809738141019,5.11911571579339,7.59623951725019,32.9828416598232
7820.49441085389,5.17317899654211,11.5811081390192,1.95492562886117,4.98408705951084,6.53483568740563,25.4827982198223,5.03264282423127,7.37587835896099,33.0268009387358
7852.93884013524,5.15802623396161,12.3005490376917,1.96663002116311,5.05024091831412,6.67830951821385,25.4774874902938,5.09317496838276,7.44351775422904,32.9093393206343
7885.52213923625,5.09922609692629,12.172601634219,1.93950428853801,4.97131560505557,6.62706746383531,25.505304481486,5.03332497935038,7.58643890265137,32.3540922442403
7918.27210511276,5.13974616524584,12.1202900314585,1.94956663640052,5.00853158378698,6.80244252282508,25.6211487010181,5.00544538596823,7.65801274716993,32.398248880479
7951.1609791662,5.14360355203274,12.2468432042981,1.95740746433799,5.00602008715296,6.73468504229349,25.8845668000924,5.1095671756837,7.57027792380681,32.0480708892865
7984.16096440344,5.16872667884231,12.4205553962089,1.94480425550264,4.94328040383947,6.86612003615975,25.6525774187345,5.08155227876079,7.538459891012,32.0680162662394
8017.29981945351,5.14617112749776,12.5749497494799,1.92209485482583,4.97502591579392,6.91149172383366,25.5410714291967,5.08629073415015,7.76323147458262,32.6028963996661
8050.60534128073,5.15388974086206,12.7190901352109,1.96147770908616,4.92449571081659,6.70013537341142,25.5230467724585,5.0556801006375,7.62951542068436,32.1457459360213
8084.04977128907,5.15472455484246,12.9801068603036,1.93489720700446,5.05227513836903,6.95478218866133,25.8622209721939,5.05411262322687,7.79110318005221,32.1862060984628
8117.60531248009,5.16724941317004,13.0272126180438,1.91662602339779,4.9446449525877,6.87028531696698,25.8648567181344,5.0500592511531,7.795229731133,32.3798294039124
8151.29972348241,5.21546532010788,13.1489947158616,1.95582154661543,4.91474134752647,6.97855856979576,25.7608656385411,5.05603990143966,7.92145515637996,31.9776594624708
8185.13304264941,5.30357292405232,13.253408552722,1.92371920893919,4.9298170263206,6.89812428250592,26.1057841537474,5.06749711657505,7.91405912117456,31.7623265296515
8219.10523162869,5.13723574421552,13.3516121412779,1.90629068243715,4.97016349237044,7.0776110352359,25.8868857228065,5.10059410891769,8.02652477835636,31.8389706094208
8253.2440873873,5.22015932522268,13.3859693987935,1.88836608756235,4.96166050166913,7.04638637375455,25.9097999474544,5.06457979098136,8.13317997071489,31.5883284239324
8287.5218513231,5.15838729255381,13.5351908282529,1.93799605102576,4.94034895317152,7.15190505222809,25.8606216309535,5.02800263764678,8.29139894344206,31.2313209534782
8321.91072643973,5.12385678741219,13.7595756331017,1.91868092974011,4.90672872400528,7.03233111712663,26.4677053071417,5.03050137104681,8.1424661476355,31.6997200648705
8356.43847137455,5.22406913403101,14.039390770193,1.91153047754507,4.91971489554807,7.22628807986498,26.5979061352068,5.01528501466147,8.12453832872111,31.6322432038325
8391.13288308977,5.2315371695992,13.879144698463,1.90941991299145,4.96086611630748,7.2618544338338,26.5139350755152,5.03818467851686,8.03564836405692,31.5535508514141
8425.99396158591,5.22269870684318,14.1556137106532,1.89052459658198,4.98663528407276,7.40414690158357,26.5035160705575,4.99446357279988,8.17313297682736,31.6004540968612
8460.99394826244,5.18030527195627,14.4300754848036,1.90800197344172,5.03256407678539,7.34152375847176,26.638497818845,5.03417296811825,8.27982686069348,31.4604356255538
8496.10504611811,5.14619042615982,14.3793362657177,1.92643698017222,4.96202766046354,7.146643812346,26.6230534465217,5.02361929645546,8.429513360051,31.4503425305993
8531.35501379117,5.19438632574084,14.5824430500835,1.90866471274155,4.93771265697243,7.29885656614741,26.4993383649789,4.98739402690472,8.54477186834904,31.0415243346144
8566.77164824597,5.2908674721273,14.7389871502658,1.91973321743939,4.95998551627594,7.41413302551211,26.8087056628213,5.06855678311393,8.56372026158786,31.5198876394356
8602.35494948296,5.29841664531649,14.5863241789836,1.92119974599695,4.98581521509054,7.44376607269422,27.0389505937747,5.05633985484907,8.49130247961543,31.4704294913116
8638.07715889511,5.23814888402616,14.9716254341118,1.91808559348999,4.94567958028214,7.58062353529896,26.6777262808897,4.97415548224899,8.72939990279477,31.6124487390864
8673.93823811193,5.18856826829659,15.1733596932665,1.87607815955851,4.90085294714327,7.39904287945751,27.2353978932381,5.08606365029962,8.66612302191512,30.7326448780469
8709.93822549354,5.16373371269696,15.3451268745639,1.87344693325418,4.95984864920161,7.62212611690126,27.1657758960285,5.06999731811408,8.84251537136708,31.2825705269311
8746.10484129931,5.14234155368919,15.3606211540643,1.88692171599907,4.88281972959944,7.73196932568913,27.1218846284152,4.98824764781527,8.82670016066914,30.6153422118157
8782.43816226513,5.16160762195791,15.512467738922,1.88137096294723,4.92460806772608,7.60623965488848,27.0629722996354,5.1086739663419,8.93313893495251,30.7019626339695
8818.88259440662,5.25264175040468,15.7445011784083,1.87028014881764,4.90430826887841,7.57085520124399,27.4039067576927,4.93718824559348,8.78172139543526,30.7232897228646
8855.4936549801,5.20371879549745,15.997618137242,1.89446877827264,4.86154727978083,7.76302468028683,27.2656300183739,5.03120130614672,9.10301062308116,30.6652345801169
8892.27142070477,5.25656547373969,16.2197725875013,1.85709688479168,4.90949261160519,7.74708238618956,27.2487096319456,4.9871169358267,9.01961872124202,31.0403321590573
8929.18805623203,5.14157988110787,16.1331444389672,1.89231867456825,4.94454687345211,7.94040428442883,27.7464799294703,5.01538763020628,9.1148923835076,30.6285670411191
8966.24359992213,5.21299815620384,16.4031610209962,1.89493416939329,4.89591594613981,7.87947070534153,27.5944833536777,5.0013367386039,9.18588895124817,30.5507660452897
9003.46577204409,5.17304676411609,16.4420098590784,1.8704346274552,4.89731294410777,7.85908798801954,27.9524577263767,4.97679664148546,9.24399782150742,30.3224520456984
9040.85464931588,5.23063483665973,16.7912152988291,1.85586222577478,4.97007567814198,7.85105069802213,27.4428894909333,5.10417010509178,9.27985181701843,29.994039294861
9078.38239639185,5.15862761307108,16.4490609694478,1.85641235714335,4.91992202779818,7.93659775373931,28.1597460854257,4.95228501003908,9.42779329937816,31.0688542447604
9116.07681025264,5.22114475162671,17.1336333382318,1.86967146267891,4.92318366683168,8.10812576504653,27.9603214652498,5.0407285391395,9.42948501660743,29.8722779431087
9153.93789089838,5.19933536314862,17.2429735424496,1.85285531543815,4.94650161527373,8.0600812081392,28.1020975198335,4.96918599949598,9.58367064708933,30.6441882790835
9191.9378797128,5.13261231217417,17.3531611562424,1.86203210813399,4.92736179829783,8.16428142493521,27.939052427042,5.01083142989563,9.51330470318979,30.4178107940067
9230.07673833804,5.22346593289046,17.6536052094432,1.8958465946338,4.94991891041822,8.14369307769137,28.2215268641796,5.04023278967481,9.6272608367943,29.6264196680103
9268.41002235668,5.25581861566494,17.305413377479,1.88476418061863,4.88522026045636,8.23305188083578,28.4000462519551,4.97595665686765,9.79124334347582,30.0807021663207
9306.91001153939,5.27200154639402,17.5409475718978,1.84422252359012,4.92213309051705,8.36165446596194,28.3228274310852,5.03885009273215,9.91793268523056,29.9049083759578
9345.54887052047,5.2523384086939,17.889089588154,1.86421944383937,4.90376792446503,8.42121995878292,29.2022998896933,4.96623676262835,9.98897725260228,29.6290743938996
9384.32663766105,5.18995862387377,18.0946407561111,1.85266833172953,4.97206998985933,8.45568676668847,29.0165887326826,4.97963523663175,9.96523463421025,29.9680733557816
9423.27103324407,5.1763348673728,18.1966405378317,1.86061955019358,4.95131232646015,8.54107089426278,29.3468893392626,4.95220626959178,10.2078411782225,30.1034972913459
9462.40989258205,5.23481054056236,18.5770866907475,1.84250581702569,4.92349442033349,8.58987003778951,29.169755661018,4.95565611568321,10.1702943702662,29.8298129069429
9501.6876600867,5.27826183938016,18.5670246366409,1.84927641492684,4.87841160533364,8.66762436834485,29.3940400809204,4.96382296143282,10.2283585241688,29.8134497396804
9541.13205602033,5.2362137828156,18.9596319054457,1.87140583386222,4.88922543231744,8.70857278224685,29.2901535594948,5.00100934139851,10.2994974674825,29.4956882466389
9580.74315709962,5.16971146136801,18.9565207759682,1.85185679467023,4.94179641011636,8.58910680862486,29.324702824164,4.98580882201899,10.24574474161,29.2442671310247
9620.52088660247,5.19215446632687,19.3387818022814,1.83489723163384,5.00670955678777,9.35254872516065,29.7133460151149,5.00040132563889,10.3328726834561,29.3534992290148
9660.46532125524,7.00258382167702,19.5563501387327,1.84642770533517,5.05863833133084,8.8725348650497,29.402174822689,4.99805605342424,10.5336820438544,29.6852873110896
9700.57638432863,5.2384624475851,19.6645795153369,1.86252090652782,4.99395643032474,8.81769634456653,29.6519805750488,5.01073260636844,10.4834670357441,32.0435651288783
9740.85415255366,5.22689202732703,19.648710912201,1.86289377173715,4.96338382311602,8.89984612514436,29.8472943264578,4.98887176156981,10.6859032635185,29.4305021793386
9781.29854919906,5.26985056731768,19.9017896676822,1.83683825714126,4.85990519449172,9.06998627028899,30.2175858758327,5.00051706255185,10.6709794666219,29.2235382917123
9821.90965099498,5.2221496574934,19.9572600877067,1.87054525122398,4.88863025096369,9.05824932877368,30.3227421764894,4.98813258464292,10.6768085330124,29.3525423309516
9862.68738121361,5.3276808095487,20.478870894071,1.83647286792239,4.90940651062927,9.03129887906753,30.3212279749712,4.91429978583698,10.9221696531215,28.6055464488231
9903.63181657901,5.33525903759119,20.1451407857568,1.85139975677061,5.00061991931685,9.35681138288636,30.7985980904861,5.07274691388208,11.0962260064594,29.3588784912744
9944.74288037196,5.3854073964697,20.5834952368402,1.86593247715451,5.02932966289903,9.44116951678673,30.2456171583913,5.0596743143677,11.2498876400351,29.4043455586475
9986.02064930546,5.44025908949074,20.8975844338599,1.84584413162963,4.91027449505522,9.45217268083142,30.8999000774341,5.01561566993437,11.5336354025429,29.1196632403301
10027.4650466737,5.27930369313794,21.1003121309584,1.82725448167535,4.87421311333888,9.46166050043332,30.917647122419,4.96003577126495,11.3767347973011,29.3372010053415
10069.1039078009,5.28010923454872,21.2681717389512,1.84718271201013,4.9070847950991,9.51485118195071,31.2049240029594,5.02362522938688,11.3834061069564,28.6926580074648
10110.9094357135,5.20713476359419,21.0603840856938,1.83658531470216,4.85663966187652,9.57609622681454,31.2537098350541,4.95116812552989,11.5055453513875,28.7664824338081
10152.8816304117,5.20902195819554,21.5179059809148,1.83320387376569,4.91433673528091,9.59914729595869,31.8930310501089,5.0150735186485,11.4307119090624,28.6423340250506
10195.0482505068,5.27963190744277,21.6942719773964,1.83388718619634,4.93914552969186,9.5589836616646,31.8422897772969,4.96694564834186,11.6922769208629,28.1745741903683
10237.3815757591,5.31730609089759,21.8679535085524,1.82484275469496,4.90848217397157,9.64165546913687,31.3400080047175,4.92036832891283,11.7928260375332,28.3661577511775
10279.8815294327,5.28848098887476,21.9658031637117,1.8255797260247,4.85961547802076,9.71228335856043,31.4820359403401,4.9658059568694,11.7137610990803,28.074888204648
10322.5759468713,5.32687920928848,22.365718297899,1.82881603484513,4.87884307707265,9.93650201366043,31.9747196793309,4.98379172321589,11.7746198924953,28.7980155167381
10365.4370310948,5.22799072225465,22.743284845959,1.8281224198636,4.92533223012038,9.81461073858463,31.6766710057419,4.91571094631172,12.0219372713806,28.4671962327321
10408.4647821032,5.31859477792034,22.5683459915112,1.84726477094292,4.91432164284336,9.89076800634348,32.3065706947063,4.9223273976213,12.1094836062904,28.447208257351
10451.6591998962,5.37286253614518,23.043984741524,1.84919596830326,4.90325079754808,10.0284919884691,32.5468037226893,4.98209699451093,12.041834295745,28.1805330751951
10495.0480430946,5.36523340969131,23.2448950796541,1.82244373713462,4.84552936165732,10.0594405124767,32.5895529920702,4.9922892419519,12.2610057438393,28.6823899394102
10538.6313500577,5.31897358077227,24.2074219432529,1.84042498132122,4.89380934567097,10.2219904779515,32.6676856893759,4.93116243775799,12.2688898925523,28.0222292825031
10582.3813238051,5.3808639280051,24.0802762387543,1.8468970692563,4.92223647122241,10.2780860146949,33.0443389436014,4.9905572721901,12.4685605244458,28.5266759337879
10626.2979643365,5.37427619728542,24.0605491250215,1.80189643773323,4.90827787072451,10.3478721024853,33.2410363983952,4.92354522177082,12.5796510528024,28.210036732793
10670.4090302745,5.32592003358384,24.2603332123165,1.82069015133119,4.87168068344001,10.4060347716016,32.7917929516573,4.98409557883527,12.730576868549,27.8809908599505
10714.7145599758,5.38554866360085,24.8346346516783,1.83784396492972,4.90835779070552,10.6018433447522,32.8803118459151,4.93731405414265,12.800520400021,28.041630493993
10759.2145150744,5.33558503129698,24.5787684409392,1.84369703943842,4.85750327752421,10.5999206470669,33.1655332908958,4.96811345502493,12.9303169296454,28.0973389510657
10803.8811753241,5.38370576138209,25.0421891060074,1.83990254629277,4.88305606017538,10.6607184310586,33.7765745077579,4.89813534507628,13.1143808337998,28.0415563254197
10848.7144640049,5.39013983765595,24.9353768583939,1.81884006296643,4.87858515371732,10.8160323303579,33.8299077585003,5.03452290085873,13.1850574432012,27.6189194204664
10893.7699750568,5.42841424600033,25.4231809197425,1.82857609020397,4.96026594160988,10.7901149234871,34.1464585201714,5.00442876196588,13.2591385142951,27.7976967479926
10939.019949881,5.37161260016756,25.6481886800284,1.81544815172589,4.89742299333194,10.8268705920819,33.7168227313349,4.9703932339883,13.272802075589,27.6545520654761
10984.4365914876,5.42230465511264,26.2248006473435,1.83874436685584,4.87498249083995,10.9758927072134,34.0654803955774,4.93452229339734,13.5654071870992,28.0320943552726
11030.0198998764,5.39626157577204,26.0452668103767,1.83977679813872,4.95506917402443,11.1059915081671,34.3994865889792,5.0114400006529,13.4982526074835,27.8708437165448
11075.7976336751,5.44900314684862,26.3512005780902,1.82496573350853,4.85144276211808,11.2343074413794,34.1811507576982,5.0161368148024,13.612659051564,28.4208008999862
11121.7975898471,5.39608929883425,26.7279762679822,1.80286237765736,4.85286723240845,11.2756187217042,35.0828271799304,5.02763327722377,13.755218835893,27.8886061875502
11167.9920097913,5.46564296451403,26.7743001552105,1.82784255282255,4.89003575150619,11.4629366346352,34.8130914700803,4.97467613495944,13.962237857511,27.6437533028649
11214.3530965167,5.41861062561295,26.940372163452,1.82880404889173,4.89962857677552,11.3436973987006,35.5706514651103,4.98993660796583,13.8464303097121,27.3706191868747
11260.9086086462,5.45102093365706,27.2028449017184,1.81428974457069,4.86715346516701,11.6421536135477,35.0275454085097,5.013996645306,14.1276811014031,26.7070156401784
11307.6585845393,5.402387897189,27.6873081832816,1.80323273771387,4.77996014896501,11.5741489064898,35.5429665916195,5.05375093615253,14.1280896871006,27.4715372091448
11354.6029858355,5.48020273878236,28.0207054692682,1.81806172666305,4.89175427767834,11.6967313023859,35.5510113442127,4.95580710502999,14.3487977219434,27.5618126032598
11401.7418508954,5.50242739863473,28.0929417941366,1.84059915550865,4.83106872753621,11.7430290680949,35.720061202441,4.94973516807628,14.4701482889818,27.4823708941596
11449.075141359,5.53658363598973,28.3441668721447,1.82366119538789,4.8855132239711,11.8958584656669,35.7763930396004,4.98699443687693,14.7707933640381,26.8698542159562
11496.6028955854,5.50334529016032,28.5515956332398,1.84217707635296,4.88240564800684,11.9971139781755,36.4320599756788,5.0210126520515,14.5824227948156,27.1505959003635
11544.3250752167,5.56400411150862,28.6695300645219,1.84513729464144,4.90554254041031,11.9951548492194,36.569655362759,4.98589252847373,14.7484973808399,27.6181062774988
11592.2694772251,5.56736802081256,29.3850274387289,1.85536862311084,4.90847359026445,12.2003234539883,36.0156967194767,4.98291558555713,15.0198507720437,27.3550882751916
11640.4083430035,5.54623093000436,29.4326278997714,1.83914649309253,4.88366276234921,12.3600023481108,37.1869083359654,5.06565277793593,14.9431437374928,27.5066566029942
11688.7138755597,5.52151102146822,29.1848991510561,1.8524779563344,4.89897471004429,12.3899504442672,37.4312717532285,5.06699879534955,15.3461566029368,27.0626398093175
11737.2415921405,5.531303579599,30.0528609675643,1.82916611218963,4.86394573304033,12.3827031414168,37.2038659703127,5.05634024559249,15.1458713072811,27.2674967285364
11785.9915694695,5.58294522644277,30.1489144490114,1.8528259716334,4.84535888486478,12.5718309564857,37.3055247465701,4.97262819262641,15.4881190925658,27.0164762416031
11834.9082135754,5.56028266117594,29.9560878955778,1.82153261394917,4.8774133489179,12.6307043312191,37.715991619175,5.02227675667631,15.5447270405948,26.8299684718678
11884.0192830907,5.58872532957774,30.9713497099393,1.85657752701981,4.94204923744307,12.8383796092094,38.3351450230823,5.04676404135923,15.6714915211207,26.9435792629882
11933.3525749848,5.63071640715192,31.2567014175458,1.83110378834033,4.86544109014507,12.8654051567818,38.0709240317042,5.0753721036049,15.6327444345327,27.0005097985238
11982.9080892579,5.57843965657782,31.3203895420909,1.85287867894178,4.93875100296109,12.9798865991375,38.1849650542617,4.99364641338689,15.9398263054894,26.8405018917346
12032.6580672972,5.69193126463087,31.9827852538114,1.85749061354208,4.93898169424794,13.1119429095699,38.1475058788481,4.97586741563744,15.9531055537368,26.7970731504546
12082.6024707399,5.63504660863013,31.8600767550207,1.85945481137834,4.93321420410022,13.1978469504387,38.0696496583799,4.98038216493623,16.3676782100268,26.669391859309
12132.7690965623,5.62657082759696,32.3037925412262,1.8754000776217,4.91558805217193,13.2498224943435,38.3001770356013,5.05267967127156,16.2597200682236,26.4824932225893
12183.1579447646,5.64591300670146,32.8637376225899,1.87361132088591,4.94642671820261,13.3773181143146,39.0474480421409,5.05980038915909,16.6469255584566,26.9530384316923
12233.7412567338,5.64316266063736,32.5100587056804,1.85458366292629,4.91927057800829,13.364503645412,38.5095255475535,5.02372681370466,16.5610214121503,26.9761705663147
12284.5189941057,5.67370364294746,33.0615138213457,1.85418952726806,4.93752767604315,13.5509524147442,39.523567083907,5.0386824693783,16.7469305567001,26.3001250616522
12335.5189538579,5.67445905987866,32.8736889723542,1.87936000269296,4.89252072004649,13.701375441181,39.7332816965714,5.06542140596163,17.0166110044495,26.3430218158772
12386.7411359904,5.70428674156983,33.5106764893605,1.85780017763926,4.91408396649958,13.9198237585717,39.3391728762098,5.00877575843807,17.1863391419527,26.2809750454436
12438.1577818854,5.73802382233719,33.5328018518572,1.85748646692329,4.92233660094234,13.9030187804549,39.6469327186658,5.0150980975799,17.1104843534523,26.4053995105439
12489.7966118025,5.77228596833771,34.1739604800893,1.85592677640972,4.95617629023353,14.0718788958677,40.3088283867702,5.07792479747536,17.1739308499979,25.8548322676513
12541.6577024649,5.79219976471219,34.5422697671017,1.87214838383825,4.9020936064215,14.1013129133327,40.1794229904699,5.11436069525552,17.4674932679463,26.3762984071789
12593.713218528,5.77958656561346,34.8713797667945,1.87097833606901,4.86630994222462,14.297175862178,40.9651625911638,5.07363962030431,17.5298301108163,26.2969751159971
12645.9909569721,5.82662201353728,35.0761211034088,1.86259138402907,4.94941222880083,14.3846206102191,40.9143767483203,5.02466886301989,18.0939319234915,26.2409241188635
12698.4909177971,5.82325762560444,35.2678439401891,1.91309998850315,4.93927943840346,14.333340812167,41.0281512104204,5.1112159784975,18.085739903992,26.3008455558587
12751.213101003,5.84966835663331,35.1866920599434,1.89227866412167,4.96372001014228,14.7715762535551,41.3337267083573,5.12362495319104,18.130815171631,26.2115666382771
12804.1575065902,5.86099063935072,36.4514724469356,1.86852794621926,4.96254509873872,14.745108735713,41.0950180522565,5.09724190608765,18.3464734322069,25.8937670657903
12857.3241345584,5.88703388090974,37.1261098925056,1.87360870745461,4.93133109082965,14.9890429820293,41.8404031368458,5.07273459674261,18.4869598072187,26.0477478760688
12910.7129849079,5.9492095474699,36.3581157004434,1.87884054809803,4.94188888086014,14.9833184560177,41.9090780111087,5.11792891980339,18.5980995365074,26.2631728276367
12964.3240576386,5.9209805266922,36.9269922736044,1.87965212464802,4.95484722003307,14.9006548157444,41.9104967893892,5.14523168867291,18.6559591424405,26.2779423498267
13018.1573527505,5.90027253557517,36.8667161858664,1.87103463683214,4.93951928096956,15.2046894711187,41.8779335562891,5.11494703143712,18.8785662903568,26.0687678735991
13072.1851116198,5.98116582046583,37.7220495111343,1.88872534671714,4.89454668244769,15.4496971794529,42.8499018031021,5.12036531970854,19.3138821645708,26.2778073228496
13126.4350545226,5.91199595009759,37.9960396064013,1.89010394236245,4.9172048781017,15.2820955397782,42.9871806248289,5.03750940231342,19.0936560972088,26.0689776452425
13180.935016778,5.97922015396151,37.6074492534328,1.90656110805308,4.99415001685443,15.4708966416347,43.1715791006568,5.11122737191712,19.2705594301356,25.9290994599459
13235.6572014145,5.95921845138792,38.5464604170837,1.89719850724686,4.96242474330778,15.7370464170432,43.5573975752275,5.07897369063339,19.5649485987278,25.466949685178
13290.6016084319,6.010826837053,39.3799352758809,1.8795083916271,4.88634622363386,15.6608604157065,43.3066843445337,5.13827685371592,19.8340570591096,25.8652728826192
13345.7959964425,6.0069546311652,39.2742399475939,1.91254851387534,4.99830856465442,16.1020865206908,43.6786182327304,5.11582265132809,19.8818740369991,25.815587236772
13401.2126452047,6.07798890669789,39.5574811135813,1.90945295562358,4.9659975796755,16.1590100541662,43.9557758657959,5.16080252994255,20.0158479035262,25.7535984364461
13456.8514779821,6.09409544455599,40.2384224240464,1.89327782341898,5.01865936080684,16.1002810268523,44.0827752905547,5.10822474993523,20.307766303391,25.6543500650428
13512.7125715,6.03346427111083,40.5146385508564,1.90252339817588,4.97802037346693,16.3252162244565,43.8212249394899,5.11306103051662,20.4401283387201,25.4718255806917
13568.795849045,6.0867801381454,41.0505692944479,1.90882981035498,4.99672441714988,16.5208644880383,44.7859564222305,5.16590733450584,20.1783512075641,25.9268847429223
13625.1291459448,6.11765186712792,40.9573570798019,1.92416044434675,4.98140115089362,16.6341420227396,45.1811659531346,5.16758027092574,20.7240855868698,25.7859831420501
13681.7124238383,6.08274454012831,41.7216434988347,1.92405592890308,5.02620911935744,16.8278547490537,45.2366483646168,5.16693821733435,20.7683019376861,25.6642870346812
13738.5179624805,6.17345399810412,41.7983161273272,1.90847985349397,4.95155903795494,16.7436858809037,45.3293701790883,5.19848796129762,21.1182188385173,25.6610668911501
13795.5456851432,6.16213022660031,41.4715482459071,1.94896265845851,4.98984284461099,16.8323068328866,45.5511631179331,5.16079289914937,21.3394405425372,25.3430041085721
13852.8234271633,6.14506393609221,42.6616061345188,1.94203834409094,5.03537469900487,17.0548107504313,46.002882106643,5.23845243402354,21.5235644533477,25.4585651548296
13910.3511501774,6.23028777757393,42.7706586071826,1.9328862761321,4.99385904752425,17.2743512547848,45.2241872191171,5.1997893534419,21.3537900684897,25.1606218005523
13968.1011339375,6.23614176863542,42.7361469489226,1.91853009964326,5.00327381309112,17.3957926181823,45.8148295446369,5.1330393549814,21.4377391484563,25.4511453034787
14026.0733017217,6.23238667120473,43.9382349971329,1.9541096476807,5.02152958515102,17.2649654824891,46.0069909500608,5.18874054299812,21.7748093122349,25.2724630593723
14084.3232474743,6.29149483819185,44.1526522310398,1.94585845999017,5.02749592118427,17.6806180948641,46.0570995380734,5.19805753655958,21.9764711000283,25.3435797814871
14142.7954539731,6.30007554777498,44.2892154306062,1.95781004226293,4.94830810339245,17.8212178938468,45.9829420454815,5.18976110389051,21.959880094043,25.2004040977151
14201.4898444963,6.35364671362431,44.1962384623828,1.95210772256953,4.98821062971756,17.7694010523876,47.1063198569929,5.28618902132336,22.2897259719242,25.4271157733922
14260.4620129891,6.38521658657687,45.2529441914464,1.96208074232918,5.09085853239611,18.0859632761132,47.4705643039245,5.2209395262793,22.7249645958337,25.5809257065246
14319.6842008465,6.31386483972803,45.5960488016813,1.96625984964236,5.04935783218684,18.2257360219071,47.2901725589838,5.239800860402,22.716335523225,25.4364632816323
14379.1286110817,6.37837229492464,45.7755689909698,1.94556582883538,5.06456255691821,18.4581124102056,47.1568914725466,5.26632406274618,22.9950086907578,25.0034560048725
14438.8230023163,6.50032893453765,45.8085126068227,1.95974214947979,5.05045276338712,18.4445165401275,48.0932330443433,5.22241002096063,23.0120821434553,25.2215719051024
14498.7674129098,6.40555591238282,46.9931395494568,1.95448576398819,5.07581804609944,18.6382594627458,48.0702420463396,5.28240427135191,23.3986759070546,24.950374179147
14558.9618045014,6.48661825152973,47.1296640979837,1.94600362018381,5.03774948302177,18.6614488675279,48.4824296532502,5.3110415910574,23.7881461101285,25.2723499735245
14619.4062154528,6.4916328905174,47.2644769298524,1.98499122287932,5.10556564161575,18.597468289241,48.4487664555734,5.27825850731014,23.6607964344311,25.182228364768
14680.100607402,6.51259225566458,47.3993688352781,1.96497560078564,5.05865430054782,18.7241200579746,48.6537089929095,5.29459336805087,23.853817213085,24.9364160069204
14741.0450187104,6.56558804769078,47.6991523283788,1.96992846375363,5.04435889873852,19.2197625326329,49.100980749351,5.26550303212377,24.1849049995471,25.1198355343709
14802.2394110181,6.62423857246714,48.0016524842397,1.97232912446329,5.11523286480894,19.2736169727991,49.0127733496499,5.2953038612304,24.3423186125013,25.3176672749804
14863.6838226828,6.55363851199186,48.4722562664786,2.00431762605861,5.10994918035711,19.3710830254896,49.1042375480468,5.35290314305822,24.4991604254785,25.4719394199135
14925.4059739583,6.61479276349407,48.5278963916624,1.99444785522252,5.12834322958707,19.7035512022707,49.7175366193251,5.34789269323137,24.6731088120145,25.1202362915604
14987.3781829644,6.69440714331668,49.2541134039143,2.01454829699699,5.09987054678424,19.4807729553664,49.5790940804723,5.39099645412663,25.0662277739059,24.781283354969
15049.6003346034,6.70365402551455,49.77338049251,2.01822061520351,5.08859596723961,20.1123012532974,50.2746630917235,5.37821897144024,24.905564730784,24.868936994743
15112.1003025843,6.67747962135295,50.4020849652449,1.99864476318098,5.08955180067798,20.1255981981157,50.4780792675419,5.35361876903111,25.2487866209577,24.8391012960897
15174.8224929387,6.71258085909535,50.3818944498119,1.97310904197369,5.11432484425626,20.3449901852704,50.5070686299922,5.43324183494776,25.0302793564433,24.8367869262895
15237.8224229119,6.70895910337468,51.0369000753126,2.01210723472939,5.12620144789938,20.506606754917,50.1434399720295,5.40911690829087,25.4674872684563,25.0822997334242
15301.1001692264,6.75832014832364,51.3325643420083,2.03200603624411,5.10515476087989,20.2708705206714,50.2783173584329,5.39981634285302,25.9864179817172,24.8974006702125
15364.600137913,6.78239438745826,52.0611782921281,2.0278733040999,5.16119373844681,20.5617716202191,51.2175238329855,5.35252104283858,26.1722527670666,24.8361097772855
15428.377846224,6.8303075316759,52.0987794703194,2.02900192606581,5.15158556778082,20.9335024480509,51.796615009064,5.50532324929965,26.3182905817691,25.0142733902898
15492.4333708695,6.856080540868,52.4295221816481,2.0091462319707,5.1278113518391,20.9453716305281,51.5694514212059,5.46181102112677,26.3743901949039,24.9955304260535
15556.7666351243,6.86738185607439,52.6739858575972,2.0248507850923,5.10677390880624,21.0101453269579,51.3126698607705,5.40836242870352,26.7307621060176,24.9860532367341
15621.3499571039,6.87072223949945,53.1901707668295,2.05610877088124,5.14490874827124,21.1265440446495,51.8348687901347,5.46588688574532,26.7596689619131,25.1306980715465
15686.1832217286,6.99137784206223,53.5474504432589,2.05414797794458,5.14777261198718,21.5778567389462,52.0809187801383,5.45877137847232,27.1289563995471,24.5420561746107
15751.3220613005,6.93689729422424,54.5623913991899,2.04567266992661,5.22101386006689,21.6505871679187,52.4962103962556,5.43748367777385,27.0778661218231,25.1176133325638
15816.7109202311,7.00863673355077,54.7646735680186,2.06550197331746,5.16309840234918,21.5341902548382,52.9990993952366,5.4758351191823,27.1346273309119,25.000928519039
15882.3775187775,7.0116054427533,55.1285495806247,2.0435291750828,5.23020896232037,21.9660759366911,52.8358263296978,5.52714323497379,27.6376349388497,24.6360062084283
15948.3219336641,7.08586691327064,55.6533319107964,2.04721424482636,5.21830128302272,22.1026172942095,53.4359226262786,5.50375630146517,28.1521588198663,24.5358995470932
16014.5440881607,7.09717882937346,55.2335934746465,2.06341771084022,5.22902583661052,22.0102305321408,53.214332931157,5.53649395547138,27.9417926880272,24.7068160392801
16081.0440590021,7.18753421626606,56.1141049232326,2.04906348654454,5.24341915561707,22.5572743069139,53.7562232014264,5.56636179440599,28.6489183372622,24.6927641272778
16147.794010838,7.19242408875909,57.4517224279993,2.09276383164219,5.19236150408374,22.4995974530075,54.1543903590457,5.52315220481032,28.2865776749709,24.9340493497262
16214.8217406501,7.21944220776305,57.6919388072296,2.06907501897363,5.26108251439518,22.8176661636099,53.6240733730063,5.57606588607045,28.884869222409,24.4505485067437
16282.1272484388,7.2388152854449,56.5824940839223,2.07872335735585,5.22334877110389,22.7714644302797,53.9549107421095,5.60312864647396,28.7004550207313,24.7649872529109
16349.738292817,7.36249865912738,57.0732461662491,2.09350582959496,5.23056126454827,23.0117008323674,54.2288465024338,5.57639396675516,29.2423680029799,24.555866967427
16417.6271535402,7.33323395907945,58.8675336658203,2.08771554126682,5.32758823624338,23.3281125587585,54.4578004283965,5.59708662762936,29.0992266922303,25.0230742629556
16485.7937538734,7.31960901556906,58.4854081540078,2.08187487702058,5.22638357988362,23.1635939375371,54.7640977117329,5.67039946962256,29.8557760617338,25.0280896622604
16554.2381705466,7.31278306208601,59.3555226678642,2.08186887702069,5.318543226285,23.2095491162714,54.5091129652375,5.61040708123295,29.9987295259826,24.7279336094736
16622.9603268356,7.4241821735617,59.7335397247987,2.10728643524571,5.30433430456986,23.9191381969809,55.6139556567575,5.64596069427151,29.8605886896158,24.6502613732309
16691.9880580789,7.43280282995984,60.1548257294317,2.10226332240851,5.30244647396264,24.2635934917241,55.43413859347,5.68608250643519,30.1178009277792,24.6970475265882
16761.2935672982,7.46628311188823,60.7953892009171,2.1041401401858,5.31605651873586,24.1882199776764,55.3469836089963,5.62184806895106,30.2088556660799,24.9127288022255
16830.8768544936,7.50968773091261,60.5596400123798,2.11565934275972,5.41615666893179,24.3525099222373,55.4652580574821,5.73546333592203,30.227849358345,24.5769341676994
16900.7379196646,7.50087731420529,60.5032109576233,2.11195257909857,5.41066509447788,24.387184496509,55.5020993166722,5.6506758642247,30.7499424327887,24.5392700997555
16970.9045214297,7.60396069629231,62.1734290159231,2.10847685806266,5.34515680288551,24.422527204327,55.8605710509273,5.7478529284542,31.2048823920369,24.7732625855662
17041.3766981509,7.59594929940063,62.0663717891243,2.12817682159386,5.3471572406675,24.8889475466897,56.8751582450542,5.75659567453222,31.314289550782,24.6337575117116
17112.1266528475,7.60276607990318,62.332373854702,2.11815966548899,5.36443320418763,24.8151106113745,56.1622592820908,5.81982989097532,31.7650607034677,24.764753497307
17183.1543855192,7.69118332368607,62.7317825298222,2.11608805649067,5.37671029132848,24.9178631204899,57.0451527184517,5.79961012115198,31.8657196906152,24.678127185832
17254.4876547865,7.67275173994103,64.0577915036804,2.1284395884018,5.37862409260332,25.2952186123374,56.4153633091924,5.78823865261812,32.1178146725622,24.8116897141125
17326.1264990081,7.74992916893501,63.3087603354196,2.14177870226204,5.40306661741686,25.4069779869762,56.4356464650244,5.84744584003739,32.1801554425132,24.6287782796913
17398.0431212043,7.73561203835787,64.3245083266375,2.14276716424428,5.45101447487156,25.7844292866113,57.4266955949766,5.85915767763773,32.6552291668262,24.4955291559908
17470.2652799966,7.82217719528249,63.8220280389564,2.1433691831288,5.38861704688042,25.6118902731919,57.2476845985064,5.80688772948866,32.4573081304563,24.7931010892028
17542.8207723553,7.74847367831741,64.9598427295178,2.11322460897719,5.46928265572354,25.9104051644124,57.3974096612047,5.85461723348605,32.7819658130985,24.7326462797411
17615.6540810567,7.82791180020832,65.7702150331799,2.16869747899141,5.400805062255,26.2365078201102,57.9320068837054,5.85873943056719,32.7487743715921,24.7264718363208
17688.7651293756,7.84645850871536,65.9265286190202,2.1363696394017,5.46437646830033,26.2541171022627,57.4266304728907,5.85593313125562,33.5149370578314,24.5476242542307
17762.2095112619,8.0240594451792,66.314287089054,2.13323498853969,5.43313032967194,26.341112722854,58.4276889506569,5.83811148146731,33.470534033203,24.6413975012817
17835.9594681051,7.83491276102771,67.4122328016802,2.13556059616818,5.41906068089822,26.66330653528,58.4573337052793,5.9016511893618,33.8464584328263,24.4760453070696
17910.0149615397,8.03827215139154,66.7984860029454,2.15049154624578,5.41255658903552,26.4076618769431,57.9378912463471,5.91461633446799,33.8080118669187,24.7575629064253
17984.3760299308,8.08492834331199,67.0014829946325,2.16072510325225,5.43937040784619,26.4821020962895,58.1431190061158,5.89526643336039,34.3004131464912,24.6495290617815
18059.0426349143,8.0280246041273,68.2014309209023,2.18156059146431,5.50541902813733,27.0093576714645,58.7097056717641,5.97340095516425,34.4050122900231,24.3625813356682
18134.0148148524,8.06092732873902,67.8347070571242,2.15376763427657,5.48464000192106,27.2275684491919,59.004442035094,5.98370220946885,34.3558163560243,24.4010020750354
18209.2925313851,8.10616781112267,68.8760602155466,2.14768644003283,5.45024181622432,27.3494052732168,58.7468576846915,6.00290804633574,34.6095783381105,24.410445525056
18284.9035814875,8.29184794193688,69.6904052870274,2.17571482406552,5.49125802335154,27.6516441470922,58.6903783603968,6.05186669898194,35.2062816662814,24.6352212595244
18360.8202065467,8.22525014673497,69.3627076237269,2.18001667893668,5.50968139217219,27.7342455474226,59.318201404266,6.00101472775892,35.2474568700219,24.317117675918
18437.0423681988,8.13097554102423,70.0407992077114,2.16522129523833,5.49674780580141,28.0827957609228,58.5927471963804,6.07742293192849,35.4909559646552,24.3250622357957
18513.5978634215,8.28235501584746,70.2828088654688,2.1911171458377,5.5024783266172,28.0405845635564,59.8406730829913,6.01490513429296,35.7006103019863,24.7412012886719
18590.4589335997,8.3318627480893,71.3831043077209,2.19498758219139,5.58561270938341,28.522921370288,59.3990238308993,6.03785643766556,35.930494668553,24.4983068003283
18667.6255403723,8.32055423699247,71.7380320241841,2.18163271403843,5.5332263490735,28.4163332062067,59.7604624743894,6.09246006199632,36.5022850923661,24.3713889116555
18745.1254807158,8.43345662940437,71.6564446486432,2.21087426306737,5.62589269743685,28.7014488143188,60.1980013930195,6.07481162006694,36.7353357850379,24.5547050692202
18822.9587546304,8.3050111762624,71.7444710703122,2.17366591576504,5.61039858469881,28.8688813936932,60.4399903840266,6.1640373015245,37.2478197199537,24.6037726772884
18901.0976034989,8.42094806724646,72.6093844077432,2.19523258564882,5.59539892446832,29.1146126113147,60.3995142963399,6.13115085853556,37.0801641561915,24.4568848114636
18979.5697475786,8.51255349565586,73.549781454596,2.18745830155234,5.58258605317776,29.0230142674025,60.3673039463323,6.06765849950568,37.6262596167413,24.4916783053011
19058.3752635942,8.47602022858571,74.2809019918971,2.17810912635565,5.60904908243036,29.4218601144725,60.4228266839351,6.14520582989311,37.2667625906222,24.5396733420361
19137.4863162012,8.49520917211484,73.697400495192,2.19130522374537,5.67525610815747,29.3921045641292,60.4195928011112,6.1485358771621,37.3789673029277,24.4054468642343
19216.9307023798,8.59590699387659,74.3028408998603,2.19875693763517,5.65259937951097,49.8137863122202,60.8559687517885,17.5694912820847,38.3101512687536,24.5150842048487
19296.7084221301,12.2173521334447,75.0020691099356,2.21293633693493,11.3141464665413,32.6580393737725,60.6251502538141,6.18555966895397,53.6736010941706,24.3734842242699
19376.8194754521,18.694809833764,76.0357262482568,2.21619722678035,9.8143128692007,30.2184659419601,61.0240688076379,6.20989288519574,38.1469360466696,29.9111750280936
19457.2638623458,8.6129880359372,76.1298225458615,2.22776847219879,8.23694276037246,30.1869332368098,61.0548801382827,6.21628204723343,38.4652499379333,24.2908596679909
19538.0415828113,8.71083114730348,75.8863399687672,2.1945165668862,7.66621783463784,30.4666752278122,61.0106706479709,6.3092181243207,38.7623252081855,24.3617840833789
19619.18039546,8.73553333249171,76.4673224956473,2.2055571166131,5.59406726549337,30.6272132491376,62.1467407070166,6.27889798900574,39.2581607893111,24.3139764414496
19700.6525800525,8.7132590635556,77.2162231014126,2.22598165246894,7.42971154766124,30.9450757560158,61.2620446696595,6.21932277223729,39.0151395770377,24.470054764092
19782.4303012328,8.67627497195355,77.089718952557,2.23047510943231,6.23488901785966,30.9658692985459,61.1902776040378,6.25585319342297,39.2014927246866,24.2418582506794
19864.5413559848,8.78284982997028,77.8742074446754,2.20326394847082,9.53032589423636,31.4367328267445,61.3042290229268,6.25552737731492,39.7210810652166,24.3350436205948
19947.0135029255,8.8486425932898,78.6287113075334,2.24035181202139,5.74984560450666,31.0936682039171,61.565725905217,6.28857646622552,40.0185684387076,24.2675688478269
20029.8467804174,8.90118164799745,77.9383053114045,2.21515756001455,5.7394636159981,31.3830585475645,61.9118237221038,6.26476295059075,39.8897941562805,24.0614937554138
20113.0133914807,8.85292999531393,78.4879817440709,2.23452040139838,5.70041444963732,31.3559624158548,61.3432723129776,6.40017211838878,40.0617613026008,24.3201832609204
20196.5133361152,8.91037504692023,78.9655207278321,2.22075203747668,5.77157204378424,31.421382941134,61.84568410731,6.33491117229957,40.4066261084682,24.2505888322079
20280.3466143207,8.94496847070312,78.8987441845539,2.2195747706612,5.72262628663334,31.710359405848,61.9603082600612,6.34282839125246,40.8008793231187,24.3763423522419
20364.540984716,8.94837817419041,79.0864032669436,2.22425230277886,5.68408672482496,31.7500775118573,62.158723991307,6.32246094213029,41.3435552408342,24.3236325935544
20449.0964856617,9.05129406621607,80.3752103464065,2.21679321227422,5.70445686667879,32.1316130012548,61.4327702817214,6.34804260587921,40.7317840497784,24.16672586213
20533.985320178,9.07196504693387,80.5573773099362,2.21233874612713,5.70199238755764,32.0811388195142,61.9147599586782,6.40575255561445,41.0450937304141,23.7934672909215
20619.2352468832,8.99953464362556,80.666632204239,2.2014104837738,5.70984444499091,32.1191618390385,61.6246655313677,6.35449310416473,40.8446578050712,23.9560076968294
20704.8463041396,9.07158079296547,81.0154055374897,2.21154752002799,5.67290021163004,32.623933997257,61.4727753049728,6.36089890394604,41.6425392506903,23.8746795797227
20790.7906949656,9.07084769787086,79.9758652386523,2.21291368542325,5.73295122176094,32.4873576691624,61.4417929896638,6.36647908100598,41.2180506121015,23.6808618766658
20877.0961779829,8.95919207831649,81.2297577250228,2.19200608348118,5.6859139593294,32.8715661919738,61.0773116251185,6.28874849049421,41.6837498432383,23.7789175106791
20963.7905501635,9.02560954138927,81.0861092758691,2.1830699373757,5.71583517548005,32.8793323668059,61.3633453752284,6.38803303993093,41.3666818110367,23.4971884824787
21050.8460528989,9.06492391233557,80.6260486140643,2.19004830627573,5.67440191108292,32.7974700894414,61.2885703560264,6.28944461143803,41.9815544129937,23.5507096265931
21138.234889203,9.01208584183922,80.3889817522627,2.18294260145081,5.63651860292702,33.0588994322651,61.0722112491878,6.31544936866965,41.5538961115207,23.4169274571241
21225.9848176972,9.10210110094389,81.1379279379267,2.19476822150464,5.60808562533609,33.0418280555117,60.2756101096844,6.34084971985142,41.7701810820795,23.3606807979751
21314.0958767394,8.93850579568705,81.8000330330785,2.15193198823763,5.60880281309971,32.6751096342932,59.9910912292634,6.30282300052837,41.712385251546,23.1983776523535
21402.568027973,8.88803979658997,81.1268540336594,2.13089913757478,5.60715367315384,32.5398019436939,59.6724578107666,6.27421534020685,41.4481187721382,23.0953895079206
21491.4290683719,8.92747381895498,80.7970866180421,2.15176621912056,5.58039446476276,32.3941164471786,59.8201789484519,6.22982130872674,41.526118974777,22.9798082741315
21580.6789979362,8.92667786395448,80.7668408262298,2.11725301597877,5.53243755457626,32.4441997043626,59.779332051512,6.24364441447016,41.6193285286892,22.8146186100919
21670.2900580549,8.85540789563317,79.6052132447309,2.09700954578186,5.45657751743941,32.8090044600899,58.968396768364,6.25143217362206,41.4528977082011,22.5269396243545
21760.2344517395,8.76456708418915,79.9796319930334,2.09164861118029,5.46545547018793,32.3813364451358,58.6162965269197,6.13103075805254,41.406188324104,22.3712395448091
21850.5676962353,8.63091108032142,80.7529562957527,2.04127042781037,5.40111106320837,32.142668148036,58.0504685066946,6.07242553244186,40.9246764560377,21.9534052162494
21941.2898682584,8.78523639408261,79.0978215911965,2.05697995883761,5.31530459335856,32.377155980221,57.5528251455255,6.13379603256931,40.8576979849988,22.1402506662234
22032.3731324695,8.66561377878527,78.3135982266227,2.02338664298767,5.35594714174713,31.858464999726,57.05828962728,6.01497959261848,40.1723348107601,21.6494899011034
22123.8452858474,8.47545829332594,78.4232036600557,2.01241280225733,5.2587033064723,31.8733374489414,56.1151734304462,5.95232079736545,39.9740532796563,21.5714217819515
22215.7063283919,8.47705842349733,77.9978579594212,1.97027909399407,5.21913944615669,31.8186425329231,55.6167471963785,5.84559694262992,39.7219791659544,21.2386641694105
22307.9562601032,8.35942297604914,76.8875121719101,1.94600932847053,5.15614367854376,31.4877554267502,54.6670051257013,5.84038674048713,39.5860403435752,20.8598394425665
22400.5673223645,8.26552075390115,75.6449717241524,1.92059444897435,5.08985101034657,30.9718526457326,54.893717459188,5.68413855409248,38.964941452186,20.5110153661833
22493.5672354319,8.17727035975013,75.3526046033293,1.89264467601755,4.96418700801972,30.7391079180117,53.1086499547711,5.69142706691446,39.4345912578137,20.1114840421279
22586.9560760286,8.10997694643075,74.8319219531811,1.86555617704208,4.97596047027022,30.0967847378439,52.1337528419878,5.5509164026302,38.3675655495231,20.0369003982481
22680.7060088133,7.98593672728101,72.89609818845,1.81758051147474,4.84933907413848,29.4915465414501,51.2739363275943,5.51741205666012,37.8351890502977,19.5799116074223
22774.8725893811,7.82576730089013,71.4164042823835,1.80011988644843,4.80878379526745,29.3880181516206,50.0965797964498,5.42595438141761,37.2525391232684,18.908589760158
22869.4280974788,7.66048768115114,70.6462752078236,1.73770067531577,4.65320601157572,28.9174413059148,49.1536070959958,5.2686144570001,36.6140421946801,18.7101559258385
22964.3724563815,7.59328585306226,70.2258241966415,1.71611281562747,4.59547656253979,28.3430894003563,48.385908845205,5.18006125473329,36.0769693644884,18.2932441070434
23059.73350143,7.32004622488359,68.157969383312,1.67706646085586,4.50048706707122,27.6463005453348,47.5011983440234,5.14143195503486,35.4603604695866,18.0272322345296
23155.455677025,7.26115184061836,66.7821244860736,1.61433979486436,4.34958218249446,27.3215333873434,46.2727701684363,4.97647425655821,34.467634943208,17.6191796440049
23251.5667034323,7.0870446819729,66.0564274921222,1.59198321604084,4.2663565042548,26.7299722396233,44.8745972689575,4.8753181676826,33.985900802746,17.0055016832233
23348.1221745948,6.96666574491105,63.8852083539395,1.55359195052892,4.19207869058561,26.2626326163575,44.0359653602452,4.73318583263249,33.1844349451294,16.6096516875883
23445.0665732921,6.74141564443821,62.7143299991253,1.51619767871522,4.08416290766712,25.4393116067782,42.4486908523788,4.63371653462815,32.7778008548713,16.1510278270213
23542.3998227922,6.63767354967924,60.9530832616123,1.47424072625316,3.96030360870011,24.7649858400305,41.6104789754199,4.51480466775743,31.4800749480601,15.626169281157
23640.1497584383,6.41986330283313,59.8212591785555,1.43118660889144,3.87141967170438,24.4017912873813,40.2818562085087,4.38717105123015,31.1978598386145,15.0918845057342
23738.2885832505,6.24988179894262,58.6138876968105,1.37853701139849,3.77689728346485,23.8055009057221,39.5074311021716,4.25281353034688,30.1606978336423,14.7331927578137
23836.8440558465,6.16268453455653,56.35250653916,1.34847319142554,3.65313041305715,23.2137748321155,38.0469663024241,4.16625460391793,29.4482684642975,14.2619868084268
23935.8162145891,5.90883044955622,54.9242514604566,1.31710138029141,3.51396828795367,22.849942414773,37.3750033660857,4.07983925598298,28.6993325807251,14.0661093539711
24035.1772624971,5.81028488307574,53.8024150495378,1.24938595997438,3.46727595652613,21.7620102466851,36.2188062344998,3.9398827660754,28.0097770768134,13.6258320827474
24134.9549581905,5.64580242683184,52.5031613786379,1.22599276148038,3.35676115483885,21.4828973241356,34.7130693716637,3.82071204747228,27.3995947215937,13.0776299817294
24235.1493400282,5.49149008932034,50.9945319808969,1.1942824848197,3.28386799704551,20.7855962863316,33.4131030197057,3.71601932553009,26.681922527839,12.7012804010093
24335.7603696507,5.37242227825144,49.6282424814893,1.15829562720972,3.15302996863489,20.3534156366213,33.0617720887841,3.64598731813968,26.0670354255245,12.3532315260957
24436.7880854176,5.23586095147137,48.7480656313072,1.1237637145694,3.07383810394633,20.0673795971662,31.456998305477,3.51989028034627,25.502215382332,11.9892002146367
24538.2324489697,5.10641432349646,47.8548040559767,1.09245841695614,3.00911040169989,19.7486166954566,30.9173607555742,3.49115035484988,25.0469239255931,11.7127067381113
24640.1212572823,5.066251377707,46.7646579176421,1.0769220770654,3.00028438046441,19.4570264083987,30.5811951567014,3.44609974014443,24.630836791733,11.4737272944098
24742.4267517425,5.00535911989679,46.5824832791559,1.06180982787539,2.94788758828771,19.1016202992456,30.1663186638002,3.40153229116281,24.3640897518363,11.2414278880897
24845.1488939856,4.91170989094496,46.2067726028842,1.04130865424592,2.89766340521593,19.0590071974777,30.028167289741,3.3263418627896,24.0348435747137,11.1821880907953
24948.2877223728,4.88579625180463,46.1508710918217,1.04833838231979,2.88651970964726,18.8495554194825,29.3516312180749,3.32094067234508,23.954109172397,11.1136903812545
