task_id,run_number,reading_index,acquisition_time_utc,elapsed_s,output_voltage_v,equivalent_input_offset_v
Offset_RevB_Chip_1_wiShield_Gmx_default_OSC_default_Vsup_pm6V_20260909,1,1,2026-09-09T09:23:40.792338+00:00,3.280000000000e-01,7.086361000000e-05,7.079281718282e-08
Offset_RevB_Chip_1_wiShield_Gmx_default_OSC_default_Vsup_pm6V_20260909,1,2,2026-09-09T09:23:41.448838+00:00,9.845000000000e-01,7.191151000000e-05,7.183967032967e-08
Offset_RevB_Chip_1_wiShield_Gmx_default_OSC_default_Vsup_pm6V_20260909,1,3,2026-09-09T09:23:42.105338+00:00,1.641000000000e+00,7.148945000000e-05,7.141803196803e-08
Offset_RevB_Chip_1_wiShield_Gmx_default_OSC_default_Vsup_pm6V_20260909,1,4,2026-09-09T09:23:42.776838+00:00,2.312500000000e+00,7.504304000000e-05,7.496807192807e-08
Offset_RevB_Chip_1_wiShield_Gmx_default_OSC_default_Vsup_pm6V_20260909,1,5,2026-09-09T09:23:43.433338+00:00,2.969000000000e+00,6.236000000000e-05,6.229770229770e-08
Offset_RevB_Chip_1_wiShield_Gmx_default_OSC_default_Vsup_pm6V_20260909,1,6,2026-09-09T09:23:44.089338+00:00,3.625000000000e+00,1.018928000000e-04,1.017910089910e-07
Offset_RevB_Chip_1_wiShield_Gmx_default_OSC_default_Vsup_pm6V_20260909,1,7,2026-09-09T09:23:44.745338+00:00,4.281000000000e+00,7.301754000000e-05,7.294459540460e-08
Offset_RevB_Chip_1_wiShield_Gmx_default_OSC_default_Vsup_pm6V_20260909,1,8,2026-09-09T09:23:45.409338+00:00,4.945000000000e+00,8.687200000000e-05,8.678521478521e-08
Offset_RevB_Chip_1_wiShield_Gmx_default_OSC_default_Vsup_pm6V_20260909,1,9,2026-09-09T09:23:46.073838+00:00,5.609500000000e+00,7.172741000000e-05,7.165575424575e-08
Offset_RevB_Chip_1_wiShield_Gmx_default_OSC_default_Vsup_pm6V_20260909,1,10,2026-09-09T09:23:46.730338+00:00,6.266000000000e+00,8.358757000000e-05,8.350406593407e-08
Offset_RevB_Chip_1_wiShield_Gmx_default_OSC_default_Vsup_pm6V_20260909,1,11,2026-09-09T09:23:47.386338+00:00,6.922000000000e+00,8.387835000000e-05,8.379455544456e-08
Offset_RevB_Chip_1_wiShield_Gmx_default_OSC_default_Vsup_pm6V_20260909,1,12,2026-09-09T09:23:48.042338+00:00,7.578000000000e+00,7.031105000000e-05,7.024080919081e-08
Offset_RevB_Chip_1_wiShield_Gmx_default_OSC_default_Vsup_pm6V_20260909,1,13,2026-09-09T09:23:48.706338+00:00,8.242000000000e+00,7.218054000000e-05,7.210843156843e-08
Offset_RevB_Chip_1_wiShield_Gmx_default_OSC_default_Vsup_pm6V_20260909,1,14,2026-09-09T09:23:49.370338+00:00,8.906000000000e+00,8.668182000000e-05,8.659522477522e-08
Offset_RevB_Chip_1_wiShield_Gmx_default_OSC_default_Vsup_pm6V_20260909,1,15,2026-09-09T09:23:50.026838+00:00,9.562500000000e+00,8.195332000000e-05,8.187144855145e-08
Offset_RevB_Chip_1_wiShield_Gmx_default_OSC_default_Vsup_pm6V_20260909,1,16,2026-09-09T09:23:50.683338+00:00,1.021900000000e+01,7.962137000000e-05,7.954182817183e-08
Offset_RevB_Chip_1_wiShield_Gmx_default_OSC_default_Vsup_pm6V_20260909,1,17,2026-09-09T09:23:51.339338+00:00,1.087500000000e+01,6.698790000000e-05,6.692097902098e-08
Offset_RevB_Chip_1_wiShield_Gmx_default_OSC_default_Vsup_pm6V_20260909,1,18,2026-09-09T09:23:52.003338+00:00,1.153900000000e+01,7.023557000000e-05,7.016540459540e-08
Offset_RevB_Chip_1_wiShield_Gmx_default_OSC_default_Vsup_pm6V_20260909,1,19,2026-09-09T09:23:52.667338+00:00,1.220300000000e+01,8.066810000000e-05,8.058751248751e-08
Offset_RevB_Chip_1_wiShield_Gmx_default_OSC_default_Vsup_pm6V_20260909,1,20,2026-09-09T09:23:53.323838+00:00,1.285950000000e+01,6.226496000000e-05,6.220275724276e-08
Offset_RevB_Chip_1_wiShield_Gmx_default_OSC_default_Vsup_pm6V_20260909,1,21,2026-09-09T09:23:53.980338+00:00,1.351600000000e+01,7.271886000000e-05,7.264621378621e-08
Offset_RevB_Chip_1_wiShield_Gmx_default_OSC_default_Vsup_pm6V_20260909,1,22,2026-09-09T09:23:54.636338+00:00,1.417200000000e+01,7.246355000000e-05,7.239115884116e-08
Offset_RevB_Chip_1_wiShield_Gmx_default_OSC_default_Vsup_pm6V_20260909,1,23,2026-09-09T09:23:55.308338+00:00,1.484400000000e+01,6.324308000000e-05,6.317990009990e-08
Offset_RevB_Chip_1_wiShield_Gmx_default_OSC_default_Vsup_pm6V_20260909,1,24,2026-09-09T09:23:55.964338+00:00,1.550000000000e+01,8.044360000000e-05,8.036323676324e-08
Offset_RevB_Chip_1_wiShield_Gmx_default_OSC_default_Vsup_pm6V_20260909,1,25,2026-09-09T09:23:56.620338+00:00,1.615600000000e+01,6.968947000000e-05,6.961985014985e-08
Offset_RevB_Chip_1_wiShield_Gmx_default_OSC_default_Vsup_pm6V_20260909,1,26,2026-09-09T09:23:57.276838+00:00,1.681250000000e+01,4.854295000000e-05,4.849445554446e-08
Offset_RevB_Chip_1_wiShield_Gmx_default_OSC_default_Vsup_pm6V_20260909,1,27,2026-09-09T09:23:57.941338+00:00,1.747700000000e+01,6.702350000000e-05,6.695654345654e-08
Offset_RevB_Chip_1_wiShield_Gmx_default_OSC_default_Vsup_pm6V_20260909,1,28,2026-09-09T09:23:58.605338+00:00,1.814100000000e+01,7.009547000000e-05,7.002544455544e-08
Offset_RevB_Chip_1_wiShield_Gmx_default_OSC_default_Vsup_pm6V_20260909,1,29,2026-09-09T09:23:59.261338+00:00,1.879700000000e+01,6.132827000000e-05,6.126700299700e-08
Offset_RevB_Chip_1_wiShield_Gmx_default_OSC_default_Vsup_pm6V_20260909,1,30,2026-09-09T09:23:59.917338+00:00,1.945300000000e+01,6.661063000000e-05,6.654408591409e-08
Offset_RevB_Chip_1_wiShield_Gmx_default_OSC_default_Vsup_pm6V_20260909,1,31,2026-09-09T09:24:00.573838+00:00,2.010950000000e+01,6.217886000000e-05,6.211674325674e-08
Offset_RevB_Chip_1_wiShield_Gmx_default_OSC_default_Vsup_pm6V_20260909,1,32,2026-09-09T09:24:01.237838+00:00,2.077350000000e+01,6.895203000000e-05,6.888314685315e-08
Offset_RevB_Chip_1_wiShield_Gmx_default_OSC_default_Vsup_pm6V_20260909,1,33,2026-09-09T09:24:01.901838+00:00,2.143750000000e+01,6.138394000000e-05,6.132261738262e-08
Offset_RevB_Chip_1_wiShield_Gmx_default_OSC_default_Vsup_pm6V_20260909,1,34,2026-09-09T09:24:02.558338+00:00,2.209400000000e+01,5.849710000000e-05,5.843866133866e-08
Offset_RevB_Chip_1_wiShield_Gmx_default_OSC_default_Vsup_pm6V_20260909,1,35,2026-09-09T09:24:03.214338+00:00,2.275000000000e+01,7.359922000000e-05,7.352569430569e-08
Offset_RevB_Chip_1_wiShield_Gmx_default_OSC_default_Vsup_pm6V_20260909,1,36,2026-09-09T09:24:03.870338+00:00,2.340600000000e+01,6.069401000000e-05,6.063337662338e-08
Offset_RevB_Chip_1_wiShield_Gmx_default_OSC_default_Vsup_pm6V_20260909,1,37,2026-09-09T09:24:04.542338+00:00,2.407800000000e+01,6.029836000000e-05,6.023812187812e-08
Offset_RevB_Chip_1_wiShield_Gmx_default_OSC_default_Vsup_pm6V_20260909,1,38,2026-09-09T09:24:05.198838+00:00,2.473450000000e+01,6.230224000000e-05,6.224000000000e-08
Offset_RevB_Chip_1_wiShield_Gmx_default_OSC_default_Vsup_pm6V_20260909,1,39,2026-09-09T09:24:05.855338+00:00,2.539100000000e+01,5.662384000000e-05,5.656727272727e-08
Offset_RevB_Chip_1_wiShield_Gmx_default_OSC_default_Vsup_pm6V_20260909,1,40,2026-09-09T09:24:06.511338+00:00,2.604700000000e+01,6.506777000000e-05,6.500276723277e-08
Offset_RevB_Chip_1_wiShield_Gmx_default_OSC_default_Vsup_pm6V_20260909,1,41,2026-09-09T09:24:07.175338+00:00,2.671100000000e+01,6.670008000000e-05,6.663344655345e-08
Offset_RevB_Chip_1_wiShield_Gmx_default_OSC_default_Vsup_pm6V_20260909,1,42,2026-09-09T09:24:07.839338+00:00,2.737500000000e+01,8.240915000000e-05,8.232682317682e-08
Offset_RevB_Chip_1_wiShield_Gmx_default_OSC_default_Vsup_pm6V_20260909,1,43,2026-09-09T09:24:08.495338+00:00,2.803100000000e+01,5.452143000000e-05,5.446696303696e-08
Offset_RevB_Chip_1_wiShield_Gmx_default_OSC_default_Vsup_pm6V_20260909,1,44,2026-09-09T09:24:09.151838+00:00,2.868750000000e+01,6.461307000000e-05,6.454852147852e-08
Offset_RevB_Chip_1_wiShield_Gmx_default_OSC_default_Vsup_pm6V_20260909,1,45,2026-09-09T09:24:09.816338+00:00,2.935200000000e+01,4.811064000000e-05,4.806257742258e-08
Offset_RevB_Chip_1_wiShield_Gmx_default_OSC_default_Vsup_pm6V_20260909,1,46,2026-09-09T09:24:10.480338+00:00,3.001600000000e+01,5.168249000000e-05,5.163085914086e-08
Offset_RevB_Chip_1_wiShield_Gmx_default_OSC_default_Vsup_pm6V_20260909,1,47,2026-09-09T09:24:11.136338+00:00,3.067200000000e+01,4.700966000000e-05,4.696269730270e-08
Offset_RevB_Chip_1_wiShield_Gmx_default_OSC_default_Vsup_pm6V_20260909,1,48,2026-09-09T09:24:11.792338+00:00,3.132800000000e+01,6.369464000000e-05,6.363100899101e-08
Offset_RevB_Chip_1_wiShield_Gmx_default_OSC_default_Vsup_pm6V_20260909,1,49,2026-09-09T09:24:12.448838+00:00,3.198450000000e+01,5.429214000000e-05,5.423790209790e-08
Offset_RevB_Chip_1_wiShield_Gmx_default_OSC_default_Vsup_pm6V_20260909,1,50,2026-09-09T09:24:13.120338+00:00,3.265600000000e+01,4.451445000000e-05,4.446998001998e-08
Offset_RevB_Chip_1_wiShield_Gmx_default_OSC_default_Vsup_pm6V_20260909,1,51,2026-09-09T09:24:13.776838+00:00,3.331250000000e+01,4.680523000000e-05,4.675847152847e-08
Offset_RevB_Chip_1_wiShield_Gmx_default_OSC_default_Vsup_pm6V_20260909,1,52,2026-09-09T09:24:14.433338+00:00,3.396900000000e+01,3.284086000000e-05,3.280805194805e-08
Offset_RevB_Chip_1_wiShield_Gmx_default_OSC_default_Vsup_pm6V_20260909,1,53,2026-09-09T09:24:15.089338+00:00,3.462500000000e+01,4.316800000000e-05,4.312487512488e-08
Offset_RevB_Chip_1_wiShield_Gmx_default_OSC_default_Vsup_pm6V_20260909,1,54,2026-09-09T09:24:15.753338+00:00,3.528900000000e+01,5.845254000000e-05,5.839414585415e-08
Offset_RevB_Chip_1_wiShield_Gmx_default_OSC_default_Vsup_pm6V_20260909,1,55,2026-09-09T09:24:16.417338+00:00,3.595300000000e+01,5.713393000000e-05,5.707685314685e-08
Offset_RevB_Chip_1_wiShield_Gmx_default_OSC_default_Vsup_pm6V_20260909,1,56,2026-09-09T09:24:17.073838+00:00,3.660950000000e+01,3.154710000000e-05,3.151558441558e-08
Offset_RevB_Chip_1_wiShield_Gmx_default_OSC_default_Vsup_pm6V_20260909,1,57,2026-09-09T09:24:17.730338+00:00,3.726600000000e+01,4.658501000000e-05,4.653847152847e-08
Offset_RevB_Chip_1_wiShield_Gmx_default_OSC_default_Vsup_pm6V_20260909,1,58,2026-09-09T09:24:18.394338+00:00,3.793000000000e+01,5.398517000000e-05,5.393123876124e-08
Offset_RevB_Chip_1_wiShield_Gmx_default_OSC_default_Vsup_pm6V_20260909,1,59,2026-09-09T09:24:19.058338+00:00,3.859400000000e+01,5.012992000000e-05,5.007984015984e-08
Offset_RevB_Chip_1_wiShield_Gmx_default_OSC_default_Vsup_pm6V_20260909,1,60,2026-09-09T09:24:19.714338+00:00,3.925000000000e+01,4.036920000000e-05,4.032887112887e-08
Offset_RevB_Chip_1_wiShield_Gmx_default_OSC_default_Vsup_pm6V_20260909,1,61,2026-09-09T09:24:20.370338+00:00,3.990600000000e+01,3.007597000000e-05,3.004592407592e-08
Offset_RevB_Chip_1_wiShield_Gmx_default_OSC_default_Vsup_pm6V_20260909,1,62,2026-09-09T09:24:21.034338+00:00,4.057000000000e+01,3.896177000000e-05,3.892284715285e-08
Offset_RevB_Chip_1_wiShield_Gmx_default_OSC_default_Vsup_pm6V_20260909,1,63,2026-09-09T09:24:21.698838+00:00,4.123450000000e+01,4.589443000000e-05,4.584858141858e-08
Offset_RevB_Chip_1_wiShield_Gmx_default_OSC_default_Vsup_pm6V_20260909,1,64,2026-09-09T09:24:22.355338+00:00,4.189100000000e+01,4.266062000000e-05,4.261800199800e-08
Offset_RevB_Chip_1_wiShield_Gmx_default_OSC_default_Vsup_pm6V_20260909,1,65,2026-09-09T09:24:23.011338+00:00,4.254700000000e+01,3.050334000000e-05,3.047286713287e-08
Offset_RevB_Chip_1_wiShield_Gmx_default_OSC_default_Vsup_pm6V_20260909,1,66,2026-09-09T09:24:23.675338+00:00,4.321100000000e+01,4.186246000000e-05,4.182063936064e-08
Offset_RevB_Chip_1_wiShield_Gmx_default_OSC_default_Vsup_pm6V_20260909,1,67,2026-09-09T09:24:24.339338+00:00,4.387500000000e+01,4.370684000000e-05,4.366317682318e-08
Offset_RevB_Chip_1_wiShield_Gmx_default_OSC_default_Vsup_pm6V_20260909,1,68,2026-09-09T09:24:24.995338+00:00,4.453100000000e+01,1.922281000000e-05,1.920360639361e-08
Offset_RevB_Chip_1_wiShield_Gmx_default_OSC_default_Vsup_pm6V_20260909,1,69,2026-09-09T09:24:25.659338+00:00,4.519500000000e+01,4.123015000000e-05,4.118896103896e-08
Offset_RevB_Chip_1_wiShield_Gmx_default_OSC_default_Vsup_pm6V_20260909,1,70,2026-09-09T09:24:26.323838+00:00,4.585950000000e+01,4.084058000000e-05,4.079978021978e-08
Offset_RevB_Chip_1_wiShield_Gmx_default_OSC_default_Vsup_pm6V_20260909,1,71,2026-09-09T09:24:26.980338+00:00,4.651600000000e+01,4.214858000000e-05,4.210647352647e-08
Offset_RevB_Chip_1_wiShield_Gmx_default_OSC_default_Vsup_pm6V_20260909,1,72,2026-09-09T09:24:27.636338+00:00,4.717200000000e+01,3.878505000000e-05,3.874630369630e-08
Offset_RevB_Chip_1_wiShield_Gmx_default_OSC_default_Vsup_pm6V_20260909,1,73,2026-09-09T09:24:28.300338+00:00,4.783600000000e+01,2.814964000000e-05,2.812151848152e-08
Offset_RevB_Chip_1_wiShield_Gmx_default_OSC_default_Vsup_pm6V_20260909,1,74,2026-09-09T09:24:28.964338+00:00,4.850000000000e+01,2.753028000000e-05,2.750277722278e-08
Offset_RevB_Chip_1_wiShield_Gmx_default_OSC_default_Vsup_pm6V_20260909,1,75,2026-09-09T09:24:29.620338+00:00,4.915600000000e+01,2.492230000000e-05,2.489740259740e-08
Offset_RevB_Chip_1_wiShield_Gmx_default_OSC_default_Vsup_pm6V_20260909,1,76,2026-09-09T09:24:30.276838+00:00,4.981250000000e+01,2.785705000000e-05,2.782922077922e-08
Offset_RevB_Chip_1_wiShield_Gmx_default_OSC_default_Vsup_pm6V_20260909,1,77,2026-09-09T09:24:30.941338+00:00,5.047700000000e+01,2.524157000000e-05,2.521635364635e-08
Offset_RevB_Chip_1_wiShield_Gmx_default_OSC_default_Vsup_pm6V_20260909,1,78,2026-09-09T09:24:31.605338+00:00,5.114100000000e+01,3.459525000000e-05,3.456068931069e-08
Offset_RevB_Chip_1_wiShield_Gmx_default_OSC_default_Vsup_pm6V_20260909,1,79,2026-09-09T09:24:32.261338+00:00,5.179700000000e+01,1.120237000000e-05,1.119117882118e-08
Offset_RevB_Chip_1_wiShield_Gmx_default_OSC_default_Vsup_pm6V_20260909,1,80,2026-09-09T09:24:32.925338+00:00,5.246100000000e+01,2.845428000000e-05,2.842585414585e-08
Offset_RevB_Chip_1_wiShield_Gmx_default_OSC_default_Vsup_pm6V_20260909,1,81,2026-09-09T09:24:33.589338+00:00,5.312500000000e+01,2.714680000000e-05,2.711968031968e-08
Offset_RevB_Chip_1_wiShield_Gmx_default_OSC_default_Vsup_pm6V_20260909,1,82,2026-09-09T09:24:34.245338+00:00,5.378100000000e+01,1.560681000000e-05,1.559121878122e-08
Offset_RevB_Chip_1_wiShield_Gmx_default_OSC_default_Vsup_pm6V_20260909,1,83,2026-09-09T09:24:34.901838+00:00,5.443750000000e+01,2.704141000000e-05,2.701439560440e-08
Offset_RevB_Chip_1_wiShield_Gmx_default_OSC_default_Vsup_pm6V_20260909,1,84,2026-09-09T09:24:35.566338+00:00,5.510200000000e+01,3.405175000000e-05,3.401773226773e-08
Offset_RevB_Chip_1_wiShield_Gmx_default_OSC_default_Vsup_pm6V_20260909,1,85,2026-09-09T09:24:36.230338+00:00,5.576600000000e+01,3.117436000000e-05,3.114321678322e-08
Offset_RevB_Chip_1_wiShield_Gmx_default_OSC_default_Vsup_pm6V_20260909,1,86,2026-09-09T09:24:36.886338+00:00,5.642200000000e+01,2.834371000000e-05,2.831539460539e-08
Offset_RevB_Chip_1_wiShield_Gmx_default_OSC_default_Vsup_pm6V_20260909,1,87,2026-09-09T09:24:37.542338+00:00,5.707800000000e+01,2.933426000000e-05,2.930495504496e-08
Offset_RevB_Chip_1_wiShield_Gmx_default_OSC_default_Vsup_pm6V_20260909,1,88,2026-09-09T09:24:38.206338+00:00,5.774200000000e+01,2.896554000000e-05,2.893660339660e-08
Offset_RevB_Chip_1_wiShield_Gmx_default_OSC_default_Vsup_pm6V_20260909,1,89,2026-09-09T09:24:38.870338+00:00,5.840600000000e+01,3.676044000000e-05,3.672371628372e-08
Offset_RevB_Chip_1_wiShield_Gmx_default_OSC_default_Vsup_pm6V_20260909,1,90,2026-09-09T09:24:39.526838+00:00,5.906250000000e+01,2.003805000000e-05,2.001803196803e-08
Offset_RevB_Chip_1_wiShield_Gmx_default_OSC_default_Vsup_pm6V_20260909,1,91,2026-09-09T09:24:40.183338+00:00,5.971900000000e+01,2.428843000000e-05,2.426416583417e-08
Offset_RevB_Chip_1_wiShield_Gmx_default_OSC_default_Vsup_pm6V_20260909,1,92,2026-09-09T09:24:40.847338+00:00,6.038300000000e+01,3.218704000000e-05,3.215488511489e-08
Offset_RevB_Chip_1_wiShield_Gmx_default_OSC_default_Vsup_pm6V_20260909,1,93,2026-09-09T09:24:41.511338+00:00,6.104700000000e+01,4.631415000000e-05,4.626788211788e-08
Offset_RevB_Chip_1_wiShield_Gmx_default_OSC_default_Vsup_pm6V_20260909,1,94,2026-09-09T09:24:42.167338+00:00,6.170300000000e+01,2.634034000000e-05,2.631402597403e-08
Offset_RevB_Chip_1_wiShield_Gmx_default_OSC_default_Vsup_pm6V_20260909,1,95,2026-09-09T09:24:42.831338+00:00,6.236700000000e+01,4.253011000000e-05,4.248762237762e-08
Offset_RevB_Chip_1_wiShield_Gmx_default_OSC_default_Vsup_pm6V_20260909,1,96,2026-09-09T09:24:43.495338+00:00,6.303100000000e+01,2.081705000000e-05,2.079625374625e-08
Offset_RevB_Chip_1_wiShield_Gmx_default_OSC_default_Vsup_pm6V_20260909,1,97,2026-09-09T09:24:44.151838+00:00,6.368750000000e+01,3.357790000000e-05,3.354435564436e-08
Offset_RevB_Chip_1_wiShield_Gmx_default_OSC_default_Vsup_pm6V_20260909,1,98,2026-09-09T09:24:44.808338+00:00,6.434400000000e+01,2.713786000000e-05,2.711074925075e-08
Offset_RevB_Chip_1_wiShield_Gmx_default_OSC_default_Vsup_pm6V_20260909,1,99,2026-09-09T09:24:45.472338+00:00,6.500800000000e+01,7.936057000000e-06,7.928128871129e-09
Offset_RevB_Chip_1_wiShield_Gmx_default_OSC_default_Vsup_pm6V_20260909,1,100,2026-09-09T09:24:46.136338+00:00,6.567200000000e+01,-8.506923000000e-07,-8.498424575425e-10
Offset_RevB_Chip_1_wiShield_Gmx_default_OSC_default_Vsup_pm6V_20260909,1,101,2026-09-09T09:24:46.792338+00:00,6.632800000000e+01,9.428545000000e-06,9.419125874126e-09
Offset_RevB_Chip_1_wiShield_Gmx_default_OSC_default_Vsup_pm6V_20260909,1,102,2026-09-09T09:24:47.448838+00:00,6.698450000000e+01,1.877368000000e-05,1.875492507493e-08
Offset_RevB_Chip_1_wiShield_Gmx_default_OSC_default_Vsup_pm6V_20260909,1,103,2026-09-09T09:24:48.112838+00:00,6.764850000000e+01,1.922798000000e-05,1.920877122877e-08
Offset_RevB_Chip_1_wiShield_Gmx_default_OSC_default_Vsup_pm6V_20260909,1,104,2026-09-09T09:24:48.776838+00:00,6.831250000000e+01,4.145372000000e-05,4.141230769231e-08
Offset_RevB_Chip_1_wiShield_Gmx_default_OSC_default_Vsup_pm6V_20260909,1,105,2026-09-09T09:24:49.433338+00:00,6.896900000000e+01,3.133852000000e-05,3.130721278721e-08
Offset_RevB_Chip_1_wiShield_Gmx_default_OSC_default_Vsup_pm6V_20260909,1,106,2026-09-09T09:24:50.089338+00:00,6.962500000000e+01,9.624557000000e-06,9.614942057942e-09
Offset_RevB_Chip_1_wiShield_Gmx_default_OSC_default_Vsup_pm6V_20260909,1,107,2026-09-09T09:24:50.753338+00:00,7.028900000000e+01,1.211355000000e-05,1.210144855145e-08
Offset_RevB_Chip_1_wiShield_Gmx_default_OSC_default_Vsup_pm6V_20260909,1,108,2026-09-09T09:24:51.417338+00:00,7.095300000000e+01,1.343177000000e-05,1.341835164835e-08
Offset_RevB_Chip_1_wiShield_Gmx_default_OSC_default_Vsup_pm6V_20260909,1,109,2026-09-09T09:24:52.073838+00:00,7.160950000000e+01,1.544873000000e-05,1.543329670330e-08
Offset_RevB_Chip_1_wiShield_Gmx_default_OSC_default_Vsup_pm6V_20260909,1,110,2026-09-09T09:24:52.730338+00:00,7.226600000000e+01,2.479182000000e-06,2.476705294705e-09
Offset_RevB_Chip_1_wiShield_Gmx_default_OSC_default_Vsup_pm6V_20260909,1,111,2026-09-09T09:24:53.394338+00:00,7.293000000000e+01,1.484386000000e-05,1.482903096903e-08
Offset_RevB_Chip_1_wiShield_Gmx_default_OSC_default_Vsup_pm6V_20260909,1,112,2026-09-09T09:24:54.058338+00:00,7.359400000000e+01,3.198885000000e-06,3.195689310689e-09
Offset_RevB_Chip_1_wiShield_Gmx_default_OSC_default_Vsup_pm6V_20260909,1,113,2026-09-09T09:24:54.714338+00:00,7.425000000000e+01,1.478029000000e-05,1.476552447552e-08
Offset_RevB_Chip_1_wiShield_Gmx_default_OSC_default_Vsup_pm6V_20260909,1,114,2026-09-09T09:24:55.370338+00:00,7.490600000000e+01,1.294032000000e-05,1.292739260739e-08
Offset_RevB_Chip_1_wiShield_Gmx_default_OSC_default_Vsup_pm6V_20260909,1,115,2026-09-09T09:24:56.034338+00:00,7.557000000000e+01,1.630204000000e-05,1.628575424575e-08
Offset_RevB_Chip_1_wiShield_Gmx_default_OSC_default_Vsup_pm6V_20260909,1,116,2026-09-09T09:24:56.698838+00:00,7.623450000000e+01,3.891401000000e-06,3.887513486513e-09
Offset_RevB_Chip_1_wiShield_Gmx_default_OSC_default_Vsup_pm6V_20260909,1,117,2026-09-09T09:24:57.355338+00:00,7.689100000000e+01,1.858130000000e-05,1.856273726274e-08
Offset_RevB_Chip_1_wiShield_Gmx_default_OSC_default_Vsup_pm6V_20260909,1,118,2026-09-09T09:24:58.011338+00:00,7.754700000000e+01,1.551372000000e-05,1.549822177822e-08
Offset_RevB_Chip_1_wiShield_Gmx_default_OSC_default_Vsup_pm6V_20260909,1,119,2026-09-09T09:24:58.675338+00:00,7.821100000000e+01,6.834947000000e-06,6.828118881119e-09
Offset_RevB_Chip_1_wiShield_Gmx_default_OSC_default_Vsup_pm6V_20260909,1,120,2026-09-09T09:24:59.339338+00:00,7.887500000000e+01,8.010890000000e-06,8.002887112887e-09
Offset_RevB_Chip_1_wiShield_Gmx_default_OSC_default_Vsup_pm6V_20260909,1,121,2026-09-09T09:24:59.995338+00:00,7.953100000000e+01,2.484345000000e-05,2.481863136863e-08
Offset_RevB_Chip_1_wiShield_Gmx_default_OSC_default_Vsup_pm6V_20260909,1,122,2026-09-09T09:25:00.651838+00:00,8.018750000000e+01,7.791444000000e-06,7.783660339660e-09
Offset_RevB_Chip_1_wiShield_Gmx_default_OSC_default_Vsup_pm6V_20260909,1,123,2026-09-09T09:25:01.323838+00:00,8.085950000000e+01,1.469252000000e-05,1.467784215784e-08
Offset_RevB_Chip_1_wiShield_Gmx_default_OSC_default_Vsup_pm6V_20260909,1,124,2026-09-09T09:25:01.980338+00:00,8.151600000000e+01,-2.808485000000e-06,-2.805679320679e-09
Offset_RevB_Chip_1_wiShield_Gmx_default_OSC_default_Vsup_pm6V_20260909,1,125,2026-09-09T09:25:02.636338+00:00,8.217200000000e+01,5.569154000000e-06,5.563590409590e-09
Offset_RevB_Chip_1_wiShield_Gmx_default_OSC_default_Vsup_pm6V_20260909,1,126,2026-09-09T09:25:03.292338+00:00,8.282800000000e+01,8.600220000000e-06,8.591628371628e-09
Offset_RevB_Chip_1_wiShield_Gmx_default_OSC_default_Vsup_pm6V_20260909,1,127,2026-09-09T09:25:03.948838+00:00,8.348450000000e+01,5.005070000000e-06,5.000069930070e-09
Offset_RevB_Chip_1_wiShield_Gmx_default_OSC_default_Vsup_pm6V_20260909,1,128,2026-09-09T09:25:04.612838+00:00,8.414850000000e+01,-6.781438000000e-06,-6.774663336663e-09
Offset_RevB_Chip_1_wiShield_Gmx_default_OSC_default_Vsup_pm6V_20260909,1,129,2026-09-09T09:25:05.276838+00:00,8.481250000000e+01,8.321220000000e-06,8.312907092907e-09
Offset_RevB_Chip_1_wiShield_Gmx_default_OSC_default_Vsup_pm6V_20260909,1,130,2026-09-09T09:25:05.933338+00:00,8.546900000000e+01,1.367595000000e-05,1.366228771229e-08
Offset_RevB_Chip_1_wiShield_Gmx_default_OSC_default_Vsup_pm6V_20260909,1,131,2026-09-09T09:25:06.589338+00:00,8.612500000000e+01,1.557574000000e-05,1.556017982018e-08
Offset_RevB_Chip_1_wiShield_Gmx_default_OSC_default_Vsup_pm6V_20260909,1,132,2026-09-09T09:25:07.245338+00:00,8.678100000000e+01,1.974869000000e-05,1.972896103896e-08
Offset_RevB_Chip_1_wiShield_Gmx_default_OSC_default_Vsup_pm6V_20260909,1,133,2026-09-09T09:25:07.917338+00:00,8.745300000000e+01,4.266335000000e-06,4.262072927073e-09
Offset_RevB_Chip_1_wiShield_Gmx_default_OSC_default_Vsup_pm6V_20260909,1,134,2026-09-09T09:25:08.573838+00:00,8.810950000000e+01,4.599840000000e-06,4.595244755245e-09
Offset_RevB_Chip_1_wiShield_Gmx_default_OSC_default_Vsup_pm6V_20260909,1,135,2026-09-09T09:25:09.230338+00:00,8.876600000000e+01,-5.144976000000e-06,-5.139836163836e-09
Offset_RevB_Chip_1_wiShield_Gmx_default_OSC_default_Vsup_pm6V_20260909,1,136,2026-09-09T09:25:09.886338+00:00,8.942200000000e+01,2.161471000000e-06,2.159311688312e-09
Offset_RevB_Chip_1_wiShield_Gmx_default_OSC_default_Vsup_pm6V_20260909,1,137,2026-09-09T09:25:10.542338+00:00,9.007800000000e+01,3.817734000000e-06,3.813920079920e-09
Offset_RevB_Chip_1_wiShield_Gmx_default_OSC_default_Vsup_pm6V_20260909,1,138,2026-09-09T09:25:11.214338+00:00,9.075000000000e+01,4.341814000000e-06,4.337476523477e-09
Offset_RevB_Chip_1_wiShield_Gmx_default_OSC_default_Vsup_pm6V_20260909,1,139,2026-09-09T09:25:11.870338+00:00,9.140600000000e+01,-7.340088000000e-06,-7.332755244755e-09
Offset_RevB_Chip_1_wiShield_Gmx_default_OSC_default_Vsup_pm6V_20260909,1,140,2026-09-09T09:25:12.526838+00:00,9.206250000000e+01,-1.211444000000e-05,-1.210233766234e-08
Offset_RevB_Chip_1_wiShield_Gmx_default_OSC_default_Vsup_pm6V_20260909,1,141,2026-09-09T09:25:13.190838+00:00,9.272650000000e+01,-4.259162000000e-06,-4.254907092907e-09
Offset_RevB_Chip_1_wiShield_Gmx_default_OSC_default_Vsup_pm6V_20260909,1,142,2026-09-09T09:25:13.847338+00:00,9.338300000000e+01,4.620684000000e-06,4.616067932068e-09
Offset_RevB_Chip_1_wiShield_Gmx_default_OSC_default_Vsup_pm6V_20260909,1,143,2026-09-09T09:25:14.511338+00:00,9.404700000000e+01,1.249198000000e-05,1.247950049950e-08
Offset_RevB_Chip_1_wiShield_Gmx_default_OSC_default_Vsup_pm6V_20260909,1,144,2026-09-09T09:25:15.167338+00:00,9.470300000000e+01,5.578475000000e-06,5.572902097902e-09
Offset_RevB_Chip_1_wiShield_Gmx_default_OSC_default_Vsup_pm6V_20260909,1,145,2026-09-09T09:25:15.823838+00:00,9.535950000000e+01,6.757156000000e-07,6.750405594406e-10
Offset_RevB_Chip_1_wiShield_Gmx_default_OSC_default_Vsup_pm6V_20260909,1,146,2026-09-09T09:25:16.480338+00:00,9.601600000000e+01,-3.364675000000e-06,-3.361313686314e-09
Offset_RevB_Chip_1_wiShield_Gmx_default_OSC_default_Vsup_pm6V_20260909,1,147,2026-09-09T09:25:17.144338+00:00,9.668000000000e+01,-1.304078000000e-05,-1.302775224775e-08
Offset_RevB_Chip_1_wiShield_Gmx_default_OSC_default_Vsup_pm6V_20260909,1,148,2026-09-09T09:25:17.808338+00:00,9.734400000000e+01,9.369638000000e-06,9.360277722278e-09
Offset_RevB_Chip_1_wiShield_Gmx_default_OSC_default_Vsup_pm6V_20260909,1,149,2026-09-09T09:25:18.464338+00:00,9.800000000000e+01,3.922472000000e-06,3.918553446553e-09
Offset_RevB_Chip_1_wiShield_Gmx_default_OSC_default_Vsup_pm6V_20260909,1,150,2026-09-09T09:25:19.120338+00:00,9.865600000000e+01,-4.042923000000e-07,-4.038884115884e-10
Offset_RevB_Chip_1_wiShield_Gmx_default_OSC_default_Vsup_pm6V_20260909,1,151,2026-09-09T09:25:19.776838+00:00,9.931250000000e+01,1.227501000000e-06,1.226274725275e-09
Offset_RevB_Chip_1_wiShield_Gmx_default_OSC_default_Vsup_pm6V_20260909,1,152,2026-09-09T09:25:20.448838+00:00,9.998450000000e+01,-4.183424000000e-06,-4.179244755245e-09
Offset_RevB_Chip_1_wiShield_Gmx_default_OSC_default_Vsup_pm6V_20260909,1,153,2026-09-09T09:25:21.105338+00:00,1.006410000000e+02,1.558676000000e-06,1.557118881119e-09
Offset_RevB_Chip_1_wiShield_Gmx_default_OSC_default_Vsup_pm6V_20260909,1,154,2026-09-09T09:25:21.761338+00:00,1.012970000000e+02,-2.131216000000e-05,-2.129086913087e-08
Offset_RevB_Chip_1_wiShield_Gmx_default_OSC_default_Vsup_pm6V_20260909,1,155,2026-09-09T09:25:22.417338+00:00,1.019530000000e+02,7.313066000000e-06,7.305760239760e-09
Offset_RevB_Chip_1_wiShield_Gmx_default_OSC_default_Vsup_pm6V_20260909,1,156,2026-09-09T09:25:23.081338+00:00,1.026170000000e+02,8.465964000000e-06,8.457506493506e-09
Offset_RevB_Chip_1_wiShield_Gmx_default_OSC_default_Vsup_pm6V_20260909,1,157,2026-09-09T09:25:23.745338+00:00,1.032810000000e+02,-2.681478000000e-06,-2.678799200799e-09
Offset_RevB_Chip_1_wiShield_Gmx_default_OSC_default_Vsup_pm6V_20260909,1,158,2026-09-09T09:25:24.401838+00:00,1.039375000000e+02,-2.495175000000e-06,-2.492682317682e-09
Offset_RevB_Chip_1_wiShield_Gmx_default_OSC_default_Vsup_pm6V_20260909,1,159,2026-09-09T09:25:25.058338+00:00,1.045940000000e+02,-4.683780000000e-07,-4.679100899101e-10
Offset_RevB_Chip_1_wiShield_Gmx_default_OSC_default_Vsup_pm6V_20260909,1,160,2026-09-09T09:25:25.714338+00:00,1.052500000000e+02,-2.739012000000e-05,-2.736275724276e-08
Offset_RevB_Chip_1_wiShield_Gmx_default_OSC_default_Vsup_pm6V_20260909,1,161,2026-09-09T09:25:26.378338+00:00,1.059140000000e+02,-6.485736000000e-06,-6.479256743257e-09
Offset_RevB_Chip_1_wiShield_Gmx_default_OSC_default_Vsup_pm6V_20260909,1,162,2026-09-09T09:25:27.042338+00:00,1.065780000000e+02,3.591816000000e-06,3.588227772228e-09
Offset_RevB_Chip_1_wiShield_Gmx_default_OSC_default_Vsup_pm6V_20260909,1,163,2026-09-09T09:25:27.698838+00:00,1.072345000000e+02,1.238530000000e-05,1.237292707293e-08
Offset_RevB_Chip_1_wiShield_Gmx_default_OSC_default_Vsup_pm6V_20260909,1,164,2026-09-09T09:25:28.355338+00:00,1.078910000000e+02,-8.707907000000e-06,-8.699207792208e-09
Offset_RevB_Chip_1_wiShield_Gmx_default_OSC_default_Vsup_pm6V_20260909,1,165,2026-09-09T09:25:29.011338+00:00,1.085470000000e+02,-2.511435000000e-05,-2.508926073926e-08
Offset_RevB_Chip_1_wiShield_Gmx_default_OSC_default_Vsup_pm6V_20260909,1,166,2026-09-09T09:25:29.683338+00:00,1.092190000000e+02,4.134539000000e-06,4.130408591409e-09
Offset_RevB_Chip_1_wiShield_Gmx_default_OSC_default_Vsup_pm6V_20260909,1,167,2026-09-09T09:25:30.339338+00:00,1.098750000000e+02,-9.430016000000e-07,-9.420595404595e-10
Offset_RevB_Chip_1_wiShield_Gmx_default_OSC_default_Vsup_pm6V_20260909,1,168,2026-09-09T09:25:30.995338+00:00,1.105310000000e+02,-2.810402000000e-07,-2.807594405594e-10
Offset_RevB_Chip_1_wiShield_Gmx_default_OSC_default_Vsup_pm6V_20260909,1,169,2026-09-09T09:25:31.651838+00:00,1.111875000000e+02,-1.476748000000e-05,-1.475272727273e-08
Offset_RevB_Chip_1_wiShield_Gmx_default_OSC_default_Vsup_pm6V_20260909,1,170,2026-09-09T09:25:32.316338+00:00,1.118520000000e+02,-1.088671000000e-05,-1.087583416583e-08
Offset_RevB_Chip_1_wiShield_Gmx_default_OSC_default_Vsup_pm6V_20260909,1,171,2026-09-09T09:25:32.980338+00:00,1.125160000000e+02,-1.947401000000e-06,-1.945455544456e-09
Offset_RevB_Chip_1_wiShield_Gmx_default_OSC_default_Vsup_pm6V_20260909,1,172,2026-09-09T09:25:33.636338+00:00,1.131720000000e+02,-1.987638000000e-05,-1.985652347652e-08
Offset_RevB_Chip_1_wiShield_Gmx_default_OSC_default_Vsup_pm6V_20260909,1,173,2026-09-09T09:25:34.292338+00:00,1.138280000000e+02,-1.182405000000e-05,-1.181223776224e-08
Offset_RevB_Chip_1_wiShield_Gmx_default_OSC_default_Vsup_pm6V_20260909,1,174,2026-09-09T09:25:34.956338+00:00,1.144920000000e+02,1.213908000000e-06,1.212695304695e-09
Offset_RevB_Chip_1_wiShield_Gmx_default_OSC_default_Vsup_pm6V_20260909,1,175,2026-09-09T09:25:35.620338+00:00,1.151560000000e+02,-8.586726000000e-06,-8.578147852148e-09
Offset_RevB_Chip_1_wiShield_Gmx_default_OSC_default_Vsup_pm6V_20260909,1,176,2026-09-09T09:25:36.276838+00:00,1.158125000000e+02,-2.437821000000e-06,-2.435385614386e-09
Offset_RevB_Chip_1_wiShield_Gmx_default_OSC_default_Vsup_pm6V_20260909,1,177,2026-09-09T09:25:36.933338+00:00,1.164690000000e+02,-1.265665000000e-05,-1.264400599401e-08
Offset_RevB_Chip_1_wiShield_Gmx_default_OSC_default_Vsup_pm6V_20260909,1,178,2026-09-09T09:25:37.589338+00:00,1.171250000000e+02,-3.433552000000e-06,-3.430121878122e-09
Offset_RevB_Chip_1_wiShield_Gmx_default_OSC_default_Vsup_pm6V_20260909,1,179,2026-09-09T09:25:38.253338+00:00,1.177890000000e+02,-1.517711000000e-05,-1.516194805195e-08
Offset_RevB_Chip_1_wiShield_Gmx_default_OSC_default_Vsup_pm6V_20260909,1,180,2026-09-09T09:25:38.917338+00:00,1.184530000000e+02,-2.941731000000e-05,-2.938792207792e-08
Offset_RevB_Chip_1_wiShield_Gmx_default_OSC_default_Vsup_pm6V_20260909,1,181,2026-09-09T09:25:39.573838+00:00,1.191095000000e+02,-1.386160000000e-05,-1.384775224775e-08
Offset_RevB_Chip_1_wiShield_Gmx_default_OSC_default_Vsup_pm6V_20260909,1,182,2026-09-09T09:25:40.230338+00:00,1.197660000000e+02,-2.191147000000e-05,-2.188958041958e-08
Offset_RevB_Chip_1_wiShield_Gmx_default_OSC_default_Vsup_pm6V_20260909,1,183,2026-09-09T09:25:40.894338+00:00,1.204300000000e+02,-1.791780000000e-05,-1.789990009990e-08
Offset_RevB_Chip_1_wiShield_Gmx_default_OSC_default_Vsup_pm6V_20260909,1,184,2026-09-09T09:25:41.558338+00:00,1.210940000000e+02,-7.970463000000e-06,-7.962500499500e-09
Offset_RevB_Chip_1_wiShield_Gmx_default_OSC_default_Vsup_pm6V_20260909,1,185,2026-09-09T09:25:42.214338+00:00,1.217500000000e+02,-1.879546000000e-05,-1.877668331668e-08
Offset_RevB_Chip_1_wiShield_Gmx_default_OSC_default_Vsup_pm6V_20260909,1,186,2026-09-09T09:25:42.870338+00:00,1.224060000000e+02,-1.107547000000e-05,-1.106440559441e-08
Offset_RevB_Chip_1_wiShield_Gmx_default_OSC_default_Vsup_pm6V_20260909,1,187,2026-09-09T09:25:43.534338+00:00,1.230700000000e+02,-1.541430000000e-05,-1.539890109890e-08
Offset_RevB_Chip_1_wiShield_Gmx_default_OSC_default_Vsup_pm6V_20260909,1,188,2026-09-09T09:25:44.198838+00:00,1.237345000000e+02,-1.138127000000e-05,-1.136990009990e-08
Offset_RevB_Chip_1_wiShield_Gmx_default_OSC_default_Vsup_pm6V_20260909,1,189,2026-09-09T09:25:44.855338+00:00,1.243910000000e+02,-8.034549000000e-06,-8.026522477522e-09
Offset_RevB_Chip_1_wiShield_Gmx_default_OSC_default_Vsup_pm6V_20260909,1,190,2026-09-09T09:25:45.511338+00:00,1.250470000000e+02,-1.485396000000e-05,-1.483912087912e-08
Offset_RevB_Chip_1_wiShield_Gmx_default_OSC_default_Vsup_pm6V_20260909,1,191,2026-09-09T09:25:46.167338+00:00,1.257030000000e+02,-1.824639000000e-05,-1.822816183816e-08
Offset_RevB_Chip_1_wiShield_Gmx_default_OSC_default_Vsup_pm6V_20260909,1,192,2026-09-09T09:25:46.831338+00:00,1.263670000000e+02,-8.088278000000e-06,-8.080197802198e-09
Offset_RevB_Chip_1_wiShield_Gmx_default_OSC_default_Vsup_pm6V_20260909,1,193,2026-09-09T09:25:47.495338+00:00,1.270310000000e+02,-9.468007000000e-06,-9.458548451548e-09
Offset_RevB_Chip_1_wiShield_Gmx_default_OSC_default_Vsup_pm6V_20260909,1,194,2026-09-09T09:25:48.151838+00:00,1.276875000000e+02,-1.894706000000e-05,-1.892813186813e-08
Offset_RevB_Chip_1_wiShield_Gmx_default_OSC_default_Vsup_pm6V_20260909,1,195,2026-09-09T09:25:48.808338+00:00,1.283440000000e+02,-2.461280000000e-05,-2.458821178821e-08
Offset_RevB_Chip_1_wiShield_Gmx_default_OSC_default_Vsup_pm6V_20260909,1,196,2026-09-09T09:25:49.472338+00:00,1.290080000000e+02,-2.113001000000e-05,-2.110890109890e-08
Offset_RevB_Chip_1_wiShield_Gmx_default_OSC_default_Vsup_pm6V_20260909,1,197,2026-09-09T09:25:50.136338+00:00,1.296720000000e+02,-1.929753000000e-05,-1.927825174825e-08
Offset_RevB_Chip_1_wiShield_Gmx_default_OSC_default_Vsup_pm6V_20260909,1,198,2026-09-09T09:25:50.792338+00:00,1.303280000000e+02,-2.324601000000e-05,-2.322278721279e-08
Offset_RevB_Chip_1_wiShield_Gmx_default_OSC_default_Vsup_pm6V_20260909,1,199,2026-09-09T09:25:51.448838+00:00,1.309845000000e+02,-1.977021000000e-05,-1.975045954046e-08
Offset_RevB_Chip_1_wiShield_Gmx_default_OSC_default_Vsup_pm6V_20260909,1,200,2026-09-09T09:25:52.112838+00:00,1.316485000000e+02,-6.013570000000e-06,-6.007562437562e-09
Offset_RevB_Chip_1_wiShield_Gmx_default_OSC_default_Vsup_pm6V_20260909,1,201,2026-09-09T09:25:52.776838+00:00,1.323125000000e+02,2.167580000000e-07,2.165414585415e-10
Offset_RevB_Chip_1_wiShield_Gmx_default_OSC_default_Vsup_pm6V_20260909,1,202,2026-09-09T09:25:53.433338+00:00,1.329690000000e+02,-1.018435000000e-05,-1.017417582418e-08
Offset_RevB_Chip_1_wiShield_Gmx_default_OSC_default_Vsup_pm6V_20260909,1,203,2026-09-09T09:25:54.089338+00:00,1.336250000000e+02,-6.491433000000e-06,-6.484948051948e-09
Offset_RevB_Chip_1_wiShield_Gmx_default_OSC_default_Vsup_pm6V_20260909,1,204,2026-09-09T09:25:54.753338+00:00,1.342890000000e+02,-8.639938000000e-06,-8.631306693307e-09
Offset_RevB_Chip_1_wiShield_Gmx_default_OSC_default_Vsup_pm6V_20260909,1,205,2026-09-09T09:25:55.417338+00:00,1.349530000000e+02,-3.220808000000e-07,-3.217590409590e-10
Offset_RevB_Chip_1_wiShield_Gmx_default_OSC_default_Vsup_pm6V_20260909,1,206,2026-09-09T09:25:56.073838+00:00,1.356095000000e+02,-9.117024000000e-06,-9.107916083916e-09
Offset_RevB_Chip_1_wiShield_Gmx_default_OSC_default_Vsup_pm6V_20260909,1,207,2026-09-09T09:25:56.730338+00:00,1.362660000000e+02,-6.937965000000e-06,-6.931033966034e-09
Offset_RevB_Chip_1_wiShield_Gmx_default_OSC_default_Vsup_pm6V_20260909,1,208,2026-09-09T09:25:57.394338+00:00,1.369300000000e+02,-1.378133000000e-05,-1.376756243756e-08
Offset_RevB_Chip_1_wiShield_Gmx_default_OSC_default_Vsup_pm6V_20260909,1,209,2026-09-09T09:25:58.058338+00:00,1.375940000000e+02,-9.140457000000e-06,-9.131325674326e-09
Offset_RevB_Chip_1_wiShield_Gmx_default_OSC_default_Vsup_pm6V_20260909,1,210,2026-09-09T09:25:58.714338+00:00,1.382500000000e+02,-3.176197000000e-05,-3.173023976024e-08
Offset_RevB_Chip_1_wiShield_Gmx_default_OSC_default_Vsup_pm6V_20260909,1,211,2026-09-09T09:25:59.370338+00:00,1.389060000000e+02,-2.867185000000e-05,-2.864320679321e-08
Offset_RevB_Chip_1_wiShield_Gmx_default_OSC_default_Vsup_pm6V_20260909,1,212,2026-09-09T09:26:00.026838+00:00,1.395625000000e+02,-8.602393000000e-06,-8.593799200799e-09
Offset_RevB_Chip_1_wiShield_Gmx_default_OSC_default_Vsup_pm6V_20260909,1,213,2026-09-09T09:26:00.698838+00:00,1.402345000000e+02,-7.925280000000e-06,-7.917362637363e-09
Offset_RevB_Chip_1_wiShield_Gmx_default_OSC_default_Vsup_pm6V_20260909,1,214,2026-09-09T09:26:01.355338+00:00,1.408910000000e+02,-2.064244000000e-05,-2.062181818182e-08
Offset_RevB_Chip_1_wiShield_Gmx_default_OSC_default_Vsup_pm6V_20260909,1,215,2026-09-09T09:26:02.011338+00:00,1.415470000000e+02,-1.907990000000e-05,-1.906083916084e-08
Offset_RevB_Chip_1_wiShield_Gmx_default_OSC_default_Vsup_pm6V_20260909,1,216,2026-09-09T09:26:02.675338+00:00,1.422110000000e+02,-2.445381000000e-05,-2.442938061938e-08
Offset_RevB_Chip_1_wiShield_Gmx_default_OSC_default_Vsup_pm6V_20260909,1,217,2026-09-09T09:26:03.339338+00:00,1.428750000000e+02,-1.605869000000e-06,-1.604264735265e-09
Offset_RevB_Chip_1_wiShield_Gmx_default_OSC_default_Vsup_pm6V_20260909,1,218,2026-09-09T09:26:03.995338+00:00,1.435310000000e+02,1.169113000000e-06,1.167945054945e-09
Offset_RevB_Chip_1_wiShield_Gmx_default_OSC_default_Vsup_pm6V_20260909,1,219,2026-09-09T09:26:04.651838+00:00,1.441875000000e+02,-1.840136000000e-05,-1.838297702298e-08
Offset_RevB_Chip_1_wiShield_Gmx_default_OSC_default_Vsup_pm6V_20260909,1,220,2026-09-09T09:26:05.316338+00:00,1.448520000000e+02,-9.849030000000e-06,-9.839190809191e-09
Offset_RevB_Chip_1_wiShield_Gmx_default_OSC_default_Vsup_pm6V_20260909,1,221,2026-09-09T09:26:05.980338+00:00,1.455160000000e+02,-9.575984000000e-06,-9.566417582418e-09
Offset_RevB_Chip_1_wiShield_Gmx_default_OSC_default_Vsup_pm6V_20260909,1,222,2026-09-09T09:26:06.636338+00:00,1.461720000000e+02,-5.254117000000e-06,-5.248868131868e-09
Offset_RevB_Chip_1_wiShield_Gmx_default_OSC_default_Vsup_pm6V_20260909,1,223,2026-09-09T09:26:07.292338+00:00,1.468280000000e+02,-2.203291000000e-05,-2.201089910090e-08
Offset_RevB_Chip_1_wiShield_Gmx_default_OSC_default_Vsup_pm6V_20260909,1,224,2026-09-09T09:26:07.956338+00:00,1.474920000000e+02,-2.802684000000e-05,-2.799884115884e-08
Offset_RevB_Chip_1_wiShield_Gmx_default_OSC_default_Vsup_pm6V_20260909,1,225,2026-09-09T09:26:08.620338+00:00,1.481560000000e+02,-7.461400000000e-06,-7.453946053946e-09
Offset_RevB_Chip_1_wiShield_Gmx_default_OSC_default_Vsup_pm6V_20260909,1,226,2026-09-09T09:26:09.276838+00:00,1.488125000000e+02,2.519317000000e-06,2.516800199800e-09
Offset_RevB_Chip_1_wiShield_Gmx_default_OSC_default_Vsup_pm6V_20260909,1,227,2026-09-09T09:26:09.933338+00:00,1.494690000000e+02,-1.951750000000e-05,-1.949800199800e-08
Offset_RevB_Chip_1_wiShield_Gmx_default_OSC_default_Vsup_pm6V_20260909,1,228,2026-09-09T09:26:10.597338+00:00,1.501330000000e+02,-3.077103000000e-05,-3.074028971029e-08
Offset_RevB_Chip_1_wiShield_Gmx_default_OSC_default_Vsup_pm6V_20260909,1,229,2026-09-09T09:26:11.261338+00:00,1.507970000000e+02,-2.245588000000e-05,-2.243344655345e-08
Offset_RevB_Chip_1_wiShield_Gmx_default_OSC_default_Vsup_pm6V_20260909,1,230,2026-09-09T09:26:11.917338+00:00,1.514530000000e+02,-8.403531000000e-06,-8.395135864136e-09
Offset_RevB_Chip_1_wiShield_Gmx_default_OSC_default_Vsup_pm6V_20260909,1,231,2026-09-09T09:26:12.573838+00:00,1.521095000000e+02,-1.487118000000e-05,-1.485632367632e-08
Offset_RevB_Chip_1_wiShield_Gmx_default_OSC_default_Vsup_pm6V_20260909,1,232,2026-09-09T09:26:13.237838+00:00,1.527735000000e+02,-1.925325000000e-05,-1.923401598402e-08
Offset_RevB_Chip_1_wiShield_Gmx_default_OSC_default_Vsup_pm6V_20260909,1,233,2026-09-09T09:26:13.901838+00:00,1.534375000000e+02,1.413286000000e-06,1.411874125874e-09
Offset_RevB_Chip_1_wiShield_Gmx_default_OSC_default_Vsup_pm6V_20260909,1,234,2026-09-09T09:26:14.558338+00:00,1.540940000000e+02,-1.865939000000e-05,-1.864074925075e-08
Offset_RevB_Chip_1_wiShield_Gmx_default_OSC_default_Vsup_pm6V_20260909,1,235,2026-09-09T09:26:15.222338+00:00,1.547580000000e+02,-2.122607000000e-05,-2.120486513487e-08
Offset_RevB_Chip_1_wiShield_Gmx_default_OSC_default_Vsup_pm6V_20260909,1,236,2026-09-09T09:26:15.886338+00:00,1.554220000000e+02,-1.599250000000e-05,-1.597652347652e-08
Offset_RevB_Chip_1_wiShield_Gmx_default_OSC_default_Vsup_pm6V_20260909,1,237,2026-09-09T09:26:16.542338+00:00,1.560780000000e+02,-2.386461000000e-05,-2.384076923077e-08
Offset_RevB_Chip_1_wiShield_Gmx_default_OSC_default_Vsup_pm6V_20260909,1,238,2026-09-09T09:26:17.198838+00:00,1.567345000000e+02,-1.587753000000e-05,-1.586166833167e-08
Offset_RevB_Chip_1_wiShield_Gmx_default_OSC_default_Vsup_pm6V_20260909,1,239,2026-09-09T09:26:17.870338+00:00,1.574060000000e+02,-1.120241000000e-06,-1.119121878122e-09
Offset_RevB_Chip_1_wiShield_Gmx_default_OSC_default_Vsup_pm6V_20260909,1,240,2026-09-09T09:26:18.526838+00:00,1.580625000000e+02,-1.422359000000e-05,-1.420938061938e-08
Offset_RevB_Chip_1_wiShield_Gmx_default_OSC_default_Vsup_pm6V_20260909,1,241,2026-09-09T09:26:19.183338+00:00,1.587190000000e+02,-5.789204000000e-06,-5.783420579421e-09
Offset_RevB_Chip_1_wiShield_Gmx_default_OSC_default_Vsup_pm6V_20260909,1,242,2026-09-09T09:26:19.839338+00:00,1.593750000000e+02,-1.989217000000e-05,-1.987229770230e-08
Offset_RevB_Chip_1_wiShield_Gmx_default_OSC_default_Vsup_pm6V_20260909,1,243,2026-09-09T09:26:20.503338+00:00,1.600390000000e+02,-7.832712000000e-06,-7.824887112887e-09
Offset_RevB_Chip_1_wiShield_Gmx_default_OSC_default_Vsup_pm6V_20260909,1,244,2026-09-09T09:26:21.167338+00:00,1.607030000000e+02,-8.176965000000e-06,-8.168796203796e-09
Offset_RevB_Chip_1_wiShield_Gmx_default_OSC_default_Vsup_pm6V_20260909,1,245,2026-09-09T09:26:21.823838+00:00,1.613595000000e+02,-1.070183000000e-05,-1.069113886114e-08
Offset_RevB_Chip_1_wiShield_Gmx_default_OSC_default_Vsup_pm6V_20260909,1,246,2026-09-09T09:26:22.480338+00:00,1.620160000000e+02,-1.486484000000e-05,-1.484999000999e-08
Offset_RevB_Chip_1_wiShield_Gmx_default_OSC_default_Vsup_pm6V_20260909,1,247,2026-09-09T09:26:23.144338+00:00,1.626800000000e+02,-2.149226000000e-05,-2.147078921079e-08
Offset_RevB_Chip_1_wiShield_Gmx_default_OSC_default_Vsup_pm6V_20260909,1,248,2026-09-09T09:26:23.808338+00:00,1.633440000000e+02,-6.651714000000e-06,-6.645068931069e-09
Offset_RevB_Chip_1_wiShield_Gmx_default_OSC_default_Vsup_pm6V_20260909,1,249,2026-09-09T09:26:24.464338+00:00,1.640000000000e+02,6.880522000000e-06,6.873648351648e-09
Offset_RevB_Chip_1_wiShield_Gmx_default_OSC_default_Vsup_pm6V_20260909,1,250,2026-09-09T09:26:25.120338+00:00,1.646560000000e+02,4.005851000000e-06,4.001849150849e-09
Offset_RevB_Chip_1_wiShield_Gmx_default_OSC_default_Vsup_pm6V_20260909,1,251,2026-09-09T09:26:25.784338+00:00,1.653200000000e+02,-1.414060000000e-05,-1.412647352647e-08
Offset_RevB_Chip_1_wiShield_Gmx_default_OSC_default_Vsup_pm6V_20260909,1,252,2026-09-09T09:26:26.448838+00:00,1.659845000000e+02,4.587803000000e-06,4.583219780220e-09
Offset_RevB_Chip_1_wiShield_Gmx_default_OSC_default_Vsup_pm6V_20260909,1,253,2026-09-09T09:26:27.105338+00:00,1.666410000000e+02,6.087829000000e-07,6.081747252747e-10
Offset_RevB_Chip_1_wiShield_Gmx_default_OSC_default_Vsup_pm6V_20260909,1,254,2026-09-09T09:26:27.761338+00:00,1.672970000000e+02,-9.919073000000e-06,-9.909163836164e-09
Offset_RevB_Chip_1_wiShield_Gmx_default_OSC_default_Vsup_pm6V_20260909,1,255,2026-09-09T09:26:28.425338+00:00,1.679610000000e+02,-2.662804000000e-07,-2.660143856144e-10
Offset_RevB_Chip_1_wiShield_Gmx_default_OSC_default_Vsup_pm6V_20260909,1,256,2026-09-09T09:26:29.089338+00:00,1.686250000000e+02,-8.186805000000e-06,-8.178626373626e-09
Offset_RevB_Chip_1_wiShield_Gmx_default_OSC_default_Vsup_pm6V_20260909,1,257,2026-09-09T09:26:29.745338+00:00,1.692810000000e+02,1.978667000000e-06,1.976690309690e-09
Offset_RevB_Chip_1_wiShield_Gmx_default_OSC_default_Vsup_pm6V_20260909,1,258,2026-09-09T09:26:30.401838+00:00,1.699375000000e+02,-6.743636000000e-06,-6.736899100899e-09
Offset_RevB_Chip_1_wiShield_Gmx_default_OSC_default_Vsup_pm6V_20260909,1,259,2026-09-09T09:26:31.066338+00:00,1.706020000000e+02,-4.944950000000e-06,-4.940009990010e-09
Offset_RevB_Chip_1_wiShield_Gmx_default_OSC_default_Vsup_pm6V_20260909,1,260,2026-09-09T09:26:31.730338+00:00,1.712660000000e+02,4.286950000000e-07,4.282667332667e-10
Offset_RevB_Chip_1_wiShield_Gmx_default_OSC_default_Vsup_pm6V_20260909,1,261,2026-09-09T09:26:32.386338+00:00,1.719220000000e+02,-2.684197000000e-06,-2.681515484515e-09
Offset_RevB_Chip_1_wiShield_Gmx_default_OSC_default_Vsup_pm6V_20260909,1,262,2026-09-09T09:26:33.042338+00:00,1.725780000000e+02,-7.475512000000e-06,-7.468043956044e-09
Offset_RevB_Chip_1_wiShield_Gmx_default_OSC_default_Vsup_pm6V_20260909,1,263,2026-09-09T09:26:33.698838+00:00,1.732345000000e+02,-1.177356000000e-05,-1.176179820180e-08
Offset_RevB_Chip_1_wiShield_Gmx_default_OSC_default_Vsup_pm6V_20260909,1,264,2026-09-09T09:26:34.370338+00:00,1.739060000000e+02,-1.944720000000e-05,-1.942777222777e-08
Offset_RevB_Chip_1_wiShield_Gmx_default_OSC_default_Vsup_pm6V_20260909,1,265,2026-09-09T09:26:35.026838+00:00,1.745625000000e+02,-8.593072000000e-06,-8.584487512488e-09
Offset_RevB_Chip_1_wiShield_Gmx_default_OSC_default_Vsup_pm6V_20260909,1,266,2026-09-09T09:26:35.683338+00:00,1.752190000000e+02,-2.707034000000e-05,-2.704329670330e-08
Offset_RevB_Chip_1_wiShield_Gmx_default_OSC_default_Vsup_pm6V_20260909,1,267,2026-09-09T09:26:36.339338+00:00,1.758750000000e+02,-2.247789000000e-05,-2.245543456543e-08
Offset_RevB_Chip_1_wiShield_Gmx_default_OSC_default_Vsup_pm6V_20260909,1,268,2026-09-09T09:26:37.003338+00:00,1.765390000000e+02,-9.677746000000e-06,-9.668077922078e-09
Offset_RevB_Chip_1_wiShield_Gmx_default_OSC_default_Vsup_pm6V_20260909,1,269,2026-09-09T09:26:37.667338+00:00,1.772030000000e+02,-4.097071000000e-06,-4.092978021978e-09
Offset_RevB_Chip_1_wiShield_Gmx_default_OSC_default_Vsup_pm6V_20260909,1,270,2026-09-09T09:26:38.323838+00:00,1.778595000000e+02,-1.809131000000e-06,-1.807323676324e-09
Offset_RevB_Chip_1_wiShield_Gmx_default_OSC_default_Vsup_pm6V_20260909,1,271,2026-09-09T09:26:38.980338+00:00,1.785160000000e+02,-1.884298000000e-05,-1.882415584416e-08
Offset_RevB_Chip_1_wiShield_Gmx_default_OSC_default_Vsup_pm6V_20260909,1,272,2026-09-09T09:26:39.636338+00:00,1.791720000000e+02,-1.046115000000e-05,-1.045069930070e-08
Offset_RevB_Chip_1_wiShield_Gmx_default_OSC_default_Vsup_pm6V_20260909,1,273,2026-09-09T09:26:40.300338+00:00,1.798360000000e+02,-9.013063000000e-06,-9.004058941059e-09
Offset_RevB_Chip_1_wiShield_Gmx_default_OSC_default_Vsup_pm6V_20260909,1,274,2026-09-09T09:26:40.964338+00:00,1.805000000000e+02,-1.775480000000e-05,-1.773706293706e-08
Offset_RevB_Chip_1_wiShield_Gmx_default_OSC_default_Vsup_pm6V_20260909,1,275,2026-09-09T09:26:41.620338+00:00,1.811560000000e+02,-2.434326000000e-06,-2.431894105894e-09
Offset_RevB_Chip_1_wiShield_Gmx_default_OSC_default_Vsup_pm6V_20260909,1,276,2026-09-09T09:26:42.276838+00:00,1.818125000000e+02,-2.243711000000e-05,-2.241469530470e-08
Offset_RevB_Chip_1_wiShield_Gmx_default_OSC_default_Vsup_pm6V_20260909,1,277,2026-09-09T09:26:42.933338+00:00,1.824690000000e+02,1.907330000000e-06,1.905424575425e-09
Offset_RevB_Chip_1_wiShield_Gmx_default_OSC_default_Vsup_pm6V_20260909,1,278,2026-09-09T09:26:43.597338+00:00,1.831330000000e+02,-1.633973000000e-05,-1.632340659341e-08
Offset_RevB_Chip_1_wiShield_Gmx_default_OSC_default_Vsup_pm6V_20260909,1,279,2026-09-09T09:26:44.261338+00:00,1.837970000000e+02,-1.016053000000e-05,-1.015037962038e-08
Offset_RevB_Chip_1_wiShield_Gmx_default_OSC_default_Vsup_pm6V_20260909,1,280,2026-09-09T09:26:44.917338+00:00,1.844530000000e+02,-6.979395000000e-06,-6.972422577423e-09
Offset_RevB_Chip_1_wiShield_Gmx_default_OSC_default_Vsup_pm6V_20260909,1,281,2026-09-09T09:26:45.573838+00:00,1.851095000000e+02,-1.027964000000e-05,-1.026937062937e-08
Offset_RevB_Chip_1_wiShield_Gmx_default_OSC_default_Vsup_pm6V_20260909,1,282,2026-09-09T09:26:46.237838+00:00,1.857735000000e+02,-1.759388000000e-05,-1.757630369630e-08
Offset_RevB_Chip_1_wiShield_Gmx_default_OSC_default_Vsup_pm6V_20260909,1,283,2026-09-09T09:26:46.901838+00:00,1.864375000000e+02,-8.599287000000e-06,-8.590696303696e-09
Offset_RevB_Chip_1_wiShield_Gmx_default_OSC_default_Vsup_pm6V_20260909,1,284,2026-09-09T09:26:47.558338+00:00,1.870940000000e+02,-1.080476000000e-05,-1.079396603397e-08
Offset_RevB_Chip_1_wiShield_Gmx_default_OSC_default_Vsup_pm6V_20260909,1,285,2026-09-09T09:26:48.214338+00:00,1.877500000000e+02,-3.246122000000e-05,-3.242879120879e-08
Offset_RevB_Chip_1_wiShield_Gmx_default_OSC_default_Vsup_pm6V_20260909,1,286,2026-09-09T09:26:48.870338+00:00,1.884060000000e+02,-1.269019000000e-05,-1.267751248751e-08
Offset_RevB_Chip_1_wiShield_Gmx_default_OSC_default_Vsup_pm6V_20260909,1,287,2026-09-09T09:26:49.534338+00:00,1.890700000000e+02,-1.701697000000e-05,-1.699997002997e-08
Offset_RevB_Chip_1_wiShield_Gmx_default_OSC_default_Vsup_pm6V_20260909,1,288,2026-09-09T09:26:50.198838+00:00,1.897345000000e+02,-1.518609000000e-06,-1.517091908092e-09
Offset_RevB_Chip_1_wiShield_Gmx_default_OSC_default_Vsup_pm6V_20260909,1,289,2026-09-09T09:26:50.855338+00:00,1.903910000000e+02,-1.682070000000e-05,-1.680389610390e-08
Offset_RevB_Chip_1_wiShield_Gmx_default_OSC_default_Vsup_pm6V_20260909,1,290,2026-09-09T09:26:51.511338+00:00,1.910470000000e+02,-1.374327000000e-05,-1.372954045954e-08
Offset_RevB_Chip_1_wiShield_Gmx_default_OSC_default_Vsup_pm6V_20260909,1,291,2026-09-09T09:26:52.167338+00:00,1.917030000000e+02,-1.310137000000e-05,-1.308828171828e-08
Offset_RevB_Chip_1_wiShield_Gmx_default_OSC_default_Vsup_pm6V_20260909,1,292,2026-09-09T09:26:52.831338+00:00,1.923670000000e+02,-2.395692000000e-05,-2.393298701299e-08
Offset_RevB_Chip_1_wiShield_Gmx_default_OSC_default_Vsup_pm6V_20260909,1,293,2026-09-09T09:26:53.495338+00:00,1.930310000000e+02,-1.252706000000e-05,-1.251454545455e-08
Offset_RevB_Chip_1_wiShield_Gmx_default_OSC_default_Vsup_pm6V_20260909,1,294,2026-09-09T09:26:54.151838+00:00,1.936875000000e+02,-3.062305000000e-05,-3.059245754246e-08
Offset_RevB_Chip_1_wiShield_Gmx_default_OSC_default_Vsup_pm6V_20260909,1,295,2026-09-09T09:26:54.808338+00:00,1.943440000000e+02,-3.159548000000e-05,-3.156391608392e-08
Offset_RevB_Chip_1_wiShield_Gmx_default_OSC_default_Vsup_pm6V_20260909,1,296,2026-09-09T09:26:55.464338+00:00,1.950000000000e+02,-1.896804000000e-05,-1.894909090909e-08
Offset_RevB_Chip_1_wiShield_Gmx_default_OSC_default_Vsup_pm6V_20260909,1,297,2026-09-09T09:26:56.136338+00:00,1.956720000000e+02,-3.189649000000e-05,-3.186462537463e-08
Offset_RevB_Chip_1_wiShield_Gmx_default_OSC_default_Vsup_pm6V_20260909,1,298,2026-09-09T09:26:56.792338+00:00,1.963280000000e+02,-5.563673000000e-06,-5.558114885115e-09
Offset_RevB_Chip_1_wiShield_Gmx_default_OSC_default_Vsup_pm6V_20260909,1,299,2026-09-09T09:26:57.448838+00:00,1.969845000000e+02,-1.559115000000e-05,-1.557557442557e-08
Offset_RevB_Chip_1_wiShield_Gmx_default_OSC_default_Vsup_pm6V_20260909,1,300,2026-09-09T09:26:58.105338+00:00,1.976410000000e+02,-1.940331000000e-05,-1.938392607393e-08
Offset_RevB_Chip_1_wiShield_Gmx_default_OSC_default_Vsup_pm6V_20260909,1,301,2026-09-09T09:26:58.761338+00:00,1.982970000000e+02,-2.004171000000e-05,-2.002168831169e-08
Offset_RevB_Chip_1_wiShield_Gmx_default_OSC_default_Vsup_pm6V_20260909,1,302,2026-09-09T09:26:59.433338+00:00,1.989690000000e+02,-2.136952000000e-05,-2.134817182817e-08
Offset_RevB_Chip_1_wiShield_Gmx_default_OSC_default_Vsup_pm6V_20260909,1,303,2026-09-09T09:27:00.089338+00:00,1.996250000000e+02,-2.104456000000e-05,-2.102353646354e-08
Offset_RevB_Chip_1_wiShield_Gmx_default_OSC_default_Vsup_pm6V_20260909,1,304,2026-09-09T09:27:00.745338+00:00,2.002810000000e+02,-7.062513000000e-06,-7.055457542458e-09
Offset_RevB_Chip_1_wiShield_Gmx_default_OSC_default_Vsup_pm6V_20260909,1,305,2026-09-09T09:27:01.401838+00:00,2.009375000000e+02,-4.018743000000e-06,-4.014728271728e-09
Offset_RevB_Chip_1_wiShield_Gmx_default_OSC_default_Vsup_pm6V_20260909,1,306,2026-09-09T09:27:02.066338+00:00,2.016020000000e+02,-1.634387000000e-05,-1.632754245754e-08
Offset_RevB_Chip_1_wiShield_Gmx_default_OSC_default_Vsup_pm6V_20260909,1,307,2026-09-09T09:27:02.730338+00:00,2.022660000000e+02,-1.974368000000e-05,-1.972395604396e-08
Offset_RevB_Chip_1_wiShield_Gmx_default_OSC_default_Vsup_pm6V_20260909,1,308,2026-09-09T09:27:03.386338+00:00,2.029220000000e+02,-6.004249000000e-06,-5.998250749251e-09
Offset_RevB_Chip_1_wiShield_Gmx_default_OSC_default_Vsup_pm6V_20260909,1,309,2026-09-09T09:27:04.042338+00:00,2.035780000000e+02,-5.468514000000e-06,-5.463050949051e-09
Offset_RevB_Chip_1_wiShield_Gmx_default_OSC_default_Vsup_pm6V_20260909,1,310,2026-09-09T09:27:04.698838+00:00,2.042345000000e+02,-1.243254000000e-05,-1.242011988012e-08
Offset_RevB_Chip_1_wiShield_Gmx_default_OSC_default_Vsup_pm6V_20260909,1,311,2026-09-09T09:27:05.370338+00:00,2.049060000000e+02,-2.142688000000e-05,-2.140547452547e-08
Offset_RevB_Chip_1_wiShield_Gmx_default_OSC_default_Vsup_pm6V_20260909,1,312,2026-09-09T09:27:06.026838+00:00,2.055625000000e+02,-1.218345000000e-05,-1.217127872128e-08
Offset_RevB_Chip_1_wiShield_Gmx_default_OSC_default_Vsup_pm6V_20260909,1,313,2026-09-09T09:27:06.683338+00:00,2.062190000000e+02,-1.109981000000e-05,-1.108872127872e-08
Offset_RevB_Chip_1_wiShield_Gmx_default_OSC_default_Vsup_pm6V_20260909,1,314,2026-09-09T09:27:07.339338+00:00,2.068750000000e+02,-1.967091000000e-05,-1.965125874126e-08
Offset_RevB_Chip_1_wiShield_Gmx_default_OSC_default_Vsup_pm6V_20260909,1,315,2026-09-09T09:27:08.003338+00:00,2.075390000000e+02,-1.867868000000e-05,-1.866001998002e-08
Offset_RevB_Chip_1_wiShield_Gmx_default_OSC_default_Vsup_pm6V_20260909,1,316,2026-09-09T09:27:08.667338+00:00,2.082030000000e+02,-1.781967000000e-05,-1.780186813187e-08
Offset_RevB_Chip_1_wiShield_Gmx_default_OSC_default_Vsup_pm6V_20260909,1,317,2026-09-09T09:27:09.323838+00:00,2.088595000000e+02,-1.576464000000e-05,-1.574889110889e-08
Offset_RevB_Chip_1_wiShield_Gmx_default_OSC_default_Vsup_pm6V_20260909,1,318,2026-09-09T09:27:09.980338+00:00,2.095160000000e+02,-8.317695000000e-06,-8.309385614386e-09
Offset_RevB_Chip_1_wiShield_Gmx_default_OSC_default_Vsup_pm6V_20260909,1,319,2026-09-09T09:27:10.636338+00:00,2.101720000000e+02,-2.308522000000e-05,-2.306215784216e-08
Offset_RevB_Chip_1_wiShield_Gmx_default_OSC_default_Vsup_pm6V_20260909,1,320,2026-09-09T09:27:11.300338+00:00,2.108360000000e+02,-6.281826000000e-06,-6.275550449550e-09
Offset_RevB_Chip_1_wiShield_Gmx_default_OSC_default_Vsup_pm6V_20260909,1,321,2026-09-09T09:27:11.964338+00:00,2.115000000000e+02,-1.601710000000e-05,-1.600109890110e-08
Offset_RevB_Chip_1_wiShield_Gmx_default_OSC_default_Vsup_pm6V_20260909,1,322,2026-09-09T09:27:12.620338+00:00,2.121560000000e+02,-2.102436000000e-05,-2.100335664336e-08
Offset_RevB_Chip_1_wiShield_Gmx_default_OSC_default_Vsup_pm6V_20260909,1,323,2026-09-09T09:27:13.284838+00:00,2.128205000000e+02,-6.556426000000e-06,-6.549876123876e-09
Offset_RevB_Chip_1_wiShield_Gmx_default_OSC_default_Vsup_pm6V_20260909,1,324,2026-09-09T09:27:13.941338+00:00,2.134770000000e+02,-4.787348000000e-07,-4.782565434565e-10
Offset_RevB_Chip_1_wiShield_Gmx_default_OSC_default_Vsup_pm6V_20260909,1,325,2026-09-09T09:27:14.620838+00:00,2.141565000000e+02,-3.707375000000e-06,-3.703671328671e-09
Offset_RevB_Chip_1_wiShield_Gmx_default_OSC_default_Vsup_pm6V_20260909,1,326,2026-09-09T09:27:15.308338+00:00,2.148440000000e+02,-2.194565000000e-05,-2.192372627373e-08
Offset_RevB_Chip_1_wiShield_Gmx_default_OSC_default_Vsup_pm6V_20260909,1,327,2026-09-09T09:27:15.964338+00:00,2.155000000000e+02,-6.690424000000e-06,-6.683740259740e-09
Offset_RevB_Chip_1_wiShield_Gmx_default_OSC_default_Vsup_pm6V_20260909,1,328,2026-09-09T09:27:16.620338+00:00,2.161560000000e+02,-8.924637000000e-06,-8.915721278721e-09
Offset_RevB_Chip_1_wiShield_Gmx_default_OSC_default_Vsup_pm6V_20260909,1,329,2026-09-09T09:27:17.276838+00:00,2.168125000000e+02,-1.920173000000e-05,-1.918254745255e-08
Offset_RevB_Chip_1_wiShield_Gmx_default_OSC_default_Vsup_pm6V_20260909,1,330,2026-09-09T09:27:17.933338+00:00,2.174690000000e+02,-3.949996000000e-06,-3.946049950050e-09
Offset_RevB_Chip_1_wiShield_Gmx_default_OSC_default_Vsup_pm6V_20260909,1,331,2026-09-09T09:27:18.597338+00:00,2.181330000000e+02,1.924291000000e-06,1.922368631369e-09
Offset_RevB_Chip_1_wiShield_Gmx_default_OSC_default_Vsup_pm6V_20260909,1,332,2026-09-09T09:27:19.261338+00:00,2.187970000000e+02,-2.244889000000e-05,-2.242646353646e-08
Offset_RevB_Chip_1_wiShield_Gmx_default_OSC_default_Vsup_pm6V_20260909,1,333,2026-09-09T09:27:19.917338+00:00,2.194530000000e+02,-1.136289000000e-05,-1.135153846154e-08
Offset_RevB_Chip_1_wiShield_Gmx_default_OSC_default_Vsup_pm6V_20260909,1,334,2026-09-09T09:27:20.573838+00:00,2.201095000000e+02,-1.051915000000e-05,-1.050864135864e-08
Offset_RevB_Chip_1_wiShield_Gmx_default_OSC_default_Vsup_pm6V_20260909,1,335,2026-09-09T09:27:21.237838+00:00,2.207735000000e+02,-1.250427000000e-05,-1.249177822178e-08
Offset_RevB_Chip_1_wiShield_Gmx_default_OSC_default_Vsup_pm6V_20260909,1,336,2026-09-09T09:27:21.901838+00:00,2.214375000000e+02,2.884931000000e-06,2.882048951049e-09
Offset_RevB_Chip_1_wiShield_Gmx_default_OSC_default_Vsup_pm6V_20260909,1,337,2026-09-09T09:27:22.558338+00:00,2.220940000000e+02,-4.566977000000e-08,-4.562414585415e-11
Offset_RevB_Chip_1_wiShield_Gmx_default_OSC_default_Vsup_pm6V_20260909,1,338,2026-09-09T09:27:23.214338+00:00,2.227500000000e+02,-3.173336000000e-05,-3.170165834166e-08
Offset_RevB_Chip_1_wiShield_Gmx_default_OSC_default_Vsup_pm6V_20260909,1,339,2026-09-09T09:27:23.878338+00:00,2.234140000000e+02,-1.429778000000e-05,-1.428349650350e-08
Offset_RevB_Chip_1_wiShield_Gmx_default_OSC_default_Vsup_pm6V_20260909,1,340,2026-09-09T09:27:24.542338+00:00,2.240780000000e+02,-1.209179000000e-05,-1.207971028971e-08
Offset_RevB_Chip_1_wiShield_Gmx_default_OSC_default_Vsup_pm6V_20260909,1,341,2026-09-09T09:27:25.198838+00:00,2.247345000000e+02,-3.936273000000e-06,-3.932340659341e-09
Offset_RevB_Chip_1_wiShield_Gmx_default_OSC_default_Vsup_pm6V_20260909,1,342,2026-09-09T09:27:25.855338+00:00,2.253910000000e+02,-1.840628000000e-05,-1.838789210789e-08
Offset_RevB_Chip_1_wiShield_Gmx_default_OSC_default_Vsup_pm6V_20260909,1,343,2026-09-09T09:27:26.511338+00:00,2.260470000000e+02,7.376766000000e-06,7.369396603397e-09
Offset_RevB_Chip_1_wiShield_Gmx_default_OSC_default_Vsup_pm6V_20260909,1,344,2026-09-09T09:27:27.175338+00:00,2.267110000000e+02,-2.810932000000e-05,-2.808123876124e-08
Offset_RevB_Chip_1_wiShield_Gmx_default_OSC_default_Vsup_pm6V_20260909,1,345,2026-09-09T09:27:27.839338+00:00,2.273750000000e+02,-2.255505000000e-05,-2.253251748252e-08
Offset_RevB_Chip_1_wiShield_Gmx_default_OSC_default_Vsup_pm6V_20260909,1,346,2026-09-09T09:27:28.495338+00:00,2.280310000000e+02,-1.735682000000e-05,-1.733948051948e-08
Offset_RevB_Chip_1_wiShield_Gmx_default_OSC_default_Vsup_pm6V_20260909,1,347,2026-09-09T09:27:29.151838+00:00,2.286875000000e+02,-9.724094000000e-06,-9.714379620380e-09
Offset_RevB_Chip_1_wiShield_Gmx_default_OSC_default_Vsup_pm6V_20260909,1,348,2026-09-09T09:27:29.816338+00:00,2.293520000000e+02,-2.216626000000e-05,-2.214411588412e-08
Offset_RevB_Chip_1_wiShield_Gmx_default_OSC_default_Vsup_pm6V_20260909,1,349,2026-09-09T09:27:30.480338+00:00,2.300160000000e+02,-1.881177000000e-05,-1.879297702298e-08
Offset_RevB_Chip_1_wiShield_Gmx_default_OSC_default_Vsup_pm6V_20260909,1,350,2026-09-09T09:27:31.136338+00:00,2.306720000000e+02,-1.498628000000e-05,-1.497130869131e-08
Offset_RevB_Chip_1_wiShield_Gmx_default_OSC_default_Vsup_pm6V_20260909,1,351,2026-09-09T09:27:31.800338+00:00,2.313360000000e+02,-9.327666000000e-06,-9.318347652348e-09
Offset_RevB_Chip_1_wiShield_Gmx_default_OSC_default_Vsup_pm6V_20260909,1,352,2026-09-09T09:27:32.464338+00:00,2.320000000000e+02,-1.151643000000e-05,-1.150492507493e-08
Offset_RevB_Chip_1_wiShield_Gmx_default_OSC_default_Vsup_pm6V_20260909,1,353,2026-09-09T09:27:33.120338+00:00,2.326560000000e+02,-2.131903000000e-05,-2.129773226773e-08
Offset_RevB_Chip_1_wiShield_Gmx_default_OSC_default_Vsup_pm6V_20260909,1,354,2026-09-09T09:27:33.776838+00:00,2.333125000000e+02,-2.084078000000e-05,-2.081996003996e-08
Offset_RevB_Chip_1_wiShield_Gmx_default_OSC_default_Vsup_pm6V_20260909,1,355,2026-09-09T09:27:34.433338+00:00,2.339690000000e+02,-2.196895000000e-05,-2.194700299700e-08
Offset_RevB_Chip_1_wiShield_Gmx_default_OSC_default_Vsup_pm6V_20260909,1,356,2026-09-09T09:27:35.097338+00:00,2.346330000000e+02,-1.965900000000e-05,-1.963936063936e-08
Offset_RevB_Chip_1_wiShield_Gmx_default_OSC_default_Vsup_pm6V_20260909,1,357,2026-09-09T09:27:35.761338+00:00,2.352970000000e+02,-2.949346000000e-06,-2.946399600400e-09
Offset_RevB_Chip_1_wiShield_Gmx_default_OSC_default_Vsup_pm6V_20260909,1,358,2026-09-09T09:27:36.417338+00:00,2.359530000000e+02,-6.302541000000e-06,-6.296244755245e-09
Offset_RevB_Chip_1_wiShield_Gmx_default_OSC_default_Vsup_pm6V_20260909,1,359,2026-09-09T09:27:37.073838+00:00,2.366095000000e+02,-1.895173000000e-05,-1.893279720280e-08
Offset_RevB_Chip_1_wiShield_Gmx_default_OSC_default_Vsup_pm6V_20260909,1,360,2026-09-09T09:27:37.737838+00:00,2.372735000000e+02,-9.663246000000e-06,-9.653592407592e-09
Offset_RevB_Chip_1_wiShield_Gmx_default_OSC_default_Vsup_pm6V_20260909,1,361,2026-09-09T09:27:38.401838+00:00,2.379375000000e+02,-1.189914000000e-05,-1.188725274725e-08
Offset_RevB_Chip_1_wiShield_Gmx_default_OSC_default_Vsup_pm6V_20260909,1,362,2026-09-09T09:27:39.058338+00:00,2.385940000000e+02,-3.299424000000e-06,-3.296127872128e-09
Offset_RevB_Chip_1_wiShield_Gmx_default_OSC_default_Vsup_pm6V_20260909,1,363,2026-09-09T09:27:39.714338+00:00,2.392500000000e+02,-1.813544000000e-05,-1.811732267732e-08
Offset_RevB_Chip_1_wiShield_Gmx_default_OSC_default_Vsup_pm6V_20260909,1,364,2026-09-09T09:27:40.378338+00:00,2.399140000000e+02,-1.411639000000e-05,-1.410228771229e-08
Offset_RevB_Chip_1_wiShield_Gmx_default_OSC_default_Vsup_pm6V_20260909,1,365,2026-09-09T09:27:41.042338+00:00,2.405780000000e+02,-1.398343000000e-05,-1.396946053946e-08
Offset_RevB_Chip_1_wiShield_Gmx_default_OSC_default_Vsup_pm6V_20260909,1,366,2026-09-09T09:27:41.698838+00:00,2.412345000000e+02,-9.380620000000e-06,-9.371248751249e-09
Offset_RevB_Chip_1_wiShield_Gmx_default_OSC_default_Vsup_pm6V_20260909,1,367,2026-09-09T09:27:42.362838+00:00,2.418985000000e+02,-1.398110000000e-05,-1.396713286713e-08
Offset_RevB_Chip_1_wiShield_Gmx_default_OSC_default_Vsup_pm6V_20260909,1,368,2026-09-09T09:27:43.026838+00:00,2.425625000000e+02,-1.115717000000e-05,-1.114602397602e-08
Offset_RevB_Chip_1_wiShield_Gmx_default_OSC_default_Vsup_pm6V_20260909,1,369,2026-09-09T09:27:43.683338+00:00,2.432190000000e+02,-1.328522000000e-05,-1.327194805195e-08
Offset_RevB_Chip_1_wiShield_Gmx_default_OSC_default_Vsup_pm6V_20260909,1,370,2026-09-09T09:27:44.339338+00:00,2.438750000000e+02,-9.705841000000e-06,-9.696144855145e-09
Offset_RevB_Chip_1_wiShield_Gmx_default_OSC_default_Vsup_pm6V_20260909,1,371,2026-09-09T09:27:45.003338+00:00,2.445390000000e+02,-7.751796000000e-06,-7.744051948052e-09
Offset_RevB_Chip_1_wiShield_Gmx_default_OSC_default_Vsup_pm6V_20260909,1,372,2026-09-09T09:27:45.667338+00:00,2.452030000000e+02,-5.658573000000e-06,-5.652920079920e-09
Offset_RevB_Chip_1_wiShield_Gmx_default_OSC_default_Vsup_pm6V_20260909,1,373,2026-09-09T09:27:46.323838+00:00,2.458595000000e+02,4.424417000000e-06,4.419997002997e-09
Offset_RevB_Chip_1_wiShield_Gmx_default_OSC_default_Vsup_pm6V_20260909,1,374,2026-09-09T09:27:46.980338+00:00,2.465160000000e+02,-1.385906000000e-06,-1.384521478521e-09
Offset_RevB_Chip_1_wiShield_Gmx_default_OSC_default_Vsup_pm6V_20260909,1,375,2026-09-09T09:27:47.644338+00:00,2.471800000000e+02,-1.128526000000e-06,-1.127398601399e-09
Offset_RevB_Chip_1_wiShield_Gmx_default_OSC_default_Vsup_pm6V_20260909,1,376,2026-09-09T09:27:48.308338+00:00,2.478440000000e+02,3.007536000000e-06,3.004531468531e-09
Offset_RevB_Chip_1_wiShield_Gmx_default_OSC_default_Vsup_pm6V_20260909,1,377,2026-09-09T09:27:48.964338+00:00,2.485000000000e+02,-2.427205000000e-06,-2.424780219780e-09
Offset_RevB_Chip_1_wiShield_Gmx_default_OSC_default_Vsup_pm6V_20260909,1,378,2026-09-09T09:27:49.620338+00:00,2.491560000000e+02,-1.052433000000e-05,-1.051381618382e-08
Offset_RevB_Chip_1_wiShield_Gmx_default_OSC_default_Vsup_pm6V_20260909,1,379,2026-09-09T09:27:50.284338+00:00,2.498200000000e+02,-6.749721000000e-06,-6.742978021978e-09
Offset_RevB_Chip_1_wiShield_Gmx_default_OSC_default_Vsup_pm6V_20260909,1,380,2026-09-09T09:27:50.948838+00:00,2.504845000000e+02,1.395586000000e-05,1.394191808192e-08
Offset_RevB_Chip_1_wiShield_Gmx_default_OSC_default_Vsup_pm6V_20260909,1,381,2026-09-09T09:27:51.605338+00:00,2.511410000000e+02,-1.342504000000e-05,-1.341162837163e-08
Offset_RevB_Chip_1_wiShield_Gmx_default_OSC_default_Vsup_pm6V_20260909,1,382,2026-09-09T09:27:52.269338+00:00,2.518050000000e+02,-1.006667000000e-05,-1.005661338661e-08
Offset_RevB_Chip_1_wiShield_Gmx_default_OSC_default_Vsup_pm6V_20260909,1,383,2026-09-09T09:27:52.933338+00:00,2.524690000000e+02,-1.261100000000e-06,-1.259840159840e-09
Offset_RevB_Chip_1_wiShield_Gmx_default_OSC_default_Vsup_pm6V_20260909,1,384,2026-09-09T09:27:53.589338+00:00,2.531250000000e+02,1.357523000000e-05,1.356166833167e-08
Offset_RevB_Chip_1_wiShield_Gmx_default_OSC_default_Vsup_pm6V_20260909,1,385,2026-09-09T09:27:54.245338+00:00,2.537810000000e+02,-2.655197000000e-06,-2.652544455544e-09
Offset_RevB_Chip_1_wiShield_Gmx_default_OSC_default_Vsup_pm6V_20260909,1,386,2026-09-09T09:27:54.909338+00:00,2.544450000000e+02,-1.216665000000e-07,-1.215449550450e-10
Offset_RevB_Chip_1_wiShield_Gmx_default_OSC_default_Vsup_pm6V_20260909,1,387,2026-09-09T09:27:55.573838+00:00,2.551095000000e+02,7.835724000000e-06,7.827896103896e-09
Offset_RevB_Chip_1_wiShield_Gmx_default_OSC_default_Vsup_pm6V_20260909,1,388,2026-09-09T09:27:56.230338+00:00,2.557660000000e+02,7.916381000000e-06,7.908472527473e-09
Offset_RevB_Chip_1_wiShield_Gmx_default_OSC_default_Vsup_pm6V_20260909,1,389,2026-09-09T09:27:56.886338+00:00,2.564220000000e+02,1.008688000000e-05,1.007680319680e-08
Offset_RevB_Chip_1_wiShield_Gmx_default_OSC_default_Vsup_pm6V_20260909,1,390,2026-09-09T09:27:57.542338+00:00,2.570780000000e+02,-1.364803000000e-06,-1.363439560440e-09
Offset_RevB_Chip_1_wiShield_Gmx_default_OSC_default_Vsup_pm6V_20260909,1,391,2026-09-09T09:27:58.214338+00:00,2.577500000000e+02,1.630297000000e-07,1.628668331668e-10
Offset_RevB_Chip_1_wiShield_Gmx_default_OSC_default_Vsup_pm6V_20260909,1,392,2026-09-09T09:27:58.870338+00:00,2.584060000000e+02,-1.083660000000e-05,-1.082577422577e-08
Offset_RevB_Chip_1_wiShield_Gmx_default_OSC_default_Vsup_pm6V_20260909,1,393,2026-09-09T09:27:59.526838+00:00,2.590625000000e+02,5.188525000000e-06,5.183341658342e-09
Offset_RevB_Chip_1_wiShield_Gmx_default_OSC_default_Vsup_pm6V_20260909,1,394,2026-09-09T09:28:00.191338+00:00,2.597270000000e+02,-6.638469000000e-08,-6.631837162837e-11
Offset_RevB_Chip_1_wiShield_Gmx_default_OSC_default_Vsup_pm6V_20260909,1,395,2026-09-09T09:28:00.855338+00:00,2.603910000000e+02,1.018619000000e-05,1.017601398601e-08
Offset_RevB_Chip_1_wiShield_Gmx_default_OSC_default_Vsup_pm6V_20260909,1,396,2026-09-09T09:28:01.511338+00:00,2.610470000000e+02,-2.299162000000e-06,-2.296865134865e-09
Offset_RevB_Chip_1_wiShield_Gmx_default_OSC_default_Vsup_pm6V_20260909,1,397,2026-09-09T09:28:02.167338+00:00,2.617030000000e+02,2.573564000000e-06,2.570993006993e-09
Offset_RevB_Chip_1_wiShield_Gmx_default_OSC_default_Vsup_pm6V_20260909,1,398,2026-09-09T09:28:02.823838+00:00,2.623595000000e+02,-1.307107000000e-05,-1.305801198801e-08
Offset_RevB_Chip_1_wiShield_Gmx_default_OSC_default_Vsup_pm6V_20260909,1,399,2026-09-09T09:28:03.487838+00:00,2.630235000000e+02,1.558752000000e-05,1.557194805195e-08
Offset_RevB_Chip_1_wiShield_Gmx_default_OSC_default_Vsup_pm6V_20260909,1,400,2026-09-09T09:28:04.151838+00:00,2.636875000000e+02,1.073059000000e-05,1.071987012987e-08
Offset_RevB_Chip_1_wiShield_Gmx_default_OSC_default_Vsup_pm6V_20260909,1,401,2026-09-09T09:28:04.808338+00:00,2.643440000000e+02,1.130931000000e-05,1.129801198801e-08
Offset_RevB_Chip_1_wiShield_Gmx_default_OSC_default_Vsup_pm6V_20260909,1,402,2026-09-09T09:28:05.464338+00:00,2.650000000000e+02,2.434605000000e-05,2.432172827173e-08
Offset_RevB_Chip_1_wiShield_Gmx_default_OSC_default_Vsup_pm6V_20260909,1,403,2026-09-09T09:28:06.128338+00:00,2.656640000000e+02,9.350479000000e-06,9.341137862138e-09
Offset_RevB_Chip_1_wiShield_Gmx_default_OSC_default_Vsup_pm6V_20260909,1,404,2026-09-09T09:28:06.792338+00:00,2.663280000000e+02,-5.930193000000e-06,-5.924268731269e-09
Offset_RevB_Chip_1_wiShield_Gmx_default_OSC_default_Vsup_pm6V_20260909,1,405,2026-09-09T09:28:07.448838+00:00,2.669845000000e+02,6.742509000000e-06,6.735773226773e-09
Offset_RevB_Chip_1_wiShield_Gmx_default_OSC_default_Vsup_pm6V_20260909,1,406,2026-09-09T09:28:08.105338+00:00,2.676410000000e+02,1.393954000000e-05,1.392561438561e-08
Offset_RevB_Chip_1_wiShield_Gmx_default_OSC_default_Vsup_pm6V_20260909,1,407,2026-09-09T09:28:08.776838+00:00,2.683125000000e+02,7.163687000000e-07,7.156530469530e-10
Offset_RevB_Chip_1_wiShield_Gmx_default_OSC_default_Vsup_pm6V_20260909,1,408,2026-09-09T09:28:09.433338+00:00,2.689690000000e+02,1.484853000000e-05,1.483369630370e-08
Offset_RevB_Chip_1_wiShield_Gmx_default_OSC_default_Vsup_pm6V_20260909,1,409,2026-09-09T09:28:10.089338+00:00,2.696250000000e+02,2.457766000000e-05,2.455310689311e-08
Offset_RevB_Chip_1_wiShield_Gmx_default_OSC_default_Vsup_pm6V_20260909,1,410,2026-09-09T09:28:10.745338+00:00,2.702810000000e+02,-2.809651000000e-06,-2.806844155844e-09
Offset_RevB_Chip_1_wiShield_Gmx_default_OSC_default_Vsup_pm6V_20260909,1,411,2026-09-09T09:28:11.401838+00:00,2.709375000000e+02,1.259089000000e-05,1.257831168831e-08
Offset_RevB_Chip_1_wiShield_Gmx_default_OSC_default_Vsup_pm6V_20260909,1,412,2026-09-09T09:28:12.066338+00:00,2.716020000000e+02,2.015367000000e-05,2.013353646354e-08
Offset_RevB_Chip_1_wiShield_Gmx_default_OSC_default_Vsup_pm6V_20260909,1,413,2026-09-09T09:28:12.730338+00:00,2.722660000000e+02,1.028717000000e-05,1.027689310689e-08
Offset_RevB_Chip_1_wiShield_Gmx_default_OSC_default_Vsup_pm6V_20260909,1,414,2026-09-09T09:28:13.386338+00:00,2.729220000000e+02,-3.234691000000e-06,-3.231459540460e-09
Offset_RevB_Chip_1_wiShield_Gmx_default_OSC_default_Vsup_pm6V_20260909,1,415,2026-09-09T09:28:14.042338+00:00,2.735780000000e+02,3.524531000000e-05,3.521009990010e-08
Offset_RevB_Chip_1_wiShield_Gmx_default_OSC_default_Vsup_pm6V_20260909,1,416,2026-09-09T09:28:14.698838+00:00,2.742345000000e+02,3.700644000000e-05,3.696947052947e-08
Offset_RevB_Chip_1_wiShield_Gmx_default_OSC_default_Vsup_pm6V_20260909,1,417,2026-09-09T09:28:15.362838+00:00,2.748985000000e+02,2.488075000000e-05,2.485589410589e-08
Offset_RevB_Chip_1_wiShield_Gmx_default_OSC_default_Vsup_pm6V_20260909,1,418,2026-09-09T09:28:16.026838+00:00,2.755625000000e+02,2.304530000000e-05,2.302227772228e-08
Offset_RevB_Chip_1_wiShield_Gmx_default_OSC_default_Vsup_pm6V_20260909,1,419,2026-09-09T09:28:16.683338+00:00,2.762190000000e+02,1.948303000000e-05,1.946356643357e-08
Offset_RevB_Chip_1_wiShield_Gmx_default_OSC_default_Vsup_pm6V_20260909,1,420,2026-09-09T09:28:17.339338+00:00,2.768750000000e+02,2.827898000000e-05,2.825072927073e-08
Offset_RevB_Chip_1_wiShield_Gmx_default_OSC_default_Vsup_pm6V_20260909,1,421,2026-09-09T09:28:18.003338+00:00,2.775390000000e+02,2.647732000000e-05,2.645086913087e-08
Offset_RevB_Chip_1_wiShield_Gmx_default_OSC_default_Vsup_pm6V_20260909,1,422,2026-09-09T09:28:18.667338+00:00,2.782030000000e+02,2.944508000000e-05,2.941566433566e-08
Offset_RevB_Chip_1_wiShield_Gmx_default_OSC_default_Vsup_pm6V_20260909,1,423,2026-09-09T09:28:19.323838+00:00,2.788595000000e+02,2.427303000000e-05,2.424878121878e-08
Offset_RevB_Chip_1_wiShield_Gmx_default_OSC_default_Vsup_pm6V_20260909,1,424,2026-09-09T09:28:19.980338+00:00,2.795160000000e+02,2.320791000000e-05,2.318472527473e-08
Offset_RevB_Chip_1_wiShield_Gmx_default_OSC_default_Vsup_pm6V_20260909,1,425,2026-09-09T09:28:20.636338+00:00,2.801720000000e+02,3.361338000000e-05,3.357980019980e-08
Offset_RevB_Chip_1_wiShield_Gmx_default_OSC_default_Vsup_pm6V_20260909,1,426,2026-09-09T09:28:21.300338+00:00,2.808360000000e+02,2.363437000000e-05,2.361075924076e-08
Offset_RevB_Chip_1_wiShield_Gmx_default_OSC_default_Vsup_pm6V_20260909,1,427,2026-09-09T09:28:21.964338+00:00,2.815000000000e+02,2.125594000000e-05,2.123470529471e-08
Offset_RevB_Chip_1_wiShield_Gmx_default_OSC_default_Vsup_pm6V_20260909,1,428,2026-09-09T09:28:22.620338+00:00,2.821560000000e+02,1.254079000000e-05,1.252826173826e-08
Offset_RevB_Chip_1_wiShield_Gmx_default_OSC_default_Vsup_pm6V_20260909,1,429,2026-09-09T09:28:23.276838+00:00,2.828125000000e+02,3.212879000000e-05,3.209669330669e-08
Offset_RevB_Chip_1_wiShield_Gmx_default_OSC_default_Vsup_pm6V_20260909,1,430,2026-09-09T09:28:23.933338+00:00,2.834690000000e+02,2.681186000000e-05,2.678507492507e-08
Offset_RevB_Chip_1_wiShield_Gmx_default_OSC_default_Vsup_pm6V_20260909,1,431,2026-09-09T09:28:24.597338+00:00,2.841330000000e+02,3.256949000000e-05,3.253695304695e-08
Offset_RevB_Chip_1_wiShield_Gmx_default_OSC_default_Vsup_pm6V_20260909,1,432,2026-09-09T09:28:25.261338+00:00,2.847970000000e+02,2.168254000000e-05,2.166087912088e-08
Offset_RevB_Chip_1_wiShield_Gmx_default_OSC_default_Vsup_pm6V_20260909,1,433,2026-09-09T09:28:25.917338+00:00,2.854530000000e+02,2.662077000000e-05,2.659417582418e-08
Offset_RevB_Chip_1_wiShield_Gmx_default_OSC_default_Vsup_pm6V_20260909,1,434,2026-09-09T09:28:26.573838+00:00,2.861095000000e+02,2.058596000000e-05,2.056539460539e-08
Offset_RevB_Chip_1_wiShield_Gmx_default_OSC_default_Vsup_pm6V_20260909,1,435,2026-09-09T09:28:27.230338+00:00,2.867660000000e+02,2.463178000000e-05,2.460717282717e-08
Offset_RevB_Chip_1_wiShield_Gmx_default_OSC_default_Vsup_pm6V_20260909,1,436,2026-09-09T09:28:27.894338+00:00,2.874300000000e+02,2.457183000000e-05,2.454728271728e-08
Offset_RevB_Chip_1_wiShield_Gmx_default_OSC_default_Vsup_pm6V_20260909,1,437,2026-09-09T09:28:28.558338+00:00,2.880940000000e+02,2.491997000000e-05,2.489507492507e-08
Offset_RevB_Chip_1_wiShield_Gmx_default_OSC_default_Vsup_pm6V_20260909,1,438,2026-09-09T09:28:29.214338+00:00,2.887500000000e+02,2.236366000000e-05,2.234131868132e-08
Offset_RevB_Chip_1_wiShield_Gmx_default_OSC_default_Vsup_pm6V_20260909,1,439,2026-09-09T09:28:29.870338+00:00,2.894060000000e+02,3.320944000000e-05,3.317626373626e-08
Offset_RevB_Chip_1_wiShield_Gmx_default_OSC_default_Vsup_pm6V_20260909,1,440,2026-09-09T09:28:30.534338+00:00,2.900700000000e+02,2.617294000000e-05,2.614679320679e-08
Offset_RevB_Chip_1_wiShield_Gmx_default_OSC_default_Vsup_pm6V_20260909,1,441,2026-09-09T09:28:31.198838+00:00,2.907345000000e+02,1.799844000000e-05,1.798045954046e-08
Offset_RevB_Chip_1_wiShield_Gmx_default_OSC_default_Vsup_pm6V_20260909,1,442,2026-09-09T09:28:31.855338+00:00,2.913910000000e+02,2.801188000000e-05,2.798389610390e-08
Offset_RevB_Chip_1_wiShield_Gmx_default_OSC_default_Vsup_pm6V_20260909,1,443,2026-09-09T09:28:32.511338+00:00,2.920470000000e+02,3.333372000000e-05,3.330041958042e-08
Offset_RevB_Chip_1_wiShield_Gmx_default_OSC_default_Vsup_pm6V_20260909,1,444,2026-09-09T09:28:33.167338+00:00,2.927030000000e+02,2.344755000000e-05,2.342412587413e-08
Offset_RevB_Chip_1_wiShield_Gmx_default_OSC_default_Vsup_pm6V_20260909,1,445,2026-09-09T09:28:33.831338+00:00,2.933670000000e+02,2.333180000000e-05,2.330849150849e-08
Offset_RevB_Chip_1_wiShield_Gmx_default_OSC_default_Vsup_pm6V_20260909,1,446,2026-09-09T09:28:34.495338+00:00,2.940310000000e+02,3.716761000000e-05,3.713047952048e-08
Offset_RevB_Chip_1_wiShield_Gmx_default_OSC_default_Vsup_pm6V_20260909,1,447,2026-09-09T09:28:35.151838+00:00,2.946875000000e+02,3.672471000000e-05,3.668802197802e-08
Offset_RevB_Chip_1_wiShield_Gmx_default_OSC_default_Vsup_pm6V_20260909,1,448,2026-09-09T09:28:35.808338+00:00,2.953440000000e+02,3.753193000000e-05,3.749443556444e-08
Offset_RevB_Chip_1_wiShield_Gmx_default_OSC_default_Vsup_pm6V_20260909,1,449,2026-09-09T09:28:36.464338+00:00,2.960000000000e+02,3.527494000000e-05,3.523970029970e-08
Offset_RevB_Chip_1_wiShield_Gmx_default_OSC_default_Vsup_pm6V_20260909,1,450,2026-09-09T09:28:37.128338+00:00,2.966640000000e+02,2.690999000000e-05,2.688310689311e-08
Offset_RevB_Chip_1_wiShield_Gmx_default_OSC_default_Vsup_pm6V_20260909,1,451,2026-09-09T09:28:37.792338+00:00,2.973280000000e+02,2.769171000000e-05,2.766404595405e-08
Offset_RevB_Chip_1_wiShield_Gmx_default_OSC_default_Vsup_pm6V_20260909,1,452,2026-09-09T09:28:38.448838+00:00,2.979845000000e+02,3.917447000000e-05,3.913533466533e-08
Offset_RevB_Chip_1_wiShield_Gmx_default_OSC_default_Vsup_pm6V_20260909,1,453,2026-09-09T09:28:39.105338+00:00,2.986410000000e+02,3.727041000000e-05,3.723317682318e-08
Offset_RevB_Chip_1_wiShield_Gmx_default_OSC_default_Vsup_pm6V_20260909,1,454,2026-09-09T09:28:39.761338+00:00,2.992970000000e+02,2.472641000000e-05,2.470170829171e-08
Offset_RevB_Chip_1_wiShield_Gmx_default_OSC_default_Vsup_pm6V_20260909,1,455,2026-09-09T09:28:40.425338+00:00,2.999610000000e+02,4.212746000000e-05,4.208537462537e-08
Offset_RevB_Chip_1_wiShield_Gmx_default_OSC_default_Vsup_pm6V_20260909,1,456,2026-09-09T09:28:41.089338+00:00,3.006250000000e+02,5.197014000000e-05,5.191822177822e-08
Offset_RevB_Chip_1_wiShield_Gmx_default_OSC_default_Vsup_pm6V_20260909,1,457,2026-09-09T09:28:41.745338+00:00,3.012810000000e+02,3.001252000000e-05,2.998253746254e-08
Offset_RevB_Chip_1_wiShield_Gmx_default_OSC_default_Vsup_pm6V_20260909,1,458,2026-09-09T09:28:42.401838+00:00,3.019375000000e+02,2.693433000000e-05,2.690742257742e-08
Offset_RevB_Chip_1_wiShield_Gmx_default_OSC_default_Vsup_pm6V_20260909,1,459,2026-09-09T09:28:43.066338+00:00,3.026020000000e+02,3.307414000000e-05,3.304109890110e-08
Offset_RevB_Chip_1_wiShield_Gmx_default_OSC_default_Vsup_pm6V_20260909,1,460,2026-09-09T09:28:43.730338+00:00,3.032660000000e+02,2.234397000000e-05,2.232164835165e-08
Offset_RevB_Chip_1_wiShield_Gmx_default_OSC_default_Vsup_pm6V_20260909,1,461,2026-09-09T09:28:44.386338+00:00,3.039220000000e+02,4.792664000000e-05,4.787876123876e-08
Offset_RevB_Chip_1_wiShield_Gmx_default_OSC_default_Vsup_pm6V_20260909,1,462,2026-09-09T09:28:45.042338+00:00,3.045780000000e+02,2.481225000000e-05,2.478746253746e-08
Offset_RevB_Chip_1_wiShield_Gmx_default_OSC_default_Vsup_pm6V_20260909,1,463,2026-09-09T09:28:45.698838+00:00,3.052345000000e+02,2.664187000000e-05,2.661525474525e-08
Offset_RevB_Chip_1_wiShield_Gmx_default_OSC_default_Vsup_pm6V_20260909,1,464,2026-09-09T09:28:46.362838+00:00,3.058985000000e+02,2.402380000000e-05,2.399980019980e-08
Offset_RevB_Chip_1_wiShield_Gmx_default_OSC_default_Vsup_pm6V_20260909,1,465,2026-09-09T09:28:47.026838+00:00,3.065625000000e+02,3.773959000000e-05,3.770188811189e-08
Offset_RevB_Chip_1_wiShield_Gmx_default_OSC_default_Vsup_pm6V_20260909,1,466,2026-09-09T09:28:47.683338+00:00,3.072190000000e+02,3.142383000000e-05,3.139243756244e-08
Offset_RevB_Chip_1_wiShield_Gmx_default_OSC_default_Vsup_pm6V_20260909,1,467,2026-09-09T09:28:48.339338+00:00,3.078750000000e+02,2.944209000000e-05,2.941267732268e-08
Offset_RevB_Chip_1_wiShield_Gmx_default_OSC_default_Vsup_pm6V_20260909,1,468,2026-09-09T09:28:48.995338+00:00,3.085310000000e+02,2.312906000000e-05,2.310595404595e-08
Offset_RevB_Chip_1_wiShield_Gmx_default_OSC_default_Vsup_pm6V_20260909,1,469,2026-09-09T09:28:49.667338+00:00,3.092030000000e+02,2.239977000000e-05,2.237739260739e-08
Offset_RevB_Chip_1_wiShield_Gmx_default_OSC_default_Vsup_pm6V_20260909,1,470,2026-09-09T09:28:50.323838+00:00,3.098595000000e+02,2.859823000000e-05,2.856966033966e-08
Offset_RevB_Chip_1_wiShield_Gmx_default_OSC_default_Vsup_pm6V_20260909,1,471,2026-09-09T09:28:50.980338+00:00,3.105160000000e+02,2.020597000000e-05,2.018578421578e-08
Offset_RevB_Chip_1_wiShield_Gmx_default_OSC_default_Vsup_pm6V_20260909,1,472,2026-09-09T09:28:51.636338+00:00,3.111720000000e+02,2.052627000000e-05,2.050576423576e-08
Offset_RevB_Chip_1_wiShield_Gmx_default_OSC_default_Vsup_pm6V_20260909,1,473,2026-09-09T09:28:52.300338+00:00,3.118360000000e+02,3.883034000000e-05,3.879154845155e-08
Offset_RevB_Chip_1_wiShield_Gmx_default_OSC_default_Vsup_pm6V_20260909,1,474,2026-09-09T09:28:52.964338+00:00,3.125000000000e+02,7.797786000000e-06,7.789996003996e-09
Offset_RevB_Chip_1_wiShield_Gmx_default_OSC_default_Vsup_pm6V_20260909,1,475,2026-09-09T09:28:53.620338+00:00,3.131560000000e+02,2.359462000000e-05,2.357104895105e-08
Offset_RevB_Chip_1_wiShield_Gmx_default_OSC_default_Vsup_pm6V_20260909,1,476,2026-09-09T09:28:54.276838+00:00,3.138125000000e+02,4.113950000000e-05,4.109840159840e-08
Offset_RevB_Chip_1_wiShield_Gmx_default_OSC_default_Vsup_pm6V_20260909,1,477,2026-09-09T09:28:54.933338+00:00,3.144690000000e+02,2.569508000000e-05,2.566941058941e-08
Offset_RevB_Chip_1_wiShield_Gmx_default_OSC_default_Vsup_pm6V_20260909,1,478,2026-09-09T09:28:55.597338+00:00,3.151330000000e+02,1.631809000000e-05,1.630178821179e-08
Offset_RevB_Chip_1_wiShield_Gmx_default_OSC_default_Vsup_pm6V_20260909,1,479,2026-09-09T09:28:56.261338+00:00,3.157970000000e+02,5.682732000000e-05,5.677054945055e-08
Offset_RevB_Chip_1_wiShield_Gmx_default_OSC_default_Vsup_pm6V_20260909,1,480,2026-09-09T09:28:56.917338+00:00,3.164530000000e+02,2.565533000000e-05,2.562970029970e-08
Offset_RevB_Chip_1_wiShield_Gmx_default_OSC_default_Vsup_pm6V_20260909,1,481,2026-09-09T09:28:57.573838+00:00,3.171095000000e+02,3.557413000000e-05,3.553859140859e-08
Offset_RevB_Chip_1_wiShield_Gmx_default_OSC_default_Vsup_pm6V_20260909,1,482,2026-09-09T09:28:58.230338+00:00,3.177660000000e+02,4.096433000000e-05,4.092340659341e-08
Offset_RevB_Chip_1_wiShield_Gmx_default_OSC_default_Vsup_pm6V_20260909,1,483,2026-09-09T09:28:58.901838+00:00,3.184375000000e+02,3.378568000000e-05,3.375192807193e-08
Offset_RevB_Chip_1_wiShield_Gmx_default_OSC_default_Vsup_pm6V_20260909,1,484,2026-09-09T09:28:59.558338+00:00,3.190940000000e+02,3.796628000000e-05,3.792835164835e-08
Offset_RevB_Chip_1_wiShield_Gmx_default_OSC_default_Vsup_pm6V_20260909,1,485,2026-09-09T09:29:00.214338+00:00,3.197500000000e+02,2.995348000000e-05,2.992355644356e-08
Offset_RevB_Chip_1_wiShield_Gmx_default_OSC_default_Vsup_pm6V_20260909,1,486,2026-09-09T09:29:00.870338+00:00,3.204060000000e+02,3.832192000000e-05,3.828363636364e-08
Offset_RevB_Chip_1_wiShield_Gmx_default_OSC_default_Vsup_pm6V_20260909,1,487,2026-09-09T09:29:01.534338+00:00,3.210700000000e+02,4.750432000000e-05,4.745686313686e-08
Offset_RevB_Chip_1_wiShield_Gmx_default_OSC_default_Vsup_pm6V_20260909,1,488,2026-09-09T09:29:02.198838+00:00,3.217345000000e+02,2.764535000000e-05,2.761773226773e-08
Offset_RevB_Chip_1_wiShield_Gmx_default_OSC_default_Vsup_pm6V_20260909,1,489,2026-09-09T09:29:02.855338+00:00,3.223910000000e+02,3.565207000000e-05,3.561645354645e-08
Offset_RevB_Chip_1_wiShield_Gmx_default_OSC_default_Vsup_pm6V_20260909,1,490,2026-09-09T09:29:03.511338+00:00,3.230470000000e+02,3.803451000000e-05,3.799651348651e-08
Offset_RevB_Chip_1_wiShield_Gmx_default_OSC_default_Vsup_pm6V_20260909,1,491,2026-09-09T09:29:04.175338+00:00,3.237110000000e+02,4.328736000000e-06,4.324411588412e-09
Offset_RevB_Chip_1_wiShield_Gmx_default_OSC_default_Vsup_pm6V_20260909,1,492,2026-09-09T09:29:04.839338+00:00,3.243750000000e+02,3.889585000000e-05,3.885699300699e-08
Offset_RevB_Chip_1_wiShield_Gmx_default_OSC_default_Vsup_pm6V_20260909,1,493,2026-09-09T09:29:05.495338+00:00,3.250310000000e+02,2.933981000000e-05,2.931049950050e-08
Offset_RevB_Chip_1_wiShield_Gmx_default_OSC_default_Vsup_pm6V_20260909,1,494,2026-09-09T09:29:06.151838+00:00,3.256875000000e+02,3.082906000000e-05,3.079826173826e-08
Offset_RevB_Chip_1_wiShield_Gmx_default_OSC_default_Vsup_pm6V_20260909,1,495,2026-09-09T09:29:06.808338+00:00,3.263440000000e+02,3.018484000000e-05,3.015468531469e-08
Offset_RevB_Chip_1_wiShield_Gmx_default_OSC_default_Vsup_pm6V_20260909,1,496,2026-09-09T09:29:07.472338+00:00,3.270080000000e+02,3.806325000000e-05,3.802522477522e-08
Offset_RevB_Chip_1_wiShield_Gmx_default_OSC_default_Vsup_pm6V_20260909,1,497,2026-09-09T09:29:08.136338+00:00,3.276720000000e+02,3.560701000000e-05,3.557143856144e-08
Offset_RevB_Chip_1_wiShield_Gmx_default_OSC_default_Vsup_pm6V_20260909,1,498,2026-09-09T09:29:08.792338+00:00,3.283280000000e+02,2.802637000000e-05,2.799837162837e-08
Offset_RevB_Chip_1_wiShield_Gmx_default_OSC_default_Vsup_pm6V_20260909,1,499,2026-09-09T09:29:09.448838+00:00,3.289845000000e+02,3.016709000000e-05,3.013695304695e-08
Offset_RevB_Chip_1_wiShield_Gmx_default_OSC_default_Vsup_pm6V_20260909,1,500,2026-09-09T09:29:10.112838+00:00,3.296485000000e+02,2.964276000000e-05,2.961314685315e-08
Offset_RevB_Chip_1_wiShield_Gmx_default_OSC_default_Vsup_pm6V_20260909,1,501,2026-09-09T09:29:10.776838+00:00,3.303125000000e+02,1.446607000000e-05,1.445161838162e-08
Offset_RevB_Chip_1_wiShield_Gmx_default_OSC_default_Vsup_pm6V_20260909,1,502,2026-09-09T09:29:11.433338+00:00,3.309690000000e+02,3.259860000000e-05,3.256603396603e-08
Offset_RevB_Chip_1_wiShield_Gmx_default_OSC_default_Vsup_pm6V_20260909,1,503,2026-09-09T09:29:12.089338+00:00,3.316250000000e+02,4.153902000000e-05,4.149752247752e-08
Offset_RevB_Chip_1_wiShield_Gmx_default_OSC_default_Vsup_pm6V_20260909,1,504,2026-09-09T09:29:12.753338+00:00,3.322890000000e+02,2.380085000000e-05,2.377707292707e-08
Offset_RevB_Chip_1_wiShield_Gmx_default_OSC_default_Vsup_pm6V_20260909,1,505,2026-09-09T09:29:13.417338+00:00,3.329530000000e+02,2.645310000000e-05,2.642667332667e-08
Offset_RevB_Chip_1_wiShield_Gmx_default_OSC_default_Vsup_pm6V_20260909,1,506,2026-09-09T09:29:14.073838+00:00,3.336095000000e+02,3.189003000000e-05,3.185817182817e-08
Offset_RevB_Chip_1_wiShield_Gmx_default_OSC_default_Vsup_pm6V_20260909,1,507,2026-09-09T09:29:14.730338+00:00,3.342660000000e+02,2.597187000000e-05,2.594592407592e-08
Offset_RevB_Chip_1_wiShield_Gmx_default_OSC_default_Vsup_pm6V_20260909,1,508,2026-09-09T09:29:15.386338+00:00,3.349220000000e+02,2.386520000000e-05,2.384135864136e-08
Offset_RevB_Chip_1_wiShield_Gmx_default_OSC_default_Vsup_pm6V_20260909,1,509,2026-09-09T09:29:16.050338+00:00,3.355860000000e+02,2.230733000000e-05,2.228504495504e-08
Offset_RevB_Chip_1_wiShield_Gmx_default_OSC_default_Vsup_pm6V_20260909,1,510,2026-09-09T09:29:16.714338+00:00,3.362500000000e+02,3.104578000000e-05,3.101476523477e-08
Offset_RevB_Chip_1_wiShield_Gmx_default_OSC_default_Vsup_pm6V_20260909,1,511,2026-09-09T09:29:17.370338+00:00,3.369060000000e+02,3.809962000000e-05,3.806155844156e-08
Offset_RevB_Chip_1_wiShield_Gmx_default_OSC_default_Vsup_pm6V_20260909,1,512,2026-09-09T09:29:18.026838+00:00,3.375625000000e+02,1.999351000000e-05,1.997353646354e-08
Offset_RevB_Chip_1_wiShield_Gmx_default_OSC_default_Vsup_pm6V_20260909,1,513,2026-09-09T09:29:18.691338+00:00,3.382270000000e+02,2.625450000000e-05,2.622827172827e-08
Offset_RevB_Chip_1_wiShield_Gmx_default_OSC_default_Vsup_pm6V_20260909,1,514,2026-09-09T09:29:19.355338+00:00,3.388910000000e+02,4.541343000000e-05,4.536806193806e-08
Offset_RevB_Chip_1_wiShield_Gmx_default_OSC_default_Vsup_pm6V_20260909,1,515,2026-09-09T09:29:20.011338+00:00,3.395470000000e+02,3.424787000000e-05,3.421365634366e-08
Offset_RevB_Chip_1_wiShield_Gmx_default_OSC_default_Vsup_pm6V_20260909,1,516,2026-09-09T09:29:20.667338+00:00,3.402030000000e+02,2.871811000000e-05,2.868942057942e-08
Offset_RevB_Chip_1_wiShield_Gmx_default_OSC_default_Vsup_pm6V_20260909,1,517,2026-09-09T09:29:21.331338+00:00,3.408670000000e+02,4.525600000000e-05,4.521078921079e-08
Offset_RevB_Chip_1_wiShield_Gmx_default_OSC_default_Vsup_pm6V_20260909,1,518,2026-09-09T09:29:21.995338+00:00,3.415310000000e+02,3.788121000000e-05,3.784336663337e-08
Offset_RevB_Chip_1_wiShield_Gmx_default_OSC_default_Vsup_pm6V_20260909,1,519,2026-09-09T09:29:22.651838+00:00,3.421875000000e+02,4.471768000000e-05,4.467300699301e-08
Offset_RevB_Chip_1_wiShield_Gmx_default_OSC_default_Vsup_pm6V_20260909,1,520,2026-09-09T09:29:23.308338+00:00,3.428440000000e+02,2.392371000000e-05,2.389981018981e-08
Offset_RevB_Chip_1_wiShield_Gmx_default_OSC_default_Vsup_pm6V_20260909,1,521,2026-09-09T09:29:23.964338+00:00,3.435000000000e+02,3.321266000000e-05,3.317948051948e-08
Offset_RevB_Chip_1_wiShield_Gmx_default_OSC_default_Vsup_pm6V_20260909,1,522,2026-09-09T09:29:24.636338+00:00,3.441720000000e+02,3.492123000000e-05,3.488634365634e-08
Offset_RevB_Chip_1_wiShield_Gmx_default_OSC_default_Vsup_pm6V_20260909,1,523,2026-09-09T09:29:25.292338+00:00,3.448280000000e+02,5.548953000000e-05,5.543409590410e-08
Offset_RevB_Chip_1_wiShield_Gmx_default_OSC_default_Vsup_pm6V_20260909,1,524,2026-09-09T09:29:25.948838+00:00,3.454845000000e+02,3.650525000000e-05,3.646878121878e-08
Offset_RevB_Chip_1_wiShield_Gmx_default_OSC_default_Vsup_pm6V_20260909,1,525,2026-09-09T09:29:26.605338+00:00,3.461410000000e+02,3.415064000000e-05,3.411652347652e-08
Offset_RevB_Chip_1_wiShield_Gmx_default_OSC_default_Vsup_pm6V_20260909,1,526,2026-09-09T09:29:27.269338+00:00,3.468050000000e+02,5.905193000000e-05,5.899293706294e-08
Offset_RevB_Chip_1_wiShield_Gmx_default_OSC_default_Vsup_pm6V_20260909,1,527,2026-09-09T09:29:27.933338+00:00,3.474690000000e+02,4.557034000000e-05,4.552481518482e-08
Offset_RevB_Chip_1_wiShield_Gmx_default_OSC_default_Vsup_pm6V_20260909,1,528,2026-09-09T09:29:28.589338+00:00,3.481250000000e+02,3.695605000000e-05,3.691913086913e-08
Offset_RevB_Chip_1_wiShield_Gmx_default_OSC_default_Vsup_pm6V_20260909,1,529,2026-09-09T09:29:29.245338+00:00,3.487810000000e+02,4.615579000000e-05,4.610968031968e-08
Offset_RevB_Chip_1_wiShield_Gmx_default_OSC_default_Vsup_pm6V_20260909,1,530,2026-09-09T09:29:29.901838+00:00,3.494375000000e+02,5.138221000000e-05,5.133087912088e-08
Offset_RevB_Chip_1_wiShield_Gmx_default_OSC_default_Vsup_pm6V_20260909,1,531,2026-09-09T09:29:30.573838+00:00,3.501095000000e+02,5.334078000000e-05,5.328749250749e-08
Offset_RevB_Chip_1_wiShield_Gmx_default_OSC_default_Vsup_pm6V_20260909,1,532,2026-09-09T09:29:31.230338+00:00,3.507660000000e+02,6.017478000000e-05,6.011466533467e-08
Offset_RevB_Chip_1_wiShield_Gmx_default_OSC_default_Vsup_pm6V_20260909,1,533,2026-09-09T09:29:31.886338+00:00,3.514220000000e+02,4.354963000000e-05,4.350612387612e-08
Offset_RevB_Chip_1_wiShield_Gmx_default_OSC_default_Vsup_pm6V_20260909,1,534,2026-09-09T09:29:32.542338+00:00,3.520780000000e+02,5.187871000000e-05,5.182688311688e-08
Offset_RevB_Chip_1_wiShield_Gmx_default_OSC_default_Vsup_pm6V_20260909,1,535,2026-09-09T09:29:33.206338+00:00,3.527420000000e+02,4.664802000000e-05,4.660141858142e-08
Offset_RevB_Chip_1_wiShield_Gmx_default_OSC_default_Vsup_pm6V_20260909,1,536,2026-09-09T09:29:33.870338+00:00,3.534060000000e+02,4.358433000000e-05,4.354078921079e-08
Offset_RevB_Chip_1_wiShield_Gmx_default_OSC_default_Vsup_pm6V_20260909,1,537,2026-09-09T09:29:34.526838+00:00,3.540625000000e+02,3.581687000000e-05,3.578108891109e-08
Offset_RevB_Chip_1_wiShield_Gmx_default_OSC_default_Vsup_pm6V_20260909,1,538,2026-09-09T09:29:35.183338+00:00,3.547190000000e+02,4.398179000000e-05,4.393785214785e-08
Offset_RevB_Chip_1_wiShield_Gmx_default_OSC_default_Vsup_pm6V_20260909,1,539,2026-09-09T09:29:35.847338+00:00,3.553830000000e+02,3.754124000000e-05,3.750373626374e-08
Offset_RevB_Chip_1_wiShield_Gmx_default_OSC_default_Vsup_pm6V_20260909,1,540,2026-09-09T09:29:36.511338+00:00,3.560470000000e+02,4.617288000000e-05,4.612675324675e-08
Offset_RevB_Chip_1_wiShield_Gmx_default_OSC_default_Vsup_pm6V_20260909,1,541,2026-09-09T09:29:37.167338+00:00,3.567030000000e+02,3.672392000000e-05,3.668723276723e-08
Offset_RevB_Chip_1_wiShield_Gmx_default_OSC_default_Vsup_pm6V_20260909,1,542,2026-09-09T09:29:37.823838+00:00,3.573595000000e+02,4.238871000000e-05,4.234636363636e-08
Offset_RevB_Chip_1_wiShield_Gmx_default_OSC_default_Vsup_pm6V_20260909,1,543,2026-09-09T09:29:38.480338+00:00,3.580160000000e+02,4.737951000000e-05,4.733217782218e-08
Offset_RevB_Chip_1_wiShield_Gmx_default_OSC_default_Vsup_pm6V_20260909,1,544,2026-09-09T09:29:39.144338+00:00,3.586800000000e+02,5.052696000000e-05,5.047648351648e-08
Offset_RevB_Chip_1_wiShield_Gmx_default_OSC_default_Vsup_pm6V_20260909,1,545,2026-09-09T09:29:39.816338+00:00,3.593520000000e+02,5.390124000000e-05,5.384739260739e-08
Offset_RevB_Chip_1_wiShield_Gmx_default_OSC_default_Vsup_pm6V_20260909,1,546,2026-09-09T09:29:40.472338+00:00,3.600080000000e+02,6.427045000000e-05,6.420624375624e-08
Offset_RevB_Chip_1_wiShield_Gmx_default_OSC_default_Vsup_pm6V_20260909,1,547,2026-09-09T09:29:41.120338+00:00,3.606560000000e+02,4.906801000000e-05,4.901899100899e-08
Offset_RevB_Chip_1_wiShield_Gmx_default_OSC_default_Vsup_pm6V_20260909,1,548,2026-09-09T09:29:41.784338+00:00,3.613200000000e+02,4.623490000000e-05,4.618871128871e-08
Offset_RevB_Chip_1_wiShield_Gmx_default_OSC_default_Vsup_pm6V_20260909,1,549,2026-09-09T09:29:42.448838+00:00,3.619845000000e+02,5.097336000000e-05,5.092243756244e-08
Offset_RevB_Chip_1_wiShield_Gmx_default_OSC_default_Vsup_pm6V_20260909,1,550,2026-09-09T09:29:43.105338+00:00,3.626410000000e+02,6.071726000000e-05,6.065660339660e-08
Offset_RevB_Chip_1_wiShield_Gmx_default_OSC_default_Vsup_pm6V_20260909,1,551,2026-09-09T09:29:43.761338+00:00,3.632970000000e+02,4.366939000000e-05,4.362576423576e-08
Offset_RevB_Chip_1_wiShield_Gmx_default_OSC_default_Vsup_pm6V_20260909,1,552,2026-09-09T09:29:44.425338+00:00,3.639610000000e+02,5.720341000000e-05,5.714626373626e-08
Offset_RevB_Chip_1_wiShield_Gmx_default_OSC_default_Vsup_pm6V_20260909,1,553,2026-09-09T09:29:45.089338+00:00,3.646250000000e+02,4.267380000000e-05,4.263116883117e-08
Offset_RevB_Chip_1_wiShield_Gmx_default_OSC_default_Vsup_pm6V_20260909,1,554,2026-09-09T09:29:45.745338+00:00,3.652810000000e+02,4.651765000000e-05,4.647117882118e-08
Offset_RevB_Chip_1_wiShield_Gmx_default_OSC_default_Vsup_pm6V_20260909,1,555,2026-09-09T09:29:46.401838+00:00,3.659375000000e+02,5.842583000000e-05,5.836746253746e-08
Offset_RevB_Chip_1_wiShield_Gmx_default_OSC_default_Vsup_pm6V_20260909,1,556,2026-09-09T09:29:47.058338+00:00,3.665940000000e+02,4.388004000000e-05,4.383620379620e-08
Offset_RevB_Chip_1_wiShield_Gmx_default_OSC_default_Vsup_pm6V_20260909,1,557,2026-09-09T09:29:47.722338+00:00,3.672580000000e+02,5.718581000000e-05,5.712868131868e-08
Offset_RevB_Chip_1_wiShield_Gmx_default_OSC_default_Vsup_pm6V_20260909,1,558,2026-09-09T09:29:48.386338+00:00,3.679220000000e+02,5.110711000000e-05,5.105605394605e-08
Offset_RevB_Chip_1_wiShield_Gmx_default_OSC_default_Vsup_pm6V_20260909,1,559,2026-09-09T09:29:49.042338+00:00,3.685780000000e+02,5.727928000000e-05,5.722205794206e-08
Offset_RevB_Chip_1_wiShield_Gmx_default_OSC_default_Vsup_pm6V_20260909,1,560,2026-09-09T09:29:49.698838+00:00,3.692345000000e+02,4.439959000000e-05,4.435523476523e-08
Offset_RevB_Chip_1_wiShield_Gmx_default_OSC_default_Vsup_pm6V_20260909,1,561,2026-09-09T09:29:50.362838+00:00,3.698985000000e+02,4.138639000000e-05,4.134504495504e-08
Offset_RevB_Chip_1_wiShield_Gmx_default_OSC_default_Vsup_pm6V_20260909,1,562,2026-09-09T09:29:51.026838+00:00,3.705625000000e+02,4.138988000000e-05,4.134853146853e-08
Offset_RevB_Chip_1_wiShield_Gmx_default_OSC_default_Vsup_pm6V_20260909,1,563,2026-09-09T09:29:51.683338+00:00,3.712190000000e+02,3.915051000000e-05,3.911139860140e-08
Offset_RevB_Chip_1_wiShield_Gmx_default_OSC_default_Vsup_pm6V_20260909,1,564,2026-09-09T09:29:52.339338+00:00,3.718750000000e+02,4.397844000000e-05,4.393450549451e-08
Offset_RevB_Chip_1_wiShield_Gmx_default_OSC_default_Vsup_pm6V_20260909,1,565,2026-09-09T09:29:52.995338+00:00,3.725310000000e+02,4.723115000000e-05,4.718396603397e-08
Offset_RevB_Chip_1_wiShield_Gmx_default_OSC_default_Vsup_pm6V_20260909,1,566,2026-09-09T09:29:53.659338+00:00,3.731950000000e+02,4.410622000000e-05,4.406215784216e-08
Offset_RevB_Chip_1_wiShield_Gmx_default_OSC_default_Vsup_pm6V_20260909,1,567,2026-09-09T09:29:54.323838+00:00,3.738595000000e+02,5.137174000000e-05,5.132041958042e-08
Offset_RevB_Chip_1_wiShield_Gmx_default_OSC_default_Vsup_pm6V_20260909,1,568,2026-09-09T09:29:54.980338+00:00,3.745160000000e+02,5.240670000000e-05,5.235434565435e-08
Offset_RevB_Chip_1_wiShield_Gmx_default_OSC_default_Vsup_pm6V_20260909,1,569,2026-09-09T09:29:55.636338+00:00,3.751720000000e+02,5.467236000000e-05,5.461774225774e-08
Offset_RevB_Chip_1_wiShield_Gmx_default_OSC_default_Vsup_pm6V_20260909,1,570,2026-09-09T09:29:56.292338+00:00,3.758280000000e+02,3.234926000000e-05,3.231694305694e-08
Offset_RevB_Chip_1_wiShield_Gmx_default_OSC_default_Vsup_pm6V_20260909,1,571,2026-09-09T09:29:56.956338+00:00,3.764920000000e+02,5.469812000000e-05,5.464347652348e-08
Offset_RevB_Chip_1_wiShield_Gmx_default_OSC_default_Vsup_pm6V_20260909,1,572,2026-09-09T09:29:57.620338+00:00,3.771560000000e+02,6.227474000000e-05,6.221252747253e-08
Offset_RevB_Chip_1_wiShield_Gmx_default_OSC_default_Vsup_pm6V_20260909,1,573,2026-09-09T09:29:58.276838+00:00,3.778125000000e+02,5.904288000000e-05,5.898389610390e-08
Offset_RevB_Chip_1_wiShield_Gmx_default_OSC_default_Vsup_pm6V_20260909,1,574,2026-09-09T09:29:58.933338+00:00,3.784690000000e+02,5.282733000000e-05,5.277455544456e-08
Offset_RevB_Chip_1_wiShield_Gmx_default_OSC_default_Vsup_pm6V_20260909,1,575,2026-09-09T09:29:59.589338+00:00,3.791250000000e+02,5.576855000000e-05,5.571283716284e-08
Offset_RevB_Chip_1_wiShield_Gmx_default_OSC_default_Vsup_pm6V_20260909,1,576,2026-09-09T09:30:00.253338+00:00,3.797890000000e+02,4.836812000000e-05,4.831980019980e-08
Offset_RevB_Chip_1_wiShield_Gmx_default_OSC_default_Vsup_pm6V_20260909,1,577,2026-09-09T09:30:00.917338+00:00,3.804530000000e+02,5.176584000000e-05,5.171412587413e-08
Offset_RevB_Chip_1_wiShield_Gmx_default_OSC_default_Vsup_pm6V_20260909,1,578,2026-09-09T09:30:01.573838+00:00,3.811095000000e+02,5.436655000000e-05,5.431223776224e-08
Offset_RevB_Chip_1_wiShield_Gmx_default_OSC_default_Vsup_pm6V_20260909,1,579,2026-09-09T09:30:02.230338+00:00,3.817660000000e+02,6.077916000000e-05,6.071844155844e-08
Offset_RevB_Chip_1_wiShield_Gmx_default_OSC_default_Vsup_pm6V_20260909,1,580,2026-09-09T09:30:02.886338+00:00,3.824220000000e+02,6.109868000000e-05,6.103764235764e-08
Offset_RevB_Chip_1_wiShield_Gmx_default_OSC_default_Vsup_pm6V_20260909,1,581,2026-09-09T09:30:03.558338+00:00,3.830940000000e+02,5.943517000000e-05,5.937579420579e-08
Offset_RevB_Chip_1_wiShield_Gmx_default_OSC_default_Vsup_pm6V_20260909,1,582,2026-09-09T09:30:04.214338+00:00,3.837500000000e+02,4.455833000000e-05,4.451381618382e-08
Offset_RevB_Chip_1_wiShield_Gmx_default_OSC_default_Vsup_pm6V_20260909,1,583,2026-09-09T09:30:04.870338+00:00,3.844060000000e+02,5.773839000000e-05,5.768070929071e-08
Offset_RevB_Chip_1_wiShield_Gmx_default_OSC_default_Vsup_pm6V_20260909,1,584,2026-09-09T09:30:05.526838+00:00,3.850625000000e+02,5.452866000000e-05,5.447418581419e-08
Offset_RevB_Chip_1_wiShield_Gmx_default_OSC_default_Vsup_pm6V_20260909,1,585,2026-09-09T09:30:06.191338+00:00,3.857270000000e+02,5.274422000000e-05,5.269152847153e-08
Offset_RevB_Chip_1_wiShield_Gmx_default_OSC_default_Vsup_pm6V_20260909,1,586,2026-09-09T09:30:06.855338+00:00,3.863910000000e+02,5.047688000000e-05,5.042645354645e-08
Offset_RevB_Chip_1_wiShield_Gmx_default_OSC_default_Vsup_pm6V_20260909,1,587,2026-09-09T09:30:07.511338+00:00,3.870470000000e+02,4.865852000000e-05,4.860991008991e-08
Offset_RevB_Chip_1_wiShield_Gmx_default_OSC_default_Vsup_pm6V_20260909,1,588,2026-09-09T09:30:08.167338+00:00,3.877030000000e+02,5.407734000000e-05,5.402331668332e-08
Offset_RevB_Chip_1_wiShield_Gmx_default_OSC_default_Vsup_pm6V_20260909,1,589,2026-09-09T09:30:08.823838+00:00,3.883595000000e+02,4.875588000000e-05,4.870717282717e-08
Offset_RevB_Chip_1_wiShield_Gmx_default_OSC_default_Vsup_pm6V_20260909,1,590,2026-09-09T09:30:09.487838+00:00,3.890235000000e+02,6.122776000000e-05,6.116659340659e-08
Offset_RevB_Chip_1_wiShield_Gmx_default_OSC_default_Vsup_pm6V_20260909,1,591,2026-09-09T09:30:10.151838+00:00,3.896875000000e+02,6.269863000000e-05,6.263599400599e-08
Offset_RevB_Chip_1_wiShield_Gmx_default_OSC_default_Vsup_pm6V_20260909,1,592,2026-09-09T09:30:10.808338+00:00,3.903440000000e+02,6.500818000000e-05,6.494323676324e-08
Offset_RevB_Chip_1_wiShield_Gmx_default_OSC_default_Vsup_pm6V_20260909,1,593,2026-09-09T09:30:11.464338+00:00,3.910000000000e+02,5.597104000000e-05,5.591512487512e-08
Offset_RevB_Chip_1_wiShield_Gmx_default_OSC_default_Vsup_pm6V_20260909,1,594,2026-09-09T09:30:12.128338+00:00,3.916640000000e+02,4.622430000000e-05,4.617812187812e-08
Offset_RevB_Chip_1_wiShield_Gmx_default_OSC_default_Vsup_pm6V_20260909,1,595,2026-09-09T09:30:12.792338+00:00,3.923280000000e+02,4.332399000000e-05,4.328070929071e-08
Offset_RevB_Chip_1_wiShield_Gmx_default_OSC_default_Vsup_pm6V_20260909,1,596,2026-09-09T09:30:13.448838+00:00,3.929845000000e+02,5.985930000000e-05,5.979950049950e-08
Offset_RevB_Chip_1_wiShield_Gmx_default_OSC_default_Vsup_pm6V_20260909,1,597,2026-09-09T09:30:14.105338+00:00,3.936410000000e+02,6.465305000000e-05,6.458846153846e-08
Offset_RevB_Chip_1_wiShield_Gmx_default_OSC_default_Vsup_pm6V_20260909,1,598,2026-09-09T09:30:14.761338+00:00,3.942970000000e+02,5.528875000000e-05,5.523351648352e-08
Offset_RevB_Chip_1_wiShield_Gmx_default_OSC_default_Vsup_pm6V_20260909,1,599,2026-09-09T09:30:15.425338+00:00,3.949610000000e+02,5.801039000000e-05,5.795243756244e-08
Offset_RevB_Chip_1_wiShield_Gmx_default_OSC_default_Vsup_pm6V_20260909,1,600,2026-09-09T09:30:16.089338+00:00,3.956250000000e+02,4.899255000000e-05,4.894360639361e-08
Offset_RevB_Chip_1_wiShield_Gmx_default_OSC_default_Vsup_pm6V_20260909,1,601,2026-09-09T09:30:16.745338+00:00,3.962810000000e+02,6.808973000000e-05,6.802170829171e-08
Offset_RevB_Chip_1_wiShield_Gmx_default_OSC_default_Vsup_pm6V_20260909,1,602,2026-09-09T09:30:17.401838+00:00,3.969375000000e+02,7.169550000000e-05,7.162387612388e-08
Offset_RevB_Chip_1_wiShield_Gmx_default_OSC_default_Vsup_pm6V_20260909,1,603,2026-09-09T09:30:18.058338+00:00,3.975940000000e+02,7.187455000000e-05,7.180274725275e-08
Offset_RevB_Chip_1_wiShield_Gmx_default_OSC_default_Vsup_pm6V_20260909,1,604,2026-09-09T09:30:18.722338+00:00,3.982580000000e+02,5.926569000000e-05,5.920648351648e-08
Offset_RevB_Chip_1_wiShield_Gmx_default_OSC_default_Vsup_pm6V_20260909,1,605,2026-09-09T09:30:19.386338+00:00,3.989220000000e+02,6.977279000000e-05,6.970308691309e-08
Offset_RevB_Chip_1_wiShield_Gmx_default_OSC_default_Vsup_pm6V_20260909,1,606,2026-09-09T09:30:20.042338+00:00,3.995780000000e+02,6.094888000000e-05,6.088799200799e-08
Offset_RevB_Chip_1_wiShield_Gmx_default_OSC_default_Vsup_pm6V_20260909,1,607,2026-09-09T09:30:20.698838+00:00,4.002345000000e+02,6.897722000000e-05,6.890831168831e-08
Offset_RevB_Chip_1_wiShield_Gmx_default_OSC_default_Vsup_pm6V_20260909,1,608,2026-09-09T09:30:21.355338+00:00,4.008910000000e+02,6.239813000000e-05,6.233579420579e-08
Offset_RevB_Chip_1_wiShield_Gmx_default_OSC_default_Vsup_pm6V_20260909,1,609,2026-09-09T09:30:22.026838+00:00,4.015625000000e+02,6.215512000000e-05,6.209302697303e-08
Offset_RevB_Chip_1_wiShield_Gmx_default_OSC_default_Vsup_pm6V_20260909,1,610,2026-09-09T09:30:22.683338+00:00,4.022190000000e+02,6.325779000000e-05,6.319459540460e-08
Offset_RevB_Chip_1_wiShield_Gmx_default_OSC_default_Vsup_pm6V_20260909,1,611,2026-09-09T09:30:23.339338+00:00,4.028750000000e+02,6.671972000000e-05,6.665306693307e-08
Offset_RevB_Chip_1_wiShield_Gmx_default_OSC_default_Vsup_pm6V_20260909,1,612,2026-09-09T09:30:24.003338+00:00,4.035390000000e+02,5.427813000000e-05,5.422390609391e-08
Offset_RevB_Chip_1_wiShield_Gmx_default_OSC_default_Vsup_pm6V_20260909,1,613,2026-09-09T09:30:24.667338+00:00,4.042030000000e+02,5.437536000000e-05,5.432103896104e-08
Offset_RevB_Chip_1_wiShield_Gmx_default_OSC_default_Vsup_pm6V_20260909,1,614,2026-09-09T09:30:25.323838+00:00,4.048595000000e+02,7.354065000000e-05,7.346718281718e-08
Offset_RevB_Chip_1_wiShield_Gmx_default_OSC_default_Vsup_pm6V_20260909,1,615,2026-09-09T09:30:25.980338+00:00,4.055160000000e+02,5.734765000000e-05,5.729035964036e-08
Offset_RevB_Chip_1_wiShield_Gmx_default_OSC_default_Vsup_pm6V_20260909,1,616,2026-09-09T09:30:26.636338+00:00,4.061720000000e+02,5.258510000000e-05,5.253256743257e-08
Offset_RevB_Chip_1_wiShield_Gmx_default_OSC_default_Vsup_pm6V_20260909,1,617,2026-09-09T09:30:27.292338+00:00,4.068280000000e+02,6.505051000000e-05,6.498552447552e-08
Offset_RevB_Chip_1_wiShield_Gmx_default_OSC_default_Vsup_pm6V_20260909,1,618,2026-09-09T09:30:27.964338+00:00,4.075000000000e+02,7.330036000000e-05,7.322713286713e-08
Offset_RevB_Chip_1_wiShield_Gmx_default_OSC_default_Vsup_pm6V_20260909,1,619,2026-09-09T09:30:28.620338+00:00,4.081560000000e+02,7.087429000000e-05,7.080348651349e-08
Offset_RevB_Chip_1_wiShield_Gmx_default_OSC_default_Vsup_pm6V_20260909,1,620,2026-09-09T09:30:29.276838+00:00,4.088125000000e+02,6.620534000000e-05,6.613920079920e-08
Offset_RevB_Chip_1_wiShield_Gmx_default_OSC_default_Vsup_pm6V_20260909,1,621,2026-09-09T09:30:29.933338+00:00,4.094690000000e+02,5.664219000000e-05,5.658560439560e-08
Offset_RevB_Chip_1_wiShield_Gmx_default_OSC_default_Vsup_pm6V_20260909,1,622,2026-09-09T09:30:30.597338+00:00,4.101330000000e+02,6.916818000000e-05,6.909908091908e-08
Offset_RevB_Chip_1_wiShield_Gmx_default_OSC_default_Vsup_pm6V_20260909,1,623,2026-09-09T09:30:31.261338+00:00,4.107970000000e+02,5.284572000000e-05,5.279292707293e-08
Offset_RevB_Chip_1_wiShield_Gmx_default_OSC_default_Vsup_pm6V_20260909,1,624,2026-09-09T09:30:31.917338+00:00,4.114530000000e+02,5.257034000000e-05,5.251782217782e-08
Offset_RevB_Chip_1_wiShield_Gmx_default_OSC_default_Vsup_pm6V_20260909,1,625,2026-09-09T09:30:32.573838+00:00,4.121095000000e+02,6.413207000000e-05,6.406800199800e-08
Offset_RevB_Chip_1_wiShield_Gmx_default_OSC_default_Vsup_pm6V_20260909,1,626,2026-09-09T09:30:33.237838+00:00,4.127735000000e+02,6.102941000000e-05,6.096844155844e-08
Offset_RevB_Chip_1_wiShield_Gmx_default_OSC_default_Vsup_pm6V_20260909,1,627,2026-09-09T09:30:33.901838+00:00,4.134375000000e+02,5.905582000000e-05,5.899682317682e-08
Offset_RevB_Chip_1_wiShield_Gmx_default_OSC_default_Vsup_pm6V_20260909,1,628,2026-09-09T09:30:34.558338+00:00,4.140940000000e+02,6.256734000000e-05,6.250483516484e-08
Offset_RevB_Chip_1_wiShield_Gmx_default_OSC_default_Vsup_pm6V_20260909,1,629,2026-09-09T09:30:35.214338+00:00,4.147500000000e+02,6.364424000000e-05,6.358065934066e-08
Offset_RevB_Chip_1_wiShield_Gmx_default_OSC_default_Vsup_pm6V_20260909,1,630,2026-09-09T09:30:35.870338+00:00,4.154060000000e+02,6.407225000000e-05,6.400824175824e-08
Offset_RevB_Chip_1_wiShield_Gmx_default_OSC_default_Vsup_pm6V_20260909,1,631,2026-09-09T09:30:36.534338+00:00,4.160700000000e+02,6.836678000000e-05,6.829848151848e-08
Offset_RevB_Chip_1_wiShield_Gmx_default_OSC_default_Vsup_pm6V_20260909,1,632,2026-09-09T09:30:37.198838+00:00,4.167345000000e+02,5.096263000000e-05,5.091171828172e-08
Offset_RevB_Chip_1_wiShield_Gmx_default_OSC_default_Vsup_pm6V_20260909,1,633,2026-09-09T09:30:37.855338+00:00,4.173910000000e+02,6.095665000000e-05,6.089575424575e-08
Offset_RevB_Chip_1_wiShield_Gmx_default_OSC_default_Vsup_pm6V_20260909,1,634,2026-09-09T09:30:38.511338+00:00,4.180470000000e+02,5.218854000000e-05,5.213640359640e-08
Offset_RevB_Chip_1_wiShield_Gmx_default_OSC_default_Vsup_pm6V_20260909,1,635,2026-09-09T09:30:39.175338+00:00,4.187110000000e+02,4.200265000000e-05,4.196068931069e-08
Offset_RevB_Chip_1_wiShield_Gmx_default_OSC_default_Vsup_pm6V_20260909,1,636,2026-09-09T09:30:39.839338+00:00,4.193750000000e+02,5.916613000000e-05,5.910702297702e-08
Offset_RevB_Chip_1_wiShield_Gmx_default_OSC_default_Vsup_pm6V_20260909,1,637,2026-09-09T09:30:40.495338+00:00,4.200310000000e+02,5.569320000000e-05,5.563756243756e-08
Offset_RevB_Chip_1_wiShield_Gmx_default_OSC_default_Vsup_pm6V_20260909,1,638,2026-09-09T09:30:41.151838+00:00,4.206875000000e+02,4.335713000000e-05,4.331381618382e-08
Offset_RevB_Chip_1_wiShield_Gmx_default_OSC_default_Vsup_pm6V_20260909,1,639,2026-09-09T09:30:41.816338+00:00,4.213520000000e+02,5.496715000000e-05,5.491223776224e-08
Offset_RevB_Chip_1_wiShield_Gmx_default_OSC_default_Vsup_pm6V_20260909,1,640,2026-09-09T09:30:42.480338+00:00,4.220160000000e+02,4.401016000000e-05,4.396619380619e-08
Offset_RevB_Chip_1_wiShield_Gmx_default_OSC_default_Vsup_pm6V_20260909,1,641,2026-09-09T09:30:43.136338+00:00,4.226720000000e+02,5.296444000000e-05,5.291152847153e-08
Offset_RevB_Chip_1_wiShield_Gmx_default_OSC_default_Vsup_pm6V_20260909,1,642,2026-09-09T09:30:43.792338+00:00,4.233280000000e+02,5.165022000000e-05,5.159862137862e-08
Offset_RevB_Chip_1_wiShield_Gmx_default_OSC_default_Vsup_pm6V_20260909,1,643,2026-09-09T09:30:44.448838+00:00,4.239845000000e+02,5.457616000000e-05,5.452163836164e-08
Offset_RevB_Chip_1_wiShield_Gmx_default_OSC_default_Vsup_pm6V_20260909,1,644,2026-09-09T09:30:45.120338+00:00,4.246560000000e+02,5.651673000000e-05,5.646026973027e-08
Offset_RevB_Chip_1_wiShield_Gmx_default_OSC_default_Vsup_pm6V_20260909,1,645,2026-09-09T09:30:45.776838+00:00,4.253125000000e+02,4.384625000000e-05,4.380244755245e-08
Offset_RevB_Chip_1_wiShield_Gmx_default_OSC_default_Vsup_pm6V_20260909,1,646,2026-09-09T09:30:46.433338+00:00,4.259690000000e+02,4.472701000000e-05,4.468232767233e-08
Offset_RevB_Chip_1_wiShield_Gmx_default_OSC_default_Vsup_pm6V_20260909,1,647,2026-09-09T09:30:47.089338+00:00,4.266250000000e+02,5.099098000000e-05,5.094003996004e-08
Offset_RevB_Chip_1_wiShield_Gmx_default_OSC_default_Vsup_pm6V_20260909,1,648,2026-09-09T09:30:47.753338+00:00,4.272890000000e+02,3.686841000000e-05,3.683157842158e-08
Offset_RevB_Chip_1_wiShield_Gmx_default_OSC_default_Vsup_pm6V_20260909,1,649,2026-09-09T09:30:48.417338+00:00,4.279530000000e+02,4.164727000000e-05,4.160566433566e-08
Offset_RevB_Chip_1_wiShield_Gmx_default_OSC_default_Vsup_pm6V_20260909,1,650,2026-09-09T09:30:49.073838+00:00,4.286095000000e+02,4.542095000000e-05,4.537557442557e-08
Offset_RevB_Chip_1_wiShield_Gmx_default_OSC_default_Vsup_pm6V_20260909,1,651,2026-09-09T09:30:49.730338+00:00,4.292660000000e+02,3.589935000000e-05,3.586348651349e-08
Offset_RevB_Chip_1_wiShield_Gmx_default_OSC_default_Vsup_pm6V_20260909,1,652,2026-09-09T09:30:50.394338+00:00,4.299300000000e+02,4.820047000000e-05,4.815231768232e-08
Offset_RevB_Chip_1_wiShield_Gmx_default_OSC_default_Vsup_pm6V_20260909,1,653,2026-09-09T09:30:51.058338+00:00,4.305940000000e+02,3.947405000000e-05,3.943461538462e-08
Offset_RevB_Chip_1_wiShield_Gmx_default_OSC_default_Vsup_pm6V_20260909,1,654,2026-09-09T09:30:51.714338+00:00,4.312500000000e+02,3.086570000000e-05,3.083486513487e-08
Offset_RevB_Chip_1_wiShield_Gmx_default_OSC_default_Vsup_pm6V_20260909,1,655,2026-09-09T09:30:52.370338+00:00,4.319060000000e+02,4.224282000000e-05,4.220061938062e-08
Offset_RevB_Chip_1_wiShield_Gmx_default_OSC_default_Vsup_pm6V_20260909,1,656,2026-09-09T09:30:53.034338+00:00,4.325700000000e+02,4.853112000000e-05,4.848263736264e-08
Offset_RevB_Chip_1_wiShield_Gmx_default_OSC_default_Vsup_pm6V_20260909,1,657,2026-09-09T09:30:53.698838+00:00,4.332345000000e+02,3.148481000000e-05,3.145335664336e-08
Offset_RevB_Chip_1_wiShield_Gmx_default_OSC_default_Vsup_pm6V_20260909,1,658,2026-09-09T09:30:54.355338+00:00,4.338910000000e+02,3.781105000000e-05,3.777327672328e-08
Offset_RevB_Chip_1_wiShield_Gmx_default_OSC_default_Vsup_pm6V_20260909,1,659,2026-09-09T09:30:55.011338+00:00,4.345470000000e+02,4.907411000000e-05,4.902508491508e-08
Offset_RevB_Chip_1_wiShield_Gmx_default_OSC_default_Vsup_pm6V_20260909,1,660,2026-09-09T09:30:55.675338+00:00,4.352110000000e+02,4.441034000000e-05,4.436597402597e-08
Offset_RevB_Chip_1_wiShield_Gmx_default_OSC_default_Vsup_pm6V_20260909,1,661,2026-09-09T09:30:56.339338+00:00,4.358750000000e+02,3.683488000000e-05,3.679808191808e-08
Offset_RevB_Chip_1_wiShield_Gmx_default_OSC_default_Vsup_pm6V_20260909,1,662,2026-09-09T09:30:56.995338+00:00,4.365310000000e+02,4.721924000000e-05,4.717206793207e-08
Offset_RevB_Chip_1_wiShield_Gmx_default_OSC_default_Vsup_pm6V_20260909,1,663,2026-09-09T09:30:57.651838+00:00,4.371875000000e+02,4.537305000000e-05,4.532772227772e-08
Offset_RevB_Chip_1_wiShield_Gmx_default_OSC_default_Vsup_pm6V_20260909,1,664,2026-09-09T09:30:58.316338+00:00,4.378520000000e+02,3.198818000000e-05,3.195622377622e-08
Offset_RevB_Chip_1_wiShield_Gmx_default_OSC_default_Vsup_pm6V_20260909,1,665,2026-09-09T09:30:58.980338+00:00,4.385160000000e+02,5.121017000000e-05,5.115901098901e-08
Offset_RevB_Chip_1_wiShield_Gmx_default_OSC_default_Vsup_pm6V_20260909,1,666,2026-09-09T09:30:59.636338+00:00,4.391720000000e+02,4.039261000000e-05,4.035225774226e-08
Offset_RevB_Chip_1_wiShield_Gmx_default_OSC_default_Vsup_pm6V_20260909,1,667,2026-09-09T09:31:00.292338+00:00,4.398280000000e+02,5.592559000000e-05,5.586972027972e-08
Offset_RevB_Chip_1_wiShield_Gmx_default_OSC_default_Vsup_pm6V_20260909,1,668,2026-09-09T09:31:00.964338+00:00,4.405000000000e+02,4.108461000000e-05,4.104356643357e-08
Offset_RevB_Chip_1_wiShield_Gmx_default_OSC_default_Vsup_pm6V_20260909,1,669,2026-09-09T09:31:01.620338+00:00,4.411560000000e+02,4.913845000000e-05,4.908936063936e-08
Offset_RevB_Chip_1_wiShield_Gmx_default_OSC_default_Vsup_pm6V_20260909,1,670,2026-09-09T09:31:02.276838+00:00,4.418125000000e+02,4.690593000000e-05,4.685907092907e-08
Offset_RevB_Chip_1_wiShield_Gmx_default_OSC_default_Vsup_pm6V_20260909,1,671,2026-09-09T09:31:02.941338+00:00,4.424770000000e+02,4.099787000000e-05,4.095691308691e-08
Offset_RevB_Chip_1_wiShield_Gmx_default_OSC_default_Vsup_pm6V_20260909,1,672,2026-09-09T09:31:03.605338+00:00,4.431410000000e+02,4.168870000000e-05,4.164705294705e-08
Offset_RevB_Chip_1_wiShield_Gmx_default_OSC_default_Vsup_pm6V_20260909,1,673,2026-09-09T09:31:04.261338+00:00,4.437970000000e+02,4.694477000000e-05,4.689787212787e-08
Offset_RevB_Chip_1_wiShield_Gmx_default_OSC_default_Vsup_pm6V_20260909,1,674,2026-09-09T09:31:04.917338+00:00,4.444530000000e+02,3.425190000000e-05,3.421768231768e-08
Offset_RevB_Chip_1_wiShield_Gmx_default_OSC_default_Vsup_pm6V_20260909,1,675,2026-09-09T09:31:05.581338+00:00,4.451170000000e+02,3.823273000000e-05,3.819453546454e-08
Offset_RevB_Chip_1_wiShield_Gmx_default_OSC_default_Vsup_pm6V_20260909,1,676,2026-09-09T09:31:06.245338+00:00,4.457810000000e+02,3.959950000000e-05,3.955994005994e-08
Offset_RevB_Chip_1_wiShield_Gmx_default_OSC_default_Vsup_pm6V_20260909,1,677,2026-09-09T09:31:06.901838+00:00,4.464375000000e+02,2.576693000000e-05,2.574118881119e-08
Offset_RevB_Chip_1_wiShield_Gmx_default_OSC_default_Vsup_pm6V_20260909,1,678,2026-09-09T09:31:07.558338+00:00,4.470940000000e+02,4.466461000000e-05,4.461999000999e-08
Offset_RevB_Chip_1_wiShield_Gmx_default_OSC_default_Vsup_pm6V_20260909,1,679,2026-09-09T09:31:08.230338+00:00,4.477660000000e+02,3.587022000000e-05,3.583438561439e-08
Offset_RevB_Chip_1_wiShield_Gmx_default_OSC_default_Vsup_pm6V_20260909,1,680,2026-09-09T09:31:08.886338+00:00,4.484220000000e+02,3.794971000000e-05,3.791179820180e-08
Offset_RevB_Chip_1_wiShield_Gmx_default_OSC_default_Vsup_pm6V_20260909,1,681,2026-09-09T09:31:09.542338+00:00,4.490780000000e+02,3.173442000000e-05,3.170271728272e-08
Offset_RevB_Chip_1_wiShield_Gmx_default_OSC_default_Vsup_pm6V_20260909,1,682,2026-09-09T09:31:10.198838+00:00,4.497345000000e+02,1.911431000000e-05,1.909521478521e-08
Offset_RevB_Chip_1_wiShield_Gmx_default_OSC_default_Vsup_pm6V_20260909,1,683,2026-09-09T09:31:10.862838+00:00,4.503985000000e+02,3.937267000000e-05,3.933333666334e-08
Offset_RevB_Chip_1_wiShield_Gmx_default_OSC_default_Vsup_pm6V_20260909,1,684,2026-09-09T09:31:11.526838+00:00,4.510625000000e+02,4.609379000000e-05,4.604774225774e-08
Offset_RevB_Chip_1_wiShield_Gmx_default_OSC_default_Vsup_pm6V_20260909,1,685,2026-09-09T09:31:12.183338+00:00,4.517190000000e+02,4.010636000000e-05,4.006629370629e-08
Offset_RevB_Chip_1_wiShield_Gmx_default_OSC_default_Vsup_pm6V_20260909,1,686,2026-09-09T09:31:12.839338+00:00,4.523750000000e+02,3.382556000000e-05,3.379176823177e-08
Offset_RevB_Chip_1_wiShield_Gmx_default_OSC_default_Vsup_pm6V_20260909,1,687,2026-09-09T09:31:13.503338+00:00,4.530390000000e+02,3.850590000000e-05,3.846743256743e-08
Offset_RevB_Chip_1_wiShield_Gmx_default_OSC_default_Vsup_pm6V_20260909,1,688,2026-09-09T09:31:14.167338+00:00,4.537030000000e+02,3.497988000000e-05,3.494493506494e-08
Offset_RevB_Chip_1_wiShield_Gmx_default_OSC_default_Vsup_pm6V_20260909,1,689,2026-09-09T09:31:14.823838+00:00,4.543595000000e+02,2.331264000000e-05,2.328935064935e-08
Offset_RevB_Chip_1_wiShield_Gmx_default_OSC_default_Vsup_pm6V_20260909,1,690,2026-09-09T09:31:15.480338+00:00,4.550160000000e+02,2.611843000000e-05,2.609233766234e-08
Offset_RevB_Chip_1_wiShield_Gmx_default_OSC_default_Vsup_pm6V_20260909,1,691,2026-09-09T09:31:16.144338+00:00,4.556800000000e+02,4.333383000000e-05,4.329053946054e-08
Offset_RevB_Chip_1_wiShield_Gmx_default_OSC_default_Vsup_pm6V_20260909,1,692,2026-09-09T09:31:16.808338+00:00,4.563440000000e+02,3.867110000000e-05,3.863246753247e-08
Offset_RevB_Chip_1_wiShield_Gmx_default_OSC_default_Vsup_pm6V_20260909,1,693,2026-09-09T09:31:17.464338+00:00,4.570000000000e+02,3.554992000000e-05,3.551440559441e-08
Offset_RevB_Chip_1_wiShield_Gmx_default_OSC_default_Vsup_pm6V_20260909,1,694,2026-09-09T09:31:18.120338+00:00,4.576560000000e+02,3.536453000000e-05,3.532920079920e-08
Offset_RevB_Chip_1_wiShield_Gmx_default_OSC_default_Vsup_pm6V_20260909,1,695,2026-09-09T09:31:18.784338+00:00,4.583200000000e+02,4.366241000000e-05,4.361879120879e-08
Offset_RevB_Chip_1_wiShield_Gmx_default_OSC_default_Vsup_pm6V_20260909,1,696,2026-09-09T09:31:19.448838+00:00,4.589845000000e+02,1.876060000000e-05,1.874185814186e-08
Offset_RevB_Chip_1_wiShield_Gmx_default_OSC_default_Vsup_pm6V_20260909,1,697,2026-09-09T09:31:20.105338+00:00,4.596410000000e+02,3.619764000000e-05,3.616147852148e-08
Offset_RevB_Chip_1_wiShield_Gmx_default_OSC_default_Vsup_pm6V_20260909,1,698,2026-09-09T09:31:20.761338+00:00,4.602970000000e+02,4.452880000000e-05,4.448431568432e-08
Offset_RevB_Chip_1_wiShield_Gmx_default_OSC_default_Vsup_pm6V_20260909,1,699,2026-09-09T09:31:21.417338+00:00,4.609530000000e+02,3.937332000000e-05,3.933398601399e-08
Offset_RevB_Chip_1_wiShield_Gmx_default_OSC_default_Vsup_pm6V_20260909,1,700,2026-09-09T09:31:22.081338+00:00,4.616170000000e+02,1.703728000000e-05,1.702025974026e-08
Offset_RevB_Chip_1_wiShield_Gmx_default_OSC_default_Vsup_pm6V_20260909,1,701,2026-09-09T09:31:22.745338+00:00,4.622810000000e+02,3.759096000000e-05,3.755340659341e-08
Offset_RevB_Chip_1_wiShield_Gmx_default_OSC_default_Vsup_pm6V_20260909,1,702,2026-09-09T09:31:23.401838+00:00,4.629375000000e+02,3.472354000000e-05,3.468885114885e-08
Offset_RevB_Chip_1_wiShield_Gmx_default_OSC_default_Vsup_pm6V_20260909,1,703,2026-09-09T09:31:24.058338+00:00,4.635940000000e+02,4.463367000000e-05,4.458908091908e-08
Offset_RevB_Chip_1_wiShield_Gmx_default_OSC_default_Vsup_pm6V_20260909,1,704,2026-09-09T09:31:24.722338+00:00,4.642580000000e+02,5.171133000000e-05,5.165967032967e-08
Offset_RevB_Chip_1_wiShield_Gmx_default_OSC_default_Vsup_pm6V_20260909,1,705,2026-09-09T09:31:25.386338+00:00,4.649220000000e+02,4.354214000000e-05,4.349864135864e-08
Offset_RevB_Chip_1_wiShield_Gmx_default_OSC_default_Vsup_pm6V_20260909,1,706,2026-09-09T09:31:26.042338+00:00,4.655780000000e+02,3.365648000000e-05,3.362285714286e-08
Offset_RevB_Chip_1_wiShield_Gmx_default_OSC_default_Vsup_pm6V_20260909,1,707,2026-09-09T09:31:26.698838+00:00,4.662345000000e+02,3.268755000000e-05,3.265489510490e-08
Offset_RevB_Chip_1_wiShield_Gmx_default_OSC_default_Vsup_pm6V_20260909,1,708,2026-09-09T09:31:27.355338+00:00,4.668910000000e+02,4.527880000000e-05,4.523356643357e-08
Offset_RevB_Chip_1_wiShield_Gmx_default_OSC_default_Vsup_pm6V_20260909,1,709,2026-09-09T09:31:28.019338+00:00,4.675550000000e+02,3.958435000000e-05,3.954480519481e-08
Offset_RevB_Chip_1_wiShield_Gmx_default_OSC_default_Vsup_pm6V_20260909,1,710,2026-09-09T09:31:28.683338+00:00,4.682190000000e+02,2.623003000000e-05,2.620382617383e-08
Offset_RevB_Chip_1_wiShield_Gmx_default_OSC_default_Vsup_pm6V_20260909,1,711,2026-09-09T09:31:29.339338+00:00,4.688750000000e+02,2.974634000000e-05,2.971662337662e-08
Offset_RevB_Chip_1_wiShield_Gmx_default_OSC_default_Vsup_pm6V_20260909,1,712,2026-09-09T09:31:29.995338+00:00,4.695310000000e+02,3.913420000000e-05,3.909510489510e-08
Offset_RevB_Chip_1_wiShield_Gmx_default_OSC_default_Vsup_pm6V_20260909,1,713,2026-09-09T09:31:30.659338+00:00,4.701950000000e+02,3.108554000000e-05,3.105448551449e-08
Offset_RevB_Chip_1_wiShield_Gmx_default_OSC_default_Vsup_pm6V_20260909,1,714,2026-09-09T09:31:31.323838+00:00,4.708595000000e+02,3.820321000000e-05,3.816504495504e-08
Offset_RevB_Chip_1_wiShield_Gmx_default_OSC_default_Vsup_pm6V_20260909,1,715,2026-09-09T09:31:31.980338+00:00,4.715160000000e+02,3.874256000000e-05,3.870385614386e-08
Offset_RevB_Chip_1_wiShield_Gmx_default_OSC_default_Vsup_pm6V_20260909,1,716,2026-09-09T09:31:32.636338+00:00,4.721720000000e+02,4.616875000000e-05,4.612262737263e-08
Offset_RevB_Chip_1_wiShield_Gmx_default_OSC_default_Vsup_pm6V_20260909,1,717,2026-09-09T09:31:33.292338+00:00,4.728280000000e+02,2.624350000000e-05,2.621728271728e-08
Offset_RevB_Chip_1_wiShield_Gmx_default_OSC_default_Vsup_pm6V_20260909,1,718,2026-09-09T09:31:33.956338+00:00,4.734920000000e+02,2.662361000000e-05,2.659701298701e-08
Offset_RevB_Chip_1_wiShield_Gmx_default_OSC_default_Vsup_pm6V_20260909,1,719,2026-09-09T09:31:34.620338+00:00,4.741560000000e+02,1.588982000000e-05,1.587394605395e-08
Offset_RevB_Chip_1_wiShield_Gmx_default_OSC_default_Vsup_pm6V_20260909,1,720,2026-09-09T09:31:35.276838+00:00,4.748125000000e+02,3.927596000000e-05,3.923672327672e-08
Offset_RevB_Chip_1_wiShield_Gmx_default_OSC_default_Vsup_pm6V_20260909,1,721,2026-09-09T09:31:35.933338+00:00,4.754690000000e+02,3.898389000000e-05,3.894494505495e-08
Offset_RevB_Chip_1_wiShield_Gmx_default_OSC_default_Vsup_pm6V_20260909,1,722,2026-09-09T09:31:36.589338+00:00,4.761250000000e+02,3.281780000000e-05,3.278501498501e-08
Offset_RevB_Chip_1_wiShield_Gmx_default_OSC_default_Vsup_pm6V_20260909,1,723,2026-09-09T09:31:37.253338+00:00,4.767890000000e+02,2.245505000000e-05,2.243261738262e-08
Offset_RevB_Chip_1_wiShield_Gmx_default_OSC_default_Vsup_pm6V_20260909,1,724,2026-09-09T09:31:37.917338+00:00,4.774530000000e+02,3.374024000000e-05,3.370653346653e-08
Offset_RevB_Chip_1_wiShield_Gmx_default_OSC_default_Vsup_pm6V_20260909,1,725,2026-09-09T09:31:38.573838+00:00,4.781095000000e+02,2.701097000000e-05,2.698398601399e-08
Offset_RevB_Chip_1_wiShield_Gmx_default_OSC_default_Vsup_pm6V_20260909,1,726,2026-09-09T09:31:39.230338+00:00,4.787660000000e+02,1.877925000000e-05,1.876048951049e-08
Offset_RevB_Chip_1_wiShield_Gmx_default_OSC_default_Vsup_pm6V_20260909,1,727,2026-09-09T09:31:39.886338+00:00,4.794220000000e+02,2.736662000000e-05,2.733928071928e-08
Offset_RevB_Chip_1_wiShield_Gmx_default_OSC_default_Vsup_pm6V_20260909,1,728,2026-09-09T09:31:40.558338+00:00,4.800940000000e+02,2.071011000000e-05,2.068942057942e-08
Offset_RevB_Chip_1_wiShield_Gmx_default_OSC_default_Vsup_pm6V_20260909,1,729,2026-09-09T09:31:41.214338+00:00,4.807500000000e+02,2.521100000000e-05,2.518581418581e-08
Offset_RevB_Chip_1_wiShield_Gmx_default_OSC_default_Vsup_pm6V_20260909,1,730,2026-09-09T09:31:41.870338+00:00,4.814060000000e+02,2.856198000000e-05,2.853344655345e-08
Offset_RevB_Chip_1_wiShield_Gmx_default_OSC_default_Vsup_pm6V_20260909,1,731,2026-09-09T09:31:42.526838+00:00,4.820625000000e+02,2.758140000000e-05,2.755384615385e-08
Offset_RevB_Chip_1_wiShield_Gmx_default_OSC_default_Vsup_pm6V_20260909,1,732,2026-09-09T09:31:43.191338+00:00,4.827270000000e+02,2.664769000000e-05,2.662106893107e-08
Offset_RevB_Chip_1_wiShield_Gmx_default_OSC_default_Vsup_pm6V_20260909,1,733,2026-09-09T09:31:43.855338+00:00,4.833910000000e+02,1.799947000000e-05,1.798148851149e-08
Offset_RevB_Chip_1_wiShield_Gmx_default_OSC_default_Vsup_pm6V_20260909,1,734,2026-09-09T09:31:44.511338+00:00,4.840470000000e+02,3.083761000000e-05,3.080680319680e-08
Offset_RevB_Chip_1_wiShield_Gmx_default_OSC_default_Vsup_pm6V_20260909,1,735,2026-09-09T09:31:45.167338+00:00,4.847030000000e+02,3.857672000000e-05,3.853818181818e-08
Offset_RevB_Chip_1_wiShield_Gmx_default_OSC_default_Vsup_pm6V_20260909,1,736,2026-09-09T09:31:45.823838+00:00,4.853595000000e+02,4.264584000000e-05,4.260323676324e-08
Offset_RevB_Chip_1_wiShield_Gmx_default_OSC_default_Vsup_pm6V_20260909,1,737,2026-09-09T09:31:46.487838+00:00,4.860235000000e+02,3.200501000000e-05,3.197303696304e-08
Offset_RevB_Chip_1_wiShield_Gmx_default_OSC_default_Vsup_pm6V_20260909,1,738,2026-09-09T09:31:47.151838+00:00,4.866875000000e+02,3.218665000000e-05,3.215449550450e-08
Offset_RevB_Chip_1_wiShield_Gmx_default_OSC_default_Vsup_pm6V_20260909,1,739,2026-09-09T09:31:47.808338+00:00,4.873440000000e+02,3.360754000000e-05,3.357396603397e-08
Offset_RevB_Chip_1_wiShield_Gmx_default_OSC_default_Vsup_pm6V_20260909,1,740,2026-09-09T09:31:48.464338+00:00,4.880000000000e+02,2.130047000000e-05,2.127919080919e-08
Offset_RevB_Chip_1_wiShield_Gmx_default_OSC_default_Vsup_pm6V_20260909,1,741,2026-09-09T09:31:49.120338+00:00,4.886560000000e+02,4.627724000000e-05,4.623100899101e-08
Offset_RevB_Chip_1_wiShield_Gmx_default_OSC_default_Vsup_pm6V_20260909,1,742,2026-09-09T09:31:49.784338+00:00,4.893200000000e+02,4.537991000000e-05,4.533457542458e-08
Offset_RevB_Chip_1_wiShield_Gmx_default_OSC_default_Vsup_pm6V_20260909,1,743,2026-09-09T09:31:50.448838+00:00,4.899845000000e+02,3.448726000000e-05,3.445280719281e-08
Offset_RevB_Chip_1_wiShield_Gmx_default_OSC_default_Vsup_pm6V_20260909,1,744,2026-09-09T09:31:51.105338+00:00,4.906410000000e+02,2.762335000000e-05,2.759575424575e-08
Offset_RevB_Chip_1_wiShield_Gmx_default_OSC_default_Vsup_pm6V_20260909,1,745,2026-09-09T09:31:51.761338+00:00,4.912970000000e+02,1.802679000000e-05,1.800878121878e-08
Offset_RevB_Chip_1_wiShield_Gmx_default_OSC_default_Vsup_pm6V_20260909,1,746,2026-09-09T09:31:52.417338+00:00,4.919530000000e+02,1.331163000000e-05,1.329833166833e-08
Offset_RevB_Chip_1_wiShield_Gmx_default_OSC_default_Vsup_pm6V_20260909,1,747,2026-09-09T09:31:53.089338+00:00,4.926250000000e+02,1.592283000000e-05,1.590692307692e-08
Offset_RevB_Chip_1_wiShield_Gmx_default_OSC_default_Vsup_pm6V_20260909,1,748,2026-09-09T09:31:53.745338+00:00,4.932810000000e+02,2.616659000000e-05,2.614044955045e-08
Offset_RevB_Chip_1_wiShield_Gmx_default_OSC_default_Vsup_pm6V_20260909,1,749,2026-09-09T09:31:54.401838+00:00,4.939375000000e+02,2.496346000000e-05,2.493852147852e-08
Offset_RevB_Chip_1_wiShield_Gmx_default_OSC_default_Vsup_pm6V_20260909,1,750,2026-09-09T09:31:55.058338+00:00,4.945940000000e+02,3.871097000000e-05,3.867229770230e-08
Offset_RevB_Chip_1_wiShield_Gmx_default_OSC_default_Vsup_pm6V_20260909,1,751,2026-09-09T09:31:55.722338+00:00,4.952580000000e+02,2.173962000000e-05,2.171790209790e-08
Offset_RevB_Chip_1_wiShield_Gmx_default_OSC_default_Vsup_pm6V_20260909,1,752,2026-09-09T09:31:56.386338+00:00,4.959220000000e+02,1.274702000000e-05,1.273428571429e-08
Offset_RevB_Chip_1_wiShield_Gmx_default_OSC_default_Vsup_pm6V_20260909,1,753,2026-09-09T09:31:57.042338+00:00,4.965780000000e+02,1.622669000000e-05,1.621047952048e-08
Offset_RevB_Chip_1_wiShield_Gmx_default_OSC_default_Vsup_pm6V_20260909,1,754,2026-09-09T09:31:57.698838+00:00,4.972345000000e+02,2.902974000000e-05,2.900073926074e-08
Offset_RevB_Chip_1_wiShield_Gmx_default_OSC_default_Vsup_pm6V_20260909,1,755,2026-09-09T09:31:58.362838+00:00,4.978985000000e+02,1.131694000000e-05,1.130563436563e-08
Offset_RevB_Chip_1_wiShield_Gmx_default_OSC_default_Vsup_pm6V_20260909,1,756,2026-09-09T09:31:59.026838+00:00,4.985625000000e+02,1.727006000000e-05,1.725280719281e-08
Offset_RevB_Chip_1_wiShield_Gmx_default_OSC_default_Vsup_pm6V_20260909,1,757,2026-09-09T09:31:59.683338+00:00,4.992190000000e+02,7.205736000000e-06,7.198537462537e-09
Offset_RevB_Chip_1_wiShield_Gmx_default_OSC_default_Vsup_pm6V_20260909,1,758,2026-09-09T09:32:00.339338+00:00,4.998750000000e+02,9.002081000000e-06,8.993087912088e-09
Offset_RevB_Chip_1_wiShield_Gmx_default_OSC_default_Vsup_pm6V_20260909,1,759,2026-09-09T09:32:00.995338+00:00,5.005310000000e+02,1.169718000000e-05,1.168549450549e-08
Offset_RevB_Chip_1_wiShield_Gmx_default_OSC_default_Vsup_pm6V_20260909,1,760,2026-09-09T09:32:01.659338+00:00,5.011950000000e+02,9.773701000000e-06,9.763937062937e-09
Offset_RevB_Chip_1_wiShield_Gmx_default_OSC_default_Vsup_pm6V_20260909,1,761,2026-09-09T09:32:02.323838+00:00,5.018595000000e+02,2.703454000000e-05,2.700753246753e-08
Offset_RevB_Chip_1_wiShield_Gmx_default_OSC_default_Vsup_pm6V_20260909,1,762,2026-09-09T09:32:02.980338+00:00,5.025160000000e+02,5.047792000000e-06,5.042749250749e-09
Offset_RevB_Chip_1_wiShield_Gmx_default_OSC_default_Vsup_pm6V_20260909,1,763,2026-09-09T09:32:03.636338+00:00,5.031720000000e+02,1.302266000000e-05,1.300965034965e-08
Offset_RevB_Chip_1_wiShield_Gmx_default_OSC_default_Vsup_pm6V_20260909,1,764,2026-09-09T09:32:04.300338+00:00,5.038360000000e+02,3.186932000000e-05,3.183748251748e-08
Offset_RevB_Chip_1_wiShield_Gmx_default_OSC_default_Vsup_pm6V_20260909,1,765,2026-09-09T09:32:04.964338+00:00,5.045000000000e+02,3.529526000000e-05,3.526000000000e-08
Offset_RevB_Chip_1_wiShield_Gmx_default_OSC_default_Vsup_pm6V_20260909,1,766,2026-09-09T09:32:05.620338+00:00,5.051560000000e+02,2.765312000000e-05,2.762549450549e-08
Offset_RevB_Chip_1_wiShield_Gmx_default_OSC_default_Vsup_pm6V_20260909,1,767,2026-09-09T09:32:06.276838+00:00,5.058125000000e+02,8.902133000000e-06,8.893239760240e-09
Offset_RevB_Chip_1_wiShield_Gmx_default_OSC_default_Vsup_pm6V_20260909,1,768,2026-09-09T09:32:06.941338+00:00,5.064770000000e+02,1.816337000000e-05,1.814522477522e-08
Offset_RevB_Chip_1_wiShield_Gmx_default_OSC_default_Vsup_pm6V_20260909,1,769,2026-09-09T09:32:07.605338+00:00,5.071410000000e+02,1.313672000000e-05,1.312359640360e-08
Offset_RevB_Chip_1_wiShield_Gmx_default_OSC_default_Vsup_pm6V_20260909,1,770,2026-09-09T09:32:08.261338+00:00,5.077970000000e+02,3.416618000000e-05,3.413204795205e-08
Offset_RevB_Chip_1_wiShield_Gmx_default_OSC_default_Vsup_pm6V_20260909,1,771,2026-09-09T09:32:08.917338+00:00,5.084530000000e+02,2.268524000000e-05,2.266257742258e-08
Offset_RevB_Chip_1_wiShield_Gmx_default_OSC_default_Vsup_pm6V_20260909,1,772,2026-09-09T09:32:09.581338+00:00,5.091170000000e+02,1.912556000000e-05,1.910645354645e-08
Offset_RevB_Chip_1_wiShield_Gmx_default_OSC_default_Vsup_pm6V_20260909,1,773,2026-09-09T09:32:10.245338+00:00,5.097810000000e+02,2.169780000000e-05,2.167612387612e-08
Offset_RevB_Chip_1_wiShield_Gmx_default_OSC_default_Vsup_pm6V_20260909,1,774,2026-09-09T09:32:10.901838+00:00,5.104375000000e+02,1.808051000000e-05,1.806244755245e-08
Offset_RevB_Chip_1_wiShield_Gmx_default_OSC_default_Vsup_pm6V_20260909,1,775,2026-09-09T09:32:11.558338+00:00,5.110940000000e+02,2.390999000000e-05,2.388610389610e-08
Offset_RevB_Chip_1_wiShield_Gmx_default_OSC_default_Vsup_pm6V_20260909,1,776,2026-09-09T09:32:12.222338+00:00,5.117580000000e+02,1.641506000000e-05,1.639866133866e-08
Offset_RevB_Chip_1_wiShield_Gmx_default_OSC_default_Vsup_pm6V_20260909,1,777,2026-09-09T09:32:12.886338+00:00,5.124220000000e+02,2.741969000000e-05,2.739229770230e-08
Offset_RevB_Chip_1_wiShield_Gmx_default_OSC_default_Vsup_pm6V_20260909,1,778,2026-09-09T09:32:13.542338+00:00,5.130780000000e+02,1.690612000000e-05,1.688923076923e-08
Offset_RevB_Chip_1_wiShield_Gmx_default_OSC_default_Vsup_pm6V_20260909,1,779,2026-09-09T09:32:14.198838+00:00,5.137345000000e+02,1.673095000000e-05,1.671423576424e-08
Offset_RevB_Chip_1_wiShield_Gmx_default_OSC_default_Vsup_pm6V_20260909,1,780,2026-09-09T09:32:14.870338+00:00,5.144060000000e+02,3.256882000000e-05,3.253628371628e-08
Offset_RevB_Chip_1_wiShield_Gmx_default_OSC_default_Vsup_pm6V_20260909,1,781,2026-09-09T09:32:15.526838+00:00,5.150625000000e+02,1.578715000000e-05,1.577137862138e-08
Offset_RevB_Chip_1_wiShield_Gmx_default_OSC_default_Vsup_pm6V_20260909,1,782,2026-09-09T09:32:16.183338+00:00,5.157190000000e+02,1.994314000000e-05,1.992321678322e-08
Offset_RevB_Chip_1_wiShield_Gmx_default_OSC_default_Vsup_pm6V_20260909,1,783,2026-09-09T09:32:16.847338+00:00,5.163830000000e+02,1.869806000000e-05,1.867938061938e-08
Offset_RevB_Chip_1_wiShield_Gmx_default_OSC_default_Vsup_pm6V_20260909,1,784,2026-09-09T09:32:17.511338+00:00,5.170470000000e+02,1.400375000000e-05,1.398976023976e-08
Offset_RevB_Chip_1_wiShield_Gmx_default_OSC_default_Vsup_pm6V_20260909,1,785,2026-09-09T09:32:18.167338+00:00,5.177030000000e+02,1.305696000000e-05,1.304391608392e-08
Offset_RevB_Chip_1_wiShield_Gmx_default_OSC_default_Vsup_pm6V_20260909,1,786,2026-09-09T09:32:18.823838+00:00,5.183595000000e+02,1.394872000000e-05,1.393478521479e-08
Offset_RevB_Chip_1_wiShield_Gmx_default_OSC_default_Vsup_pm6V_20260909,1,787,2026-09-09T09:32:19.487838+00:00,5.190235000000e+02,3.145411000000e-05,3.142268731269e-08
Offset_RevB_Chip_1_wiShield_Gmx_default_OSC_default_Vsup_pm6V_20260909,1,788,2026-09-09T09:32:20.151838+00:00,5.196875000000e+02,2.556262000000e-05,2.553708291708e-08
Offset_RevB_Chip_1_wiShield_Gmx_default_OSC_default_Vsup_pm6V_20260909,1,789,2026-09-09T09:32:20.808338+00:00,5.203440000000e+02,3.585649000000e-05,3.582066933067e-08
Offset_RevB_Chip_1_wiShield_Gmx_default_OSC_default_Vsup_pm6V_20260909,1,790,2026-09-09T09:32:21.464338+00:00,5.210000000000e+02,2.477547000000e-05,2.475071928072e-08
Offset_RevB_Chip_1_wiShield_Gmx_default_OSC_default_Vsup_pm6V_20260909,1,791,2026-09-09T09:32:22.136338+00:00,5.216720000000e+02,2.934705000000e-05,2.931773226773e-08
Offset_RevB_Chip_1_wiShield_Gmx_default_OSC_default_Vsup_pm6V_20260909,1,792,2026-09-09T09:32:22.792338+00:00,5.223280000000e+02,2.966140000000e-05,2.963176823177e-08
Offset_RevB_Chip_1_wiShield_Gmx_default_OSC_default_Vsup_pm6V_20260909,1,793,2026-09-09T09:32:23.448838+00:00,5.229845000000e+02,3.241411000000e-05,3.238172827173e-08
Offset_RevB_Chip_1_wiShield_Gmx_default_OSC_default_Vsup_pm6V_20260909,1,794,2026-09-09T09:32:24.105338+00:00,5.236410000000e+02,3.232698000000e-05,3.229468531469e-08
Offset_RevB_Chip_1_wiShield_Gmx_default_OSC_default_Vsup_pm6V_20260909,1,795,2026-09-09T09:32:24.769338+00:00,5.243050000000e+02,2.506159000000e-05,2.503655344655e-08
Offset_RevB_Chip_1_wiShield_Gmx_default_OSC_default_Vsup_pm6V_20260909,1,796,2026-09-09T09:32:25.433338+00:00,5.249690000000e+02,3.559639000000e-05,3.556082917083e-08
Offset_RevB_Chip_1_wiShield_Gmx_default_OSC_default_Vsup_pm6V_20260909,1,797,2026-09-09T09:32:26.089338+00:00,5.256250000000e+02,3.935259000000e-05,3.931327672328e-08
Offset_RevB_Chip_1_wiShield_Gmx_default_OSC_default_Vsup_pm6V_20260909,1,798,2026-09-09T09:32:26.753338+00:00,5.262890000000e+02,4.456141000000e-05,4.451689310689e-08
Offset_RevB_Chip_1_wiShield_Gmx_default_OSC_default_Vsup_pm6V_20260909,1,799,2026-09-09T09:32:27.417338+00:00,5.269530000000e+02,3.574812000000e-05,3.571240759241e-08
Offset_RevB_Chip_1_wiShield_Gmx_default_OSC_default_Vsup_pm6V_20260909,1,800,2026-09-09T09:32:28.073838+00:00,5.276095000000e+02,2.520853000000e-05,2.518334665335e-08
Offset_RevB_Chip_1_wiShield_Gmx_default_OSC_default_Vsup_pm6V_20260909,1,801,2026-09-09T09:32:28.730338+00:00,5.282660000000e+02,2.587697000000e-05,2.585111888112e-08
Offset_RevB_Chip_1_wiShield_Gmx_default_OSC_default_Vsup_pm6V_20260909,1,802,2026-09-09T09:32:29.394338+00:00,5.289300000000e+02,1.975710000000e-05,1.973736263736e-08
Offset_RevB_Chip_1_wiShield_Gmx_default_OSC_default_Vsup_pm6V_20260909,1,803,2026-09-09T09:32:30.058338+00:00,5.295940000000e+02,2.856533000000e-05,2.853679320679e-08
Offset_RevB_Chip_1_wiShield_Gmx_default_OSC_default_Vsup_pm6V_20260909,1,804,2026-09-09T09:32:30.714338+00:00,5.302500000000e+02,2.608385000000e-05,2.605779220779e-08
Offset_RevB_Chip_1_wiShield_Gmx_default_OSC_default_Vsup_pm6V_20260909,1,805,2026-09-09T09:32:31.370338+00:00,5.309060000000e+02,3.695721000000e-05,3.692028971029e-08
Offset_RevB_Chip_1_wiShield_Gmx_default_OSC_default_Vsup_pm6V_20260909,1,806,2026-09-09T09:32:32.034338+00:00,5.315700000000e+02,2.523067000000e-05,2.520546453546e-08
Offset_RevB_Chip_1_wiShield_Gmx_default_OSC_default_Vsup_pm6V_20260909,1,807,2026-09-09T09:32:32.698838+00:00,5.322345000000e+02,4.319321000000e-05,4.315005994006e-08
Offset_RevB_Chip_1_wiShield_Gmx_default_OSC_default_Vsup_pm6V_20260909,1,808,2026-09-09T09:32:33.355338+00:00,5.328910000000e+02,3.754317000000e-05,3.750566433566e-08
Offset_RevB_Chip_1_wiShield_Gmx_default_OSC_default_Vsup_pm6V_20260909,1,809,2026-09-09T09:32:34.011338+00:00,5.335470000000e+02,3.618908000000e-05,3.615292707293e-08
Offset_RevB_Chip_1_wiShield_Gmx_default_OSC_default_Vsup_pm6V_20260909,1,810,2026-09-09T09:32:34.675338+00:00,5.342110000000e+02,4.254665000000e-05,4.250414585415e-08
Offset_RevB_Chip_1_wiShield_Gmx_default_OSC_default_Vsup_pm6V_20260909,1,811,2026-09-09T09:32:35.339338+00:00,5.348750000000e+02,4.359339000000e-05,4.354984015984e-08
Offset_RevB_Chip_1_wiShield_Gmx_default_OSC_default_Vsup_pm6V_20260909,1,812,2026-09-09T09:32:35.995338+00:00,5.355310000000e+02,5.268775000000e-05,5.263511488511e-08
Offset_RevB_Chip_1_wiShield_Gmx_default_OSC_default_Vsup_pm6V_20260909,1,813,2026-09-09T09:32:36.651838+00:00,5.361875000000e+02,5.759957000000e-05,5.754202797203e-08
Offset_RevB_Chip_1_wiShield_Gmx_default_OSC_default_Vsup_pm6V_20260909,1,814,2026-09-09T09:32:37.316338+00:00,5.368520000000e+02,3.925006000000e-05,3.921084915085e-08
Offset_RevB_Chip_1_wiShield_Gmx_default_OSC_default_Vsup_pm6V_20260909,1,815,2026-09-09T09:32:37.980338+00:00,5.375160000000e+02,4.491149000000e-05,4.486662337662e-08
Offset_RevB_Chip_1_wiShield_Gmx_default_OSC_default_Vsup_pm6V_20260909,1,816,2026-09-09T09:32:38.636338+00:00,5.381720000000e+02,4.545162000000e-05,4.540621378621e-08
Offset_RevB_Chip_1_wiShield_Gmx_default_OSC_default_Vsup_pm6V_20260909,1,817,2026-09-09T09:32:39.292338+00:00,5.388280000000e+02,4.765048000000e-05,4.760287712288e-08
Offset_RevB_Chip_1_wiShield_Gmx_default_OSC_default_Vsup_pm6V_20260909,1,818,2026-09-09T09:32:39.956338+00:00,5.394920000000e+02,4.339453000000e-05,4.335117882118e-08
Offset_RevB_Chip_1_wiShield_Gmx_default_OSC_default_Vsup_pm6V_20260909,1,819,2026-09-09T09:32:40.620338+00:00,5.401560000000e+02,4.891666000000e-05,4.886779220779e-08
Offset_RevB_Chip_1_wiShield_Gmx_default_OSC_default_Vsup_pm6V_20260909,1,820,2026-09-09T09:32:41.276838+00:00,5.408125000000e+02,4.636021000000e-05,4.631389610390e-08
Offset_RevB_Chip_1_wiShield_Gmx_default_OSC_default_Vsup_pm6V_20260909,1,821,2026-09-09T09:32:41.933338+00:00,5.414690000000e+02,5.104676000000e-05,5.099576423576e-08
Offset_RevB_Chip_1_wiShield_Gmx_default_OSC_default_Vsup_pm6V_20260909,1,822,2026-09-09T09:32:42.597338+00:00,5.421330000000e+02,4.798385000000e-05,4.793591408591e-08
Offset_RevB_Chip_1_wiShield_Gmx_default_OSC_default_Vsup_pm6V_20260909,1,823,2026-09-09T09:32:43.261338+00:00,5.427970000000e+02,5.735035000000e-05,5.729305694306e-08
Offset_RevB_Chip_1_wiShield_Gmx_default_OSC_default_Vsup_pm6V_20260909,1,824,2026-09-09T09:32:43.917338+00:00,5.434530000000e+02,4.428422000000e-05,4.423998001998e-08
Offset_RevB_Chip_1_wiShield_Gmx_default_OSC_default_Vsup_pm6V_20260909,1,825,2026-09-09T09:32:44.573838+00:00,5.441095000000e+02,5.327048000000e-05,5.321726273726e-08
Offset_RevB_Chip_1_wiShield_Gmx_default_OSC_default_Vsup_pm6V_20260909,1,826,2026-09-09T09:32:45.237838+00:00,5.447735000000e+02,6.219057000000e-05,6.212844155844e-08
Offset_RevB_Chip_1_wiShield_Gmx_default_OSC_default_Vsup_pm6V_20260909,1,827,2026-09-09T09:32:45.901838+00:00,5.454375000000e+02,4.391926000000e-05,4.387538461538e-08
Offset_RevB_Chip_1_wiShield_Gmx_default_OSC_default_Vsup_pm6V_20260909,1,828,2026-09-09T09:32:46.558338+00:00,5.460940000000e+02,3.643313000000e-05,3.639673326673e-08
Offset_RevB_Chip_1_wiShield_Gmx_default_OSC_default_Vsup_pm6V_20260909,1,829,2026-09-09T09:32:47.214338+00:00,5.467500000000e+02,4.246017000000e-05,4.241775224775e-08
Offset_RevB_Chip_1_wiShield_Gmx_default_OSC_default_Vsup_pm6V_20260909,1,830,2026-09-09T09:32:47.878338+00:00,5.474140000000e+02,3.956932000000e-05,3.952979020979e-08
Offset_RevB_Chip_1_wiShield_Gmx_default_OSC_default_Vsup_pm6V_20260909,1,831,2026-09-09T09:32:48.542338+00:00,5.480780000000e+02,4.719993000000e-05,4.715277722278e-08
Offset_RevB_Chip_1_wiShield_Gmx_default_OSC_default_Vsup_pm6V_20260909,1,832,2026-09-09T09:32:49.198838+00:00,5.487345000000e+02,5.019643000000e-05,5.014628371628e-08
Offset_RevB_Chip_1_wiShield_Gmx_default_OSC_default_Vsup_pm6V_20260909,1,833,2026-09-09T09:32:49.855338+00:00,5.493910000000e+02,3.477454000000e-05,3.473980019980e-08
Offset_RevB_Chip_1_wiShield_Gmx_default_OSC_default_Vsup_pm6V_20260909,1,834,2026-09-09T09:32:50.511338+00:00,5.500470000000e+02,4.689258000000e-05,4.684573426573e-08
Offset_RevB_Chip_1_wiShield_Gmx_default_OSC_default_Vsup_pm6V_20260909,1,835,2026-09-09T09:32:51.175338+00:00,5.507110000000e+02,5.082150000000e-05,5.077072927073e-08
Offset_RevB_Chip_1_wiShield_Gmx_default_OSC_default_Vsup_pm6V_20260909,1,836,2026-09-09T09:32:51.839338+00:00,5.513750000000e+02,3.781221000000e-05,3.777443556444e-08
Offset_RevB_Chip_1_wiShield_Gmx_default_OSC_default_Vsup_pm6V_20260909,1,837,2026-09-09T09:32:52.495338+00:00,5.520310000000e+02,4.623697000000e-05,4.619077922078e-08
Offset_RevB_Chip_1_wiShield_Gmx_default_OSC_default_Vsup_pm6V_20260909,1,838,2026-09-09T09:32:53.151838+00:00,5.526875000000e+02,4.242730000000e-05,4.238491508492e-08
Offset_RevB_Chip_1_wiShield_Gmx_default_OSC_default_Vsup_pm6V_20260909,1,839,2026-09-09T09:32:53.816338+00:00,5.533520000000e+02,3.494376000000e-05,3.490885114885e-08
Offset_RevB_Chip_1_wiShield_Gmx_default_OSC_default_Vsup_pm6V_20260909,1,840,2026-09-09T09:32:54.480338+00:00,5.540160000000e+02,5.271248000000e-05,5.265982017982e-08
Offset_RevB_Chip_1_wiShield_Gmx_default_OSC_default_Vsup_pm6V_20260909,1,841,2026-09-09T09:32:55.136338+00:00,5.546720000000e+02,3.546460000000e-05,3.542917082917e-08
Offset_RevB_Chip_1_wiShield_Gmx_default_OSC_default_Vsup_pm6V_20260909,1,842,2026-09-09T09:32:55.792338+00:00,5.553280000000e+02,4.785090000000e-05,4.780309690310e-08
Offset_RevB_Chip_1_wiShield_Gmx_default_OSC_default_Vsup_pm6V_20260909,1,843,2026-09-09T09:32:56.456338+00:00,5.559920000000e+02,3.910804000000e-05,3.906897102897e-08
Offset_RevB_Chip_1_wiShield_Gmx_default_OSC_default_Vsup_pm6V_20260909,1,844,2026-09-09T09:32:57.120338+00:00,5.566560000000e+02,6.140226000000e-05,6.134091908092e-08
Offset_RevB_Chip_1_wiShield_Gmx_default_OSC_default_Vsup_pm6V_20260909,1,845,2026-09-09T09:32:57.776838+00:00,5.573125000000e+02,5.922451000000e-05,5.916534465534e-08
Offset_RevB_Chip_1_wiShield_Gmx_default_OSC_default_Vsup_pm6V_20260909,1,846,2026-09-09T09:32:58.433338+00:00,5.579690000000e+02,5.065488000000e-05,5.060427572428e-08
Offset_RevB_Chip_1_wiShield_Gmx_default_OSC_default_Vsup_pm6V_20260909,1,847,2026-09-09T09:32:59.089338+00:00,5.586250000000e+02,6.223732000000e-05,6.217514485514e-08
Offset_RevB_Chip_1_wiShield_Gmx_default_OSC_default_Vsup_pm6V_20260909,1,848,2026-09-09T09:32:59.753338+00:00,5.592890000000e+02,6.553237000000e-05,6.546690309690e-08
Offset_RevB_Chip_1_wiShield_Gmx_default_OSC_default_Vsup_pm6V_20260909,1,849,2026-09-09T09:33:00.417338+00:00,5.599530000000e+02,5.691108000000e-05,5.685422577423e-08
Offset_RevB_Chip_1_wiShield_Gmx_default_OSC_default_Vsup_pm6V_20260909,1,850,2026-09-09T09:33:01.073838+00:00,5.606095000000e+02,5.182318000000e-05,5.177140859141e-08
Offset_RevB_Chip_1_wiShield_Gmx_default_OSC_default_Vsup_pm6V_20260909,1,851,2026-09-09T09:33:01.730338+00:00,5.612660000000e+02,6.953793000000e-05,6.946846153846e-08
Offset_RevB_Chip_1_wiShield_Gmx_default_OSC_default_Vsup_pm6V_20260909,1,852,2026-09-09T09:33:02.394338+00:00,5.619300000000e+02,6.854001000000e-05,6.847153846154e-08
Offset_RevB_Chip_1_wiShield_Gmx_default_OSC_default_Vsup_pm6V_20260909,1,853,2026-09-09T09:33:03.058338+00:00,5.625940000000e+02,6.906693000000e-05,6.899793206793e-08
Offset_RevB_Chip_1_wiShield_Gmx_default_OSC_default_Vsup_pm6V_20260909,1,854,2026-09-09T09:33:03.714338+00:00,5.632500000000e+02,6.133171000000e-05,6.127043956044e-08
Offset_RevB_Chip_1_wiShield_Gmx_default_OSC_default_Vsup_pm6V_20260909,1,855,2026-09-09T09:33:04.370338+00:00,5.639060000000e+02,5.522893000000e-05,5.517375624376e-08
Offset_RevB_Chip_1_wiShield_Gmx_default_OSC_default_Vsup_pm6V_20260909,1,856,2026-09-09T09:33:05.034338+00:00,5.645700000000e+02,5.864140000000e-05,5.858281718282e-08
Offset_RevB_Chip_1_wiShield_Gmx_default_OSC_default_Vsup_pm6V_20260909,1,857,2026-09-09T09:33:05.698838+00:00,5.652345000000e+02,7.344639000000e-05,7.337301698302e-08
Offset_RevB_Chip_1_wiShield_Gmx_default_OSC_default_Vsup_pm6V_20260909,1,858,2026-09-09T09:33:06.355338+00:00,5.658910000000e+02,5.500275000000e-05,5.494780219780e-08
Offset_RevB_Chip_1_wiShield_Gmx_default_OSC_default_Vsup_pm6V_20260909,1,859,2026-09-09T09:33:07.011338+00:00,5.665470000000e+02,6.940951000000e-05,6.934016983017e-08
Offset_RevB_Chip_1_wiShield_Gmx_default_OSC_default_Vsup_pm6V_20260909,1,860,2026-09-09T09:33:07.667338+00:00,5.672030000000e+02,6.251452000000e-05,6.245206793207e-08
Offset_RevB_Chip_1_wiShield_Gmx_default_OSC_default_Vsup_pm6V_20260909,1,861,2026-09-09T09:33:08.331338+00:00,5.678670000000e+02,6.062755000000e-05,6.056698301698e-08
Offset_RevB_Chip_1_wiShield_Gmx_default_OSC_default_Vsup_pm6V_20260909,1,862,2026-09-09T09:33:08.995338+00:00,5.685310000000e+02,6.164826000000e-05,6.158667332667e-08
Offset_RevB_Chip_1_wiShield_Gmx_default_OSC_default_Vsup_pm6V_20260909,1,863,2026-09-09T09:33:09.651838+00:00,5.691875000000e+02,6.633792000000e-05,6.627164835165e-08
Offset_RevB_Chip_1_wiShield_Gmx_default_OSC_default_Vsup_pm6V_20260909,1,864,2026-09-09T09:33:10.308338+00:00,5.698440000000e+02,5.893542000000e-05,5.887654345654e-08
Offset_RevB_Chip_1_wiShield_Gmx_default_OSC_default_Vsup_pm6V_20260909,1,865,2026-09-09T09:33:10.964338+00:00,5.705000000000e+02,7.345649000000e-05,7.338310689311e-08
Offset_RevB_Chip_1_wiShield_Gmx_default_OSC_default_Vsup_pm6V_20260909,1,866,2026-09-09T09:33:11.628338+00:00,5.711640000000e+02,6.713815000000e-05,6.707107892108e-08
Offset_RevB_Chip_1_wiShield_Gmx_default_OSC_default_Vsup_pm6V_20260909,1,867,2026-09-09T09:33:12.292338+00:00,5.718280000000e+02,6.734232000000e-05,6.727504495504e-08
Offset_RevB_Chip_1_wiShield_Gmx_default_OSC_default_Vsup_pm6V_20260909,1,868,2026-09-09T09:33:12.948838+00:00,5.724845000000e+02,5.458536000000e-05,5.453082917083e-08
Offset_RevB_Chip_1_wiShield_Gmx_default_OSC_default_Vsup_pm6V_20260909,1,869,2026-09-09T09:33:13.605338+00:00,5.731410000000e+02,6.124666000000e-05,6.118547452547e-08
Offset_RevB_Chip_1_wiShield_Gmx_default_OSC_default_Vsup_pm6V_20260909,1,870,2026-09-09T09:33:14.261338+00:00,5.737970000000e+02,7.857456000000e-05,7.849606393606e-08
Offset_RevB_Chip_1_wiShield_Gmx_default_OSC_default_Vsup_pm6V_20260909,1,871,2026-09-09T09:33:14.933338+00:00,5.744690000000e+02,7.738282000000e-05,7.730551448551e-08
Offset_RevB_Chip_1_wiShield_Gmx_default_OSC_default_Vsup_pm6V_20260909,1,872,2026-09-09T09:33:15.589338+00:00,5.751250000000e+02,5.747802000000e-05,5.742059940060e-08
Offset_RevB_Chip_1_wiShield_Gmx_default_OSC_default_Vsup_pm6V_20260909,1,873,2026-09-09T09:33:16.245338+00:00,5.757810000000e+02,6.651917000000e-05,6.645271728272e-08
Offset_RevB_Chip_1_wiShield_Gmx_default_OSC_default_Vsup_pm6V_20260909,1,874,2026-09-09T09:33:16.901838+00:00,5.764375000000e+02,5.850572000000e-05,5.844727272727e-08
Offset_RevB_Chip_1_wiShield_Gmx_default_OSC_default_Vsup_pm6V_20260909,1,875,2026-09-09T09:33:17.558338+00:00,5.770940000000e+02,7.320183000000e-05,7.312870129870e-08
Offset_RevB_Chip_1_wiShield_Gmx_default_OSC_default_Vsup_pm6V_20260909,1,876,2026-09-09T09:33:18.230338+00:00,5.777660000000e+02,6.397308000000e-05,6.390917082917e-08
Offset_RevB_Chip_1_wiShield_Gmx_default_OSC_default_Vsup_pm6V_20260909,1,877,2026-09-09T09:33:18.886338+00:00,5.784220000000e+02,5.354367000000e-05,5.349017982018e-08
Offset_RevB_Chip_1_wiShield_Gmx_default_OSC_default_Vsup_pm6V_20260909,1,878,2026-09-09T09:33:19.542338+00:00,5.790780000000e+02,5.929974000000e-05,5.924049950050e-08
Offset_RevB_Chip_1_wiShield_Gmx_default_OSC_default_Vsup_pm6V_20260909,1,879,2026-09-09T09:33:20.198838+00:00,5.797345000000e+02,6.267635000000e-05,6.261373626374e-08
Offset_RevB_Chip_1_wiShield_Gmx_default_OSC_default_Vsup_pm6V_20260909,1,880,2026-09-09T09:33:20.862838+00:00,5.803985000000e+02,4.907967000000e-05,4.903063936064e-08
Offset_RevB_Chip_1_wiShield_Gmx_default_OSC_default_Vsup_pm6V_20260909,1,881,2026-09-09T09:33:21.526838+00:00,5.810625000000e+02,6.235903000000e-05,6.229673326673e-08
Offset_RevB_Chip_1_wiShield_Gmx_default_OSC_default_Vsup_pm6V_20260909,1,882,2026-09-09T09:33:22.183338+00:00,5.817190000000e+02,6.104197000000e-05,6.098098901099e-08
Offset_RevB_Chip_1_wiShield_Gmx_default_OSC_default_Vsup_pm6V_20260909,1,883,2026-09-09T09:33:22.839338+00:00,5.823750000000e+02,7.347060000000e-05,7.339720279720e-08
Offset_RevB_Chip_1_wiShield_Gmx_default_OSC_default_Vsup_pm6V_20260909,1,884,2026-09-09T09:33:23.495338+00:00,5.830310000000e+02,7.376268000000e-05,7.368899100899e-08
Offset_RevB_Chip_1_wiShield_Gmx_default_OSC_default_Vsup_pm6V_20260909,1,885,2026-09-09T09:33:24.159338+00:00,5.836950000000e+02,7.121892000000e-05,7.114777222777e-08
Offset_RevB_Chip_1_wiShield_Gmx_default_OSC_default_Vsup_pm6V_20260909,1,886,2026-09-09T09:33:24.823838+00:00,5.843595000000e+02,6.991015000000e-05,6.984030969031e-08
Offset_RevB_Chip_1_wiShield_Gmx_default_OSC_default_Vsup_pm6V_20260909,1,887,2026-09-09T09:33:25.480338+00:00,5.850160000000e+02,7.103767000000e-05,7.096670329670e-08
Offset_RevB_Chip_1_wiShield_Gmx_default_OSC_default_Vsup_pm6V_20260909,1,888,2026-09-09T09:33:26.136338+00:00,5.856720000000e+02,7.185732000000e-05,7.178553446553e-08
Offset_RevB_Chip_1_wiShield_Gmx_default_OSC_default_Vsup_pm6V_20260909,1,889,2026-09-09T09:33:26.792338+00:00,5.863280000000e+02,7.619677000000e-05,7.612064935065e-08
Offset_RevB_Chip_1_wiShield_Gmx_default_OSC_default_Vsup_pm6V_20260909,1,890,2026-09-09T09:33:27.456338+00:00,5.869920000000e+02,8.405603000000e-05,8.397205794206e-08
Offset_RevB_Chip_1_wiShield_Gmx_default_OSC_default_Vsup_pm6V_20260909,1,891,2026-09-09T09:33:28.120338+00:00,5.876560000000e+02,7.712182000000e-05,7.704477522478e-08
Offset_RevB_Chip_1_wiShield_Gmx_default_OSC_default_Vsup_pm6V_20260909,1,892,2026-09-09T09:33:28.776838+00:00,5.883125000000e+02,8.260743000000e-05,8.252490509491e-08
Offset_RevB_Chip_1_wiShield_Gmx_default_OSC_default_Vsup_pm6V_20260909,1,893,2026-09-09T09:33:29.433338+00:00,5.889690000000e+02,7.457767000000e-05,7.450316683317e-08
Offset_RevB_Chip_1_wiShield_Gmx_default_OSC_default_Vsup_pm6V_20260909,1,894,2026-09-09T09:33:30.097338+00:00,5.896330000000e+02,7.314798000000e-05,7.307490509491e-08
Offset_RevB_Chip_1_wiShield_Gmx_default_OSC_default_Vsup_pm6V_20260909,1,895,2026-09-09T09:33:30.761338+00:00,5.902970000000e+02,7.514745000000e-05,7.507237762238e-08
Offset_RevB_Chip_1_wiShield_Gmx_default_OSC_default_Vsup_pm6V_20260909,1,896,2026-09-09T09:33:31.417338+00:00,5.909530000000e+02,7.057302000000e-05,7.050251748252e-08
Offset_RevB_Chip_1_wiShield_Gmx_default_OSC_default_Vsup_pm6V_20260909,1,897,2026-09-09T09:33:32.073838+00:00,5.916095000000e+02,8.947329000000e-05,8.938390609391e-08
Offset_RevB_Chip_1_wiShield_Gmx_default_OSC_default_Vsup_pm6V_20260909,1,898,2026-09-09T09:33:32.730338+00:00,5.922660000000e+02,8.558891000000e-05,8.550340659341e-08
Offset_RevB_Chip_1_wiShield_Gmx_default_OSC_default_Vsup_pm6V_20260909,1,899,2026-09-09T09:33:33.394338+00:00,5.929300000000e+02,7.447346000000e-05,7.439906093906e-08
Offset_RevB_Chip_1_wiShield_Gmx_default_OSC_default_Vsup_pm6V_20260909,1,900,2026-09-09T09:33:34.058338+00:00,5.935940000000e+02,9.424814000000e-05,9.415398601399e-08
Offset_RevB_Chip_1_wiShield_Gmx_default_OSC_default_Vsup_pm6V_20260909,1,901,2026-09-09T09:33:34.714338+00:00,5.942500000000e+02,7.046932000000e-05,7.039892107892e-08
Offset_RevB_Chip_1_wiShield_Gmx_default_OSC_default_Vsup_pm6V_20260909,1,902,2026-09-09T09:33:35.370338+00:00,5.949060000000e+02,6.246429000000e-05,6.240188811189e-08
Offset_RevB_Chip_1_wiShield_Gmx_default_OSC_default_Vsup_pm6V_20260909,1,903,2026-09-09T09:33:36.034338+00:00,5.955700000000e+02,6.315318000000e-05,6.309008991009e-08
Offset_RevB_Chip_1_wiShield_Gmx_default_OSC_default_Vsup_pm6V_20260909,1,904,2026-09-09T09:33:36.698838+00:00,5.962345000000e+02,7.220585000000e-05,7.213371628372e-08
Offset_RevB_Chip_1_wiShield_Gmx_default_OSC_default_Vsup_pm6V_20260909,1,905,2026-09-09T09:33:37.355338+00:00,5.968910000000e+02,9.082725000000e-05,9.073651348651e-08
Offset_RevB_Chip_1_wiShield_Gmx_default_OSC_default_Vsup_pm6V_20260909,1,906,2026-09-09T09:33:38.011338+00:00,5.975470000000e+02,7.482094000000e-05,7.474619380619e-08
Offset_RevB_Chip_1_wiShield_Gmx_default_OSC_default_Vsup_pm6V_20260909,1,907,2026-09-09T09:33:38.667338+00:00,5.982030000000e+02,6.952745000000e-05,6.945799200799e-08
Offset_RevB_Chip_1_wiShield_Gmx_default_OSC_default_Vsup_pm6V_20260909,1,908,2026-09-09T09:33:39.331338+00:00,5.988670000000e+02,8.118718000000e-05,8.110607392607e-08
Offset_RevB_Chip_1_wiShield_Gmx_default_OSC_default_Vsup_pm6V_20260909,1,909,2026-09-09T09:33:39.995338+00:00,5.995310000000e+02,8.427884000000e-05,8.419464535465e-08
Offset_RevB_Chip_1_wiShield_Gmx_default_OSC_default_Vsup_pm6V_20260909,1,910,2026-09-09T09:33:40.651838+00:00,6.001875000000e+02,8.460328000000e-05,8.451876123876e-08
Offset_RevB_Chip_1_wiShield_Gmx_default_OSC_default_Vsup_pm6V_20260909,1,911,2026-09-09T09:33:41.308338+00:00,6.008440000000e+02,8.010510000000e-05,8.002507492507e-08
Offset_RevB_Chip_1_wiShield_Gmx_default_OSC_default_Vsup_pm6V_20260909,1,912,2026-09-09T09:33:41.972338+00:00,6.015080000000e+02,7.988708000000e-05,7.980727272727e-08
Offset_RevB_Chip_1_wiShield_Gmx_default_OSC_default_Vsup_pm6V_20260909,1,913,2026-09-09T09:33:42.636338+00:00,6.021720000000e+02,8.091996000000e-05,8.083912087912e-08
Offset_RevB_Chip_1_wiShield_Gmx_default_OSC_default_Vsup_pm6V_20260909,1,914,2026-09-09T09:33:43.292338+00:00,6.028280000000e+02,7.649765000000e-05,7.642122877123e-08
Offset_RevB_Chip_1_wiShield_Gmx_default_OSC_default_Vsup_pm6V_20260909,1,915,2026-09-09T09:33:43.948838+00:00,6.034845000000e+02,7.177356000000e-05,7.170185814186e-08
Offset_RevB_Chip_1_wiShield_Gmx_default_OSC_default_Vsup_pm6V_20260909,1,916,2026-09-09T09:33:44.605338+00:00,6.041410000000e+02,7.920441000000e-05,7.912528471528e-08
Offset_RevB_Chip_1_wiShield_Gmx_default_OSC_default_Vsup_pm6V_20260909,1,917,2026-09-09T09:33:45.269338+00:00,6.048050000000e+02,7.326527000000e-05,7.319207792208e-08
Offset_RevB_Chip_1_wiShield_Gmx_default_OSC_default_Vsup_pm6V_20260909,1,918,2026-09-09T09:33:45.933338+00:00,6.054690000000e+02,8.792565000000e-05,8.783781218781e-08
Offset_RevB_Chip_1_wiShield_Gmx_default_OSC_default_Vsup_pm6V_20260909,1,919,2026-09-09T09:33:46.589338+00:00,6.061250000000e+02,8.517293000000e-05,8.508784215784e-08
Offset_RevB_Chip_1_wiShield_Gmx_default_OSC_default_Vsup_pm6V_20260909,1,920,2026-09-09T09:33:47.245338+00:00,6.067810000000e+02,7.038542000000e-05,7.031510489510e-08
Offset_RevB_Chip_1_wiShield_Gmx_default_OSC_default_Vsup_pm6V_20260909,1,921,2026-09-09T09:33:47.909338+00:00,6.074450000000e+02,8.853064000000e-05,8.844219780220e-08
Offset_RevB_Chip_1_wiShield_Gmx_default_OSC_default_Vsup_pm6V_20260909,1,922,2026-09-09T09:33:48.573838+00:00,6.081095000000e+02,8.747562000000e-05,8.738823176823e-08
Offset_RevB_Chip_1_wiShield_Gmx_default_OSC_default_Vsup_pm6V_20260909,1,923,2026-09-09T09:33:49.230338+00:00,6.087660000000e+02,9.009847000000e-05,9.000846153846e-08
Offset_RevB_Chip_1_wiShield_Gmx_default_OSC_default_Vsup_pm6V_20260909,1,924,2026-09-09T09:33:49.886338+00:00,6.094220000000e+02,8.230965000000e-05,8.222742257742e-08
Offset_RevB_Chip_1_wiShield_Gmx_default_OSC_default_Vsup_pm6V_20260909,1,925,2026-09-09T09:33:50.542338+00:00,6.100780000000e+02,9.312294000000e-05,9.302991008991e-08
Offset_RevB_Chip_1_wiShield_Gmx_default_OSC_default_Vsup_pm6V_20260909,1,926,2026-09-09T09:33:51.206338+00:00,6.107420000000e+02,9.324217000000e-05,9.314902097902e-08
Offset_RevB_Chip_1_wiShield_Gmx_default_OSC_default_Vsup_pm6V_20260909,1,927,2026-09-09T09:33:51.870338+00:00,6.114060000000e+02,7.849791000000e-05,7.841949050949e-08
Offset_RevB_Chip_1_wiShield_Gmx_default_OSC_default_Vsup_pm6V_20260909,1,928,2026-09-09T09:33:52.526838+00:00,6.120625000000e+02,8.740053000000e-05,8.731321678322e-08
Offset_RevB_Chip_1_wiShield_Gmx_default_OSC_default_Vsup_pm6V_20260909,1,929,2026-09-09T09:33:53.183338+00:00,6.127190000000e+02,8.709848000000e-05,8.701146853147e-08
Offset_RevB_Chip_1_wiShield_Gmx_default_OSC_default_Vsup_pm6V_20260909,1,930,2026-09-09T09:33:53.847338+00:00,6.133830000000e+02,9.391993000000e-05,9.382610389610e-08
Offset_RevB_Chip_1_wiShield_Gmx_default_OSC_default_Vsup_pm6V_20260909,1,931,2026-09-09T09:33:54.511338+00:00,6.140470000000e+02,8.838279000000e-05,8.829449550450e-08
Offset_RevB_Chip_1_wiShield_Gmx_default_OSC_default_Vsup_pm6V_20260909,1,932,2026-09-09T09:33:55.167338+00:00,6.147030000000e+02,8.267488000000e-05,8.259228771229e-08
Offset_RevB_Chip_1_wiShield_Gmx_default_OSC_default_Vsup_pm6V_20260909,1,933,2026-09-09T09:33:55.823838+00:00,6.153595000000e+02,8.890907000000e-05,8.882024975025e-08
Offset_RevB_Chip_1_wiShield_Gmx_default_OSC_default_Vsup_pm6V_20260909,1,934,2026-09-09T09:33:56.480338+00:00,6.160160000000e+02,7.499830000000e-05,7.492337662338e-08
Offset_RevB_Chip_1_wiShield_Gmx_default_OSC_default_Vsup_pm6V_20260909,1,935,2026-09-09T09:33:57.144338+00:00,6.166800000000e+02,9.899087000000e-05,9.889197802198e-08
Offset_RevB_Chip_1_wiShield_Gmx_default_OSC_default_Vsup_pm6V_20260909,1,936,2026-09-09T09:33:57.808338+00:00,6.173440000000e+02,7.121659000000e-05,7.114544455544e-08
Offset_RevB_Chip_1_wiShield_Gmx_default_OSC_default_Vsup_pm6V_20260909,1,937,2026-09-09T09:33:58.464338+00:00,6.180000000000e+02,7.122358000000e-05,7.115242757243e-08
Offset_RevB_Chip_1_wiShield_Gmx_default_OSC_default_Vsup_pm6V_20260909,1,938,2026-09-09T09:33:59.128338+00:00,6.186640000000e+02,7.882805000000e-05,7.874930069930e-08
Offset_RevB_Chip_1_wiShield_Gmx_default_OSC_default_Vsup_pm6V_20260909,1,939,2026-09-09T09:33:59.784838+00:00,6.193205000000e+02,8.259383000000e-05,8.251131868132e-08
Offset_RevB_Chip_1_wiShield_Gmx_default_OSC_default_Vsup_pm6V_20260909,1,940,2026-09-09T09:34:00.441338+00:00,6.199770000000e+02,8.537153000000e-05,8.528624375624e-08
Offset_RevB_Chip_1_wiShield_Gmx_default_OSC_default_Vsup_pm6V_20260909,1,941,2026-09-09T09:34:01.105338+00:00,6.206410000000e+02,6.698602000000e-05,6.691910089910e-08
Offset_RevB_Chip_1_wiShield_Gmx_default_OSC_default_Vsup_pm6V_20260909,1,942,2026-09-09T09:34:01.761338+00:00,6.212970000000e+02,8.045350000000e-05,8.037312687313e-08
Offset_RevB_Chip_1_wiShield_Gmx_default_OSC_default_Vsup_pm6V_20260909,1,943,2026-09-09T09:34:02.417338+00:00,6.219530000000e+02,8.998636000000e-05,8.989646353646e-08
Offset_RevB_Chip_1_wiShield_Gmx_default_OSC_default_Vsup_pm6V_20260909,1,944,2026-09-09T09:34:03.081338+00:00,6.226170000000e+02,9.012929000000e-05,9.003925074925e-08
Offset_RevB_Chip_1_wiShield_Gmx_default_OSC_default_Vsup_pm6V_20260909,1,945,2026-09-09T09:34:03.745338+00:00,6.232810000000e+02,9.968598000000e-05,9.958639360639e-08
Offset_RevB_Chip_1_wiShield_Gmx_default_OSC_default_Vsup_pm6V_20260909,1,946,2026-09-09T09:34:04.401838+00:00,6.239375000000e+02,8.601615000000e-05,8.593021978022e-08
Offset_RevB_Chip_1_wiShield_Gmx_default_OSC_default_Vsup_pm6V_20260909,1,947,2026-09-09T09:34:05.058338+00:00,6.245940000000e+02,8.612127000000e-05,8.603523476523e-08
Offset_RevB_Chip_1_wiShield_Gmx_default_OSC_default_Vsup_pm6V_20260909,1,948,2026-09-09T09:34:05.714338+00:00,6.252500000000e+02,8.940661000000e-05,8.931729270729e-08
Offset_RevB_Chip_1_wiShield_Gmx_default_OSC_default_Vsup_pm6V_20260909,1,949,2026-09-09T09:34:06.378338+00:00,6.259140000000e+02,8.558295000000e-05,8.549745254745e-08
Offset_RevB_Chip_1_wiShield_Gmx_default_OSC_default_Vsup_pm6V_20260909,1,950,2026-09-09T09:34:07.042338+00:00,6.265780000000e+02,7.662828000000e-05,7.655172827173e-08
Offset_RevB_Chip_1_wiShield_Gmx_default_OSC_default_Vsup_pm6V_20260909,1,951,2026-09-09T09:34:07.698838+00:00,6.272345000000e+02,8.836803000000e-05,8.827975024975e-08
Offset_RevB_Chip_1_wiShield_Gmx_default_OSC_default_Vsup_pm6V_20260909,1,952,2026-09-09T09:34:08.355338+00:00,6.278910000000e+02,8.775345000000e-05,8.766578421578e-08
Offset_RevB_Chip_1_wiShield_Gmx_default_OSC_default_Vsup_pm6V_20260909,1,953,2026-09-09T09:34:09.011338+00:00,6.285470000000e+02,9.524295000000e-05,9.514780219780e-08
Offset_RevB_Chip_1_wiShield_Gmx_default_OSC_default_Vsup_pm6V_20260909,1,954,2026-09-09T09:34:09.675338+00:00,6.292110000000e+02,7.671140000000e-05,7.663476523477e-08
Offset_RevB_Chip_1_wiShield_Gmx_default_OSC_default_Vsup_pm6V_20260909,1,955,2026-09-09T09:34:10.339338+00:00,6.298750000000e+02,7.858671000000e-05,7.850820179820e-08
Offset_RevB_Chip_1_wiShield_Gmx_default_OSC_default_Vsup_pm6V_20260909,1,956,2026-09-09T09:34:10.995338+00:00,6.305310000000e+02,8.654993000000e-05,8.646346653347e-08
Offset_RevB_Chip_1_wiShield_Gmx_default_OSC_default_Vsup_pm6V_20260909,1,957,2026-09-09T09:34:11.651838+00:00,6.311875000000e+02,8.726031000000e-05,8.717313686314e-08
Offset_RevB_Chip_1_wiShield_Gmx_default_OSC_default_Vsup_pm6V_20260909,1,958,2026-09-09T09:34:12.316338+00:00,6.318520000000e+02,7.907428000000e-05,7.899528471528e-08
Offset_RevB_Chip_1_wiShield_Gmx_default_OSC_default_Vsup_pm6V_20260909,1,959,2026-09-09T09:34:12.980338+00:00,6.325160000000e+02,9.469038000000e-05,9.459578421578e-08
Offset_RevB_Chip_1_wiShield_Gmx_default_OSC_default_Vsup_pm6V_20260909,1,960,2026-09-09T09:34:13.636338+00:00,6.331720000000e+02,7.540223000000e-05,7.532690309690e-08
Offset_RevB_Chip_1_wiShield_Gmx_default_OSC_default_Vsup_pm6V_20260909,1,961,2026-09-09T09:34:14.292338+00:00,6.338280000000e+02,9.247974000000e-05,9.238735264735e-08
Offset_RevB_Chip_1_wiShield_Gmx_default_OSC_default_Vsup_pm6V_20260909,1,962,2026-09-09T09:34:14.948838+00:00,6.344845000000e+02,7.249144000000e-05,7.241902097902e-08
Offset_RevB_Chip_1_wiShield_Gmx_default_OSC_default_Vsup_pm6V_20260909,1,963,2026-09-09T09:34:15.612838+00:00,6.351485000000e+02,9.288937000000e-05,9.279657342657e-08
Offset_RevB_Chip_1_wiShield_Gmx_default_OSC_default_Vsup_pm6V_20260909,1,964,2026-09-09T09:34:16.276838+00:00,6.358125000000e+02,8.047110000000e-05,8.039070929071e-08
Offset_RevB_Chip_1_wiShield_Gmx_default_OSC_default_Vsup_pm6V_20260909,1,965,2026-09-09T09:34:16.933338+00:00,6.364690000000e+02,8.847664000000e-05,8.838825174825e-08
Offset_RevB_Chip_1_wiShield_Gmx_default_OSC_default_Vsup_pm6V_20260909,1,966,2026-09-09T09:34:17.589338+00:00,6.371250000000e+02,9.275887000000e-05,9.266620379620e-08
Offset_RevB_Chip_1_wiShield_Gmx_default_OSC_default_Vsup_pm6V_20260909,1,967,2026-09-09T09:34:18.253338+00:00,6.377890000000e+02,9.800575000000e-05,9.790784215784e-08
Offset_RevB_Chip_1_wiShield_Gmx_default_OSC_default_Vsup_pm6V_20260909,1,968,2026-09-09T09:34:18.917338+00:00,6.384530000000e+02,8.746991000000e-05,8.738252747253e-08
Offset_RevB_Chip_1_wiShield_Gmx_default_OSC_default_Vsup_pm6V_20260909,1,969,2026-09-09T09:34:19.573838+00:00,6.391095000000e+02,8.183994000000e-05,8.175818181818e-08
Offset_RevB_Chip_1_wiShield_Gmx_default_OSC_default_Vsup_pm6V_20260909,1,970,2026-09-09T09:34:20.230338+00:00,6.397660000000e+02,7.573651000000e-05,7.566084915085e-08
Offset_RevB_Chip_1_wiShield_Gmx_default_OSC_default_Vsup_pm6V_20260909,1,971,2026-09-09T09:34:20.886338+00:00,6.404220000000e+02,8.711051000000e-05,8.702348651349e-08
Offset_RevB_Chip_1_wiShield_Gmx_default_OSC_default_Vsup_pm6V_20260909,1,972,2026-09-09T09:34:21.550338+00:00,6.410860000000e+02,7.996242000000e-05,7.988253746254e-08
Offset_RevB_Chip_1_wiShield_Gmx_default_OSC_default_Vsup_pm6V_20260909,1,973,2026-09-09T09:34:22.214338+00:00,6.417500000000e+02,9.701922000000e-05,9.692229770230e-08
Offset_RevB_Chip_1_wiShield_Gmx_default_OSC_default_Vsup_pm6V_20260909,1,974,2026-09-09T09:34:22.870338+00:00,6.424060000000e+02,6.659451000000e-05,6.652798201798e-08
Offset_RevB_Chip_1_wiShield_Gmx_default_OSC_default_Vsup_pm6V_20260909,1,975,2026-09-09T09:34:23.526838+00:00,6.430625000000e+02,9.160765000000e-05,9.151613386613e-08
Offset_RevB_Chip_1_wiShield_Gmx_default_OSC_default_Vsup_pm6V_20260909,1,976,2026-09-09T09:34:24.183338+00:00,6.437190000000e+02,8.589832000000e-05,8.581250749251e-08
Offset_RevB_Chip_1_wiShield_Gmx_default_OSC_default_Vsup_pm6V_20260909,1,977,2026-09-09T09:34:24.847338+00:00,6.443830000000e+02,9.342834000000e-05,9.333500499500e-08
Offset_RevB_Chip_1_wiShield_Gmx_default_OSC_default_Vsup_pm6V_20260909,1,978,2026-09-09T09:34:25.511338+00:00,6.450470000000e+02,8.409097000000e-05,8.400696303696e-08
Offset_RevB_Chip_1_wiShield_Gmx_default_OSC_default_Vsup_pm6V_20260909,1,979,2026-09-09T09:34:26.167338+00:00,6.457030000000e+02,8.580627000000e-05,8.572054945055e-08
Offset_RevB_Chip_1_wiShield_Gmx_default_OSC_default_Vsup_pm6V_20260909,1,980,2026-09-09T09:34:26.823838+00:00,6.463595000000e+02,9.022094000000e-05,9.013080919081e-08
Offset_RevB_Chip_1_wiShield_Gmx_default_OSC_default_Vsup_pm6V_20260909,1,981,2026-09-09T09:34:27.487838+00:00,6.470235000000e+02,9.033823000000e-05,9.024798201798e-08
Offset_RevB_Chip_1_wiShield_Gmx_default_OSC_default_Vsup_pm6V_20260909,1,982,2026-09-09T09:34:28.151838+00:00,6.476875000000e+02,8.820165000000e-05,8.811353646354e-08
Offset_RevB_Chip_1_wiShield_Gmx_default_OSC_default_Vsup_pm6V_20260909,1,983,2026-09-09T09:34:28.808338+00:00,6.483440000000e+02,9.347947000000e-05,9.338608391608e-08
Offset_RevB_Chip_1_wiShield_Gmx_default_OSC_default_Vsup_pm6V_20260909,1,984,2026-09-09T09:34:29.464338+00:00,6.490000000000e+02,8.636375000000e-05,8.627747252747e-08
Offset_RevB_Chip_1_wiShield_Gmx_default_OSC_default_Vsup_pm6V_20260909,1,985,2026-09-09T09:34:30.120338+00:00,6.496560000000e+02,6.697125000000e-05,6.690434565435e-08
Offset_RevB_Chip_1_wiShield_Gmx_default_OSC_default_Vsup_pm6V_20260909,1,986,2026-09-09T09:34:30.784338+00:00,6.503200000000e+02,8.392137000000e-05,8.383753246753e-08
Offset_RevB_Chip_1_wiShield_Gmx_default_OSC_default_Vsup_pm6V_20260909,1,987,2026-09-09T09:34:31.448838+00:00,6.509845000000e+02,9.078140000000e-05,9.069070929071e-08
Offset_RevB_Chip_1_wiShield_Gmx_default_OSC_default_Vsup_pm6V_20260909,1,988,2026-09-09T09:34:32.105338+00:00,6.516410000000e+02,9.054655000000e-05,9.045609390609e-08
Offset_RevB_Chip_1_wiShield_Gmx_default_OSC_default_Vsup_pm6V_20260909,1,989,2026-09-09T09:34:32.761338+00:00,6.522970000000e+02,9.784793000000e-05,9.775017982018e-08
Offset_RevB_Chip_1_wiShield_Gmx_default_OSC_default_Vsup_pm6V_20260909,1,990,2026-09-09T09:34:33.417338+00:00,6.529530000000e+02,8.315403000000e-05,8.307095904096e-08
Offset_RevB_Chip_1_wiShield_Gmx_default_OSC_default_Vsup_pm6V_20260909,1,991,2026-09-09T09:34:34.081338+00:00,6.536170000000e+02,9.032193000000e-05,9.023169830170e-08
Offset_RevB_Chip_1_wiShield_Gmx_default_OSC_default_Vsup_pm6V_20260909,1,992,2026-09-09T09:34:34.745338+00:00,6.542810000000e+02,8.858695000000e-05,8.849845154845e-08
Offset_RevB_Chip_1_wiShield_Gmx_default_OSC_default_Vsup_pm6V_20260909,1,993,2026-09-09T09:34:35.401838+00:00,6.549375000000e+02,9.067395000000e-05,9.058336663337e-08
Offset_RevB_Chip_1_wiShield_Gmx_default_OSC_default_Vsup_pm6V_20260909,1,994,2026-09-09T09:34:36.058338+00:00,6.555940000000e+02,9.655702000000e-05,9.646055944056e-08
Offset_RevB_Chip_1_wiShield_Gmx_default_OSC_default_Vsup_pm6V_20260909,1,995,2026-09-09T09:34:36.714338+00:00,6.562500000000e+02,8.901134000000e-05,8.892241758242e-08
Offset_RevB_Chip_1_wiShield_Gmx_default_OSC_default_Vsup_pm6V_20260909,1,996,2026-09-09T09:34:37.378338+00:00,6.569140000000e+02,7.360951000000e-05,7.353597402597e-08
Offset_RevB_Chip_1_wiShield_Gmx_default_OSC_default_Vsup_pm6V_20260909,1,997,2026-09-09T09:34:38.042338+00:00,6.575780000000e+02,8.006004000000e-05,7.998005994006e-08
Offset_RevB_Chip_1_wiShield_Gmx_default_OSC_default_Vsup_pm6V_20260909,1,998,2026-09-09T09:34:38.698838+00:00,6.582345000000e+02,8.395141000000e-05,8.386754245754e-08
Offset_RevB_Chip_1_wiShield_Gmx_default_OSC_default_Vsup_pm6V_20260909,1,999,2026-09-09T09:34:39.355338+00:00,6.588910000000e+02,9.841513000000e-05,9.831681318681e-08
Offset_RevB_Chip_1_wiShield_Gmx_default_OSC_default_Vsup_pm6V_20260909,1,1000,2026-09-09T09:34:40.019338+00:00,6.595550000000e+02,8.775397000000e-05,8.766630369630e-08
